==> host: macOS 27.0 (26A428), arm64
==> hardware: Apple M2 Max, 32 GiB RAM
==> toolchain (compatible-development): Xcode 26.5 Build version 17F42 , macOS SDK 26.5 (25F70), iOS SDK 26.5 (23F73)
==> work root: /Volumes/Macintosh HD - Daten/Cloud/Projekte/Apps/Plattformuebergreifend/AhoiBrowser/.work
==> free disk: 158.1 GiB; required: 64.0 GiB
==> host check passed
==> Sparkle 2.9.6 verified from fetched-material receipt (ac2def288cbff5cfc7df3ffef6abdf45b72bcb0a)
==> host: macOS 27.0 (26A428), arm64
==> hardware: Apple M2 Max, 32 GiB RAM
==> toolchain (compatible-development): Xcode 26.5 Build version 17F42 , macOS SDK 26.5 (25F70), iOS SDK 26.5 (23F73)
==> work root: /Volumes/Macintosh HD - Daten/Cloud/Projekte/Apps/Plattformuebergreifend/AhoiBrowser/.work
==> free disk: 159.0 GiB; required: 64.0 GiB
==> host check passed
/private/tmp/ahoi-native-m153-correction.uiS2Ae/repo/artifacts/build/chromium-dependencies.json
==> running Chromium hooks with compatible-development Xcode/SDK (overlay checkout)
________ running 'vpython3 -vpython-spec src/.vpython3 -vpython-tool install' in '/Volumes/Macintosh HD - Daten/Cloud/Projekte/Apps/Plattformuebergreifend/AhoiBrowser/.work/chromium'
________ running 'python3 src/build/landmines.py' in '/Volumes/Macintosh HD - Daten/Cloud/Projekte/Apps/Plattformuebergreifend/AhoiBrowser/.work/chromium'
________ running 'python3 src/third_party/depot_tools/update_depot_tools_toggle.py --disable' in '/Volumes/Macintosh HD - Daten/Cloud/Projekte/Apps/Plattformuebergreifend/AhoiBrowser/.work/chromium'
________ running 'python3 src/tools/remove_stale_files.py src/third_party/test_fonts/test_fonts.tar.gz src/third_party/node/node_modules.tar.gz src/third_party/tfhub_models src/tools/clang/crashreports' in '/Volumes/Macintosh HD - Daten/Cloud/Projekte/Apps/Plattformuebergreifend/AhoiBrowser/.work/chromium'
________ running 'python3 src/tools/remove_stale_pyc_files.py src/android_webview/tools src/build/android src/gpu/gles2_conform_support src/infra src/ppapi src/printing src/third_party/blink/renderer/build/scripts src/third_party/blink/tools src/third_party/catapult src/third_party/mako src/tools' in '/Volumes/Macintosh HD - Daten/Cloud/Projekte/Apps/Plattformuebergreifend/AhoiBrowser/.work/chromium'
________ running 'python3 src/build/mac_toolchain.py' in '/Volumes/Macintosh HD - Daten/Cloud/Projekte/Apps/Plattformuebergreifend/AhoiBrowser/.work/chromium'
Skipping Mac toolchain installation for mac
________ running 'python3 src/build/util/lastchange.py -o src/build/util/LASTCHANGE' in '/Volumes/Macintosh HD - Daten/Cloud/Projekte/Apps/Plattformuebergreifend/AhoiBrowser/.work/chromium'
________ running 'python3 src/build/util/lastchange.py -m GPU_LISTS_VERSION --revision-id-only --header src/gpu/config/gpu_lists_version.h' in '/Volumes/Macintosh HD - Daten/Cloud/Projekte/Apps/Plattformuebergreifend/AhoiBrowser/.work/chromium'
________ running 'python3 src/build/util/lastchange.py -m SKIA_COMMIT_HASH -s src/third_party/skia --header src/skia/ext/skia_commit_hash.h' in '/Volumes/Macintosh HD - Daten/Cloud/Projekte/Apps/Plattformuebergreifend/AhoiBrowser/.work/chromium'
________ running 'python3 src/build/util/lastchange.py -m DAWN_COMMIT_HASH -s src/third_party/dawn --revision src/gpu/webgpu/DAWN_VERSION --header src/gpu/webgpu/dawn_commit_hash.h' in '/Volumes/Macintosh HD - Daten/Cloud/Projekte/Apps/Plattformuebergreifend/AhoiBrowser/.work/chromium'
________ running 'python3 src/third_party/depot_tools/download_from_google_storage.py --no_resume --bucket chromium-browser-clang -s src/tools/clang/dsymutil/bin/dsymutil.arm64.sha1 -o src/tools/clang/dsymutil/bin/dsymutil' in '/Volumes/Macintosh HD - Daten/Cloud/Projekte/Apps/Plattformuebergreifend/AhoiBrowser/.work/chromium'
________ running 'python3 src/testing/generate_location_tags.py --out src/testing/location_tags.json' in '/Volumes/Macintosh HD - Daten/Cloud/Projekte/Apps/Plattformuebergreifend/AhoiBrowser/.work/chromium'
________ running 'python3 src/buildtools/reclient_cfgs/configure_reclient_cfgs.py --rbe_instance projects/rbe-chrome-untrusted/instances/default_instance --reproxy_cfg_template reproxy.cfg.template --rewrapper_cfg_project  --skip_remoteexec_cfg_fetch --quiet' in '/Volumes/Macintosh HD - Daten/Cloud/Projekte/Apps/Plattformuebergreifend/AhoiBrowser/.work/chromium'
________ running 'python3 src/build/config/siso/configure_siso.py --rbe_instance projects/rbe-chrome-untrusted/instances/default_instance --reapi_instance  --reapi_address  --reapi_backend_config_path  --credential-helper ' in '/Volumes/Macintosh HD - Daten/Cloud/Projekte/Apps/Plattformuebergreifend/AhoiBrowser/.work/chromium'
________ running 'python3 src/build/util/tast_control.py -o src/chromeos/tast_control.gni -t src/chromeos/tast_control.gni.template -i src/chromeos/tast_control_disabled_tests.txt --input-public src/chromeos/tast_control_disabled_tests_public_builders.txt -f src/chromeos/tast_control_flaky_tests.txt' in '/Volumes/Macintosh HD - Daten/Cloud/Projekte/Apps/Plattformuebergreifend/AhoiBrowser/.work/chromium'
________ running 'vpython3 scripts/deps/sync_rollup_libs.py' in '/Volumes/Macintosh HD - Daten/Cloud/Projekte/Apps/Plattformuebergreifend/AhoiBrowser/.work/chromium/src/third_party/devtools-frontend/src'
/private/tmp/ahoi-native-m153-correction.uiS2Ae/repo/artifacts/build/chromium-dependencies.json
==> pinned Chromium hooks verified: /Volumes/Macintosh HD - Daten/Cloud/Projekte/Apps/Plattformuebergreifend/AhoiBrowser/.work/state/hooks-792bf6722e73a45aa9e47c163b9901bdc17f3230.json
==> generating Ahoi dev build
==> applying chromium-rust-depfile-space-paths and v8-inspector-protocol-relative-depfile-paths only for gn gen and autoninja
Done. Made 32713 targets from 4982 files in 6459ms
ninja: Entering directory `/Volumes/Macintosh HD - Daten/Cloud/Projekte/Apps/Plattformuebergreifend/AhoiBrowser/.work/chromium/src/out/AhoiDev'
[0/1] Regenerating ninja files
[1/1676] OBJCXX obj/chrome/browser/ui/views/overlay/impl/video_overlay_window_native_widget_mac.o
[2/1676] CXX obj/chrome/browser/ui/views/page_info/impl/about_this_site_side_panel_coordinator.o
[3/1676] CXX obj/chrome/browser/ui/views/overlay/impl/video_overlay_window_views.o
[4/1676] CXX obj/chrome/browser/ui/views/page_info/impl/chosen_object_view.o
[5/1676] CXX obj/chrome/browser/ui/views/page_info/impl/page_info_bubble_specification.o
[6/1676] CXX obj/chrome/browser/ui/views/page_info/impl/merchant_trust_side_panel_coordinator.o
[7/1676] CXX obj/chrome/browser/ui/views/page_info/impl/page_info_bubble_view_base.o
[8/1676] CXX obj/chrome/browser/ui/views/page_info/impl/page_info_bubble_view.o
[9/1676] CXX obj/chrome/browser/ui/views/page_info/impl/page_info_cookies_content_view.o
[10/1676] CXX obj/chrome/browser/ui/views/page_info/impl/page_info_merchant_trust_content_view.o
[11/1676] CXX obj/chrome/browser/ui/views/page_info/impl/page_info_merchant_trust_controller.o
[12/1676] CXX obj/chrome/browser/ui/views/page_info/impl/page_info_main_view.o
[13/1676] CXX obj/chrome/browser/ui/views/page_info/impl/page_info_merchant_trust_coordinator.o
[14/1676] CXX obj/chrome/browser/ui/views/page_info/impl/page_info_security_content_view.o
[15/1676] CXX obj/chrome/browser/ui/views/page_info/impl/page_info_permission_content_view.o
[16/1676] CXX obj/chrome/browser/ui/views/page_info/impl/page_info_view_factory.o
[17/1676] CXX obj/chrome/browser/ui/views/page_info/impl/permission_toggle_row_view.o
[18/1676] CXX obj/chrome/browser/ui/views/page_info/impl/safety_tip_page_info_bubble_view.o
[19/1676] CXX obj/chrome/browser/ui/views/page_info/impl/security_information_view.o
[20/1676] CXX obj/chrome/browser/ui/views/page_info/impl/star_rating_view.o
[21/1676] CXX obj/chrome/browser/ui/views/passwords/impl/account_chooser_dialog_view.o
[22/1676] CXX obj/chrome/browser/ui/views/page_info/impl/suspicious_site_bubble_view.o
[23/1676] CXX obj/chrome/browser/ui/views/page_info/impl/web_view_side_panel_view.o
[24/1676] CXX obj/chrome/browser/ui/views/passwords/impl/auto_signin_first_run_dialog_view.o
[25/1676] CXX obj/chrome/browser/ui/views/passwords/impl/credential_leak_dialog_view.o
[26/1676] CXX obj/chrome/browser/ui/views/passwords/impl/credentials_item_view.o
[27/1676] CXX obj/chrome/browser/ui/views/passwords/impl/manage_passwords_details_view.o
[28/1676] CXX obj/chrome/browser/ui/views/passwords/impl/manage_passwords_list_view.o
[29/1676] CXX obj/chrome/browser/ui/views/passwords/impl/manage_passwords_view.o
[30/1676] CXX obj/chrome/browser/ui/views/passwords/impl/manage_passwords_page_action_controller.o
[31/1676] CXX obj/chrome/browser/ui/views/passwords/impl/move_to_account_store_bubble_view.o
[32/1676] CXX obj/chrome/browser/ui/views/passwords/impl/password_add_username_view.o
[33/1676] CXX obj/chrome/browser/ui/views/passwords/impl/password_auto_sign_in_view.o
[34/1676] CXX obj/chrome/browser/ui/views/passwords/impl/password_bubble_view_base.o
[35/1676] CXX obj/chrome/browser/ui/views/passwords/impl/password_combined_selector_view.o
[36/1676] CXX obj/chrome/browser/ui/views/passwords/impl/password_cross_domain_confirmation_popup_view_views.o
[37/1676] CXX obj/chrome/browser/ui/views/passwords/impl/password_generation_popup_view_views.o
[38/1676] CXX obj/chrome/browser/ui/views/passwords/impl/post_save_compromised_bubble_view.o
[39/1676] CXX obj/chrome/browser/ui/views/passwords/impl/password_save_update_view.o
[40/1676] CXX obj/chrome/browser/ui/views/passwords/impl/shared_passwords_notification_view.o
[41/1676] CXX obj/chrome/browser/ui/views/passwords/impl/views_utils.o
[42/1676] CXX obj/chrome/browser/ui/views/passwords/impl/biometric_authentication_confirmation_bubble_view.o
[43/1676] CXX obj/chrome/browser/ui/views/passwords/impl/biometric_authentication_for_filling_bubble_view.o
[44/1676] CXX obj/chrome/browser/ui/views/passwords/impl/password_relaunch_chrome_view.o
[45/1676] CXX obj/chrome/browser/ui/views/passwords/password_change/successful_password_change_view/successful_password_change_view.o
[46/1676] CXX obj/chrome/browser/ui/views/payments/impl/editor_view_controller.o
[47/1676] CXX obj/chrome/browser/ui/views/payments/impl/contact_info_editor_view_controller.o
[48/1676] CXX obj/chrome/browser/ui/views/payments/impl/error_message_view_controller.o
[49/1676] CXX obj/chrome/browser/ui/views/payments/impl/payment_app_loading_view.o
[50/1676] CXX obj/chrome/browser/ui/views/payments/impl/order_summary_view_controller.o
[51/1676] CXX obj/chrome/browser/ui/views/payments/impl/payment_handler_header_view_util.o
[52/1676] CXX obj/chrome/browser/ui/views/payments/impl/payment_handler_modal_dialog_manager_delegate.o
[53/1676] CXX obj/chrome/browser/ui/views/payments/impl/payment_method_view_controller.o
[54/1676] CXX obj/chrome/browser/ui/views/payments/impl/payment_handler_web_flow_view_controller.o
[55/1676] CXX obj/chrome/browser/ui/views/payments/impl/payment_request_dialog_view.o
[56/1676] CXX obj/chrome/browser/ui/views/payments/impl/payment_request_row_view.o
[57/1676] CXX obj/chrome/browser/ui/views/payments/impl/payment_request_item_list.o
[58/1676] CXX obj/chrome/browser/ui/views/payments/impl/payment_request_sheet_controller.o
[59/1676] CXX obj/chrome/browser/ui/views/payments/impl/payment_request_views_util.o
[60/1676] CXX obj/chrome/browser/ui/views/payments/impl/payment_sheet_view_controller.o
[61/1676] CXX obj/chrome/browser/ui/views/payments/impl/secure_payment_confirmation_dialog_view.o
[62/1676] CXX obj/chrome/browser/ui/views/payments/impl/secure_payment_confirmation_views_util.o
[63/1676] CXX obj/chrome/browser/ui/views/payments/impl/profile_list_view_controller.o
[64/1676] CXX obj/chrome/browser/ui/views/payments/impl/validating_combobox.o
[65/1676] CXX obj/chrome/browser/ui/views/payments/impl/validating_textfield.o
[66/1676] CXX obj/chrome/browser/ui/views/payments/impl/validation_delegate.o
[67/1676] CXX obj/chrome/browser/ui/views/payments/impl/shipping_option_view_controller.o
[68/1676] CXX obj/chrome/browser/ui/views/payments/impl/view_stack.o
[69/1676] CXX obj/chrome/browser/ui/views/payments/impl/shipping_address_editor_view_controller.o
[70/1676] CXX obj/chrome/browser/ui/views/permissions/impl/embedded_permission_prompt_ask_view.o
[71/1676] CXX obj/chrome/browser/ui/views/permissions/impl/chooser_bubble_ui.o
[72/1676] CXX obj/chrome/browser/ui/views/permissions/impl/embedded_permission_prompt.o
[73/1676] CXX obj/chrome/browser/ui/views/permissions/impl/embedded_permission_prompt_base_view.o
[74/1676] CXX obj/chrome/browser/ui/views/permissions/impl/embedded_permission_prompt_policy_view.o
[75/1676] CXX obj/chrome/browser/ui/views/permissions/impl/embedded_permission_prompt_content_scrim_view.o
[76/1676] CXX obj/chrome/browser/ui/views/permissions/impl/embedded_permission_prompt_previously_denied_view.o
[77/1676] CXX obj/chrome/browser/ui/views/permissions/impl/embedded_permission_prompt_previously_granted_view.o
[78/1676] CXX obj/chrome/browser/ui/views/permissions/impl/embedded_permission_prompt_show_system_prompt_view.o
[79/1676] CXX obj/chrome/browser/ui/views/permissions/impl/embedded_permission_prompt_system_settings_view.o
[80/1676] CXX obj/chrome/browser/ui/views/permissions/impl/exclusive_access_permission_prompt.o
[81/1676] CXX obj/chrome/browser/ui/views/permissions/impl/exclusive_access_permission_prompt_view.o
[82/1676] CXX obj/chrome/browser/ui/views/permissions/impl/permission_prompt_base_view.o
[83/1676] CXX obj/chrome/browser/ui/views/permissions/impl/permission_prompt_bubble.o
[84/1676] CXX obj/chrome/browser/ui/views/permissions/impl/permission_prompt_bubble_one_origin_view.o
[85/1676] CXX obj/chrome/browser/ui/views/permissions/impl/permission_prompt_bubble_base_view.o
[86/1676] CXX obj/chrome/browser/ui/views/permissions/impl/permission_prompt_bubble_two_origins_view.o
[87/1676] CXX obj/chrome/browser/ui/views/permissions/impl/permission_prompt_bubble_view_factory.o
[88/1676] CXX obj/chrome/browser/ui/views/permissions/impl/permission_prompt_chip.o
[89/1676] CXX obj/chrome/browser/ui/views/permissions/impl/permission_prompt_desktop.o
[90/1676] CXX obj/chrome/browser/ui/views/permissions/impl/permission_prompt_quiet_icon.o
[91/1676] CXX obj/chrome/browser/ui/views/permissions/impl/permission_prompt_notifications_mac.o
[92/1676] CXX obj/chrome/browser/ui/views/permissions/chip/impl/multi_image_container.o
[93/1676] CXX obj/chrome/browser/ui/views/permissions/impl/permission_prompt_factory.o
[94/1676] CXX obj/chrome/browser/ui/views/permissions/chip/impl/permission_chip_view.o
[95/1676] CXX obj/chrome/browser/ui/views/permissions/chip/impl/chip_controller.o
[96/1676] CXX obj/chrome/browser/ui/views/permissions/chip/impl/permission_dashboard_controller.o
[97/1676] CXX obj/chrome/browser/ui/views/permissions/chip/impl/permission_prompt_chip_model.o
[98/1676] CXX obj/chrome/browser/ui/views/permissions/chip/impl/permission_dashboard_view.o
[99/1676] CXX obj/chrome/browser/ui/views/picture_in_picture/picture_in_picture/document_pip_contents_view.o
[100/1676] CXX obj/chrome/browser/ui/views/permissions/chip/impl/webui_permission_dashboard.o
[101/1676] CXX obj/chrome/browser/ui/views/permissions/chip/impl/webui_permission_chip.o
[102/1676] CXX obj/chrome/browser/ui/views/picture_in_picture/picture_in_picture/document_pip_dialog_manager_delegate.o
[103/1676] CXX obj/chrome/browser/ui/views/picture_in_picture/picture_in_picture/document_pip_host.o
[104/1676] CXX obj/chrome/browser/ui/views/picture_in_picture/picture_in_picture/document_pip_frame_view.o
[105/1676] CXX obj/chrome/browser/ui/views/picture_in_picture/picture_in_picture/picture_in_picture_bounds_change_animation.o
[106/1676] CXX obj/chrome/browser/ui/views/picture_in_picture/picture_in_picture/document_pip_widget_delegate.o
[107/1676] CXX obj/chrome/browser/ui/views/picture_in_picture/picture_in_picture/picture_in_picture_tucker.o
[108/1676] CXX obj/chrome/browser/ui/views/picture_in_picture/picture_in_picture/pip_child_dialog_observer_helper.o
[109/1676] OBJCXX obj/chrome/browser/ui/views/picture_in_picture/picture_in_picture/document_pip_native_widget_mac.o
[110/1676] CXX obj/chrome/browser/ui/views/picture_in_picture/picture_in_picture/pip_top_bar_animation_controller.o
[111/1676] CXX obj/chrome/browser/ui/views/profiles/avatar_toolbar_button_impl/avatar_toolbar_button.o
[112/1676] CXX obj/chrome/browser/ui/views/profiles/avatar_toolbar_button_impl/avatar_toolbar_button_state_manager.o
[113/1676] CXX obj/chrome/browser/ui/views/search_ai_mode/impl/signin_promo_view.o
[114/1676] CXX obj/chrome/browser/ui/views/search_ai_mode/impl/signin_promo_controller.o
[115/1676] CXX obj/chrome/browser/ui/views/send_tab_to_self/send_tab_to_self/manage_account_devices_link_view.o
[116/1676] CXX obj/chrome/browser/ui/views/send_tab_to_self/send_tab_to_self/send_tab_to_self_bubble.o
[117/1676] CXX obj/chrome/browser/ui/views/send_tab_to_self/send_tab_to_self/send_tab_to_self_bubble_device_button.o
[118/1676] CXX obj/chrome/browser/ui/views/send_tab_to_self/send_tab_to_self/send_tab_to_self_bubble_controller.o
[119/1676] CXX obj/chrome/browser/ui/views/send_tab_to_self/send_tab_to_self/send_tab_to_self_bubble_view.o
[120/1676] CXX obj/chrome/browser/ui/views/send_tab_to_self/send_tab_to_self/send_tab_to_self_no_target_device_bubble_view.o
[121/1676] CXX obj/chrome/browser/ui/views/send_tab_to_self/send_tab_to_self/send_tab_to_self_device_picker_bubble_view.o
[122/1676] CXX obj/chrome/browser/ui/views/send_tab_to_self/send_tab_to_self/send_tab_to_self_promo_bubble_view.o
[123/1676] CXX obj/chrome/browser/ui/views/send_tab_to_self/send_tab_to_self/send_tab_to_self_toolbar_bubble_controller.o
[124/1676] CXX obj/chrome/browser/ui/views/send_tab_to_self/send_tab_to_self/send_tab_to_self_toolbar_bubble_view.o
[125/1676] CXX obj/chrome/browser/ui/views/sharing/impl/sharing_dialog_view.o
[126/1676] CXX obj/chrome/browser/ui/views/sharing/impl/sharing_window_controller.o
[127/1676] CXX obj/chrome/browser/ui/views/shortcuts/impl/create_desktop_shortcut_delegate.o
[128/1676] CXX obj/chrome/browser/ui/views/shortcuts/impl/create_desktop_shortcut.o
[129/1676] CXX obj/chrome/browser/ui/views/side_panel/customize_chrome/customize_chrome/side_panel_controller_views.o
[130/1676] CXX obj/chrome/browser/ui/views/side_panel/customize_chrome/customize_chrome/customize_chrome_utils.o
[131/1676] CXX obj/chrome/browser/ui/views/supervised_user/impl/parent_permission_dialog_view.o
[132/1676] CXX obj/chrome/browser/ui/views/tab_contents/tab_contents/chrome_web_contents_view_focus_helper.o
[133/1676] CXX obj/chrome/browser/ui/views/tabs/shared/impl/drop_arrow.o
[134/1676] OBJCXX obj/chrome/browser/ui/views/tab_contents/tab_contents/chrome_web_contents_view_delegate_views_mac.o
[135/1676] CXX obj/chrome/browser/ui/views/tabs/common/impl/dragged_tabs_container.o
[136/1676] CXX obj/chrome/browser/ui/views/tabs/shared/impl/new_tab_button.o
[137/1676] CXX obj/chrome/browser/ui/views/tabs/shared/impl/rounded_scroll_bar.o
[138/1676] CXX obj/chrome/browser/ui/views/tabs/shared/impl/tab_strip_flat_edge_button.o
[139/1676] CXX obj/chrome/browser/ui/views/tabs/tab/impl/glow_hover_controller.o
[140/1676] CXX obj/chrome/browser/ui/views/tabs/tab/impl/alert_indicator_button.o
[141/1676] CXX obj/chrome/browser/ui/views/tabs/shared/impl/tab_strip_combo_button.o
[142/1676] CXX obj/chrome/browser/ui/views/tabs/tab/impl/tab_context_menu_controller.o
[143/1676] CXX obj/chrome/browser/ui/views/tabs/tab/impl/tab_close_button.o
[144/1676] CXX obj/chrome/browser/ui/views/tabs/tab/impl/tab_accessibility.o
[145/1676] CXX obj/chrome/browser/ui/views/tabs/tab/impl/tab_title.o
[146/1676] CXX obj/chrome/browser/ui/views/tabs/tab/impl/tab_icon.o
[147/1676] CXX obj/chrome/browser/ui/views/toolbar/impl/app_menu_dynamic_helper.o
[148/1676] CXX obj/chrome/browser/ui/views/toolbar/impl/avatar_toolbar_button_interface.o
[149/1676] CXX obj/chrome/browser/ui/views/toolbar/impl/ai_overlay_toolbar_button.o
[150/1676] CXX obj/chrome/browser/ui/views/toolbar/impl/app_menu.o
[151/1676] CXX obj/chrome/browser/ui/views/toolbar/impl/back_forward_button.o
[152/1676] CXX obj/chrome/browser/ui/views/toolbar/impl/browser_app_menu_button.o
[153/1676] CXX obj/chrome/browser/ui/views/toolbar/impl/chrome_labs_bubble_view.o
[154/1676] CXX obj/chrome/browser/ui/views/toolbar/impl/chrome_labs_item_view.o
[155/1676] CXX obj/chrome/browser/ui/views/toolbar/impl/chrome_labs_coordinator.o
[156/1676] CXX obj/chrome/browser/ui/views/toolbar/impl/overflow_button.o
[157/1676] CXX obj/chrome/browser/ui/views/toolbar/impl/chrome_labs_view_controller.o
[158/1676] CXX obj/chrome/browser/ui/views/toolbar/impl/home_button.o
[159/1676] CXX obj/chrome/browser/ui/views/toolbar/impl/pinned_action_toolbar_button_menu_model.o
[160/1676] CXX obj/chrome/browser/ui/views/toolbar/impl/pinned_toolbar_actions_container_layout.o
[161/1676] CXX obj/chrome/browser/ui/views/toolbar/impl/pinned_toolbar_button_status_indicator.o
[162/1676] CXX obj/chrome/browser/ui/views/toolbar/impl/pinned_action_toolbar_button.o
[163/1676] CXX obj/chrome/browser/ui/views/toolbar/impl/pinned_toolbar_actions_container.o
[164/1676] CXX obj/chrome/browser/ui/views/toolbar/impl/reload_button.o
[165/1676] CXX obj/chrome/browser/ui/views/toolbar/impl/toolbar_action_hover_card_bubble_view.o
[166/1676] CXX obj/chrome/browser/ui/views/toolbar/impl/split_tabs_button.o
[167/1676] CXX obj/chrome/browser/ui/views/toolbar/impl/toolbar_action_view.o
[168/1676] CXX obj/chrome/browser/ui/views/toolbar/impl/toolbar_action_hover_card_controller.o
[169/1676] CXX obj/chrome/browser/ui/views/toolbar/impl/toolbar_button.o
[170/1676] CXX obj/chrome/browser/ui/views/toolbar/impl/toolbar_chip_button.o
[171/1676] CXX obj/chrome/browser/ui/views/toolbar/impl/toolbar_button_menu_highlighter.o
[172/1676] CXX obj/chrome/browser/ui/views/toolbar/impl/toolbar_divider.o
[173/1676] CXX obj/chrome/browser/ui/views/toolbar/impl/toolbar_glic_actor_task_icon.o
[174/1676] CXX obj/chrome/browser/ui/views/toolbar/impl/toolbar_controller.o
[175/1676] CXX obj/chrome/browser/ui/views/toolbar/impl/toolbar_ink_drop_util.o
[176/1676] CXX obj/chrome/browser/ui/views/toolbar/impl/toolbar_icon_container_view.o
[177/1676] CXX obj/chrome/browser/ui/views/toolbar/impl/toolbar_glic_button.o
[178/1676] CXX obj/chrome/browser/ui/views/toolbar/impl/webui_avatar_toolbar_button.o
[179/1676] CXX obj/chrome/browser/ui/views/toolbar/impl/webui_app_menu_control.o
[180/1676] CXX obj/chrome/browser/ui/views/toolbar/impl/webui_back_forward_control.o
[181/1676] CXX obj/chrome/browser/ui/views/toolbar/impl/webui_battery_saver_control.o
[182/1676] CXX obj/chrome/browser/ui/views/toolbar/impl/toolbar_view.o
[183/1676] CXX obj/chrome/browser/ui/views/toolbar/impl/webui_home_control.o
[184/1676] CXX obj/chrome/browser/ui/views/toolbar/impl/webui_performance_intervention_control.o
[185/1676] CXX obj/chrome/browser/ui/views/toolbar/impl/webui_pinned_toolbar_actions.o
[186/1676] CXX obj/chrome/browser/ui/views/toolbar/impl/webui_reload_control.o
[187/1676] CXX obj/chrome/browser/ui/views/toolbar/impl/webui_split_tabs_control.o
[188/1676] CXX obj/chrome/browser/ui/views/toolbar/impl/webui_toolbar_extensions_container_wrapper.o
[189/1676] CXX obj/chrome/browser/ui/views/translate/impl/partial_translate_bubble_view.o
[190/1676] CXX obj/chrome/browser/ui/views/translate/impl/translate_bubble_controller.o
[191/1676] CXX obj/chrome/browser/ui/views/toolbar/impl/webui_toolbar_web_view.o
[192/1676] CXX obj/chrome/browser/ui/views/translate/impl/translate_bubble_view.o
[193/1676] CXX obj/chrome/browser/ui/views/translate/impl/translate_language_search_view.o
[194/1676] CXX obj/chrome/browser/ui/views/translate/impl/translate_page_action_controller.o
[195/1676] CXX obj/chrome/browser/ui/views/user_education/impl/browser_help_bubble_event_relay.o
[196/1676] CXX obj/chrome/browser/ui/views/user_education/impl/autofill_help_bubble_factory.o
[197/1676] CXX obj/chrome/browser/ui/views/user_education/impl/browser_help_bubble.o
[198/1676] CXX obj/chrome/browser/ui/views/user_education/impl/browser_ntp_promos.o
[199/1676] CXX obj/chrome/browser/ui/views/user_education/impl/custom_webui_help_bubble.o
[200/1676] CXX obj/chrome/browser/ui/views/user_education/impl/custom_webui_help_bubble_controller.o
[201/1676] CXX obj/chrome/browser/ui/views/user_education/impl/browser_feature_promo_controller.o
[202/1676] CXX obj/chrome/browser/ui/views/user_education/impl/browser_user_education_service.o
[203/1676] CXX obj/chrome/browser/ui/views/user_education/impl/browser_user_education_context.o
[204/1676] CXX obj/chrome/browser/ui/views/user_education/impl/browser_feature_promo_preconditions.o
[205/1676] CXX obj/chrome/browser/ui/views/user_education/impl/browser_user_education_interface_impl.o
[206/1676] OBJCXX obj/chrome/browser/ui/views/user_education/impl/browser_help_bubble_event_relay_mac.o
[207/1676] CXX obj/chrome/browser/ui/views/user_education/impl/ios_promo_bubble_view.o
[208/1676] CXX obj/chrome/browser/ui/views/web_apps/launch_dialogs/file_handler_launch_dialog_view.o
[209/1676] CXX obj/chrome/browser/ui/views/web_apps/launch_dialogs/launch_app_user_choice_dialog_view.o
[210/1676] CXX obj/chrome/browser/ui/views/web_apps/web_app_icon_name_and_origin_view/web_app_icon_name_and_origin_view.o
[211/1676] CXX obj/chrome/browser/ui/views/web_apps/launch_dialogs/protocol_handler_launch_dialog_view.o
[212/1676] CXX obj/chrome/browser/ui/views/web_apps/web_app_update_identity_view/web_app_update_identity_view.o
[213/1676] CXX obj/chrome/browser/ui/views/web_apps/web_apps/web_app_views_utils.o
[214/1676] CXX obj/chrome/browser/ui/views/web_apps/web_apps/force_installed_deprecated_apps_dialog_view.o
[215/1676] CXX obj/chrome/browser/ui/views/web_apps/isolated_web_apps/installer_base/callback_delayer.o
[216/1676] CXX obj/chrome/browser/ui/views/web_apps/web_apps/force_installed_preinstalled_deprecated_app_dialog_view.o
[217/1676] CXX obj/chrome/browser/ui/views/web_apps/isolated_web_apps/installer_base/isolated_web_app_installer_model.o
[218/1676] CXX obj/chrome/browser/ui/views/web_apps/web_apps/deprecated_apps_dialog_view.o
[219/1676] CXX obj/chrome/browser/ui/views/web_apps/isolated_web_apps/installer_base/isolated_web_app_installer_view.o
[220/1676] CXX obj/chrome/browser/ui/views/webauthn/webauthn/authenticator_client_pin_entry_sheet_view.o
[221/1676] CXX obj/chrome/browser/ui/views/webauthn/webauthn/authenticator_bio_enrollment_sheet_view.o
[222/1676] CXX obj/chrome/browser/ui/views/web_apps/isolated_web_apps/installer_base/uninstall_sub_app_identity_view.o
[223/1676] CXX obj/chrome/browser/ui/views/webauthn/webauthn/authenticator_create_user_sheet_view.o
[224/1676] CXX obj/chrome/browser/ui/views/webauthn/webauthn/authenticator_client_pin_entry_view.o
[225/1676] CXX obj/chrome/browser/ui/views/webauthn/webauthn/authenticator_common_views.o
[226/1676] CXX obj/chrome/browser/ui/views/webauthn/webauthn/authenticator_gpm_arbitrary_pin_sheet_view.o
[227/1676] CXX obj/chrome/browser/ui/views/webauthn/webauthn/authenticator_gpm_account_info_view.o
[228/1676] CXX obj/chrome/browser/ui/views/webauthn/webauthn/authenticator_gpm_arbitrary_pin_view.o
[229/1676] CXX obj/chrome/browser/ui/views/webauthn/webauthn/authenticator_gpm_pin_sheet_view.o
[230/1676] CXX obj/chrome/browser/ui/views/webauthn/webauthn/authenticator_gpm_pin_view.o
[231/1676] CXX obj/chrome/browser/ui/views/webauthn/webauthn/authenticator_multi_source_picker_sheet_view.o
[232/1676] CXX obj/chrome/browser/ui/views/webauthn/webauthn/authenticator_hybrid_and_security_key_sheet_view.o
[233/1676] CXX obj/chrome/browser/ui/views/webauthn/webauthn/authenticator_multi_source_picker_view.o
[234/1676] CXX obj/chrome/browser/ui/views/webauthn/webauthn/authenticator_priority_mechanism_sheet_view.o
[235/1676] CXX obj/chrome/browser/ui/views/webauthn/webauthn/authenticator_qr_centered_view.o
[236/1676] CXX obj/chrome/browser/ui/views/webauthn/webauthn/authenticator_request_dialog_view_controller_views.o
[237/1676] CXX obj/chrome/browser/ui/views/webauthn/webauthn/authenticator_request_sheet_view.o
[238/1676] CXX obj/chrome/browser/ui/views/webauthn/webauthn/authenticator_request_dialog_view.o
[239/1676] CXX obj/chrome/browser/ui/views/webauthn/webauthn/authenticator_select_account_sheet_view.o
[240/1676] CXX obj/chrome/browser/ui/views/webauthn/webauthn/combined_selector_sheet_view.o
[241/1676] CXX obj/chrome/browser/ui/views/webauthn/webauthn/combined_selector_views.o
[242/1676] CXX obj/chrome/browser/ui/views/webauthn/webauthn/hover_list_view.o
[243/1676] CXX obj/chrome/browser/ui/views/webauthn/webauthn/passkey_detail_view.o
[244/1676] CXX obj/chrome/browser/ui/views/webauthn/webauthn/passkey_deleted_confirmation_view.o
[245/1676] CXX obj/chrome/browser/ui/views/webauthn/webauthn/passkey_not_accepted_bubble_view.o
[246/1676] CXX obj/chrome/browser/ui/views/webauthn/webauthn/passkey_saved_confirmation_view.o
[247/1676] CXX obj/chrome/browser/ui/views/webauthn/webauthn/passkey_updated_confirmation_view.o
[248/1676] CXX obj/chrome/browser/ui/views/webauthn/webauthn/pin_options_button.o
[249/1676] CXX obj/chrome/browser/ui/views/webauthn/webauthn/passkey_upgrade_bubble_view.o
[250/1676] CXX obj/chrome/browser/ui/views/webauthn/webauthn/pin_textfield.o
[251/1676] CXX obj/chrome/browser/ui/views/webauthn/webauthn/reveal_button_util.o
[252/1676] CXX obj/chrome/browser/ui/views/webauthn/webauthn/ring_progress_bar.o
[253/1676] CXX obj/chrome/browser/ui/views/webauthn/webauthn/sheet_view_factory.o
[254/1676] CXX obj/chrome/browser/ui/views/webauthn/webauthn/webauthn_hover_button.o
[255/1676] CXX obj/chrome/browser/ui/views/webauthn/webauthn/authenticator_touch_id_view.o
[256/1676] OBJCXX obj/chrome/browser/ui/views/webauthn/webauthn/mac_authentication_view.o
[257/1676] CXX obj/chrome/browser/ui/views/webauthn/ambient/ambient/ambient_signin_bubble_view.o
[258/1676] CXX obj/chrome/browser/ui/views/webid/webid/account_selection_bubble_view.o
[259/1676] CXX obj/chrome/browser/ui/views/webid/webid/account_selection_view_base.o
[260/1676] CXX obj/chrome/browser/ui/views/webid/webid/account_selection_modal_view.o
[261/1676] CXX obj/chrome/browser/ui/views/webid/webid/webid_utils.o
[262/1676] CXX obj/chrome/browser/ui/views/webid/webid/fedcm_account_selection_view_desktop.o
[263/1676] CXX obj/chrome/browser/ui/views/webid/webid/fedcm_modal_dialog_view.o
[264/1676] CXX obj/chrome/browser/ui/web_applications/impl/pwa_install_page_action.o
[265/1676] CXX obj/chrome/browser/ui/web_applications/impl/app_type_initialized_event.o
[266/1676] CXX obj/chrome/browser/ui/web_applications/impl/web_app_dialog_utils.o
[267/1676] CXX obj/chrome/browser/ui/web_applications/impl/app_browser_controller.o
[268/1676] CXX obj/chrome/browser/ui/web_applications/impl/web_app_icon_health_checks.o
[269/1676] CXX obj/chrome/browser/ui/web_applications/impl/navigation_capturing_redirection_throttle.o
[270/1676] CXX obj/chrome/browser/ui/web_applications/impl/navigation_capturing_process.o
[271/1676] CXX obj/chrome/browser/ui/web_applications/impl/share_target_utils.o
[272/1676] CXX obj/chrome/browser/ui/web_applications/impl/tabbed_web_app_navigation_throttle.o
[273/1676] CXX obj/chrome/browser/ui/web_applications/impl/web_app_dialogs.o
[274/1676] CXX obj/chrome/browser/ui/web_applications/impl/web_app_info_image_source.o
[275/1676] CXX obj/chrome/browser/ui/web_applications/impl/web_app_launch_navigation_handle_user_data.o
[276/1676] CXX obj/chrome/browser/ui/web_applications/impl/web_app_browser_controller.o
[277/1676] CXX obj/chrome/browser/ui/web_applications/impl/web_app_launch_process.o
[278/1676] CXX obj/chrome/browser/ui/web_applications/impl/web_app_menu_model.o
[279/1676] CXX obj/chrome/browser/ui/web_applications/impl/web_app_metrics.o
[280/1676] CXX obj/chrome/browser/ui/web_applications/impl/web_app_metrics_factory.o
[281/1676] CXX obj/chrome/browser/ui/web_applications/impl/web_app_tabbed_utils.o
[282/1676] CXX obj/chrome/browser/ui/web_applications/impl/web_app_launch_utils.o
[283/1676] CXX obj/chrome/browser/ui/web_applications/impl/web_app_ui_utils.o
[284/1676] CXX obj/chrome/browser/ui/web_applications/impl/webui_web_app_navigation_throttle.o
[285/1676] CXX obj/chrome/browser/ui/webauthn/impl/account_hover_list_model.o
[286/1676] CXX obj/chrome/browser/ui/web_modal/browser_window_modal_dialog_delegate/browser_window_modal_dialog_delegate.o
[287/1676] CXX obj/chrome/browser/ui/webauthn/impl/authenticator_request_sheet_model.o
[288/1676] CXX obj/chrome/browser/ui/web_applications/impl/web_app_ui_manager_impl.o
[289/1676] CXX obj/chrome/browser/ui/webauthn/impl/authenticator_request_window.o
[290/1676] CXX obj/chrome/browser/ui/webauthn/impl/context_menu_helper.o
[291/1676] CXX obj/chrome/browser/ui/webauthn/impl/passkey_deleted_confirmation_controller.o
[292/1676] CXX obj/chrome/browser/ui/webauthn/impl/passkey_not_accepted_bubble_controller.o
[293/1676] CXX obj/chrome/browser/ui/webauthn/impl/ambient_signin_controller.o
[294/1676] CXX obj/chrome/browser/ui/webauthn/impl/passkey_saved_confirmation_controller.o
[295/1676] CXX obj/chrome/browser/ui/webauthn/impl/passkey_updated_confirmation_controller.o
[296/1676] CXX obj/chrome/browser/ui/webauthn/impl/transport_hover_list_model.o
[297/1676] CXX obj/chrome/browser/ui/webauthn/impl/sheet_models.o
[298/1676] CXX obj/chrome/browser/ui/webauthn/impl/webauthn_ui_helpers.o
[299/1676] CXX obj/chrome/browser/ui/webauthn/impl/user_actions.o
[300/1676] CXX obj/chrome/browser/ui/webui/extension_control_handler/extension_control_handler.o
[301/1676] CXX obj/chrome/browser/ui/webauthn/impl/passkey_upgrade_request_controller.o
[302/1676] CXX obj/chrome/browser/ui/webui/webui/constrained_web_dialog_ui.o
[303/1676] CXX obj/chrome/browser/ui/webui/app_home/impl/app_home_ui.o
[304/1676] CXX obj/chrome/browser/ui/webui/app_management/app_management/app_management_page_handler_base.o
[305/1676] CXX obj/chrome/browser/ui/webui/app_management/app_management/app_management_page_handler_factory.o
[306/1676] CXX obj/chrome/browser/ui/webui/app_home/impl/app_home_page_handler.o
[307/1676] CXX obj/chrome/browser/ui/webui/app_service_internals/app_service_internals/app_service_internals_page_handler_impl.o
[308/1676] CXX obj/chrome/browser/ui/webui/app_service_internals/app_service_internals/app_service_internals_ui.o
[309/1676] CXX obj/chrome/browser/ui/webui/app_management/app_management/web_app_settings_page_handler.o
[310/1676] CXX obj/chrome/browser/ui/webui/app_settings/impl/web_app_settings_ui.o
[311/1676] CXX obj/chrome/browser/ui/webui/app_settings/impl/web_app_settings_navigation_throttle.o
[312/1676] CXX obj/chrome/browser/ui/webui/certificate_manager/certificate_manager/certificate_manager_ui.o
[313/1676] CXX obj/chrome/browser/ui/webui/browser_command/browser_command/browser_command_handler.o
[314/1676] CXX obj/chrome/browser/ui/webui/certificate_manager/certificate_manager/certificate_manager_handler.o
[315/1676] CXX obj/chrome/browser/ui/webui/certificate_manager/certificate_manager/certificate_manager_utils.o
[316/1676] CXX obj/chrome/browser/ui/webui/certificate_manager/certificate_manager/chrome_root_store_cert_source.o
[317/1676] CXX obj/chrome/browser/ui/webui/certificate_manager/certificate_manager/client_cert_sources.o
[318/1676] CXX obj/chrome/browser/ui/webui/certificate_manager/certificate_manager/enterprise_cert_sources.o
[319/1676] CXX obj/chrome/browser/ui/webui/certificate_manager/certificate_manager/user_cert_sources.o
[320/1676] CXX obj/chrome/browser/ui/webui/certificate_manager/certificate_manager/platform_cert_sources.o
[321/1676] CXX obj/chrome/browser/ui/webui/certificate_viewer/certificate_viewer/certificate_viewer_ui.o
[322/1676] CXX obj/chrome/browser/ui/webui/commerce/impl/price_insights_handler.o
[323/1676] CXX obj/chrome/browser/ui/webui/certificate_viewer/certificate_viewer/certificate_viewer_webui.o
[324/1676] CXX obj/chrome/browser/ui/webui/commerce/impl/price_tracking_handler.o
[325/1676] CXX obj/chrome/browser/ui/webui/commerce/impl/shopping_list_context_menu_controller.o
[326/1676] CXX obj/chrome/browser/ui/webui/commerce/impl/shopping_insights_side_panel_ui.o
[327/1676] CXX obj/chrome/browser/ui/webui/cr_components/searchbox/searchbox_impl/contextual_searchbox_tab_favicon_helper.o
[328/1676] CXX obj/chrome/browser/ui/webui/commerce/impl/shopping_ui_handler_delegate.o
[329/1676] CXX obj/chrome/browser/ui/webui/cr_components/searchbox/searchbox_impl/searchbox_omnibox_client.o
[330/1676] CXX obj/chrome/browser/ui/webui/cr_components/searchbox/searchbox_impl/searchbox_utils.o
[331/1676] CXX obj/chrome/browser/ui/webui/cr_components/searchbox/searchbox_impl/searchbox_handler.o
[332/1676] CXX obj/chrome/browser/ui/webui/cr_components/searchbox/searchbox_impl/contextual_searchbox_handler.o
[333/1676] CXX obj/chrome/browser/ui/webui/downloads/downloads/downloads_list_tracker.o
[334/1676] CXX obj/chrome/browser/ui/webui/extensions/extensions/extension_basic_info.o
[335/1676] CXX obj/chrome/browser/ui/webui/downloads/downloads/downloads_ui.o
[336/1676] CXX obj/chrome/browser/ui/webui/downloads/downloads/downloads_dom_handler.o
[337/1676] CXX obj/chrome/browser/ui/webui/extensions/extensions/extension_icon_source.o
[338/1676] CXX obj/chrome/browser/ui/webui/extensions/extensions/extensions_internals_source.o
[339/1676] CXX obj/chrome/browser/ui/webui/extensions/extensions/extensions_ui_prefs.o
[340/1676] CXX obj/chrome/browser/ui/webui/feature_showcase/feature_showcase/feature_showcase_handler.o
[341/1676] CXX obj/chrome/browser/ui/webui/extensions/extensions/extensions_ui.o
[342/1676] CXX obj/chrome/browser/ui/webui/feature_showcase/feature_showcase/gemini_disclosure.o
[343/1676] CXX obj/chrome/browser/ui/webui/feature_showcase/feature_showcase/default_browser_handler.o
[344/1676] CXX obj/chrome/browser/ui/webui/feature_showcase/feature_showcase/google_lens_handler.o
[345/1676] CXX obj/chrome/browser/ui/webui/feature_showcase/feature_showcase/password_manager_handler.o
[346/1676] CXX obj/chrome/browser/ui/webui/feature_showcase/feature_showcase/themes_and_customization_handler.o
[347/1676] CXX obj/chrome/browser/ui/webui/feature_showcase/feature_showcase/gemini_handler.o
[348/1676] CXX obj/chrome/browser/ui/webui/feature_showcase/feature_showcase/feature_showcase_ui.o
[349/1676] CXX obj/chrome/browser/ui/webui/feedback/impl/feedback_dialog.o
[350/1676] CXX obj/chrome/browser/ui/webui/feedback/impl/feedback_handler.o
[351/1676] CXX obj/chrome/browser/ui/webui/feedback/impl/feedback_ui.o
[352/1676] CXX obj/chrome/browser/ui/webui/history/history/foreign_session_handler.o
[353/1676] CXX obj/chrome/browser/ui/webui/intro/intro/finish_or_continue_handler.o
[354/1676] CXX obj/chrome/browser/ui/webui/inspect/inspect/inspect_ui.o
[355/1676] CXX obj/chrome/browser/ui/webui/intro/intro/intro_handler.o
[356/1676] CXX obj/chrome/browser/ui/webui/history/history/history_ui.o
[357/1676] CXX obj/chrome/browser/ui/webui/intro/intro/intro_ui.o
[358/1676] CXX obj/chrome/browser/ui/webui/intro/intro/sign_in_celebration_handler.o
[359/1676] CXX obj/chrome/browser/ui/webui/intro/intro/welcome_handler.o
[360/1676] CXX obj/chrome/browser/ui/webui/intro/intro/policy_store_observer.o
[361/1676] CXX obj/chrome/browser/ui/webui/management/management/management_ui_constants.o
[362/1676] CXX obj/chrome/browser/ui/webui/intro/intro/sign_in_promo_handler.o
[363/1676] CXX obj/chrome/browser/ui/webui/new_tab_footer/impl/footer_context_menu.o
[364/1676] CXX obj/chrome/browser/ui/webui/management/management/management_ui.o
[365/1676] CXX obj/chrome/browser/ui/webui/new_tab_footer/impl/new_tab_footer_helper.o
[366/1676] CXX obj/chrome/browser/ui/webui/management/management/management_ui_handler.o
[367/1676] CXX obj/chrome/browser/ui/webui/new_tab_footer/impl/new_tab_footer_handler.o
[368/1676] CXX obj/chrome/browser/ui/webui/new_tab_footer/impl/new_tab_footer_ui.o
[369/1676] CXX obj/chrome/browser/ui/webui/new_tab_page/impl/untrusted_source.o
[370/1676] CXX obj/chrome/browser/ui/webui/password_manager/notification_cards_handler/notification_cards_handler.o
[371/1676] CXX obj/chrome/browser/ui/webui/new_tab_page/impl/new_tab_page_handler.o
[372/1676] CXX obj/chrome/browser/ui/webui/password_manager/password_manager_ui/sync_handler.o
[373/1676] CXX obj/chrome/browser/ui/webui/new_tab_page/impl/new_tab_page_ui.o
[374/1676] CXX obj/chrome/browser/ui/webui/password_manager/notification_cards/notification_cards/relaunch_chrome_banner.o
[375/1676] CXX obj/chrome/browser/ui/webui/print_preview/impl/extension_printer_handler.o
[376/1676] CXX obj/chrome/browser/ui/webui/print_preview/impl/parse_data_path.o
[377/1676] CXX obj/chrome/browser/ui/webui/password_manager/password_manager_ui/password_manager_ui.o
[378/1676] CXX obj/chrome/browser/ui/webui/password_manager/password_manager_ui_handler/password_manager_ui_handler.o
[379/1676] CXX obj/chrome/browser/ui/webui/print_preview/impl/policy_settings.o
[380/1676] CXX obj/chrome/browser/ui/webui/print_preview/impl/print_preview_metrics.o
[381/1676] CXX obj/chrome/browser/ui/webui/print_preview/impl/pdf_printer_handler.o
[382/1676] CXX obj/chrome/browser/ui/webui/print_preview/impl/print_preview_ui_untrusted.o
[383/1676] CXX obj/chrome/browser/ui/webui/print_preview/impl/print_preview_handler.o
[384/1676] CXX obj/chrome/browser/ui/webui/print_preview/impl/print_preview_ui.o
[385/1676] CXX obj/chrome/browser/ui/webui/print_preview/impl/printer_handler.o
[386/1676] CXX obj/chrome/browser/ui/webui/print_preview/impl/local_printer_handler_default.o
[387/1676] CXX obj/chrome/browser/ui/webui/print_preview/impl/print_preview_utils.o
[388/1676] CXX obj/chrome/browser/ui/webui/settings/impl/accessibility_main_handler.o
[389/1676] CXX obj/chrome/browser/ui/webui/settings/impl/appearance_handler.o
[390/1676] CXX obj/chrome/browser/ui/webui/settings/impl/browser_lifetime_handler.o
[391/1676] CXX obj/chrome/browser/ui/webui/settings/impl/about_handler.o
[392/1676] CXX obj/chrome/browser/ui/webui/settings/impl/captions_handler.o
[393/1676] CXX obj/chrome/browser/ui/webui/settings/impl/dictation_handler.o
[394/1676] CXX obj/chrome/browser/ui/webui/settings/impl/custom_home_pages_table_model.o
[395/1676] CXX obj/chrome/browser/ui/webui/settings/impl/font_handler.o
[396/1676] CXX obj/chrome/browser/ui/webui/settings/impl/downloads_handler.o
[397/1676] CXX obj/chrome/browser/ui/webui/settings/impl/hats_handler.o
[398/1676] CXX obj/chrome/browser/ui/webui/settings/impl/languages_handler.o
[399/1676] CXX obj/chrome/browser/ui/webui/settings/impl/metrics_reporting_handler.o
[400/1676] CXX obj/chrome/browser/ui/webui/settings/impl/on_startup_handler.o
[401/1676] CXX obj/chrome/browser/ui/webui/settings/impl/import_data_handler.o
[402/1676] CXX obj/chrome/browser/ui/webui/settings/impl/password_manager_handler.o
[403/1676] CXX obj/chrome/browser/ui/webui/settings/impl/glic_handler.o
[404/1676] CXX obj/chrome/browser/ui/webui/settings/impl/performance_handler.o
[405/1676] CXX obj/chrome/browser/ui/webui/settings/impl/profile_info_handler.o
[406/1676] CXX obj/chrome/browser/ui/webui/settings/impl/people_handler.o
[407/1676] CXX obj/chrome/browser/ui/webui/settings/impl/recent_site_settings_helper.o
[408/1676] CXX obj/chrome/browser/ui/webui/settings/impl/protocol_handlers_handler.o
[409/1676] CXX obj/chrome/browser/ui/webui/settings/impl/reset_settings_handler.o
[410/1676] CXX obj/chrome/browser/ui/webui/settings/impl/safety_hub_handler.o
[411/1676] CXX obj/chrome/browser/ui/webui/settings/impl/saved_info_handler.o
[412/1676] CXX obj/chrome/browser/ui/webui/settings/impl/security_settings_provider.o
[413/1676] CXX obj/chrome/browser/ui/webui/settings/impl/settings_localized_strings_privacy_sandbox_provider.o
[414/1676] CXX obj/chrome/browser/ui/webui/settings/impl/search_engines_handler.o
[415/1676] CXX obj/chrome/browser/ui/webui/settings/impl/settings_clear_browsing_data_handler.o
[416/1676] CXX obj/chrome/browser/ui/webui/settings/impl/settings_media_devices_selection_handler.o
[417/1676] CXX obj/chrome/browser/ui/webui/settings/impl/settings_page_ui_handler.o
[418/1676] CXX obj/chrome/browser/ui/webui/settings/impl/settings_security_key_handler.o
[419/1676] CXX obj/chrome/browser/ui/webui/settings/impl/settings_secure_dns_handler.o
[420/1676] CXX obj/chrome/browser/ui/webui/settings/impl/settings_startup_pages_handler.o
[421/1676] CXX obj/chrome/browser/ui/webui/settings/impl/settings_utils.o
[422/1676] CXX obj/chrome/browser/ui/webui/settings/impl/settings_localized_strings_provider.o
[423/1676] CXX obj/chrome/browser/ui/webui/settings/impl/shared_settings_localized_strings_provider.o
[424/1676] CXX obj/chrome/browser/ui/webui/settings/impl/site_settings_helper.o
[425/1676] CXX obj/chrome/browser/ui/webui/settings/impl/settings_default_browser_handler.o
[426/1676] CXX obj/chrome/browser/ui/webui/settings/impl/site_settings_handler.o
[427/1676] CXX obj/chrome/browser/ui/webui/settings/impl/system_handler.o
[428/1676] CXX obj/chrome/browser/ui/webui/settings/impl/mac_system_settings_handler.o
[429/1676] CXX obj/chrome/browser/ui/webui/settings/impl/settings_manage_profile_handler.o
[430/1676] OBJCXX obj/chrome/browser/ui/webui/settings/impl/settings_utils_mac.o
[431/1676] CXX obj/chrome/browser/ui/webui/settings/impl/settings_ui.o
[432/1676] CXX obj/chrome/browser/ui/webui/side_panel/bookmarks/impl/bookmarks_page_handler.o
[433/1676] CXX obj/chrome/browser/ui/webui/side_panel/bookmarks/impl/bookmarks_side_panel_ui.o
[434/1676] CXX obj/chrome/browser/ui/webui/side_panel/customize_chrome/impl/customize_chrome_page_handler.o
[435/1676] CXX obj/chrome/browser/ui/webui/side_panel/customize_chrome/wallpaper_search/wallpaper_search/wallpaper_search_string_map.o
[436/1676] CXX obj/chrome/browser/ui/webui/side_panel/read_anything/read_anything/chrome_os_extension_wrapper.o
[437/1676] CXX obj/chrome/browser/ui/webui/side_panel/customize_chrome/impl/customize_chrome_ui.o
[438/1676] CXX obj/chrome/browser/ui/webui/side_panel/customize_chrome/wallpaper_search/wallpaper_search/wallpaper_search_handler.o
[439/1676] CXX obj/chrome/browser/ui/webui/side_panel/read_anything/read_anything/read_anything_untrusted_ui.o
[440/1676] CXX obj/chrome/browser/ui/webui/side_panel/tabs_from_other_devices/impl/tabs_from_other_devices_side_panel_ui.o
[441/1676] CXX obj/chrome/browser/ui/webui/side_panel/read_anything/read_anything/read_anything_untrusted_page_handler.o
[442/1676] CXX obj/chrome/browser/ui/webui/signin/batch_upload/batch_upload_ui.o
[443/1676] CXX obj/chrome/browser/ui/webui/signin/batch_upload/batch_upload_handler.o
[444/1676] CXX obj/chrome/browser/ui/webui/signin/login_ui_service_impl/login_ui_service_factory.o
[445/1676] CXX obj/chrome/browser/ui/webui/signin/login_ui_service_impl/login_ui_service.o
[446/1676] CXX obj/chrome/browser/ui/webui/signin/profile_impl/managed_user_profile_notice_ui.o
[447/1676] CXX obj/chrome/browser/ui/webui/signin/profile_impl/profile_customization_handler.o
[448/1676] CXX obj/chrome/browser/ui/webui/signin/profile_impl/managed_user_profile_notice_handler.o
[449/1676] CXX obj/chrome/browser/ui/webui/signin/profile_impl/profile_customization_ui.o
[450/1676] CXX obj/chrome/browser/ui/webui/signin/signin_impl/signin_web_dialog_ui.o
[451/1676] CXX obj/chrome/browser/ui/webui/signin/profile_impl/profile_picker_ui.o
[452/1676] CXX obj/chrome/browser/ui/webui/signin/profile_impl/profile_picker_handler.o
[453/1676] CXX obj/chrome/browser/ui/webui/signin/signin_impl/sync_confirmation_handler.o
[454/1676] CXX obj/chrome/browser/ui/webui/signin/signin_impl/cross_device_signin_qr_bubble_ui.o
[455/1676] CXX obj/chrome/browser/ui/webui/signin/signin_impl/sync_confirmation_ui.o
[456/1676] CXX obj/chrome/browser/ui/webui/signin/signin_impl/dice_web_signin_intercept_handler.o
[457/1676] CXX obj/chrome/browser/ui/webui/signin/signin_impl/dice_web_signin_intercept_ui.o
[458/1676] CXX obj/chrome/browser/ui/webui/signin/signin_impl/history_sync_optin_service_factory.o
[459/1676] CXX obj/chrome/browser/ui/webui/signin/signin_impl/history_sync_optin_helper.o
[460/1676] CXX obj/chrome/browser/ui/webui/signin/signin_impl/history_sync_optin_service.o
[461/1676] CXX obj/chrome/browser/ui/webui/signin/signin_impl/signin_email_confirmation_dialog.o
[462/1676] CXX obj/chrome/browser/ui/webui/signin/signin_impl/signin_email_confirmation_ui.o
[463/1676] CXX obj/chrome/browser/ui/webui/signin/signin_impl/signin_error_ui.o
[464/1676] CXX obj/chrome/browser/ui/webui/signin/signin_impl/signin_error_handler.o
[465/1676] CXX obj/chrome/browser/ui/webui/signin/signin_impl/turn_sync_on_helper.o
[466/1676] CXX obj/chrome/browser/ui/webui/signin/signin_impl/turn_sync_on_helper_policy_fetch_tracker.o
[467/1676] CXX obj/chrome/browser/ui/webui/signin/signin_impl/turn_sync_on_helper_delegate_impl.o
[468/1676] CXX obj/chrome/browser/ui/webui/signin/signin_impl/history_sync_optin_handler.o
[469/1676] CXX obj/chrome/browser/ui/webui/signin/signin_impl/history_sync_optin_ui.o
[470/1676] CXX obj/chrome/browser/ui/webui/signin/signout_confirmation/signout_confirmation_impl/signout_confirmation_ui.o
[471/1676] CXX obj/chrome/browser/ui/webui/signin/signout_confirmation/signout_confirmation_impl/signout_confirmation_handler.o
[472/1676] CXX obj/chrome/browser/ui/webui/skills/skills/skills_navigation_throttle.o
[473/1676] CXX obj/chrome/browser/ui/webui/skills/skills/skills_dialog_handler.o
[474/1676] CXX obj/chrome/browser/ui/webui/skills/skills/skills_dialog_view.o
[475/1676] CXX obj/chrome/browser/ui/webui/skills/skills/skills_page_handler_v2.o
[476/1676] CXX obj/chrome/browser/ui/webui/skills/skills/skills_page_handler.o
[477/1676] CXX obj/chrome/browser/ui/webui/tab_search/tab_search/tab_search_prefs.o
[478/1676] CXX obj/chrome/browser/ui/webui/tab_search/tab_search/tab_search_sync_handler.o
[479/1676] CXX obj/chrome/browser/ui/webui/skills/skills/skills_ui.o
[480/1676] CXX obj/chrome/browser/ui/webui/tab_search/tab_search/tab_search_page_handler.o
[481/1676] CXX obj/chrome/browser/ui/webui/tab_strip_internals/impl/tab_strip_internals_handler.o
[482/1676] CXX obj/chrome/browser/ui/webui/webui_toolbar/impl/browser_controls_service.o
[483/1676] CXX obj/chrome/browser/ui/webui/tab_search/tab_search/tab_search_ui.o
[484/1676] CXX obj/chrome/browser/ui/webui/webui_toolbar/impl/icon_table.o
[485/1676] CXX obj/chrome/browser/ui/webui/webui_toolbar/impl/webui_toolbar_drag_state.o
[486/1676] CXX obj/chrome/browser/ui/webui/webui_toolbar/impl/toolbar_ui_service.o
[487/1676] CXX obj/chrome/browser/ui/webui/webui_toolbar/impl/webui_toolbar_layout_css_helper.o
[488/1676] CXX obj/chrome/browser/ui/webui/whats_new/impl/whats_new_util.o
[489/1676] CXX obj/chrome/browser/ui/webui/webui_toolbar/impl/webui_toolbar_extensions_container.o
[490/1676] CXX obj/chrome/browser/ui/webui/webui_toolbar/impl/webui_toolbar_ui.o
[491/1676] CXX obj/chrome/browser/ui/webui/whats_new/impl/whats_new_registrar.o
[492/1676] CXX obj/chrome/browser/ui/webui/whats_new/impl/whats_new_storage_service_impl.o
[493/1676] CXX obj/chrome/browser/ui/webui/whats_new/impl/whats_new_fetcher.o
[494/1676] CXX obj/chrome/browser/ui/webui/whats_new/impl/whats_new_ui.o
[495/1676] CXX obj/chrome/browser/ui/webui/whats_new/impl/whats_new_handler.o
[496/1676] CXX obj/chrome/browser/ui/webui_browser/impl/bookmark_bar_page_handler.o
[497/1676] CXX obj/chrome/browser/ui/webui_browser/impl/browser_elements_webui_browser.o
[498/1676] CXX obj/chrome/browser/ui/webui_browser/impl/webui_browser.o
[499/1676] CXX obj/chrome/browser/ui/webui_browser/impl/find_bar_owner_webui_browser.o
[500/1676] CXX obj/chrome/browser/ui/webui_browser/impl/webui_browser_client_view.o
[501/1676] CXX obj/chrome/browser/ui/webui_browser/impl/webui_browser_exclusive_access_context.o
[502/1676] CXX obj/chrome/browser/ui/webui_browser/impl/webui_browser_modal_dialog_host.o
[503/1676] CXX obj/chrome/browser/ui/webui_browser/impl/webui_browser_side_panel_ui.o
[504/1676] CXX obj/chrome/browser/ui/webui_browser/impl/webui_browser_page_handler.o
[505/1676] CXX obj/chrome/browser/ui/webui_browser/impl/webui_browser_web_contents_delegate.o
[506/1676] CXX obj/chrome/browser/ui/webui_browser/impl/webui_browser_ui.o
[507/1676] CXX obj/chrome/browser/ui/webui_browser/impl/webui_stub_location_bar.o
[508/1676] CXX obj/chrome/browser/ui/webui_browser/impl/zoom_bubble_manager_webui_browser.o
[509/1676] CXX obj/chrome/browser/ui/webui_browser/impl/webui_browser_window.o
[510/1676] CXX obj/chrome/browser/ui/window_metadata/window_metadata/window_metadata_controller.o
[511/1676] CXX obj/chrome/browser/web_applications/web_applications_metrics/sampling_metrics_provider.o
[512/1676] OBJCXX obj/chrome/browser/ui/webui_browser/impl/webui_browser_window_mac.o
[513/1676] CXX obj/chrome/browser/web_applications/app_service/app_service/publisher_helper.o
[514/1676] CXX obj/chrome/browser/web_applications/app_service/app_service/web_apps.o
[515/1676] CXX obj/chrome/browser/webauthn/impl/webauthn_metrics_util.o
[516/1676] CXX obj/chrome/browser/webauthn/impl/webauthn_switches.o
[517/1676] CXX obj/chrome/browser/web_applications/app_service/app_service/web_app_publisher_helper.o
[518/1676] CXX obj/chrome/browser/webauthn/impl/authenticator_reference.o
[519/1676] CXX obj/chrome/browser/webauthn/impl/password_credential_fetcher.o
[520/1676] CXX obj/chrome/browser/webauthn/impl/authenticator_request_dialog_model.o
[521/1676] CXX obj/chrome/browser/webauthn/impl/authenticator_request_scheduler.o
[522/1676] CXX obj/chrome/browser/webauthn/impl/change_pin_controller.o
[523/1676] CXX obj/chrome/browser/webauthn/impl/change_pin_controller_impl.o
[524/1676] CXX obj/chrome/browser/webauthn/impl/authenticator_request_dialog_controller.o
[525/1676] CXX obj/chrome/browser/webauthn/impl/cmtg_device_key_provider_factory.o
[526/1676] CXX obj/chrome/browser/webauthn/impl/cmtg_key_fetcher.o
[527/1676] CXX obj/chrome/browser/webauthn/impl/credential_sorter_desktop.o
[528/1676] CXX obj/chrome/browser/webauthn/impl/enclave_manager_factory.o
[529/1676] CXX obj/chrome/browser/webauthn/impl/enclave_manager_interface.o
[530/1676] CXX obj/chrome/browser/webauthn/impl/chrome_authenticator_request_delegate.o
[531/1676] CXX obj/chrome/browser/webauthn/impl/gpm_enclave_transaction.o
[532/1676] CXX obj/chrome/browser/webauthn/impl/enclave_manager.o
[533/1676] CXX obj/chrome/browser/webauthn/impl/immediate_request_rate_limiter_factory.o
[534/1676] CXX obj/chrome/browser/webauthn/impl/gpm_enclave_controller.o
[535/1676] CXX obj/chrome/browser/webauthn/impl/passkey_unlock_manager_factory.o
[536/1676] CXX obj/chrome/browser/webauthn/impl/passkey_model_factory.o
[537/1676] CXX obj/chrome/browser/webauthn/impl/passkey_unlock_manager.o
[538/1676] CXX obj/chrome/browser/webauthn/impl/ui_readiness_barrier.o
[539/1676] OBJCXX obj/chrome/browser/webauthn/impl/chrome_authenticator_request_delegate_mac.o
[540/1676] CXX obj/chrome/browser/extensions/api/activity_log_private/activity_log_private/activity_log_private_api.o
[541/1676] CXX obj/chrome/browser/webauthn/impl/password_credential_ui_controller.o
[542/1676] CXX obj/chrome/browser/controlled_frame/api/api_registration/generated_api_registration.o
[543/1676] CXX obj/chrome/browser/extensions/api/autofill_private/autofill_private/autofill_ai_util.o
[544/1676] CXX obj/chrome/browser/extensions/api/autofill_private/autofill_private/autofill_private_api.o
[545/1676] CXX obj/chrome/browser/extensions/api/autofill_private/autofill_private/autofill_private_event_router_factory.o
[546/1676] CXX obj/chrome/browser/extensions/api/autofill_private/autofill_private/autofill_private_event_router.o
[547/1676] CXX obj/chrome/browser/extensions/api/autofill_private/autofill_private/autofill_util.o
[548/1676] CXX obj/chrome/browser/extensions/api/commands/commands/commands.o
[549/1676] CXX obj/chrome/browser/extensions/api/browsing_data/browsing_data/browsing_data_api.o
[550/1676] CXX obj/chrome/browser/extensions/api/context_menus/context_menus/context_menus_api.o
[551/1676] CXX obj/chrome/browser/extensions/api/cookies/helpers/cookies_helpers.o
[552/1676] CXX obj/chrome/browser/extensions/api/contextual_tasks_private/contextual_tasks_private/contextual_tasks_private_api.o
[553/1676] CXX obj/chrome/browser/extensions/api/cookies/cookies/cookies_api.o
[554/1676] CXX obj/chrome/browser/extensions/api/debugger/debugger/extension_dev_tools_infobar_delegate.o
[555/1676] CXX obj/chrome/browser/extensions/api/desktop_capture/desktop_capture/desktop_capture_api.o
[556/1676] CXX obj/chrome/browser/extensions/api/desktop_capture/desktop_capture/desktop_capture_base.o
[557/1676] CXX obj/chrome/browser/extensions/api/debugger/debugger/debugger_api.o
[558/1676] CXX obj/chrome/browser/extensions/api/downloads_internal/downloads_internal/downloads_internal_api.o
[559/1676] CXX obj/chrome/browser/extensions/api/extension_action/extension_action/extension_action_api.o
[560/1676] CXX obj/chrome/browser/extensions/api/experimental_actor/experimental_actor/experimental_actor_api.o
[561/1676] CXX obj/chrome/browser/extensions/api/experimental_ai_data/experimental_ai_data/experimental_ai_data_api.o
[562/1676] CXX obj/chrome/browser/extensions/api/history/history/history_api.o
[563/1676] CXX obj/chrome/browser/extensions/api/font_settings/font_settings/font_settings_api.o
[564/1676] CXX obj/chrome/browser/extensions/api/glic_private/glic_private/glic_private_api.o
[565/1676] CXX obj/chrome/browser/extensions/api/networking_private/networking_private/networking_private_ui_delegate_factory_impl.o
[566/1676] CXX obj/chrome/browser/extensions/api/module/module/module.o
[567/1676] CXX obj/chrome/browser/extensions/api/page_capture/page_capture/page_capture_api.o
[568/1676] CXX obj/chrome/browser/extensions/api/mdns/mdns/mdns_api.o
[569/1676] CXX obj/chrome/browser/extensions/api/permissions/permissions/permissions_api_helpers.o
[570/1676] CXX obj/chrome/browser/extensions/api/permissions/permissions/permissions_api.o
[571/1676] CXX obj/chrome/browser/extensions/api/permissions/permissions/permissions_event_router.o
[572/1676] CXX obj/chrome/browser/extensions/api/permissions/permissions/permissions_event_router_factory.o
[573/1676] CXX obj/chrome/browser/extensions/api/pdf_viewer_private/pdf_viewer_private/pdf_viewer_private_api.o
[574/1676] CXX obj/chrome/browser/extensions/api/processes/processes/processes_api.o
[575/1676] CXX obj/chrome/browser/extensions/api/runtime/runtime/chrome_runtime_api_delegate.o
[576/1676] CXX obj/chrome/browser/extensions/api/preference/preference/preference_api.o
[577/1676] CXX obj/chrome/browser/extensions/api/safe_browsing_private/safe_browsing_private/safe_browsing_private_api.o
[578/1676] CXX obj/chrome/browser/extensions/api/safe_browsing_private/safe_browsing_private/safe_browsing_util.o
[579/1676] CXX obj/chrome/browser/extensions/api/search/search/search_api.o
[580/1676] CXX obj/chrome/browser/extensions/api/side_panel/side_panel/side_panel_api.o
[581/1676] CXX obj/chrome/browser/extensions/api/tab_groups/tab_groups/tab_groups_api.o
[582/1676] CXX obj/chrome/browser/extensions/api/tab_capture/tab_capture/tab_capture_api.o
[583/1676] CXX obj/chrome/browser/extensions/api/tab_groups/tab_groups/tab_groups_event_router_factory.o
[584/1676] CXX obj/chrome/browser/extensions/api/tab_groups/tab_groups/tab_groups_event_router.o
[585/1676] CXX obj/chrome/browser/extensions/api/webrtc_desktop_capture_private/webrtc_desktop_capture_private/webrtc_desktop_capture_private_api.o
[586/1676] CXX obj/chrome/browser/extensions/api/web_view/web_view/chrome_web_view_internal_api.o
[587/1676] CXX obj/chrome/browser/extensions/api/webrtc_logging_private/webrtc_logging_private/webrtc_logging_private_api.o
[588/1676] CXX obj/chrome/browser/ui/webui/watermark/watermark/watermark_ui.o
[589/1676] LIBTOOL-STATIC obj/chrome/browser/ui/libui.a
[590/1676] CXX obj/chrome/browser/ui/webui/watermark/watermark/watermark_page_handler.o
[591/1676] CXX obj/ahoi/browser/extensions/native_setup_operation/native_extension_setup_operation.o
[592/1676] CXX obj/ahoi/browser/session/session/native_workspace_structure.o
[593/1676] ACTION //chrome/browser/metrics:expired_histograms_array(//build/toolchain/mac:clang_arm64)
[594/1676] CXX obj/ahoi/browser/session/session/session_bridge.o
[595/1676] CXX obj/ahoi/browser/session/session/session_bridge_extension_setup.o
[596/1676] CXX obj/ahoi/browser/session/session/session_bridge_factory.o
[597/1676] CXX obj/ahoi/browser/session/session/session_bridge_internal.o
[598/1676] CXX obj/ahoi/browser/session/session/session_bridge_observers.o
FAILED: obj/ahoi/browser/session/session/session_bridge_observers.o 
../../third_party/llvm-build/Release+Asserts/bin/clang++ -MMD -MF obj/ahoi/browser/session/session/session_bridge_observers.o.d -D__STDC_CONSTANT_MACROS -D__STDC_FORMAT_MACROS -D_FORTIFY_SOURCE=3 -D__ARM_NEON__=1 -DCR_XCODE_BUILD=17F42 -DCR_CLANG_REVISION=\"llvmorg-24-init-3796-g20e97c4b-2\" -DCOMPONENT_BUILD -D_LIBCPP_HARDENING_MODE=_LIBCPP_HARDENING_MODE_EXTENSIVE -D_LIBCPP_INSTRUMENTED_WITH_ASAN=0 -DCR_LIBCXX_REVISION=97b436da4c33663581d394f4ee0a5977fc38c2f4 -DDCHECK_ALWAYS_ON=1 -DNDEBUG -DNVALGRIND -DDYNAMIC_ANNOTATIONS_ENABLED=0 -DSK_ENABLE_SKSL -DSK_UNTIL_CRBUG_1187654_IS_FIXED -DSK_USER_CONFIG_HEADER=\"../../skia/config/SkUserConfig.h\" -DSK_USE_PARTITION_ALLOC -DSK_WIN_FONTMGR_NO_SIMULATIONS -DSK_ENABLE_LEGACY_SHADERCONTEXT -DSK_LEGACY_DESERIAL_IMAGE_PROC -DSK_CODEC_DECODES_PNG -DSK_CODEC_DECODES_PNG_WITH_RUST -DSK_CODEC_ENCODES_PNG -DSK_CODEC_ENCODES_PNG_WITH_RUST -DSK_CODEC_DECODES_BMP_WITH_RUST -DSK_CODEC_DECODES_ICO_WITH_RUST -DSK_CODEC_COLOR_PROFILE_PARSE_WITH_RUST -DSK_EXIF_PARSE_WITH_RUST -DSK_ENABLE_AVX512_OPTS -DSK_CODEC_DECODES_JPEG -DSK_CODEC_ENCODES_JPEG -DSKIA_DLL -DSK_BUILD_FOR_MAC -DSK_GAMMA_SRGB -DSK_GAMMA_CONTRAST=0.0 -DSK_GANESH -DSK_GPU_WORKAROUNDS_HEADER=\"gpu/config/gpu_driver_bug_workaround_autogen.h\" -DSK_GL -DSK_GRAPHITE -DSK_DAWN -DSKCMS_DLL=1 -DCHROMIUM -DLIBYUV_DISABLE_SME -DLIBYUV_DISABLE_LSX -DLIBYUV_DISABLE_LASX -DTOOLKIT_VIEWS=1 -DON_FOCUS_PING_ENABLED -DABSL_CONSUME_DLL -DABSL_FLAGS_STRIP_NAMES=0 -DBORINGSSL_SHARED_LIBRARY -DU_USING_ICU_NAMESPACE=0 -DU_ENABLE_DYLOAD=0 -DUSE_CHROMIUM_ICU=1 -DU_ENABLE_TRACING=1 -DU_ENABLE_RESOURCE_TRACING=0 -DICU_UTIL_DATA_IMPL=ICU_UTIL_DATA_FILE -DWGPU_SHARED_LIBRARY -DSKCMS_IMPLEMENTATION=1 -DGOOGLE_PROTOBUF_NO_RTTI -DPROTOBUF_INTERNAL_BOUNDS_CHECK_MODE_ABORT -DHAVE_PTHREAD -DPROTOBUF_USE_DLLS -DLEVELDB_PLATFORM_CHROMIUM=1 -DLEVELDB_SHARED_LIBRARY -DCRASHPAD_ZLIB_SOURCE_EXTERNAL -DPROTOBUF_ENABLE_DEBUG_LOGGING_MAY_LEAK_PII=0 -DWEBRTC_ENABLE_SYMBOL_EXPORT -DWEBRTC_ENABLE_AVX2 -DWEBRTC_DEPRECATE_PLAN_B -DWEBRTC_CHROMIUM_BUILD -DWEBRTC_POSIX -DWEBRTC_MAC -DABSL_ALLOCATOR_NOTHROW=1 -DLOGGING_INSIDE_WEBRTC -DV8_USE_EXTERNAL_STARTUP_DATA -DUSING_V8_SHARED -DUSING_V8_SHARED_PRIVATE -DV8_ARRAY_BUFFER_INTERNAL_FIELD_COUNT=0 -DV8_ARRAY_BUFFER_VIEW_INTERNAL_FIELD_COUNT=0 -DV8_PROMISE_INTERNAL_FIELD_COUNT=0 -DV8_USE_DEFAULT_HASHER_SECRET=true -DV8_ENABLE_MEMORY_ACCOUNTING_CHECKS -DV8_COMPRESS_POINTERS -DV8_COMPRESS_POINTERS_IN_SHARED_CAGE -DV8_31BIT_SMIS_ON_64BIT_ARCH -DV8_ENABLE_SANDBOX -DV8_DEPRECATION_WARNINGS -DV8_DISALLOW_JS_IN_API_INTERRUPTS_IS_CHECKED -DV8_USE_PERFETTO -DV8_USE_PERFETTO_JSON_EXPORT -DV8_CPPGC_MICROTASK_QUEUE -DV8_HAVE_TARGET_OS -DV8_TARGET_OS_MACOS -DV8_TARGET_ARCH_ARM64 -DCPPGC_ENABLE_API_CHECKS -DCPPGC_SUPPORTS_OBJECT_NAMES -DCPPGC_CAGED_HEAP -DCPPGC_YOUNG_GENERATION -DCPPGC_POINTER_COMPRESSION -DCPPGC_ENABLE_LARGER_CAGE -DCPPGC_SLIM_WRITE_BARRIER -DFLATBUFFERS_LOCALE_INDEPENDENT=0 -DTFL_STATIC_LIBRARY_BUILD -DTF_MAJOR_VERSION=2 -DTF_MINOR_VERSION=22 -DTF_PATCH_VERSION=0 -DTF_VERSION_SUFFIX= -DEIGEN_MPL2_ONLY -DEIGEN_MAX_ALIGN_BYTES=64 -DEIGEN_HAS_TYPE_TRAITS=0 -DI18N_ADDRESS_VALIDATION_DATA_URL=\"https://chromium-i18n.appspot.com/ssl-aggregate-address/\" -DUSE_LIBCXX_MODULES -I../.. -Igen -I../../buildtools/third_party/libc++ -I../../third_party/perfetto/include -Igen/third_party/perfetto/build_config -Igen/third_party/perfetto -I../../net/third_party/quiche/overrides -I../../net/third_party/quiche/src/quiche/common/platform/default -I../../net/third_party/quiche/src -I../../third_party/skia -Igen/third_party/skia -I../../third_party/wuffs/src/release/c -Igen/third_party/dawn/include -I../../third_party/dawn/include -I../../third_party/libyuv/include -Igen/third_party/private_membership/src -Igen/third_party/shell-encryption/src -Igen/components/policy/proto -I../../third_party/khronos -I../../gpu -I../../base/allocator/partition_allocator/src -Igen/base/allocator/partition_allocator/src -I../../third_party/abseil-cpp -I../../third_party/boringssl/src/include -I../../third_party/protobuf/src -I../../third_party/icu/source/common -I../../third_party/icu/source/i18n -I../../third_party/ced/src -I../../third_party/libwebm/source -I../../third_party/ipcz/include -I../../third_party/angle/include -I../../third_party/leveldatabase -I../../third_party/leveldatabase/src -I../../third_party/leveldatabase/src/include -I../../third_party/crashpad/crashpad -I../../third_party/crashpad/crashpad/compat/mac -I../../third_party/crashpad/crashpad/compat/non_win -I../../third_party/zlib -I../../third_party/libaom/source/libaom -I../../third_party/libaom/source/config/linux/arm64-cpu-detect -Igen/net/third_party/quiche/src -I../../third_party/re2/src -I../../third_party/webrtc_overrides -I../../third_party/webrtc -Igen/third_party/webrtc -I../../v8/include -I../../third_party/flatbuffers/src/include -I../../third_party/flatbuffers/src/src -I../../third_party/flatbuffers/src -I../../third_party/flatbuffers/generated -Igen/components/reporting/proto/synced -Igen/components/optimization_guide/proto/features -Igen/third_party/omnibox_proto -Igen/third_party/metrics_proto -I../../third_party/ml_dtypes/src -I../../third_party/ml_dtypes/src/ml_dtypes -Igen/third_party/tflite/src -I../../third_party/tflite/shims -I../../third_party/tflite/src -I../../third_party/tflite/src/third_party/xla -I../../third_party/tflite/src/third_party/xla/third_party/tsl -I../../third_party/pthreadpool/src/include -I../../third_party/eigen3/src -I../../third_party/neon_2_sse/src -I../../third_party/ruy/src -I../../third_party/fp16/src/include -I../../third_party/tflite_support/src -I../../third_party/tflite_support/src/tensorflow_lite_support -Igen/third_party/tflite_support/src -I../../third_party/libaddressinput/src/cpp/include -Igen/third_party/content_analysis_sdk/src/proto -Wall -Wextra -Wimplicit-fallthrough -Wextra-semi -Wunreachable-code-aggressive -Wgnu -Wno-gnu-anonymous-struct -Wno-gnu-conditional-omitted-operand -Wno-gnu-include-next -Wno-gnu-label-as-value -Wno-gnu-redeclared-enum -Wno-gnu-statement-expression -Wno-gnu-zero-variadic-macro-arguments -Wno-zero-length-array -Wthread-safety -Wno-unused-template -Wunguarded-availability -Wno-missing-field-initializers -Wno-unused-parameter -Wno-psabi -Wno-stringop-overread -Wloop-analysis -Wno-unneeded-internal-declaration -Wno-cast-function-type -Wno-thread-safety-reference-return -Wno-nontrivial-memcall -Wno-uninitialized-const-pointer -Wno-unused-but-set-global -Wexit-time-destructors -Wshadow -Werror -Werror=\#pragma-messages -fno-delete-null-pointer-checks -fno-strict-overflow -fno-ident -fno-math-errno -fno-strict-aliasing -fstack-protector -fcolor-diagnostics -fdiagnostics-show-inlining-chain -fmerge-all-constants -fcrash-diagnostics-dir=../clang-crashreports -fno-lifetime-dse -mllvm -instcombine-lower-dbg-declare=0 -mllvm -split-threshold-for-reg-with-hint=0 -ffp-contract=off -fcomplete-member-pointers --target=arm64-apple-macos -mno-outline -Wno-builtin-macro-redefined -D__DATE__= -D__TIME__= -D__TIMESTAMP__= -ffile-compilation-dir=. -no-canonical-prefixes -Xclang -fmodule-file-home-is-cwd -Xclang -fmodules-cache-path=/not_exist_dummy_dir --warning-suppression-mappings=../../build/config/warning_suppression.txt -ftrivial-auto-var-init=pattern -O2 -fno-omit-frame-pointer -gdwarf-4 -g1 -gdwarf-aranges -isysroot sdk/xcode_links/MacOSX26.5.sdk -mmacos-version-min=13.0 -fsanitize=array-bounds -fsanitize-trap=array-bounds -fsanitize-ignore-for-ubsan-feature=array-bounds -Wno-unsafe-buffer-usage-in-static-sized-array -fsanitize=return -fsanitize-trap=return -fsanitize-ignore-for-ubsan-feature=return -fvisibility=hidden -Wheader-hygiene -Wstring-conversion -Wtautological-overlap-compare -Xclang -add-plugin -Xclang find-bad-constructs -Xclang -plugin-arg-find-bad-constructs -Xclang check-stack-allocated -Xclang -plugin-arg-find-bad-constructs -Xclang relax-ctor-checks-for-aggregates -Xclang -add-plugin -Xclang raw-ptr-plugin -Xclang -plugin-arg-raw-ptr-plugin -Xclang check-raw-ptr-to-stack-allocated -Xclang -plugin-arg-raw-ptr-plugin -Xclang disable-check-raw-ptr-to-stack-allocated-error -Xclang -plugin-arg-raw-ptr-plugin -Xclang raw-ptr-exclude-path=../../third_party/dawn/ -Xclang -plugin-arg-raw-ptr-plugin -Xclang raw-ptr-exclude-path=../../build/config/clang/chrome/test/fuzzing/webidl_fuzzing/ -Xclang -plugin-arg-raw-ptr-plugin -Xclang check-raw-ptr-fields -Xclang -plugin-arg-raw-ptr-plugin -Xclang check-span-fields -Xclang -plugin-arg-raw-ptr-plugin -Xclang check-raw-ref-fields -Xclang -plugin-arg-raw-ptr-plugin -Xclang no-special-treatment-for-oilpanized-paths -DUNSAFE_BUFFERS_BUILD -Wunsafe-buffer-usage -Wno-error=unsafe-buffer-usage -Xclang -add-plugin -Xclang unsafe-buffers -Xclang -plugin-arg-unsafe-buffers -Xclang ../../build/config/unsafe_buffers_paths.txt -Wno-invalid-offsetof -Wenum-compare-conditional -Wno-nullability-completeness -Wunique-object-duplication -std=c++23 -Wno-trigraphs -fno-exceptions -fno-rtti -nostdinc++ -isystem../../third_party/libc++/src/include -isystem../../third_party/libc++abi/src/include -fvisibility-inlines-hidden -fmodules -fno-implicit-module-maps -fno-implicit-modules -Xclang -fmodules-local-submodule-visibility -Wno-modules-ambiguous-internal-linkage -Wno-modules-import-nested-redundant -Xclang -fmodules-disable-diagnostic-validation -Wno-module-import-in-extern-c -fmodule-map-file=gen/build/modules/module.modulemap -fmodule-file=//build/modules:system=obj/build/modules/system/module.pcm -fmodule-name="//ahoi/browser/session:session_Private" -c ../../ahoi/browser/session/session_bridge_observers.cc -o obj/ahoi/browser/session/session/session_bridge_observers.o
../../ahoi/browser/session/session_bridge_observers.cc:519:8: error: reading variable 'shutting_down_' requires holding context 'sequence_checker_' [-Werror,-Wthread-safety-analysis]
  519 |   if (!shutting_down_ && workspace_structure_controller_) {
      |        ^
1 error generated.
[599/1676] CXX obj/ahoi/browser/session/session/session_bridge_runtime.o
[600/1676] CXX obj/ahoi/browser/session/session/session_bridge_session.o
[601/1676] CXX obj/ahoi/browser/session/session/session_bridge_structure_persistence.o
[602/1676] CXX obj/ahoi/browser/session/session/workspace_service_factory.o
[603/1676] CXX obj/ahoi/browser/session/session/session_bridge_sync_persistence.o
[604/1676] CXX obj/ahoi/browser/session/session/session_bridge_workspace.o
[605/1676] CXX obj/ahoi/browser/session/session/workspace_structure_controller_sync.o
[606/1676] CXX obj/ahoi/browser/session/session/workspace_structure_controller.o
[607/1676] CXX obj/ahoi/browser/session/session/workspace_structure_controller_archive.o
[608/1676] CXX obj/ahoi/browser/session/session/workspace_structure_state.o
[609/1676] OBJCXX obj/chrome/app_shim/app_shim/app_shim_application.o
[610/1676] OBJCXX obj/chrome/app_shim/app_shim/app_shim_delegate.o
[611/1676] OBJCXX obj/chrome/app_shim/app_shim/app_shim_render_widget_host_view_mac_delegate.o
[612/1676] OBJCXX obj/chrome/app_shim/app_shim/app_shim_controller.o
[613/1676] OBJCXX obj/chrome/app_shim/app_shim/app_shim_main_delegate.o
[614/1676] OBJCXX obj/chrome/app_shim/app_shim/chrome_main_app_mode_mac.o
[615/1676] CXX obj/chrome/browser/accessibility/impl/accessibility_labels_service_factory.o
[616/1676] CXX obj/chrome/browser/accessibility/impl/pdf_ocr_metrics.o
[617/1676] CXX obj/chrome/browser/accessibility/impl/prefers_default_scrollbar_styles_prefs.o
[618/1676] CXX obj/chrome/browser/accessibility/impl/ax_main_node_annotator_controller_factory.o
[619/1676] CXX obj/chrome/browser/accessibility/impl/accessibility_labels_service.o
[620/1676] CXX obj/chrome/browser/accessibility/impl/invert_bubble_prefs.o
[621/1676] CXX obj/chrome/browser/accessibility/impl/page_colors_controller.o
[622/1676] CXX obj/chrome/browser/accessibility/impl/embedded_a11y_extension_loader.o
[623/1676] CXX obj/chrome/browser/accessibility/impl/page_colors_controller_factory.o
[624/1676] CXX obj/chrome/browser/accessibility/impl/caption_settings_dialog_mac.o
[625/1676] CXX obj/chrome/browser/accessibility/impl/animation_policy_prefs.o
[626/1676] CXX obj/chrome/browser/accessibility/impl/soda_installer_impl.o
[627/1676] CXX obj/chrome/browser/accessibility/impl/ax_main_node_annotator_controller.o
[628/1676] CXX obj/chrome/browser/accessibility/live_caption/impl/live_caption_controller_factory.o
[629/1676] CXX obj/chrome/browser/accessibility/live_caption/impl/live_translate_controller_factory.o
[630/1676] CXX obj/chrome/browser/accessibility/live_caption/impl/live_caption_speech_recognition_host.o
[631/1676] CXX obj/chrome/browser/accessibility_annotator/impl/accessibility_annotator_backend_factory.o
[632/1676] CXX obj/chrome/browser/actor/impl/action_tracker_for_metrics.o
[633/1676] CXX obj/chrome/browser/actor/impl/actor_actions_runner.o
[634/1676] CXX obj/chrome/browser/actor/impl/actor_critical_action_logger.o
[635/1676] CXX obj/chrome/browser/actor/impl/actor_keyed_service.o
[636/1676] CXX obj/chrome/browser/actor/impl/actor_keyed_service_factory.o
[637/1676] CXX obj/chrome/browser/actor/impl/actor_metrics.o
[638/1676] CXX obj/chrome/browser/actor/impl/actor_script_tool_receiver.o
[639/1676] CXX obj/chrome/browser/actor/impl/actor_navigation_throttle.o
[640/1676] CXX obj/chrome/browser/actor/impl/actor_tab_close_skip_beforeunload_user_data.o
[641/1676] CXX obj/chrome/browser/actor/impl/actor_proto_conversion.o
[642/1676] CXX obj/chrome/browser/actor/impl/actor_task_metadata.o
[643/1676] CXX obj/chrome/browser/actor/impl/actor_tab_data.o
[644/1676] CXX obj/chrome/browser/actor/impl/actor_task.o
[645/1676] CXX obj/chrome/browser/actor/impl/aggregated_journal_render_frame_binder.o
[646/1676] CXX obj/chrome/browser/actor/impl/enterprise_policy_checker.o
[647/1676] CXX obj/chrome/browser/actor/impl/actor_util.o
[648/1676] CXX obj/chrome/browser/actor/impl/site_policy.o
[649/1676] CXX obj/chrome/browser/actor/impl/tab_observation_strategy.o
[650/1676] CXX obj/chrome/browser/actor/impl/tab_observation_controller.o
[651/1676] CXX obj/chrome/browser/actor/impl/actor_login_flow_verifier.o
[652/1676] CXX obj/chrome/browser/actor/impl/attempt_form_filling_tool_metrics.o
[653/1676] CXX obj/chrome/browser/actor/impl/execution_engine.o
[654/1676] CXX obj/chrome/browser/actor/impl/attempt_form_filling_tool.o
[655/1676] CXX obj/chrome/browser/actor/impl/attempt_form_filling_tool_request.o
[656/1676] CXX obj/chrome/browser/actor/impl/attempt_otp_filling_metrics.o
[657/1676] CXX obj/chrome/browser/actor/impl/attempt_login_tool_request.o
[658/1676] CXX obj/chrome/browser/actor/impl/attempt_otp_filling_tool_request.o
[659/1676] CXX obj/chrome/browser/actor/impl/attempt_login_tool.o
[660/1676] CXX obj/chrome/browser/actor/impl/attempt_otp_filling_tool.o
[661/1676] CXX obj/chrome/browser/actor/impl/click_tool_request.o
[662/1676] CXX obj/chrome/browser/actor/impl/drag_and_release_tool_request.o
[663/1676] CXX obj/chrome/browser/actor/impl/history_tool.o
[664/1676] CXX obj/chrome/browser/actor/impl/history_tool_request.o
[665/1676] CXX obj/chrome/browser/actor/impl/media_control_tool.o
[666/1676] CXX obj/chrome/browser/actor/impl/media_control_tool_request.o
[667/1676] CXX obj/chrome/browser/actor/impl/move_mouse_tool_request.o
[668/1676] CXX obj/chrome/browser/actor/impl/navigate_tool_request.o
[669/1676] CXX obj/chrome/browser/actor/impl/navigate_tool.o
[670/1676] CXX obj/chrome/browser/actor/impl/observation_delay_metrics.o
[671/1676] CXX obj/chrome/browser/actor/impl/observation_delay_controller.o
[672/1676] CXX obj/chrome/browser/actor/impl/page_target_util.o
[673/1676] CXX obj/chrome/browser/actor/impl/page_tool_request.o
[674/1676] CXX obj/chrome/browser/actor/impl/page_tool.o
[675/1676] CXX obj/chrome/browser/actor/impl/script_tool_host.o
[676/1676] CXX obj/chrome/browser/actor/impl/scroll_to_tool_request.o
[677/1676] CXX obj/chrome/browser/actor/impl/script_tool_request.o
[678/1676] CXX obj/chrome/browser/actor/impl/scroll_tool_request.o
[679/1676] CXX obj/chrome/browser/actor/impl/select_tool_request.o
[680/1676] CXX obj/chrome/browser/actor/impl/tool_callbacks.o
[681/1676] CXX obj/chrome/browser/actor/impl/tool.o
[682/1676] CXX obj/chrome/browser/actor/impl/type_tool_request.o
[683/1676] CXX obj/chrome/browser/actor/impl/tool_request.o
[684/1676] CXX obj/chrome/browser/actor/impl/tool_controller.o
[685/1676] CXX obj/chrome/browser/actor/impl/validate_url_util.o
[686/1676] CXX obj/chrome/browser/actor/impl/wait_tool_request.o
[687/1676] CXX obj/chrome/browser/actor/impl/wait_tool.o
[688/1676] CXX obj/chrome/browser/actor/impl/load_and_extract_content_tool.o
[689/1676] CXX obj/chrome/browser/actor/impl/load_and_extract_content_tool_request.o
[690/1676] CXX obj/chrome/browser/actor/impl/tab_management_tool.o
[691/1676] CXX obj/chrome/browser/actor/impl/tab_management_tool_request.o
[692/1676] CXX obj/chrome/browser/actor/impl/window_management_tool_request.o
[693/1676] CXX obj/chrome/browser/actor/impl/window_management_tool.o
[694/1676] CXX obj/chrome/browser/actor/ui/window_controller_impl/actor_ui_window_controller.o
[695/1676] CXX obj/chrome/browser/apps/app_service/publishers/publishers/app_publisher.o
[696/1676] CXX obj/chrome/browser/actor/ui/task_list_bubble/ui_impl/actor_task_list_bubble.o
[697/1676] CXX obj/chrome/browser/actor/ui/task_list_bubble/ui_impl/actor_task_list_bubble_row_button.o
[698/1676] CXX obj/chrome/browser/apps/app_service/publishers/publishers/extension_apps_enable_flow.o
[699/1676] CXX obj/chrome/browser/apps/app_service/publishers/publishers/extension_apps.o
[700/1676] CXX obj/chrome/browser/apps/app_service/publishers/publishers/extension_apps_util.o
[701/1676] CXX obj/chrome/browser/apps/app_service/publishers/publishers/publisher_host_factory_impl.o
[702/1676] CXX obj/chrome/browser/apps/app_service/publishers/publishers/publisher_host_impl.o
[703/1676] CXX obj/chrome/browser/apps/app_service/publishers/publishers/extension_apps_base.o
[704/1676] CXX obj/chrome/browser/autocomplete/impl/autocomplete_classifier_factory.o
[705/1676] CXX obj/chrome/browser/autocomplete/impl/chrome_autocomplete_scheme_classifier.o
[706/1676] CXX obj/chrome/browser/autocomplete/impl/document_suggestions_service_factory.o
[707/1676] CXX obj/chrome/browser/autocomplete/impl/autocomplete_scoring_model_service_factory.o
[708/1676] CXX obj/chrome/browser/autocomplete/impl/enterprise_search_aggregator_suggestions_service_factory.o
[709/1676] CXX obj/chrome/browser/autocomplete/impl/in_memory_url_index_factory.o
[710/1676] CXX obj/chrome/browser/autocomplete/impl/provider_state_service_factory.o
[711/1676] CXX obj/chrome/browser/autocomplete/impl/on_device_tail_model_service_factory.o
[712/1676] CXX obj/chrome/browser/autocomplete/impl/remote_suggestions_service_factory.o
[713/1676] CXX obj/chrome/browser/autocomplete/impl/chrome_autocomplete_provider_client.o
[714/1676] CXX obj/chrome/browser/autocomplete/impl/shortcuts_backend_factory.o
[715/1676] CXX obj/chrome/browser/autocomplete/impl/zero_suggest_cache_service_factory.o
[716/1676] CXX obj/chrome/browser/autocomplete/impl/tab_matcher_desktop.o
[717/1676] CXX obj/chrome/browser/autocomplete/impl/shortcuts_extensions_manager.o
[718/1676] CXX obj/chrome/browser/autocomplete/impl/keyword_extensions_delegate_impl.o
[719/1676] CXX obj/chrome/browser/background/impl/background_contents.o
[720/1676] CXX obj/chrome/browser/autocomplete/impl/unscoped_extension_provider_delegate_impl.o
[721/1676] CXX obj/chrome/browser/background/impl/background_contents_navigation_throttle.o
[722/1676] CXX obj/chrome/browser/background/impl/background_contents_service_factory.o
[723/1676] CXX obj/chrome/browser/background/impl/background_contents_service.o
[724/1676] CXX obj/chrome/browser/background/extensions/impl/background_mode_manager_mac.o
[725/1676] CXX obj/chrome/browser/background/extensions/impl/background_application_list_model.o
[726/1676] CXX obj/chrome/browser/background/glic/impl/glic_launcher_configuration.o
[727/1676] CXX obj/chrome/browser/background/extensions/impl/background_mode_manager.o
[728/1676] CXX obj/chrome/browser/background/glic/impl/glic_background_mode_manager.o
[729/1676] CXX obj/chrome/browser/background/glic/impl/glic_status_icon.o
[730/1676] OBJCXX obj/chrome/browser/background/glic/impl/os_icon_provider_mac.o
[731/1676] CXX obj/chrome/browser/badging/impl/badge_manager_factory.o
[732/1676] CXX obj/chrome/browser/badging/impl/badge_manager.o
[733/1676] CXX obj/chrome/browser/bluetooth/impl/bluetooth_chooser_context_factory.o
[734/1676] CXX obj/chrome/browser/badging/impl/badge_manager_delegate_mac.o
[735/1676] CXX obj/chrome/browser/bluetooth/impl/chrome_bluetooth_delegate.o
[736/1676] CXX obj/chrome/browser/bluetooth/impl/chrome_bluetooth_delegate_impl_client.o
[737/1676] CXX obj/chrome/browser/banners/impl/app_banner_manager_desktop.o
[738/1676] CXX obj/chrome/browser/browsing_data/impl/browsing_data_lifetime_policy_handler.o
[739/1676] CXX obj/chrome/browser/browsing_data/impl/browsing_data_history_observer_service.o
[740/1676] CXX obj/chrome/browser/browsing_data/impl/browsing_data_important_sites_util.o
[741/1676] CXX obj/chrome/browser/browsing_data/impl/chrome_browsing_data_lifetime_manager_factory.o
[742/1676] CXX obj/chrome/browser/browsing_data/impl/chrome_browsing_data_lifetime_manager.o
[743/1676] CXX obj/chrome/browser/browsing_data/impl/chrome_browsing_data_model_delegate.o
[744/1676] CXX obj/chrome/browser/browsing_data/impl/browsing_data_counter_factory.o
[745/1676] CXX obj/chrome/browser/browsing_data/impl/chrome_browsing_data_remover_delegate_factory.o
[746/1676] CXX obj/chrome/browser/browsing_data/impl/cache_counter.o
[747/1676] CXX obj/chrome/browser/browsing_data/impl/browsing_data_counter_utils.o
[748/1676] CXX obj/chrome/browser/browsing_data/impl/signin_data_counter.o
[749/1676] CXX obj/chrome/browser/browsing_data/impl/downloads_counter.o
[750/1676] CXX obj/chrome/browser/browsing_data/impl/site_data_counter.o
[751/1676] CXX obj/chrome/browser/browsing_data/impl/chrome_browsing_data_remover_delegate.o
[752/1676] CXX obj/chrome/browser/browsing_data/impl/site_data_counting_helper.o
[753/1676] CXX obj/chrome/browser/browsing_data/impl/site_settings_counter.o
[754/1676] CXX obj/chrome/browser/browsing_data/impl/site_data_size_collector.o
[755/1676] CXX obj/chrome/browser/browsing_data/impl/navigation_entry_remover.o
[756/1676] CXX obj/chrome/browser/browsing_data/impl/hosted_apps_counter.o
[757/1676] CXX obj/chrome/browser/component_updater/impl/captcha_provider_component_installer.o
[758/1676] CXX obj/chrome/browser/component_updater/impl/ai_embeddings_component_installer.o
[759/1676] CXX obj/chrome/browser/component_updater/impl/chrome_origin_trials_component_installer.o
[760/1676] CXX obj/chrome/browser/component_updater/impl/commerce_heuristics_component_installer.o
[761/1676] CXX obj/chrome/browser/component_updater/impl/component_updater_prefs.o
[762/1676] CXX obj/chrome/browser/component_updater/impl/component_updater_utils.o
[763/1676] CXX obj/chrome/browser/commerce/impl/shopping_service_factory.o
[764/1676] CXX obj/chrome/browser/component_updater/impl/chrome_component_updater_configurator.o
[765/1676] CXX obj/chrome/browser/component_updater/impl/first_party_sets_component_installer.o
[766/1676] CXX obj/chrome/browser/component_updater/impl/indigo_component_installer.o
[767/1676] CXX obj/chrome/browser/component_updater/impl/crowd_deny_component_installer.o
[768/1676] CXX obj/chrome/browser/component_updater/impl/crl_set_component_installer.o
[769/1676] CXX obj/chrome/browser/component_updater/impl/mei_preload_component_installer.o
[770/1676] CXX obj/chrome/browser/component_updater/impl/pki_metadata_component_installer_policy.o
[771/1676] CXX obj/chrome/browser/component_updater/impl/platform_runtime_component_installer.o
[772/1676] CXX obj/chrome/browser/component_updater/impl/privacy_sandbox_attestations_component_installer.o
[773/1676] CXX obj/chrome/browser/component_updater/impl/recovery_improved_component_installer.o
[774/1676] CXX obj/chrome/browser/component_updater/impl/private_verification_tokens_installer.o
[775/1676] CXX obj/chrome/browser/component_updater/impl/pki_metadata_component_installer.o
[776/1676] CXX obj/chrome/browser/component_updater/impl/registration.o
[777/1676] CXX obj/chrome/browser/component_updater/impl/subresource_filter_component_installer.o
[778/1676] CXX obj/chrome/browser/component_updater/impl/ssl_error_assistant_component_installer.o
[779/1676] CXX obj/chrome/browser/component_updater/impl/dictation_connector_component_installer.o
[780/1676] CXX obj/chrome/browser/component_updater/impl/wasm_tts_engine_component_installer.o
[781/1676] CXX obj/chrome/browser/component_updater/impl/trust_token_key_commitments_component_installer.o
[782/1676] CXX obj/chrome/browser/component_updater/impl/soda_component_installer.o
[783/1676] CXX obj/chrome/browser/component_updater/impl/iwa_key_distribution_component_installer.o
[784/1676] CXX obj/chrome/browser/component_updater/impl/soda_language_pack_component_installer.o
[785/1676] CXX obj/chrome/browser/component_updater/impl/screen_ai_component_installer.o
[786/1676] CXX obj/chrome/browser/component_updater/impl/zxcvbn_data_component_installer.o
[787/1676] CXX obj/chrome/browser/component_updater/impl/updater_state.o
[788/1676] CXX obj/chrome/browser/component_updater/impl/pki_metadata_fastpush_component_installer_policy.o
[789/1676] OBJCXX obj/chrome/browser/component_updater/impl/updater_state_mac.o
[790/1676] CXX obj/chrome/browser/component_updater/impl/file_type_policies_component_installer.o
[791/1676] CXX obj/chrome/browser/content_index/impl/content_index_metrics.o
[792/1676] CXX obj/chrome/browser/content_index/impl/content_index_provider_factory.o
[793/1676] CXX obj/chrome/browser/content_index/impl/content_index_provider_impl.o
[794/1676] CXX obj/chrome/browser/content_settings/impl/mixed_content_settings_tab_helper.o
[795/1676] CXX obj/chrome/browser/content_settings/impl/content_settings_manager_delegate.o
[796/1676] CXX obj/chrome/browser/content_settings/impl/one_time_permission_provider.o
[797/1676] CXX obj/chrome/browser/content_settings/impl/generated_cookie_prefs.o
[798/1676] CXX obj/chrome/browser/content_settings/impl/sound_content_setting_observer.o
[799/1676] CXX obj/chrome/browser/content_settings/impl/generated_permission_prompting_behavior_pref.o
[800/1676] CXX obj/chrome/browser/content_settings/impl/page_specific_content_settings_delegate.o
[801/1676] CXX obj/chrome/browser/content_settings/impl/generated_javascript_optimizer_pref.o
[802/1676] CXX obj/chrome/browser/contextual_cueing/impl/contextual_cueing_menu_model.o
[803/1676] CXX obj/chrome/browser/contextual_cueing/impl/contextual_cueing_metrics.o
[804/1676] CXX obj/chrome/browser/contextual_cueing/impl/contextual_cueing_service.o
[805/1676] CXX obj/chrome/browser/contextual_cueing/impl/contextual_cueing_service_factory.o
[806/1676] CXX obj/chrome/browser/contextual_cueing/impl/cue_target.o
[807/1676] CXX obj/chrome/browser/contextual_cueing/impl/features.o
[808/1676] CXX obj/chrome/browser/contextual_cueing/impl/nudge_cap_tracker.o
[809/1676] CXX obj/chrome/browser/contextual_cueing/impl/contextual_cueing_controller.o
[810/1676] CXX obj/chrome/browser/contextual_cueing/impl/contextual_cueing_web_contents_observer.o
[811/1676] CXX obj/chrome/browser/contextual_cueing/impl/ucb_scorer.o
[812/1676] CXX obj/chrome/browser/contextual_cueing/impl/prefs.o
[813/1676] CXX obj/chrome/browser/contextual_tasks/impl/active_task_context_provider_impl.o
[814/1676] CXX obj/chrome/browser/contextual_tasks/impl/ai_mode_context_library_converter.o
[815/1676] CXX obj/chrome/browser/contextual_tasks/impl/contextual_tasks_auto_suggestion_manager.o
[816/1676] CXX obj/chrome/browser/contextual_tasks/impl/aim_user_agent_tab_helper.o
[817/1676] CXX obj/chrome/browser/contextual_tasks/impl/contextual_tasks_context_model_executor.o
[818/1676] CXX obj/chrome/browser/contextual_tasks/impl/contextual_tasks_context_model_handler.o
[819/1676] CXX obj/chrome/browser/contextual_tasks/impl/contextual_tasks_context_scoring_utils.o
[820/1676] CXX obj/chrome/browser/contextual_tasks/impl/contextual_tasks_context_multi_turn_model_executor.o
[821/1676] CXX obj/chrome/browser/contextual_tasks/impl/contextual_tasks_context_service_factory.o
[822/1676] CXX obj/chrome/browser/contextual_tasks/impl/contextual_tasks_context_signal_utils.o
[823/1676] CXX obj/chrome/browser/contextual_tasks/impl/contextual_tasks_context_multi_turn_model_handler.o
[824/1676] CXX obj/chrome/browser/contextual_tasks/impl/contextual_tasks_utils.o
[825/1676] CXX obj/chrome/browser/contextual_tasks/impl/site_exclusion_detail.o
[826/1676] CXX obj/chrome/browser/contextual_tasks/impl/contextual_tasks_service_factory.o
[827/1676] CXX obj/chrome/browser/contextual_tasks/impl/smart_tab_sharing_metrics.o
[828/1676] CXX obj/chrome/browser/contextual_tasks/impl/contextual_tasks_context_service.o
[829/1676] CXX obj/chrome/browser/contextual_tasks/impl/contextual_tasks_extension_bridge_factory.o
[830/1676] CXX obj/chrome/browser/contextual_tasks/impl/contextual_tasks_extension_binder_provider.o
[831/1676] CXX obj/chrome/browser/contextual_tasks/impl/contextual_tasks_extension_bridge.o
[832/1676] CXX obj/chrome/browser/contextual_tasks/impl/contextual_tasks_ui_service_delegate_desktop.o
[833/1676] CXX obj/chrome/browser/contextual_tasks/impl/smart_tab_sharing_settings_policy_handler.o
[834/1676] CXX obj/chrome/browser/contextual_tasks/ui_impl/contextual_search_session_finder.o
[835/1676] CXX obj/chrome/browser/contextual_tasks/impl/contextual_tasks_extension_handler.o
[836/1676] CXX obj/chrome/browser/contextual_tasks/ui_impl/contextual_tasks_cookie_synchronizer.o
[837/1676] CXX obj/chrome/browser/contextual_tasks/ui_impl/contextual_tasks_eligibility_manager.o
[838/1676] CXX obj/chrome/browser/contextual_tasks/ui_impl/contextual_tasks_navigation_throttle.o
[839/1676] CXX obj/chrome/browser/contextual_tasks/ui_impl/contextual_tasks_internals_page_handler.o
[840/1676] CXX obj/chrome/browser/contextual_tasks/ui_impl/contextual_tasks_composebox_handler.o
[841/1676] CXX obj/chrome/browser/contextual_tasks/ui_impl/contextual_tasks_page_handler.o
[842/1676] CXX obj/chrome/browser/contextual_tasks/ui_impl/contextual_tasks_ui_base.o
[843/1676] CXX obj/chrome/browser/contextual_tasks/ui_impl/contextual_tasks_side_panel_coordinator.o
[844/1676] CXX obj/chrome/browser/contextual_tasks/ui_impl/contextual_tasks_ui.o
[845/1676] CXX obj/chrome/browser/contextual_tasks/ui_impl/contextual_tasks_ui_service_factory.o
[846/1676] CXX obj/chrome/browser/contextual_tasks/ui_impl/contextual_tasks_ui_service.o
[847/1676] CXX obj/chrome/browser/contextual_tasks/ui_impl/contextual_tasks_window_tracker.o
[848/1676] CXX obj/chrome/browser/contextual_tasks/ui_impl/contextual_tasks_window_tracker_manager.o
[849/1676] CXX obj/chrome/browser/contextual_tasks/ui_impl/guest_opener_user_data.o
[850/1676] CXX obj/chrome/browser/contextual_tasks/ui_impl/contextual_tasks_url_loader_factory_interceptor.o
[851/1676] CXX obj/chrome/browser/contextual_tasks/ui_impl/entry_point_eligibility_manager.o
[852/1676] CXX obj/chrome/browser/contextual_tasks/ui_impl/contextual_tasks_panel_host_desktop.o
[853/1676] CXX obj/chrome/browser/contextual_tasks/ui_impl/contextual_tasks_web_view.o
[854/1676] CXX obj/chrome/browser/controlled_frame/controlled_frame/controlled_frame_extensions_browser_api_provider.o
[855/1676] CXX obj/chrome/browser/controlled_frame/controlled_frame/controlled_frame_menu_icon_loader.o
[856/1676] CXX obj/chrome/browser/controlled_frame/controlled_frame/controlled_frame_user_agent_util.o
[857/1676] CXX obj/chrome/browser/controlled_frame/controlled_frame/controlled_frame_internal_api.o
[858/1676] CXX obj/chrome/browser/data_sharing/impl/data_sharing_navigation_utils.o
[859/1676] CXX obj/chrome/browser/data_sharing/impl/data_sharing_navigation_throttle.o
[860/1676] CXX obj/chrome/browser/contextual_tasks/ui_impl/search_ai_mode_promo_tab_helper.o
[861/1676] CXX obj/chrome/browser/data_sharing/impl/migratable_sync_service_coordinator_factory.o
[862/1676] CXX obj/chrome/browser/data_sharing/impl/data_sharing_conversion_utils.o
[863/1676] CXX obj/chrome/browser/data_sharing/impl/personal_collaboration_data_service_factory.o
[864/1676] CXX obj/chrome/browser/data_sharing/impl/data_sharing_service_factory.o
[865/1676] CXX obj/chrome/browser/device_notifications/impl/device_connection_tracker.o
[866/1676] CXX obj/chrome/browser/data_sharing/impl/data_sharing_sdk_delegate_desktop.o
[867/1676] CXX obj/chrome/browser/device_notifications/impl/device_system_tray_icon.o
[868/1676] CXX obj/chrome/browser/data_sharing/impl/data_sharing_ui_delegate_desktop.o
[869/1676] CXX obj/chrome/browser/device_notifications/impl/device_status_icon_renderer.o
[870/1676] CXX obj/chrome/browser/dictation/impl/dictation_context.o
[871/1676] CXX obj/chrome/browser/dictation/impl/connector_component_extension.o
[872/1676] CXX obj/chrome/browser/dictation/impl/dictation_context_fetcher.o
[873/1676] CXX obj/chrome/browser/dictation/impl/dictation_keyed_service.o
[874/1676] CXX obj/chrome/browser/dictation/impl/application_registration_delegate.o
[875/1676] CXX obj/chrome/browser/dictation/impl/dictation_multiplexer.o
[876/1676] CXX obj/chrome/browser/dictation/impl/dictation_keyed_service_factory.o
[877/1676] CXX obj/chrome/browser/dictation/impl/local_hotkey_manager.o
[878/1676] CXX obj/chrome/browser/dictation/impl/logging.o
[879/1676] CXX obj/chrome/browser/dictation/impl/listener_stream_provider.o
[880/1676] CXX obj/chrome/browser/dictation/impl/session_state.o
[881/1676] CXX obj/chrome/browser/dictation/impl/onboarding_manager.o
[882/1676] CXX obj/chrome/browser/dictation/impl/session_controller.o
[883/1676] CXX obj/chrome/browser/dictation/impl/target.o
[884/1676] CXX obj/chrome/browser/dictation/impl/session_ui_impl.o
[885/1676] CXX obj/chrome/browser/digital_credentials/impl/digital_credentials_keyed_service.o
[886/1676] CXX obj/chrome/browser/digital_credentials/impl/digital_identity_low_risk_origins.o
[887/1676] CXX obj/chrome/browser/downgrade/impl/downgrade_manager.o
[888/1676] CXX obj/chrome/browser/downgrade/impl/downgrade_prefs.o
[889/1676] CXX obj/chrome/browser/downgrade/impl/downgrade_utils.o
[890/1676] CXX obj/chrome/browser/downgrade/impl/user_data_downgrade.o
[891/1676] CXX obj/chrome/browser/downgrade/impl/snapshot_manager.o
[892/1676] CXX obj/chrome/browser/downgrade/impl/downgrade_manager_delegate_impl.o
[893/1676] CXX obj/chrome/browser/downgrade/impl/snapshot_file_collector.o
[894/1676] CXX obj/chrome/browser/digital_credentials/impl/digital_identity_provider_desktop.o
[895/1676] CXX obj/chrome/browser/extensions/chrome_extensions_browser_client/chrome_extensions_browser_client_non_android.o
[896/1676] CXX obj/chrome/browser/extensions/chrome_extensions_browser_client/chrome_safe_browsing_delegate.o
[897/1676] LIBTOOL-STATIC obj/chrome/browser/controlled_frame/api/libapi_registration.a
[898/1676] CXX obj/chrome/browser/extensions/keyed_services/keyed_service_factories/browser_context_keyed_service_factories.o
[899/1676] CXX obj/chrome/browser/extensions/api/keyed_service_factories/api_browser_context_keyed_service_factories.o
[900/1676] CXX obj/chrome/browser/extensions/chrome_extensions_browser_client/chrome_extensions_browser_client.o
[901/1676] CXX obj/chrome/browser/favicon/impl/chrome_favicon_client.o
[902/1676] CXX obj/chrome/browser/extensions/keyed_services/keyed_service_factories/chrome_browser_context_keyed_service_factories.o
[903/1676] CXX obj/chrome/browser/favicon/impl/favicon_service_factory.o
[904/1676] CXX obj/chrome/browser/favicon/impl/history_ui_favicon_request_handler_factory.o
[905/1676] CXX obj/chrome/browser/favicon/impl/large_icon_service_factory.o
[906/1676] CXX obj/chrome/browser/file_system_access/impl/file_system_access_features.o
[907/1676] CXX obj/chrome/browser/favicon/impl/favicon_utils.o
[908/1676] CXX obj/chrome/browser/file_system_access/impl/file_system_access_permission_context_factory.o
[909/1676] CXX obj/chrome/browser/file_system_access/impl/file_system_access_permission_request_manager.o
[910/1676] CXX obj/chrome/browser/file_system_access/impl/file_system_access_tab_helper.o
[911/1676] CXX obj/chrome/browser/glic/suggestions/impl/contextual_cueing_features.o
[912/1676] CXX obj/chrome/browser/file_system_access/impl/chrome_file_system_access_permission_context.o
[913/1676] CXX obj/chrome/browser/glic/suggestions/impl/contextual_cueing_prefs.o
[914/1676] CXX obj/chrome/browser/glic/suggestions/impl/contextual_cueing_page_data.o
[915/1676] CXX obj/chrome/browser/glic/suggestions/impl/contextual_cueing_service_factory.o
[916/1676] CXX obj/chrome/browser/glic/suggestions/impl/contextual_cueing_service.o
[917/1676] CXX obj/chrome/browser/glic/suggestions/impl/contextual_cueing_helper.o
[918/1676] CXX obj/chrome/browser/glic/suggestions/impl/glic_cue_tab_state.o
[919/1676] CXX obj/chrome/browser/glic/suggestions/impl/zero_state_suggestions_page_data.o
[920/1676] CXX obj/chrome/browser/glic/suggestions/impl/glic_cue_target.o
[921/1676] CXX obj/chrome/browser/glic/suggestions/impl/zero_state_suggestions_request.o
[922/1676] CXX obj/chrome/browser/guest_view/impl/chrome_extension_options_guest_delegate.o
[923/1676] CXX obj/chrome/browser/guest_view/impl/chrome_guest_view_manager_delegate.o
[924/1676] CXX obj/chrome/browser/guest_view/impl/chrome_web_view_permission_helper_delegate.o
[925/1676] CXX obj/chrome/browser/guest_view/impl/chrome_web_view_guest_delegate.o
[926/1676] CXX obj/chrome/browser/guest_view/impl/context_menu_content_type_web_view.o
[927/1676] CXX obj/chrome/browser/guest_view/impl/chrome_mime_handler_view_guest_delegate.o
[928/1676] CXX obj/chrome/browser/history_clusters/impl/history_clusters_metrics_logger.o
[929/1676] CXX obj/chrome/browser/indigo/impl/api_client.o
[930/1676] CXX obj/chrome/browser/history_clusters/impl/history_clusters_tab_helper.o
[931/1676] CXX obj/chrome/browser/indigo/impl/indigo_extension_utils.o
[932/1676] CXX obj/chrome/browser/history_clusters/impl/history_clusters_service_factory.o
[933/1676] CXX obj/chrome/browser/indigo/impl/indigo_agent_host.o
[934/1676] CXX obj/chrome/browser/indigo/impl/indigo_image_replacement.o
[935/1676] CXX obj/chrome/browser/indigo/impl/indigo_menu_model.o
[936/1676] CXX obj/chrome/browser/indigo/impl/indigo_prefs.o
[937/1676] CXX obj/chrome/browser/indigo/impl/indigo_image_replacement_manager.o
[938/1676] CXX obj/chrome/browser/indigo/impl/indigo_service_factory.o
[939/1676] CXX obj/chrome/browser/indigo/impl/indigo_service.o
[940/1676] CXX obj/chrome/browser/interstitials/impl/chrome_settings_page_helper.o
[941/1676] CXX obj/chrome/browser/indigo/impl/indigo_page_action_controller.o
[942/1676] CXX obj/chrome/browser/indigo/onboarding/onboarding/indigo_onboarding_dialog.o
[943/1676] OBJCXX obj/chrome/browser/mac/impl/chrome_browser_main_extra_parts_mac.o
[944/1676] OBJCXX obj/chrome/browser/mac/impl/auth_session_request.o
[945/1676] CXX obj/chrome/browser/interstitials/impl/enterprise_util.o
[946/1676] OBJCXX obj/chrome/browser/mac/impl/code_sign_clone_manager.o
[947/1676] OBJCXX obj/chrome/browser/mac/impl/exception_processor.o
[948/1676] OBJCXX obj/chrome/browser/mac/impl/dock.o
[949/1676] CXX obj/chrome/browser/mac/impl/key_window_notifier.o
[950/1676] OBJCXX obj/chrome/browser/mac/impl/initial_prefs.o
[951/1676] OBJCXX obj/chrome/browser/mac/impl/nsprocessinfo_additions.o
[952/1676] OBJCXX obj/chrome/browser/mac/impl/install_from_dmg.o
[953/1676] OBJCXX obj/chrome/browser/mac/impl/metrics.o
[954/1676] OBJCXX obj/chrome/browser/mac/impl/relauncher.o
[955/1676] CXX obj/chrome/chrome_dll/chrome_crash_reporter_client.o
[956/1676] OBJCXX obj/chrome/chrome_dll/chrome_crash_reporter_client_mac.o
[957/1676] CXX obj/chrome/chrome_dll/chrome_main.o
[958/1676] OBJCXX obj/chrome/chrome_dll/chrome_main_mac.o
[959/1676] CXX obj/chrome/browser/core/after_startup_task_utils.o
[960/1676] CXX obj/chrome/browser/core/browser_about_handler.o
[961/1676] CXX obj/chrome/chrome_dll/chrome_main_delegate.o
[962/1676] CXX obj/chrome/browser/core/about_flags.o
[963/1676] CXX obj/chrome/browser/core/chrome_browser_field_trials.o
[964/1676] CXX obj/chrome/browser/core/browser_process_impl.o
[965/1676] CXX obj/chrome/browser/core/chrome_browser_interface_binders_webui.o
[966/1676] CXX obj/chrome/browser/core/chrome_browser_interface_binders.o
[967/1676] CXX obj/chrome/browser/core/chrome_browser_interface_binders_webui_parts_features.o
[968/1676] CXX obj/chrome/browser/core/chrome_content_browser_client_binder_policies.o
[969/1676] CXX obj/chrome/browser/core/chrome_browser_main.o
[970/1676] CXX obj/chrome/browser/core/chrome_content_browser_client_navigation_throttles.o
[971/1676] CXX obj/chrome/browser/core/chrome_resource_bundle_helper.o
[972/1676] CXX obj/chrome/browser/core/chrome_content_browser_client_receiver_bindings.o
[973/1676] CXX obj/chrome/browser/core/file_select_helper.o
[974/1676] CXX obj/chrome/browser/core/font_family_cache.o
[975/1676] CXX obj/chrome/browser/core/icon_manager.o
[976/1676] CXX obj/chrome/browser/core/chrome_content_browser_client.o
[977/1676] CXX obj/chrome/browser/core/memory_details.o
[978/1676] CXX obj/chrome/browser/core/platform_util_internal.o
[979/1676] CXX obj/chrome/browser/core/net_benchmarking.o
[980/1676] CXX obj/chrome/browser/core/process_resource_usage.o
[981/1676] CXX obj/chrome/browser/core/process_singleton_internal.o
[982/1676] CXX obj/chrome/browser/core/global_features.o
[983/1676] CXX obj/chrome/browser/core/resources_util.o
[984/1676] CXX obj/chrome/browser/core/renderer_preferences_util.o
[985/1676] CXX obj/chrome/browser/core/shell_integration.o
[986/1676] CXX obj/chrome/browser/core/unexpire_flags.o
[987/1676] CXX obj/chrome/browser/core/startup_data.o
[988/1676] CXX obj/chrome/browser/core/chrome_process_singleton.o
[989/1676] CXX obj/chrome/browser/core/universal_web_contents_observers.o
[990/1676] CXX obj/chrome/browser/core/process_singleton_startup_lock.o
[991/1676] CXX obj/chrome/browser/core/platform_util.o
[992/1676] CXX obj/chrome/browser/core/repost_form_warning_controller.o
[993/1676] CXX obj/chrome/browser/core/intranet_redirect_detector.o
[994/1676] OBJCXX obj/chrome/browser/core/browser_process_platform_part_mac.o
[995/1676] OBJCXX obj/chrome/browser/core/chrome_browser_application_mac.o
[996/1676] OBJCXX obj/chrome/browser/core/app_controller_mac.o
[997/1676] OBJCXX obj/chrome/browser/core/fullscreen_mac.o
[998/1676] OBJCXX obj/chrome/browser/core/file_select_helper_mac.o
[999/1676] OBJCXX obj/chrome/browser/core/chrome_browser_main_mac.o
[1000/1676] OBJCXX obj/chrome/browser/core/icon_loader_mac.o
[1001/1676] CXX obj/chrome/browser/core/memory_details_mac.o
[1002/1676] OBJCXX obj/chrome/browser/core/global_keyboard_shortcuts_mac.o
[1003/1676] OBJCXX obj/chrome/browser/core/process_singleton_mac.o
[1004/1676] CXX obj/chrome/browser/core/certificate_viewer_stub.o
[1005/1676] OBJCXX obj/chrome/browser/core/shell_integration_mac.o
[1006/1676] CXX obj/chrome/browser/core/shutdown_signal_handlers_posix.o
[1007/1676] OBJCXX obj/chrome/browser/core/platform_util_mac.o
[1008/1676] CXX obj/chrome/browser/core/chrome_browser_main_posix.o
[1009/1676] CXX obj/chrome/browser/payments/impl/payment_request_display_manager_factory.o
[1010/1676] CXX obj/chrome/browser/payments/impl/twa_package_helper.o
[1011/1676] CXX obj/chrome/browser/payments/impl/payment_request_factory.o
[1012/1676] CXX obj/chrome/browser/plugins/impl/pdf_iframe_navigation_throttle.o
[1013/1676] CXX obj/chrome/browser/plugins/impl/chrome_content_browser_client_plugins_part.o
[1014/1676] CXX obj/chrome/browser/plugins/impl/chrome_plugin_service_filter.o
[1015/1676] CXX obj/chrome/browser/plugins/impl/plugin_metadata.o
[1016/1676] CXX obj/chrome/browser/plugins/impl/plugin_info_host_impl.o
[1017/1676] CXX obj/chrome/browser/payments/impl/chrome_payment_request_delegate.o
[1018/1676] CXX obj/chrome/browser/plugins/impl/plugin_prefs.o
[1019/1676] CXX obj/chrome/browser/plugins/impl/plugin_prefs_factory.o
[1020/1676] CXX obj/chrome/browser/plugins/impl/plugin_observer.o
[1021/1676] CXX obj/chrome/browser/plugins/impl/plugin_utils.o
[1022/1676] CXX obj/chrome/browser/plugins/impl/plugin_response_interceptor_url_loader_throttle.o
[1023/1676] CXX obj/chrome/browser/plugins/impl/reload_plugin_infobar_delegate.o
[1024/1676] CXX obj/chrome/browser/plugins/impl/plugin_observer_common.o
[1025/1676] CXX obj/chrome/browser/preloading/prefetch/no_state_prefetch/impl/chrome_no_state_prefetch_contents_delegate.o
[1026/1676] CXX obj/chrome/browser/preloading/prefetch/no_state_prefetch/impl/chrome_no_state_prefetch_processor_impl_delegate.o
[1027/1676] CXX obj/chrome/browser/preloading/prefetch/no_state_prefetch/impl/no_state_prefetch_link_manager_factory.o
[1028/1676] CXX obj/chrome/browser/preloading/prefetch/no_state_prefetch/impl/chrome_no_state_prefetch_manager_delegate.o
[1029/1676] CXX obj/chrome/browser/preloading/prefetch/no_state_prefetch/impl/no_state_prefetch_manager_factory.o
[1030/1676] CXX obj/chrome/browser/preloading/prefetch/no_state_prefetch/impl/no_state_prefetch_tab_helper.o
[1031/1676] CXX obj/chrome/browser/preloading/prerender/impl/prerender_utils.o
[1032/1676] CXX obj/chrome/browser/preloading/prerender/impl/dse_prewarm_navigation_throttle.o
[1033/1676] CXX obj/chrome/browser/preloading/prerender/impl/prerender_web_contents_delegate.o
[1034/1676] CXX obj/chrome/browser/preloading/prerender/impl/search_prewarm_progress_service.o
[1035/1676] CXX obj/chrome/browser/preloading/prerender/impl/search_prewarm_progress_service_factory.o
[1036/1676] CXX obj/chrome/browser/profile_resetter/impl/brandcoded_default_settings.o
[1037/1676] CXX obj/chrome/browser/preloading/prerender/impl/prerender_manager.o
[1038/1676] CXX obj/chrome/browser/profile_resetter/impl/brandcode_config_fetcher.o
[1039/1676] CXX obj/chrome/browser/profile_resetter/impl/reset_report_uploader_factory.o
[1040/1676] CXX obj/chrome/browser/profile_resetter/impl/reset_report_uploader.o
[1041/1676] CXX obj/chrome/browser/profile_resetter/impl/triggered_profile_resetter.o
[1042/1676] CXX obj/chrome/browser/profile_resetter/impl/triggered_profile_resetter_factory.o
[1043/1676] CXX obj/chrome/browser/profile_resetter/impl/triggered_profile_resetter_stub.o
[1044/1676] CXX obj/chrome/browser/profile_resetter/impl/resettable_settings_snapshot.o
[1045/1676] CXX obj/chrome/browser/profiles/renderer_updater/renderer_updater.o
[1046/1676] CXX obj/chrome/browser/profile_resetter/impl/profile_resetter.o
[1047/1676] CXX obj/chrome/browser/profiles/renderer_updater/renderer_updater_factory.o
[1048/1676] CXX obj/chrome/browser/push_messaging/impl/push_messaging_app_identifier.o
[1049/1676] CXX obj/chrome/browser/push_messaging/impl/budget_database.o
[1050/1676] CXX obj/chrome/browser/push_messaging/impl/push_messaging_refresher.o
[1051/1676] CXX obj/chrome/browser/push_messaging/impl/push_messaging_notification_manager.o
[1052/1676] CXX obj/chrome/browser/profiles/profiles_extra_parts_impl/chrome_browser_main_extra_parts_profiles.o
[1053/1676] CXX obj/chrome/browser/push_messaging/impl/push_messaging_service_factory.o
[1054/1676] CXX obj/chrome/browser/push_messaging/impl/push_messaging_unsubscribed_entry.o
[1055/1676] CXX obj/chrome/browser/push_messaging/impl/push_messaging_service_impl.o
[1056/1676] CXX obj/chrome/browser/renderer_context_menu/impl/context_menu_content_type_factory.o
[1057/1676] CXX obj/chrome/browser/renderer_context_menu/impl/accessibility_labels_bubble_model.o
[1058/1676] CXX obj/chrome/browser/renderer_context_menu/impl/context_menu_content_type_read_anything.o
[1059/1676] CXX obj/chrome/browser/renderer_context_menu/impl/accessibility_labels_menu_observer.o
[1060/1676] CXX obj/chrome/browser/renderer_context_menu/impl/dictation_menu_observer.o
[1061/1676] CXX obj/chrome/browser/renderer_context_menu/impl/spelling_bubble_model.o
[1062/1676] CXX obj/chrome/browser/renderer_context_menu/impl/link_to_text_menu_observer.o
[1063/1676] CXX obj/chrome/browser/renderer_context_menu/impl/context_menu_content_type_app_mode.o
[1064/1676] CXX obj/chrome/browser/renderer_context_menu/impl/context_menu_content_type_extension_popup.o
[1065/1676] CXX obj/chrome/browser/renderer_context_menu/impl/context_menu_content_type_platform_app.o
[1066/1676] CXX obj/chrome/browser/renderer_context_menu/impl/spelling_menu_observer.o
[1067/1676] OBJCXX obj/chrome/browser/renderer_host/history_swiper/chrome_render_widget_host_view_mac_history_swiper.o
[1068/1676] CXX obj/chrome/browser/resource_coordinator/impl/resource_coordinator_parts.o
[1069/1676] OBJCXX obj/chrome/browser/renderer_host/delegate_impl/chrome_render_widget_host_view_mac_delegate.o
[1070/1676] CXX obj/chrome/browser/resource_coordinator/impl/tab_helper.o
[1071/1676] CXX obj/chrome/browser/resource_coordinator/impl/tab_load_tracker.o
[1072/1676] CXX obj/chrome/browser/resource_coordinator/impl/time.o
[1073/1676] CXX obj/chrome/browser/resource_coordinator/impl/tab_memory_metrics_reporter.o
[1074/1676] CXX obj/chrome/browser/resource_coordinator/impl/lifecycle_unit.o
[1075/1676] CXX obj/chrome/browser/resource_coordinator/impl/discard_metrics_lifecycle_unit_observer.o
[1076/1676] CXX obj/chrome/browser/resource_coordinator/impl/lifecycle_unit_observer.o
[1077/1676] CXX obj/chrome/browser/resource_coordinator/impl/lifecycle_unit_base.o
[1078/1676] CXX obj/chrome/browser/resource_coordinator/impl/lifecycle_unit_source_base.o
[1079/1676] CXX obj/chrome/browser/renderer_context_menu/impl/render_view_context_menu.o
[1080/1676] CXX obj/chrome/browser/resource_coordinator/impl/tab_lifecycle_unit_external.o
[1081/1676] CXX obj/chrome/browser/resource_coordinator/impl/tab_lifecycle_unit_source.o
[1082/1676] CXX obj/chrome/browser/resource_coordinator/impl/tab_lifecycle_unit.o
[1083/1676] CXX obj/chrome/browser/resource_coordinator/impl/tab_manager_resource_coordinator_signal_observer.o
[1084/1676] CXX obj/chrome/browser/segmentation_platform/impl/chrome_browser_main_extra_parts_segmentation_platform.o
[1085/1676] CXX obj/chrome/browser/resource_coordinator/impl/tab_manager.o
[1086/1676] CXX obj/chrome/browser/segmentation_platform/impl/segmentation_platform_config.o
[1087/1676] CXX obj/chrome/browser/segmentation_platform/impl/segmentation_platform_profile_observer.o
[1088/1676] CXX obj/chrome/browser/segmentation_platform/impl/local_tab_handler.o
[1089/1676] CXX obj/chrome/browser/send_tab_to_self/impl/send_tab_to_self_client_service.o
[1090/1676] CXX obj/chrome/browser/segmentation_platform/impl/ukm_database_client.o
[1091/1676] CXX obj/chrome/browser/segmentation_platform/impl/segmentation_platform_service_factory.o
[1092/1676] CXX obj/chrome/browser/send_tab_to_self/impl/send_tab_to_self_page_handler.o
[1093/1676] CXX obj/chrome/browser/send_tab_to_self/impl/send_tab_to_self_scroll_observer.o
[1094/1676] CXX obj/chrome/browser/send_tab_to_self/impl/send_tab_to_self_client_service_factory.o
[1095/1676] CXX obj/chrome/browser/serial/impl/chrome_serial_delegate.o
[1096/1676] CXX obj/chrome/browser/serial/impl/serial_blocklist.o
[1097/1676] CXX obj/chrome/browser/send_tab_to_self/impl/send_tab_to_self_util.o
[1098/1676] CXX obj/chrome/browser/serial/impl/serial_chooser_context_factory.o
[1099/1676] CXX obj/chrome/browser/serial/impl/web_serial_chooser.o
[1100/1676] CXX obj/chrome/browser/serial/impl/serial_policy_allowed_ports.o
[1101/1676] CXX obj/chrome/browser/serial/impl/serial_chooser_context.o
[1102/1676] CXX obj/chrome/browser/serial/impl/web_serial_chooser_desktop.o
[1103/1676] CXX obj/chrome/browser/sharing/impl/sharing_device_registration_impl.o
[1104/1676] CXX obj/chrome/browser/sharing/impl/sharing_message_bridge_factory.o
[1105/1676] CXX obj/chrome/browser/sharing/impl/sharing_service_factory.o
[1106/1676] CXX obj/chrome/browser/sharing/impl/sharing_handler_registry_impl.o
[1107/1676] CXX obj/chrome/browser/sharing/impl/sharing_notification_handler.o
[1108/1676] CXX obj/chrome/browser/sharing/sms/sms/sms_remote_fetcher.o
[1109/1676] CXX obj/chrome/browser/sharing/sms/sms/sms_remote_fetcher_metrics.o
[1110/1676] CXX obj/chrome/browser/sharing/impl/sharing_ui_controller.o
[1111/1676] CXX obj/chrome/browser/sharing_hub/impl/sharing_hub_features.o
[1112/1676] CXX obj/chrome/browser/sharing/glic_experimental_triggering/impl/glic_experimental_triggering_message_handler.o
[1113/1676] CXX obj/chrome/browser/sharing_hub/impl/sharing_hub_service.o
[1114/1676] CXX obj/chrome/browser/sharing_hub/impl/sharing_hub_service_factory.o
[1115/1676] CXX obj/chrome/browser/sharing/sms/sms/sms_remote_fetcher_ui_controller.o
[1116/1676] CXX obj/chrome/browser/sharing_hub/impl/sharing_hub_model.o
[1117/1676] CXX obj/chrome/browser/speech/impl/chrome_speech_recognition_manager_delegate.o
[1118/1676] CXX obj/chrome/browser/speech/impl/on_device_speech_recognition_impl.o
[1119/1676] CXX obj/chrome/browser/speech/impl/on_device_speech_recognition_util.o
[1120/1676] CXX obj/chrome/browser/speech/impl/speech_recognition_client_browser_interface.o
[1121/1676] CXX obj/chrome/browser/speech/impl/chrome_speech_recognition_service.o
[1122/1676] CXX obj/chrome/browser/speech/impl/speech_recognition_client_browser_interface_factory.o
[1123/1676] CXX obj/chrome/browser/speech/impl/speech_recognition_service_factory.o
[1124/1676] CXX obj/chrome/browser/support_tool/impl/data_collector_utils.o
[1125/1676] CXX obj/chrome/browser/speech/impl/tts_extension_api.o
[1126/1676] CXX obj/chrome/browser/speech/impl/tts_engine_extension_api.o
[1127/1676] CXX obj/chrome/browser/support_tool/impl/policy_data_collector.o
[1128/1676] CXX obj/chrome/browser/support_tool/impl/support_tool_handler.o
[1129/1676] CXX obj/chrome/browser/support_tool/impl/signin_data_collector.o
[1130/1676] CXX obj/chrome/browser/support_tool/impl/system_log_source_data_collector_adaptor.o
[1131/1676] CXX obj/chrome/browser/support_tool/impl/support_packet_metadata.o
[1132/1676] CXX obj/chrome/browser/support_tool/impl/support_tool_util.o
[1133/1676] CXX obj/chrome/browser/tab_contents/impl/form_interaction_tab_helper.o
[1134/1676] CXX obj/chrome/browser/support_tool/impl/updater_data_collector.o
[1135/1676] CXX obj/chrome/browser/tab_contents/impl/tab_util.o
[1136/1676] CXX obj/chrome/browser/tab_contents/impl/web_contents_collection.o
[1137/1676] CXX obj/chrome/browser/tab_contents/impl/navigation_metrics_recorder.o
[1138/1676] CXX obj/chrome/browser/task_manager/impl/browser_process_task.o
[1139/1676] CXX obj/chrome/browser/task_manager/impl/browser_process_task_provider.o
[1140/1676] CXX obj/chrome/browser/task_manager/impl/child_process_task_provider.o
[1141/1676] CXX obj/chrome/browser/task_manager/impl/fallback_task_provider.o
[1142/1676] CXX obj/chrome/browser/task_manager/impl/child_process_task.o
[1143/1676] CXX obj/chrome/browser/task_manager/impl/per_profile_worker_task_tracker.o
[1144/1676] CXX obj/chrome/browser/task_manager/impl/spare_render_process_host_task_provider.o
[1145/1676] CXX obj/chrome/browser/task_manager/impl/task_provider.o
[1146/1676] CXX obj/chrome/browser/task_manager/impl/task.o
[1147/1676] CXX obj/chrome/browser/task_manager/impl/render_process_host_task_provider.o
[1148/1676] CXX obj/chrome/browser/task_manager/impl/devtools_tag.o
[1149/1676] CXX obj/chrome/browser/task_manager/impl/back_forward_cache_task.o
[1150/1676] CXX obj/chrome/browser/task_manager/impl/devtools_task.o
[1151/1676] CXX obj/chrome/browser/task_manager/impl/no_state_prefetch_tag.o
[1152/1676] CXX obj/chrome/browser/task_manager/impl/fenced_frame_task.o
[1153/1676] CXX obj/chrome/browser/task_manager/impl/prerender_new_tab_tag.o
[1154/1676] CXX obj/chrome/browser/task_manager/impl/isolated_web_app_task.o
[1155/1676] CXX obj/chrome/browser/task_manager/impl/no_state_prefetch_task.o
[1156/1676] CXX obj/chrome/browser/task_manager/impl/printing_tag.o
[1157/1676] CXX obj/chrome/browser/task_manager/impl/prerender_new_tab_task.o
[1158/1676] CXX obj/chrome/browser/task_manager/impl/printing_task.o
[1159/1676] CXX obj/chrome/browser/task_manager/impl/prerender_task.o
[1160/1676] CXX obj/chrome/browser/task_manager/impl/tab_contents_tag.o
[1161/1676] CXX obj/chrome/browser/task_manager/impl/subframe_task.o
[1162/1676] CXX obj/chrome/browser/task_manager/impl/tab_contents_task.o
[1163/1676] CXX obj/chrome/browser/task_manager/impl/renderer_task.o
[1164/1676] CXX obj/chrome/browser/task_manager/impl/tool_tag.o
[1165/1676] CXX obj/chrome/browser/task_manager/impl/tool_task.o
[1166/1676] CXX obj/chrome/browser/task_manager/impl/web_app_tag.o
[1167/1676] CXX obj/chrome/browser/task_manager/impl/web_contents_tags_manager.o
[1168/1676] CXX obj/chrome/browser/task_manager/impl/web_contents_tag.o
[1169/1676] CXX obj/chrome/browser/task_manager/impl/web_app_task.o
[1170/1676] CXX obj/chrome/browser/task_manager/impl/worker_task.o
[1171/1676] CXX obj/chrome/browser/task_manager/impl/task_group.o
[1172/1676] CXX obj/chrome/browser/task_manager/impl/task_group_sampler.o
[1173/1676] CXX obj/chrome/browser/task_manager/impl/web_contents_task_provider.o
[1174/1676] CXX obj/chrome/browser/task_manager/impl/worker_task_provider.o
[1175/1676] CXX obj/chrome/browser/task_manager/impl/task_manager_metrics_recorder.o
[1176/1676] CXX obj/chrome/browser/task_manager/impl/task_manager_observer.o
[1177/1676] CXX obj/chrome/browser/task_manager/impl/task_manager_interface.o
[1178/1676] CXX obj/chrome/browser/task_manager/impl/shared_sampler_stub.o
[1179/1676] CXX obj/chrome/browser/task_manager/impl/web_contents_tags.o
[1180/1676] CXX obj/chrome/browser/task_manager/impl/task_manager_impl.o
[1181/1676] CXX obj/chrome/browser/task_manager/impl/guest_tag.o
[1182/1676] CXX obj/chrome/browser/task_manager/impl/background_contents_tag.o
[1183/1676] CXX obj/chrome/browser/task_manager/impl/background_contents_task.o
[1184/1676] CXX obj/chrome/browser/task_manager/impl/guest_task.o
[1185/1676] CXX obj/chrome/browser/task_manager/impl/guest_task_mparch.o
[1186/1676] CXX obj/chrome/browser/task_manager/impl/extension_tag.o
[1187/1676] CXX obj/chrome/browser/task_manager/impl/extension_task.o
[1188/1676] CXX obj/chrome/browser/tracing/impl/tracing_features.o
[1189/1676] CXX obj/chrome/browser/tracing/impl/chrome_tracing_delegate.o
[1190/1676] CXX obj/chrome/browser/tracing/impl/chrome_background_tracing_metrics_provider.o
[1191/1676] CXX obj/chrome/browser/ui/hats/impl/hats_service.o
[1192/1676] CXX obj/chrome/browser/ui/hats/impl/hats_service_factory.o
[1193/1676] CXX obj/chrome/browser/ui/hats/impl/survey_config.o
[1194/1676] CXX obj/chrome/browser/ui/desktop_to_mobile_promos/impl/ios_promos_utils.o
[1195/1676] CXX obj/chrome/browser/ui/hats/impl/hats_helper.o
[1196/1676] CXX obj/chrome/browser/ui/hats/impl/hats_service_desktop.o
[1197/1676] CXX obj/chrome/browser/ui/hats/impl/trust_safety_sentiment_service.o
[1198/1676] CXX obj/chrome/browser/ui/navigator/impl/browser_navigator_params.o
[1199/1676] CXX obj/chrome/browser/ui/hats/impl/trust_safety_sentiment_service_factory.o
[1200/1676] CXX obj/chrome/browser/ui/navigator/impl/browser_navigator_params_utils.o
[1201/1676] CXX obj/chrome/browser/ui/browser_actions_impl/browser_actions.o
[1202/1676] CXX obj/chrome/browser/ui/navigator/impl/browser_navigator_tab_modal.o
[1203/1676] CXX obj/chrome/browser/ui/navigator/impl/browser_navigator.o
[1204/1676] CXX obj/chrome/browser/ui/safety_hub/impl/abusive_notification_permissions_manager.o
[1205/1676] CXX obj/chrome/browser/ui/safety_hub/impl/disruptive_notification_permissions_manager.o
[1206/1676] CXX obj/chrome/browser/ui/safety_hub/impl/menu_notification.o
[1207/1676] CXX obj/chrome/browser/ui/safety_hub/impl/notification_permission_review_result.o
[1208/1676] CXX obj/chrome/browser/ui/safety_hub/impl/menu_notification_service.o
[1209/1676] CXX obj/chrome/browser/ui/safety_hub/impl/menu_notification_service_factory.o
[1210/1676] CXX obj/chrome/browser/ui/safety_hub/impl/notification_permission_review_service.o
[1211/1676] CXX obj/chrome/browser/ui/safety_hub/impl/notification_permission_review_service_factory.o
[1212/1676] CXX obj/chrome/browser/ui/safety_hub/impl/revoked_permissions_os_notification_display_manager_factory.o
[1213/1676] CXX obj/chrome/browser/ui/safety_hub/impl/revoked_permissions_os_notification_display_manager.o
[1214/1676] CXX obj/chrome/browser/ui/safety_hub/impl/revoked_permissions_result.o
[1215/1676] CXX obj/chrome/browser/ui/safety_hub/impl/safe_browsing_result.o
[1216/1676] CXX obj/chrome/browser/ui/safety_hub/impl/safety_hub_constants.o
[1217/1676] CXX obj/chrome/browser/ui/safety_hub/impl/revoked_permissions_service_factory.o
[1218/1676] CXX obj/chrome/browser/ui/safety_hub/impl/safety_hub_prefs.o
[1219/1676] CXX obj/chrome/browser/ui/safety_hub/impl/safety_hub_result.o
[1220/1676] CXX obj/chrome/browser/ui/safety_hub/impl/safety_hub_service.o
[1221/1676] CXX obj/chrome/browser/ui/safety_hub/impl/revoked_permissions_service.o
[1222/1676] CXX obj/chrome/browser/ui/safety_hub/impl/safety_hub_util.o
[1223/1676] CXX obj/chrome/browser/ui/safety_hub/impl/extensions_result.o
[1224/1676] CXX obj/chrome/browser/ui/safety_hub/impl/unused_site_permissions_manager.o
[1225/1676] CXX obj/chrome/browser/ui/safety_hub/impl/password_status_check_result.o
[1226/1676] CXX obj/chrome/browser/ui/safety_hub/impl/password_status_check_service_factory.o
[1227/1676] CXX obj/chrome/browser/ui/safety_hub/impl/password_status_check_service.o
[1228/1676] CXX obj/chrome/browser/ui/safety_hub/impl/safety_hub_hats_service.o
[1229/1676] CXX obj/chrome/browser/ui/tabs/tab_group_home/tab_group_home/tab_group_home_ui.o
[1230/1676] CXX obj/chrome/browser/ui/safety_hub/impl/safety_hub_hats_service_factory.o
[1231/1676] CXX obj/chrome/browser/ui/views/infobars/impl/alternate_nav_infobar_view.o
[1232/1676] CXX obj/chrome/browser/ui/views/infobars/impl/confirm_infobar.o
[1233/1676] CXX obj/chrome/browser/ui/views/indigo/impl/indigo_toolbar.o
[1234/1676] CXX obj/chrome/browser/ui/views/infobars/impl/confirm_infobar_with_normal_label.o
[1235/1676] CXX obj/chrome/browser/ui/views/infobars/impl/confirm_infobar_with_styled_label.o
[1236/1676] CXX obj/chrome/browser/ui/views/infobars/impl/infobar_container_view.o
[1237/1676] CXX obj/chrome/browser/ui/views/tabs/organizer/impl/organizer_panel_utils.o
[1238/1676] CXX obj/chrome/browser/ui/views/tabs/organizer/impl/organizer_panel_controls_view.o
[1239/1676] CXX obj/chrome/browser/ui/views/infobars/impl/infobar_view.o
[1240/1676] CXX obj/chrome/browser/ui/views/tabs/organizer/impl/organizer_panel_view.o
[1241/1676] CXX obj/chrome/browser/ui/views/zoom/impl/zoom_view_controller.o
[1242/1676] CXX obj/chrome/browser/ui/webui/configs/chrome_untrusted_web_ui_configs.o
[1243/1676] CXX obj/chrome/browser/ui/webui/theme_colors_source_manager/theme_colors_source_manager.o
[1244/1676] CXX obj/chrome/browser/ui/webui/chrome_web_ui_controller_factory/chrome_web_ui_controller_factory.o
[1245/1676] CXX obj/chrome/browser/ui/webui/theme_colors_source_manager/theme_colors_source_manager_factory.o
[1246/1676] CXX obj/chrome/browser/ui/webui/ai_overlay_dialog/impl/ai_overlay_dialog_page_handler.o
[1247/1676] CXX obj/chrome/browser/ui/webui/ai_overlay_dialog/impl/ai_overlay_dialog_untrusted_ui.o
[1248/1676] CXX obj/chrome/browser/ui/webui/ai_overlay_dialog/impl/markdown_builder.o
[1249/1676] CXX obj/chrome/browser/ui/webui/ai_overlay_dialog/impl/page_context_monitor.o
[1250/1676] CXX obj/chrome/browser/ui/webui/configs/chrome_web_ui_configs.o
[1251/1676] CXX obj/chrome/browser/ui/webui/context_hub/context_hub/context_hub_ui.o
[1252/1676] CXX obj/chrome/browser/ui/webui/ai_overlay_dialog/impl/tools.o
[1253/1676] CXX obj/chrome/browser/ui/webui/context_hub/context_hub_page_handler/context_hub_page_handler.o
[1254/1676] CXX obj/chrome/browser/ui/webui/discards/discards/graph_dump_impl.o
[1255/1676] CXX obj/chrome/browser/ui/webui/discards/discards/discards_ui.o
[1256/1676] CXX obj/chrome/browser/ui/webui/context_hub/context_hub_page_handler/context_hub_tab_provider_desktop.o
[1257/1676] CXX obj/chrome/browser/ui/webui/discards/discards/site_data_provider_impl.o
[1258/1676] CXX obj/chrome/browser/ui/webui/infobar_internals/impl/infobar_internals_ui.o
[1259/1676] CXX obj/chrome/browser/ui/webui/internals/internals/session_service_internals_handler.o
[1260/1676] CXX obj/chrome/browser/ui/webui/omnibox/aim_eligibility_extension/aim_eligibility_extension/aim_eligibility_extension_binder_provider.o
[1261/1676] CXX obj/chrome/browser/ui/webui/omnibox/aim_eligibility_extension/aim_eligibility_extension/aim_eligibility_extension_bridge_factory.o
[1262/1676] CXX obj/chrome/browser/ui/webui/infobar_internals/impl/infobar_internals_handler.o
[1263/1676] CXX obj/chrome/browser/ui/webui/omnibox/aim_eligibility_extension/aim_eligibility_extension/aim_eligibility_extension_bridge.o
[1264/1676] CXX obj/chrome/browser/ui/webui/signin/signin_utils_impl/signin_url_utils.o
[1265/1676] CXX obj/chrome/browser/ui/webui/signin/signin_utils_impl/signin_utils_desktop.o
[1266/1676] CXX obj/chrome/browser/ui/webui/private_ai_internals/private_ai_internals/private_ai_internals_ui.o
[1267/1676] LIBTOOL-STATIC obj/chrome/browser/ui/webui/watermark/libwatermark.a
[1268/1676] CXX obj/chrome/browser/update_client/impl/chrome_update_query_params_delegate.o
[1269/1676] CXX obj/chrome/browser/ui/webui/system/system/system_info_ui.o
[1270/1676] CXX obj/chrome/browser/upgrade_detector/impl/build_state.o
[1271/1676] CXX obj/chrome/browser/ui/webui/signin/signin_utils_impl/signin_utils.o
[1272/1676] CXX obj/chrome/browser/upgrade_detector/impl/upgrade_detector.o
[1273/1676] CXX obj/chrome/browser/upgrade_detector/impl/get_installed_version.o
[1274/1676] CXX obj/chrome/browser/updates/impl/update_metrics_provider.o
[1275/1676] CXX obj/chrome/browser/upgrade_detector/impl/installed_version_poller.o
[1276/1676] CXX obj/chrome/browser/upgrade_detector/impl/directory_monitor.o
[1277/1676] CXX obj/chrome/browser/upgrade_detector/impl/version_history_client.o
[1278/1676] CXX obj/chrome/browser/upgrade_detector/impl/upgrade_detector_impl.o
[1279/1676] OBJCXX obj/chrome/browser/upgrade_detector/impl/get_installed_version_mac.o
[1280/1676] CXX obj/chrome/browser/usb/impl/usb_blocklist.o
[1281/1676] CXX obj/chrome/browser/usb/impl/chrome_usb_delegate.o
[1282/1676] CXX obj/chrome/browser/usb/impl/usb_chooser_context_factory.o
[1283/1676] CXX obj/chrome/browser/usb/impl/usb_chooser_context.o
[1284/1676] CXX obj/chrome/browser/usb/impl/usb_policy_allowed_devices.o
[1285/1676] CXX obj/chrome/browser/usb/impl/web_usb_histograms.o
[1286/1676] CXX obj/chrome/browser/usb/impl/web_usb_chooser.o
[1287/1676] CXX obj/chrome/browser/usb/impl/usb_connection_tracker.o
[1288/1676] CXX obj/chrome/browser/usb/impl/usb_chooser_controller.o
[1289/1676] CXX obj/chrome/browser/usb/impl/usb_connection_tracker_factory.o
[1290/1676] CXX obj/chrome/browser/usb/impl/usb_system_tray_icon.o
[1291/1676] CXX obj/chrome/browser/usb/impl/web_usb_chooser_desktop.o
[1292/1676] CXX obj/chrome/browser/usb/impl/usb_status_icon.o
[1293/1676] CXX obj/chrome/chrome_helper_app_alerts_executable/chrome_exe_main_mac.o
[1294/1676] CXX obj/chrome/chrome_helper_app_alerts_executable/llvm_profile_util.o
[1295/1676] CC obj/chrome/chrome_helper_app_aperitif_alerts_executable/chrome_exe_main_mac.o
[1296/1676] CC obj/chrome/chrome_helper_app_aperitif_executable/chrome_exe_main_mac.o
[1297/1676] CC obj/chrome/chrome_helper_app_aperitif_gpu_executable/chrome_exe_main_mac.o
[1298/1676] CC obj/chrome/chrome_helper_app_aperitif_renderer_executable/chrome_exe_main_mac.o
[1299/1676] CXX obj/chrome/chrome_helper_app_default_executable/chrome_exe_main_mac.o
[1300/1676] CXX obj/chrome/chrome_helper_app_default_executable/llvm_profile_util.o
[1301/1676] CXX obj/chrome/chrome_helper_app_gpu_executable/chrome_exe_main_mac.o
[1302/1676] CXX obj/chrome/chrome_helper_app_gpu_executable/llvm_profile_util.o
[1303/1676] CXX obj/chrome/chrome_helper_app_renderer_executable/chrome_exe_main_mac.o
[1304/1676] CXX obj/chrome/chrome_helper_app_renderer_executable/llvm_profile_util.o
[1305/1676] CXX obj/chrome/browser/web_applications/os_integration/mac/web_app_shortcut_copier/web_app_shortcut_copier_main_mac.o
[1306/1676] ACTION //chrome:packed_resources_extra__repack(//build/toolchain/mac:clang_arm64)
[1307/1676] CXX obj/chrome/browser/usb/impl/web_usb_detector.o
[1308/1676] OBJCXX obj/chrome/browser/web_applications/os_integration/mac/web_app_shortcut_copier_lib/web_app_shortcut_copier_mac.o
ninja: build stopped: cannot make progress due to previous errors.
