==> host: macOS 27.0 (26A428), arm64
==> hardware: Apple M2 Max, 32 GiB RAM
==> toolchain (compatible-development): Xcode 26.5 Build version 17F42 , macOS SDK 26.5 (25F70), iOS SDK 26.5 (23F73)
==> work root: /Volumes/Macintosh HD - Daten/Cloud/Projekte/Apps/Plattformuebergreifend/AhoiBrowser/.work
==> free disk: 171.7 GiB; required: 64.0 GiB
==> host check passed
==> Sparkle 2.9.6 verified from fetched-material receipt (ac2def288cbff5cfc7df3ffef6abdf45b72bcb0a)
==> host: macOS 27.0 (26A428), arm64
==> hardware: Apple M2 Max, 32 GiB RAM
==> toolchain (compatible-development): Xcode 26.5 Build version 17F42 , macOS SDK 26.5 (25F70), iOS SDK 26.5 (23F73)
==> work root: /Volumes/Macintosh HD - Daten/Cloud/Projekte/Apps/Plattformuebergreifend/AhoiBrowser/.work
==> free disk: 171.7 GiB; required: 64.0 GiB
==> host check passed
/private/tmp/ahoi-native-m153-correction.uiS2Ae/repo/artifacts/build/chromium-dependencies.json
==> running Chromium hooks with compatible-development Xcode/SDK (overlay checkout)
________ running 'vpython3 -vpython-spec src/.vpython3 -vpython-tool install' in '/Volumes/Macintosh HD - Daten/Cloud/Projekte/Apps/Plattformuebergreifend/AhoiBrowser/.work/chromium'
________ running 'python3 src/build/landmines.py' in '/Volumes/Macintosh HD - Daten/Cloud/Projekte/Apps/Plattformuebergreifend/AhoiBrowser/.work/chromium'
________ running 'python3 src/third_party/depot_tools/update_depot_tools_toggle.py --disable' in '/Volumes/Macintosh HD - Daten/Cloud/Projekte/Apps/Plattformuebergreifend/AhoiBrowser/.work/chromium'
________ running 'python3 src/tools/remove_stale_files.py src/third_party/test_fonts/test_fonts.tar.gz src/third_party/node/node_modules.tar.gz src/third_party/tfhub_models src/tools/clang/crashreports' in '/Volumes/Macintosh HD - Daten/Cloud/Projekte/Apps/Plattformuebergreifend/AhoiBrowser/.work/chromium'
________ running 'python3 src/tools/remove_stale_pyc_files.py src/android_webview/tools src/build/android src/gpu/gles2_conform_support src/infra src/ppapi src/printing src/third_party/blink/renderer/build/scripts src/third_party/blink/tools src/third_party/catapult src/third_party/mako src/tools' in '/Volumes/Macintosh HD - Daten/Cloud/Projekte/Apps/Plattformuebergreifend/AhoiBrowser/.work/chromium'
________ running 'python3 src/build/mac_toolchain.py' in '/Volumes/Macintosh HD - Daten/Cloud/Projekte/Apps/Plattformuebergreifend/AhoiBrowser/.work/chromium'
Skipping Mac toolchain installation for mac
________ running 'python3 src/build/util/lastchange.py -o src/build/util/LASTCHANGE' in '/Volumes/Macintosh HD - Daten/Cloud/Projekte/Apps/Plattformuebergreifend/AhoiBrowser/.work/chromium'
________ running 'python3 src/build/util/lastchange.py -m GPU_LISTS_VERSION --revision-id-only --header src/gpu/config/gpu_lists_version.h' in '/Volumes/Macintosh HD - Daten/Cloud/Projekte/Apps/Plattformuebergreifend/AhoiBrowser/.work/chromium'
________ running 'python3 src/build/util/lastchange.py -m SKIA_COMMIT_HASH -s src/third_party/skia --header src/skia/ext/skia_commit_hash.h' in '/Volumes/Macintosh HD - Daten/Cloud/Projekte/Apps/Plattformuebergreifend/AhoiBrowser/.work/chromium'
________ running 'python3 src/build/util/lastchange.py -m DAWN_COMMIT_HASH -s src/third_party/dawn --revision src/gpu/webgpu/DAWN_VERSION --header src/gpu/webgpu/dawn_commit_hash.h' in '/Volumes/Macintosh HD - Daten/Cloud/Projekte/Apps/Plattformuebergreifend/AhoiBrowser/.work/chromium'
________ running 'python3 src/third_party/depot_tools/download_from_google_storage.py --no_resume --bucket chromium-browser-clang -s src/tools/clang/dsymutil/bin/dsymutil.arm64.sha1 -o src/tools/clang/dsymutil/bin/dsymutil' in '/Volumes/Macintosh HD - Daten/Cloud/Projekte/Apps/Plattformuebergreifend/AhoiBrowser/.work/chromium'
________ running 'python3 src/testing/generate_location_tags.py --out src/testing/location_tags.json' in '/Volumes/Macintosh HD - Daten/Cloud/Projekte/Apps/Plattformuebergreifend/AhoiBrowser/.work/chromium'
________ running 'python3 src/buildtools/reclient_cfgs/configure_reclient_cfgs.py --rbe_instance projects/rbe-chrome-untrusted/instances/default_instance --reproxy_cfg_template reproxy.cfg.template --rewrapper_cfg_project  --skip_remoteexec_cfg_fetch --quiet' in '/Volumes/Macintosh HD - Daten/Cloud/Projekte/Apps/Plattformuebergreifend/AhoiBrowser/.work/chromium'
________ running 'python3 src/build/config/siso/configure_siso.py --rbe_instance projects/rbe-chrome-untrusted/instances/default_instance --reapi_instance  --reapi_address  --reapi_backend_config_path  --credential-helper ' in '/Volumes/Macintosh HD - Daten/Cloud/Projekte/Apps/Plattformuebergreifend/AhoiBrowser/.work/chromium'
________ running 'python3 src/build/util/tast_control.py -o src/chromeos/tast_control.gni -t src/chromeos/tast_control.gni.template -i src/chromeos/tast_control_disabled_tests.txt --input-public src/chromeos/tast_control_disabled_tests_public_builders.txt -f src/chromeos/tast_control_flaky_tests.txt' in '/Volumes/Macintosh HD - Daten/Cloud/Projekte/Apps/Plattformuebergreifend/AhoiBrowser/.work/chromium'
________ running 'vpython3 scripts/deps/sync_rollup_libs.py' in '/Volumes/Macintosh HD - Daten/Cloud/Projekte/Apps/Plattformuebergreifend/AhoiBrowser/.work/chromium/src/third_party/devtools-frontend/src'
/private/tmp/ahoi-native-m153-correction.uiS2Ae/repo/artifacts/build/chromium-dependencies.json
==> pinned Chromium hooks verified: /Volumes/Macintosh HD - Daten/Cloud/Projekte/Apps/Plattformuebergreifend/AhoiBrowser/.work/state/hooks-792bf6722e73a45aa9e47c163b9901bdc17f3230.json
==> generating Ahoi dev build
==> applying chromium-rust-depfile-space-paths and v8-inspector-protocol-relative-depfile-paths only for gn gen and autoninja
Done. Made 32713 targets from 4982 files in 6403ms
ninja: Entering directory `/Volumes/Macintosh HD - Daten/Cloud/Projekte/Apps/Plattformuebergreifend/AhoiBrowser/.work/chromium/src/out/AhoiDev'
[0/1] Regenerating ninja files
[1/3860] ACTION //chrome/browser/resources/settings:preprocess_html_css_files(//build/toolchain/mac:clang_arm64)
[2/3860] ACTION //chrome/browser/resources/settings:preprocess_ts_files(//build/toolchain/mac:clang_arm64)
[3/3860] ACTION //chrome/browser/resources/settings:css_wrapper_files(//build/toolchain/mac:clang_arm64)
[4/3860] ACTION //chrome/browser/resources/settings:html_wrapper_files(//build/toolchain/mac:clang_arm64)
[5/3860] ACTION //chrome/browser/resources/settings:build_ts(//build/toolchain/mac:clang_arm64)
[6/3860] ACTION //chrome/browser/resources/settings:lint_css(//build/toolchain/mac:clang_arm64)
[7/3860] CXX obj/ahoi/browser/http_auth/http_auth_core/http_auth_credential_service.o
[8/3860] ACTION //chrome/browser/resources/settings:build_bundle(//build/toolchain/mac:clang_arm64)
[9/3860] ACTION //chrome/browser/resources/settings:build_min_js(//build/toolchain/mac:clang_arm64)
[10/3860] CXX obj/ahoi/browser/importer/arc/service/arc_import_service_manual_recovery.o
[11/3860] CXX obj/ahoi/browser/importer/arc/service/arc_import_service_runtime.o
[12/3860] CXX obj/ahoi/browser/ui/sidebar/sidebar_discovery/sidebar_discovery_model.o
[13/3860] ACTION //chrome/browser/resources/settings:lint_ts(//build/toolchain/mac:clang_arm64)
[14/3860] ACTION //chrome/browser/resources/settings:build_grd(//build/toolchain/mac:clang_arm64)
[15/3860] CXX obj/chrome/browser/ui/sessions/sessions/session_service_browser_helper.o
[16/3860] ACTION //chrome/browser/resources/settings:resources_grit(//build/toolchain/mac:clang_arm64)
[17/3860] CXX obj/chrome/browser/devtools/devtools/chrome_devtools_session_base.o
[18/3860] CXX obj/ahoi/browser/ui/sidebar/sidebar_runtime_drop_targets/sidebar_runtime_drop_targets.o
[19/3860] CXX obj/chrome/browser/ui/tabs/saved_tab_groups/impl/session_service_tab_group_sync_observer.o
[20/3860] CXX obj/chrome/browser/devtools/devtools/aida_service_handler.o
[21/3860] CXX obj/chrome/browser/devtools/devtools/devtools_contents_resizing_strategy.o
[22/3860] CXX obj/chrome/browser/devtools/devtools/devtools_dispatch_http_request_params.o
[23/3860] CXX obj/chrome/browser/devtools/devtools/aida_client.o
[24/3860] CXX obj/chrome/browser/devtools/devtools/devtools_availability_checker.o
[25/3860] CXX obj/chrome/browser/devtools/devtools/devtools_embedder_message_dispatcher.o
[26/3860] CXX obj/chrome/browser/devtools/devtools/devtools_file_storage.o
[27/3860] CXX obj/chrome/browser/devtools/devtools/devtools_eye_dropper.o
[28/3860] CXX obj/chrome/browser/devtools/devtools/devtools_file_helper.o
[29/3860] CXX obj/chrome/browser/devtools/devtools/devtools_file_system_indexer.o
[30/3860] CXX obj/chrome/browser/devtools/devtools/devtools_file_watcher.o
[31/3860] CXX obj/chrome/browser/devtools/devtools/devtools_http_service_registry.o
[32/3860] CXX obj/chrome/browser/devtools/devtools/devtools_select_file_dialog.o
[33/3860] CXX obj/chrome/browser/devtools/devtools/devtools_toggle_action.o
[34/3860] CXX obj/chrome/browser/devtools/devtools/devtools_settings.o
[35/3860] CXX obj/chrome/browser/devtools/devtools/devtools_http_service_handler.o
[36/3860] CXX obj/chrome/browser/devtools/devtools/features.o
[37/3860] CXX obj/chrome/browser/devtools/devtools/gca_service_handler.o
[38/3860] CXX obj/chrome/browser/devtools/devtools/gdp_service_handler.o
[39/3860] CXX obj/chrome/browser/devtools/devtools/devtools_ui_bindings.o
[40/3860] CXX obj/chrome/browser/devtools/devtools/url_constants.o
[41/3860] CXX obj/chrome/browser/devtools/devtools/visual_logging.o
[42/3860] CXX obj/chrome/browser/devtools/devtools/devtools_window.o
[43/3860] CXX obj/chrome/browser/devtools/devtools/autofill_handler.o
[44/3860] CXX obj/chrome/browser/devtools/devtools/adb_client_socket.o
[45/3860] CXX obj/chrome/browser/devtools/devtools/adb_device_provider.o
[46/3860] CXX obj/chrome/browser/devtools/devtools/android_device_info_query.o
[47/3860] CXX obj/chrome/browser/devtools/devtools/chrome_devtools_manager_delegate.o
[48/3860] CXX obj/chrome/browser/devtools/devtools/chrome_devtools_session.o
[49/3860] CXX obj/chrome/browser/devtools/devtools/android_device_manager.o
[50/3860] CXX obj/chrome/browser/devtools/devtools/android_web_socket.o
[51/3860] CXX obj/chrome/browser/devtools/devtools/devtools_android_bridge.o
[52/3860] CXX obj/chrome/browser/devtools/devtools/devtools_device_discovery.o
[53/3860] CXX obj/chrome/browser/devtools/devtools/port_forwarding_controller.o
[54/3860] CXX obj/chrome/browser/devtools/devtools/android_rsa.o
[55/3860] CXX obj/chrome/browser/devtools/devtools/android_usb_socket.o
[56/3860] CXX obj/chrome/browser/devtools/devtools/android_usb_device.o
[57/3860] CXX obj/chrome/browser/devtools/devtools/usb_device_manager_helper.o
[58/3860] CXX obj/chrome/browser/devtools/devtools/usb_device_provider.o
[59/3860] CXX obj/chrome/browser/devtools/devtools/tcp_device_provider.o
[60/3860] CXX obj/chrome/browser/devtools/devtools/devtools_browser_context_manager.o
[61/3860] CXX obj/chrome/browser/devtools/devtools/devtools_auto_opener.o
[62/3860] CXX obj/chrome/browser/devtools/devtools/devtools_connection_dialog.o
[63/3860] CXX obj/chrome/browser/devtools/devtools/devtools_infobar_delegate.o
[64/3860] CXX obj/chrome/browser/devtools/devtools/devtools_remote_server_infobar_delegate.o
[65/3860] CXX obj/chrome/browser/devtools/devtools/devtools_policy_dialog.o
[66/3860] CXX obj/chrome/browser/devtools/devtools/devtools_targets_ui.o
[67/3860] CXX obj/chrome/browser/devtools/devtools/devtools_ui_controller.o
[68/3860] CXX obj/chrome/browser/devtools/devtools/devtools_window_views.o
[69/3860] CXX obj/chrome/browser/devtools/devtools/serialize_host_descriptions.o
[70/3860] CXX obj/chrome/browser/devtools/devtools/process_sharing_infobar_delegate.o
[71/3860] CXX obj/chrome/browser/devtools/devtools/cast_device_provider.o
[72/3860] CXX obj/chrome/browser/devtools/devtools/remote_debugging_server.o
[73/3860] CXX obj/chrome/browser/devtools/devtools/global_confirm_info_bar.o
[74/3860] CXX obj/chrome/browser/devtools/devtools/devtools_navigation_gating_rule_manager.o
[75/3860] OBJCXX obj/chrome/browser/devtools/devtools/devtools_dock_tile_mac.o
[76/3860] CXX obj/chrome/browser/devtools/devtools/devtools_navigation_throttle.o
[77/3860] CXX obj/chrome/browser/devtools/devtools/cast_handler.o
[78/3860] CXX obj/chrome/browser/devtools/devtools/browser_handler.o
[79/3860] CXX obj/chrome/browser/devtools/devtools/ads_handler.o
[80/3860] CXX obj/chrome/browser/devtools/devtools/emulation_handler.o
[81/3860] CXX obj/chrome/browser/devtools/devtools/extensions_handler.o
[82/3860] CXX obj/chrome/browser/devtools/devtools/security_handler.o
[83/3860] CXX obj/chrome/browser/devtools/devtools/page_handler.o
[84/3860] CXX obj/chrome/browser/devtools/devtools/system_info_handler.o
[85/3860] CXX obj/chrome/browser/devtools/devtools/storage_handler.o
[86/3860] CXX obj/chrome/browser/devtools/devtools/pwa_handler.o
[87/3860] CXX obj/chrome/browser/devtools/devtools/browser.o
[88/3860] CXX obj/chrome/browser/devtools/devtools/target.o
[89/3860] CXX obj/chrome/browser/devtools/devtools/webmcp_handler.o
[90/3860] CXX obj/chrome/browser/devtools/devtools/ads.o
[91/3860] CXX obj/chrome/browser/devtools/devtools/autofill.o
[92/3860] CXX obj/chrome/browser/devtools/devtools/extensions.o
[93/3860] CXX obj/chrome/browser/devtools/devtools/target_handler.o
[94/3860] CXX obj/chrome/browser/devtools/devtools/cast.o
[95/3860] CXX obj/chrome/browser/devtools/devtools/emulation.o
[96/3860] CXX obj/chrome/browser/devtools/devtools/page.o
[97/3860] CXX obj/chrome/browser/devtools/devtools/pwa.o
[98/3860] CXX obj/chrome/browser/devtools/devtools/security.o
[99/3860] CXX obj/chrome/browser/devtools/devtools/system_info.o
[100/3860] CXX obj/chrome/browser/resources/settings/resources/settings_resources_map.o
[101/3860] CXX obj/chrome/browser/devtools/devtools/storage.o
[102/3860] CXX obj/chrome/browser/devtools/devtools/web_mcp.o
[103/3860] CXX obj/chrome/browser/apps/platform_apps/api/api/sync_file_system_api_helpers.o
[104/3860] CXX obj/chrome/browser/extensions/extensions/activity_action_constants.o
[105/3860] CXX obj/chrome/browser/apps/platform_apps/api/api_registration/generated_api_registration.o
[106/3860] CXX obj/chrome/browser/extensions/extensions/activity_actions.o
[107/3860] CXX obj/chrome/browser/apps/platform_apps/api/api/sync_file_system_api.o
[108/3860] CXX obj/chrome/browser/extensions/extensions/activity_database.o
[109/3860] CXX obj/chrome/browser/extensions/extensions/activity_log_task_runner.o
[110/3860] CXX obj/chrome/browser/extensions/extensions/activity_log_policy.o
[111/3860] CXX obj/chrome/browser/extensions/extensions/database_string_table.o
[112/3860] CXX obj/chrome/browser/extensions/extensions/counting_policy.o
[113/3860] CXX obj/chrome/browser/extensions/extensions/activity_log.o
[114/3860] CXX obj/chrome/browser/extensions/extensions/bookmarks_api_watcher.o
[115/3860] CXX obj/chrome/browser/extensions/extensions/fullstream_ui_policy.o
[116/3860] CXX obj/chrome/browser/extensions/extensions/bookmarks_function.o
[117/3860] CXX obj/chrome/browser/extensions/extensions/bookmarks_api.o
[118/3860] CXX obj/chrome/browser/extensions/extensions/chrome_content_rules_registry.o
[119/3860] CXX obj/chrome/browser/extensions/extensions/content_condition.o
[120/3860] CXX obj/chrome/browser/extensions/extensions/content_predicate.o
[121/3860] CXX obj/chrome/browser/extensions/extensions/content_predicate_evaluator.o
[122/3860] CXX obj/chrome/browser/extensions/extensions/content_action.o
[123/3860] CXX obj/chrome/browser/extensions/extensions/chrome_extensions_api_client.o
[124/3860] CXX obj/chrome/browser/extensions/extensions/declarative_content_is_bookmarked_condition_tracker.o
[125/3860] CXX obj/chrome/browser/extensions/extensions/declarative_content_css_condition_tracker.o
[126/3860] CXX obj/chrome/browser/extensions/extensions/declarative_content_page_url_condition_tracker.o
[127/3860] CXX obj/chrome/browser/extensions/extensions/default_content_predicate_evaluators.o
[128/3860] CXX obj/chrome/browser/extensions/extensions/developer_private_api.o
[129/3860] CXX obj/chrome/browser/extensions/extensions/developer_private_event_router.o
[130/3860] CXX obj/chrome/browser/extensions/extensions/inspectable_views_finder.o
[131/3860] CXX obj/chrome/browser/extensions/extensions/extension_info_generator.o
[132/3860] CXX obj/chrome/browser/extensions/extensions/profile_info_generator.o
[133/3860] CXX obj/chrome/browser/extensions/extensions/developer_private_functions.o
[134/3860] CXX obj/chrome/browser/extensions/extensions/extension_token_key.o
[135/3860] CXX obj/chrome/browser/extensions/extensions/gaia_remote_consent_flow.o
[136/3860] CXX obj/chrome/browser/extensions/extensions/identity_api.o
[137/3860] CXX obj/chrome/browser/extensions/extensions/identity_clear_all_cached_auth_tokens_function.o
[138/3860] CXX obj/chrome/browser/extensions/extensions/identity_get_auth_token_error.o
[139/3860] CXX obj/chrome/browser/extensions/extensions/downloads_api.o
[140/3860] CXX obj/chrome/browser/extensions/extensions/identity_get_accounts_function.o
[141/3860] CXX obj/chrome/browser/extensions/extensions/identity_get_profile_user_info_function.o
[142/3860] CXX obj/chrome/browser/extensions/extensions/identity_mint_queue.o
[143/3860] CXX obj/chrome/browser/extensions/extensions/identity_get_auth_token_function.o
[144/3860] CXX obj/chrome/browser/extensions/extensions/identity_token_cache.o
[145/3860] CXX obj/chrome/browser/extensions/extensions/identity_launch_web_auth_flow_function.o
[146/3860] CXX obj/chrome/browser/extensions/extensions/identity_remove_cached_auth_token_function.o
[147/3860] CXX obj/chrome/browser/extensions/extensions/web_auth_flow_info_bar_delegate.o
[148/3860] CXX obj/chrome/browser/extensions/extensions/instance_id_api.o
[149/3860] CXX obj/chrome/browser/extensions/extensions/chrome_metrics_private_delegate.o
[150/3860] CXX obj/chrome/browser/extensions/extensions/web_auth_flow.o
[151/3860] CXX obj/chrome/browser/extensions/extensions/autofill_settings_transformer.o
[152/3860] CXX obj/chrome/browser/extensions/extensions/network_prediction_transformer.o
[153/3860] CXX obj/chrome/browser/extensions/extensions/privacy_sandbox_transformer.o
[154/3860] CXX obj/chrome/browser/extensions/extensions/protected_content_enabled_transformer.o
[155/3860] CXX obj/chrome/browser/extensions/extensions/session_id.o
[156/3860] CXX obj/chrome/browser/extensions/extensions/chrome_management_api_delegate.o
[157/3860] CXX obj/chrome/browser/extensions/extensions/cookie_controls_mode_transformer.o
[158/3860] CXX obj/chrome/browser/extensions/extensions/policy_value_store.o
[159/3860] CXX obj/chrome/browser/extensions/extensions/managed_value_store_cache.o
[160/3860] CXX obj/chrome/browser/extensions/extensions/setting_sync_data.o
[161/3860] CXX obj/chrome/browser/extensions/extensions/settings_sync_processor.o
[162/3860] CXX obj/chrome/browser/extensions/extensions/sessions_api.o
[163/3860] CXX obj/chrome/browser/extensions/extensions/sync_value_store_cache.o
[164/3860] CXX obj/chrome/browser/extensions/extensions/sync_storage_backend.o
[165/3860] CXX obj/chrome/browser/extensions/extensions/settings_sync_util.o
[166/3860] CXX obj/chrome/browser/extensions/extensions/syncable_settings_storage.o
[167/3860] CXX obj/chrome/browser/extensions/extensions/tab_capture_registry.o
[168/3860] CXX obj/chrome/browser/extensions/extensions/tabs_event_router.o
[169/3860] CXX obj/chrome/browser/extensions/extensions/tabs_windows_api.o
[170/3860] CXX obj/chrome/browser/extensions/extensions/windows_util.o
[171/3860] CXX obj/chrome/browser/extensions/extensions/tabs_api.o
[172/3860] CXX obj/chrome/browser/extensions/extensions/top_sites_api.o
[173/3860] CXX obj/chrome/browser/extensions/extensions/windows_event_router.o
[174/3860] CXX obj/chrome/browser/extensions/extensions/bookmarks_error_constants.o
[175/3860] CXX obj/chrome/browser/extensions/extensions/bookmarks_features.o
[176/3860] CXX obj/chrome/browser/extensions/extensions/blocklist_factory.o
[177/3860] CXX obj/chrome/browser/extensions/extensions/bookmarks_helpers.o
[178/3860] CXX obj/chrome/browser/extensions/extensions/browser_extension_window_controller.o
[179/3860] CXX obj/chrome/browser/extensions/extensions/browser_window_util.o
[180/3860] CXX obj/chrome/browser/extensions/extensions/chrome_app_deprecation.o
[181/3860] CXX obj/chrome/browser/extensions/extensions/chrome_app_icon_service.o
[182/3860] CXX obj/chrome/browser/extensions/extensions/chrome_webstore_private_api_delegate.o
[183/3860] CXX obj/chrome/browser/extensions/extensions/chrome_app_icon.o
[184/3860] CXX obj/chrome/browser/extensions/extensions/chrome_app_icon_service_factory.o
[185/3860] CXX obj/chrome/browser/extensions/extensions/chrome_component_extension_resource_manager.o
[186/3860] CXX obj/chrome/browser/extensions/extensions/chrome_content_verifier_delegate.o
[187/3860] CXX obj/chrome/browser/extensions/extensions/chrome_content_browser_client_extensions_part_bindings.o
[188/3860] CXX obj/chrome/browser/extensions/extensions/chrome_extension_cookies_factory.o
[189/3860] CXX obj/chrome/browser/extensions/extensions/chrome_content_browser_client_extensions_part.o
[190/3860] CXX obj/chrome/browser/extensions/extensions/chrome_extension_cookies.o
[191/3860] CXX obj/chrome/browser/extensions/extensions/chrome_extension_function_details.o
[192/3860] CXX obj/chrome/browser/extensions/extensions/chrome_extension_frame_host.o
[193/3860] CXX obj/chrome/browser/extensions/extensions/chrome_extension_host_delegate.o
[194/3860] CXX obj/chrome/browser/extensions/extensions/chrome_extension_registrar_delegate.o
[195/3860] CXX obj/chrome/browser/extensions/extensions/chrome_extension_system_factory.o
[196/3860] CXX obj/chrome/browser/extensions/extensions/chrome_extensions_browser_api_provider.o
[197/3860] CXX obj/chrome/browser/extensions/extensions/chrome_extension_web_contents_observer.o
[198/3860] CXX obj/chrome/browser/extensions/extensions/chrome_extensions_browser_interface_binders.o
[199/3860] CXX obj/chrome/browser/extensions/extensions/chrome_extension_system.o
[200/3860] CXX obj/chrome/browser/extensions/extensions/chrome_zipfile_installer.o
[201/3860] CXX obj/chrome/browser/extensions/extensions/allowlist.o
[202/3860] CXX obj/chrome/browser/extensions/extensions/command_service.o
[203/3860] CXX obj/chrome/browser/extensions/extensions/chrome_url_request_util.o
[204/3860] CXX obj/chrome/browser/extensions/extensions/component_loader_factory.o
[205/3860] CXX obj/chrome/browser/extensions/extensions/component_loader.o
[206/3860] CXX obj/chrome/browser/extensions/extensions/corrupted_extension_reinstaller.o
[207/3860] CXX obj/chrome/browser/extensions/extensions/context_menu_helpers.o
[208/3860] CXX obj/chrome/browser/extensions/extensions/corrupted_extension_reinstaller_factory.o
[209/3860] CXX obj/chrome/browser/extensions/extensions/context_menu_matcher.o
[210/3860] CXX obj/chrome/browser/extensions/extensions/cws_info_service_factory.o
[211/3860] CXX obj/chrome/browser/extensions/extensions/error_console.o
[212/3860] CXX obj/chrome/browser/extensions/extensions/data_deleter.o
[213/3860] CXX obj/chrome/browser/extensions/extensions/error_console_factory.o
[214/3860] CXX obj/chrome/browser/extensions/extensions/devtools_util.o
[215/3860] CXX obj/chrome/browser/extensions/extensions/event_router_forwarder.o
[216/3860] CXX obj/chrome/browser/extensions/extensions/extension_action_dispatcher.o
[217/3860] CXX obj/chrome/browser/extensions/extensions/extension_action_storage_manager.o
[218/3860] CXX obj/chrome/browser/extensions/extensions/extension_allowlist_factory.o
[219/3860] CXX obj/chrome/browser/extensions/extensions/extension_browser_window_helper.o
[220/3860] CXX obj/chrome/browser/extensions/extensions/extension_commands_global_registry.o
[221/3860] CXX obj/chrome/browser/extensions/extensions/extension_action_runner.o
[222/3860] CXX obj/chrome/browser/extensions/extensions/extension_error_controller.o
[223/3860] CXX obj/chrome/browser/extensions/extensions/extension_error_controller_factory.o
[224/3860] CXX obj/chrome/browser/extensions/extensions/extension_garbage_collector_factory.o
[225/3860] CXX obj/chrome/browser/extensions/extensions/extension_install_error_menu_item_id_provider.o
[226/3860] CXX obj/chrome/browser/extensions/extensions/extension_context_menu_model.o
[227/3860] CXX obj/chrome/browser/extensions/extensions/extension_garbage_collector.o
[228/3860] CXX obj/chrome/browser/extensions/extensions/extension_install_prompt_show_params.o
[229/3860] CXX obj/chrome/browser/extensions/extensions/extension_install_prompt.o
[230/3860] CXX obj/chrome/browser/extensions/extensions/extension_management_constants.o
[231/3860] CXX obj/chrome/browser/extensions/extensions/extension_management_internal.o
[232/3860] CXX obj/chrome/browser/extensions/extensions/extension_keybinding_registry.o
[233/3860] CXX obj/chrome/browser/extensions/extensions/extension_migrator.o
[234/3860] CXX obj/chrome/browser/extensions/extensions/extension_menu_icon_loader.o
[235/3860] CXX obj/chrome/browser/extensions/extensions/extension_management.o
[236/3860] CXX obj/chrome/browser/extensions/extensions/extension_special_storage_policy.o
[237/3860] CXX obj/chrome/browser/extensions/extensions/extension_safety_check_utils.o
[238/3860] CXX obj/chrome/browser/extensions/extensions/extension_telemetry_service_verdict_handler.o
[239/3860] CXX obj/chrome/browser/extensions/extensions/extension_tab_util.o
[240/3860] CXX obj/chrome/browser/extensions/extensions/extension_ui_util.o
[241/3860] CXX obj/chrome/browser/extensions/extensions/extension_service.o
[242/3860] CXX obj/chrome/browser/extensions/extensions/extension_uninstall_dialog.o
[243/3860] CXX obj/chrome/browser/extensions/extensions/extension_url_overrides_registrar.o
[244/3860] CXX obj/chrome/browser/extensions/extensions/extension_url_overrides.o
[245/3860] CXX obj/chrome/browser/extensions/extensions/extension_util.o
[246/3860] CXX obj/chrome/browser/extensions/extensions/external_component_loader.o
[247/3860] CXX obj/chrome/browser/extensions/extensions/extension_view_host_factory.o
[248/3860] CXX obj/chrome/browser/extensions/extensions/external_install_manager_factory.o
[249/3860] CXX obj/chrome/browser/extensions/extensions/external_policy_loader.o
[250/3860] CXX obj/chrome/browser/extensions/extensions/external_install_manager.o
[251/3860] CXX obj/chrome/browser/extensions/extensions/external_pref_loader.o
[252/3860] CXX obj/chrome/browser/extensions/extensions/extension_view_host.o
[253/3860] CXX obj/chrome/browser/extensions/extensions/external_provider_manager_factory.o
[254/3860] CXX obj/chrome/browser/extensions/extensions/external_provider_impl.o
[255/3860] CXX obj/chrome/browser/extensions/extensions/external_provider_manager.o
[256/3860] CXX obj/chrome/browser/extensions/extensions/assessment_assistant_tracker.o
[257/3860] CXX obj/chrome/browser/extensions/extensions/favicon_util.o
[258/3860] CXX obj/chrome/browser/extensions/extensions/install_stage_tracker_factory.o
[259/3860] CXX obj/chrome/browser/extensions/extensions/force_installed_metrics.o
[260/3860] CXX obj/chrome/browser/extensions/extensions/force_installed_tracker.o
[261/3860] CXX obj/chrome/browser/extensions/extensions/initial_external_extension_loader.o
[262/3860] CXX obj/chrome/browser/extensions/extensions/glic_util.o
[263/3860] CXX obj/chrome/browser/extensions/extensions/install_tracker_factory.o
[264/3860] CXX obj/chrome/browser/extensions/extensions/install_verifier_factory.o
[265/3860] CXX obj/chrome/browser/extensions/extensions/launch_util.o
[266/3860] CXX obj/chrome/browser/extensions/extensions/menu_manager_factory.o
[267/3860] CXX obj/chrome/browser/extensions/extensions/installed_loader.o
[268/3860] CXX obj/chrome/browser/extensions/extensions/omaha_attributes_handler.o
[269/3860] CXX obj/chrome/browser/extensions/extensions/menu_manager.o
[270/3860] CXX obj/chrome/browser/extensions/extensions/pack_extension_job.o
[271/3860] CXX obj/chrome/browser/extensions/extensions/open_tab_helper.o
[272/3860] CXX obj/chrome/browser/extensions/extensions/permissions_url_constants.o
[273/3860] CXX obj/chrome/browser/extensions/extensions/permissions_based_management_policy_provider.o
[274/3860] CXX obj/chrome/browser/extensions/extensions/navigation_extension_enabler.o
[275/3860] CXX obj/chrome/browser/extensions/extensions/policy_handlers.o
[276/3860] CXX obj/chrome/browser/extensions/extensions/pref_mapping.o
[277/3860] CXX obj/chrome/browser/extensions/extensions/profile_util.o
[278/3860] CXX obj/chrome/browser/extensions/extensions/preference_helpers.o
[279/3860] CXX obj/chrome/browser/extensions/extensions/settings_api_helpers.o
[280/3860] CXX obj/chrome/browser/extensions/extensions/shared_module_service_factory.o
[281/3860] CXX obj/chrome/browser/extensions/extensions/safe_browsing_verdict_handler.o
[282/3860] CXX obj/chrome/browser/extensions/extensions/startup_helper.o
[283/3860] CXX obj/chrome/browser/extensions/extensions/standard_management_policy_provider.o
[284/3860] CXX obj/chrome/browser/extensions/extensions/side_panel_helper.o
[285/3860] CXX obj/chrome/browser/extensions/extensions/extension_local_data_batch_uploader.o
[286/3860] CXX obj/chrome/browser/extensions/extensions/account_extension_tracker.o
[287/3860] CXX obj/chrome/browser/extensions/extensions/extension_sync_service_factory.o
[288/3860] CXX obj/chrome/browser/extensions/extensions/extension_sync_util.o
[289/3860] CXX obj/chrome/browser/extensions/extensions/extension_sync_data.o
[290/3860] CXX obj/chrome/browser/extensions/extensions/sync_bundle.o
[291/3860] CXX obj/chrome/browser/extensions/extensions/authenticated_network_fetcher.o
[292/3860] CXX obj/chrome/browser/extensions/extensions/extension_sync_service.o
[293/3860] CXX obj/chrome/browser/extensions/extensions/chrome_extension_downloader_factory.o
[294/3860] CXX obj/chrome/browser/extensions/extensions/extension_update_client_command_line_config_policy.o
[295/3860] CXX obj/chrome/browser/extensions/extensions/tab_helper.o
[296/3860] CXX obj/chrome/browser/extensions/extensions/chrome_update_client_config.o
[297/3860] CXX obj/chrome/browser/extensions/extensions/extension_updater_switches.o
[298/3860] CXX obj/chrome/browser/extensions/extensions/extension_updater_factory.o
[299/3860] CXX obj/chrome/browser/extensions/extensions/extension_updater.o
[300/3860] CXX obj/chrome/browser/extensions/extensions/user_script_listener.o
[301/3860] CXX obj/chrome/browser/extensions/extensions/webstore_reinstaller.o
[302/3860] CXX obj/chrome/browser/extensions/extensions/window_controller.o
[303/3860] CXX obj/chrome/browser/extensions/extensions/window_controller_list.o
[304/3860] CXX obj/chrome/browser/extensions/extensions/webstore_standalone_installer.o
[305/3860] CXX obj/chrome/browser/extensions/extensions/chrome_extensions_api_client_non_android.o
[306/3860] CXX obj/chrome/browser/extensions/extensions/chrome_kiosk_delegate_non_chromeos.o
[307/3860] CXX obj/chrome/browser/extensions/extensions/chrome_app_icon_loader.o
[308/3860] CXX obj/chrome/browser/extensions/extensions/management_util.o
[309/3860] CXX obj/chrome/browser/extensions/extensions/tabs_event_router_platform_delegate_non_android.o
[310/3860] CXX obj/chrome/browser/extensions/extensions/policy_dse_ntp_override_metrics_reporter.o
[311/3860] CXX obj/chrome/browser/extensions/extensions/preinstalled_extensions.o
[312/3860] CXX obj/chrome/browser/extensions/extensions/chrome_automation_internal_api_delegate.o
[313/3860] CXX obj/chrome/browser/extensions/extensions/conversion_utils.o
[314/3860] CXX obj/chrome/browser/extensions/extensions/enterprise_reporting_private_event_router.o
[315/3860] CXX obj/chrome/browser/extensions/extensions/bookmark_manager_private_api.o
[316/3860] CXX obj/chrome/browser/extensions/extensions/chrome_feedback_private_delegate.o
[317/3860] CXX obj/chrome/browser/extensions/extensions/file_entry_picker.o
[318/3860] CXX obj/chrome/browser/extensions/extensions/enterprise_reporting_private_api.o
[319/3860] CXX obj/chrome/browser/extensions/extensions/error_constants.o
[320/3860] CXX obj/chrome/browser/extensions/extensions/destroy_partitions_operation.o
[321/3860] CXX obj/chrome/browser/extensions/extensions/extraction_properties.o
[322/3860] CXX obj/chrome/browser/extensions/extensions/chrome_file_system_delegate.o
[323/3860] CXX obj/chrome/browser/extensions/extensions/image_writer_utility_client.o
[324/3860] CXX obj/chrome/browser/extensions/extensions/image_writer_private_api.o
[325/3860] CXX obj/chrome/browser/extensions/extensions/removable_storage_provider.o
[326/3860] CXX obj/chrome/browser/extensions/extensions/operation.o
[327/3860] CXX obj/chrome/browser/extensions/extensions/tar_extractor.o
[328/3860] CXX obj/chrome/browser/extensions/extensions/write_from_file_operation.o
[329/3860] CXX obj/chrome/browser/extensions/extensions/xz_extractor.o
[330/3860] CXX obj/chrome/browser/extensions/extensions/zip_extractor.o
[331/3860] CXX obj/chrome/browser/extensions/extensions/write_from_url_operation.o
[332/3860] CXX obj/chrome/browser/extensions/extensions/operation_manager.o
[333/3860] CXX obj/chrome/browser/extensions/extensions/language_settings_private_api.o
[334/3860] CXX obj/chrome/browser/extensions/extensions/language_settings_private_delegate.o
[335/3860] CXX obj/chrome/browser/extensions/extensions/language_settings_private_delegate_factory.o
[336/3860] CXX obj/chrome/browser/extensions/extensions/proxy_override_rules_transformer.o
[337/3860] CXX obj/chrome/browser/extensions/extensions/generated_pref.o
[338/3860] CXX obj/chrome/browser/extensions/extensions/dispatch_mime_handler_event.o
[339/3860] CXX obj/chrome/browser/extensions/extensions/generated_prefs_factory.o
[340/3860] CXX obj/chrome/browser/extensions/extensions/generated_prefs.o
[341/3860] CXX obj/chrome/browser/extensions/extensions/chrome_management_api_delegate_non_android.o
[342/3860] CXX obj/chrome/browser/extensions/extensions/settings_private_api.o
[343/3860] CXX obj/chrome/browser/extensions/extensions/settings_private_delegate_factory.o
[344/3860] CXX obj/chrome/browser/extensions/extensions/settings_private_delegate.o
[345/3860] CXX obj/chrome/browser/extensions/extensions/settings_private_event_router.o
[346/3860] CXX obj/chrome/browser/extensions/extensions/prefs_util.o
[347/3860] CXX obj/chrome/browser/extensions/extensions/settings_private_event_router_factory.o
[348/3860] CXX obj/chrome/browser/extensions/extensions/system_private_api.o
[349/3860] CXX obj/chrome/browser/extensions/extensions/side_panel_service.o
[350/3860] CXX obj/chrome/browser/extensions/extensions/chrome_process_manager_delegate.o
[351/3860] CXX obj/chrome/browser/extensions/extensions/app_tab_helper.o
[352/3860] CXX obj/chrome/browser/extensions/extensions/device_permissions_dialog_controller.o
[353/3860] CXX obj/chrome/browser/extensions/extensions/chrome_app_sorting.o
[354/3860] CXX obj/chrome/browser/extensions/extensions/extension_disabled_ui_desktop.o
[355/3860] CXX obj/chrome/browser/extensions/extensions/extension_error_ui_desktop.o
[356/3860] CXX obj/chrome/browser/extensions/extensions/extension_view_host_web_modal_handler.o
[357/3860] CXX obj/chrome/browser/extensions/extensions/theme_installed_infobar_delegate.o
[358/3860] CXX obj/chrome/browser/extensions/extensions/warning_badge_service.o
[359/3860] CXX obj/chrome/browser/extensions/extensions/warning_badge_service_factory.o
[360/3860] CXX obj/chrome/browser/extensions/extensions/external_install_error_desktop.o
[361/3860] CXX obj/chrome/browser/extensions/extensions/webstore_install_with_prompt.o
[362/3860] CXX obj/chrome/browser/extensions/extensions/chrome_desktop_report_request_helper.o
[363/3860] CXX obj/chrome/browser/extensions/extensions/safe_browsing_private_event_router_factory.o
[364/3860] CXX obj/chrome/browser/extensions/extensions/operation_nonchromeos.o
[365/3860] CXX obj/chrome/browser/extensions/extensions/safe_browsing_private_event_router.o
[366/3860] CXX obj/chrome/browser/extensions/extensions/keychain_data_helper_mac.o
[367/3860] CXX obj/chrome/browser/extensions/extensions/removable_storage_provider_mac.o
[368/3860] CXX obj/chrome/browser/extensions/extensions/display_info_provider_mac.o
[369/3860] CXX obj/chrome/browser/extensions/extensions/app_base_window.o
[370/3860] CXX obj/chrome/browser/extensions/extensions/app_window_controller.o
[371/3860] LIBTOOL-STATIC obj/chrome/browser/devtools/libdevtools.a
[372/3860] CXX obj/chrome/browser/extensions/extensions/plugin_manager.o
[373/3860] CXX obj/chrome/browser/extensions/extensions/app_window_helper.o
[374/3860] CXX obj/chrome/browser/ui/webui/devtools/devtools/devtools_ui.o
[375/3860] CXX obj/chrome/browser/ui/webui/devtools/devtools/devtools_ui_data_source.o
[376/3860] CXX obj/ahoi/browser/command_bar/command_bar/command_bar_controller.o
[377/3860] CXX obj/ahoi/browser/command_bar/command_bar_core/command_bar_types.o
[378/3860] CXX obj/ahoi/browser/command_bar/command_bar/quick_window_chromium.o
[379/3860] CXX obj/ahoi/browser/command_bar/command_bar/command_execution_adapter_chromium.o
[380/3860] CXX obj/ahoi/browser/command_bar/command_bar_core/command_execution_adapter.o
[381/3860] CXX obj/ahoi/browser/command_bar/command_bar_core/command_bar_view.o
[382/3860] CXX obj/ahoi/browser/developer_toolkit/developer_toolkit/developer_cookie_chromium_adapter.o
[383/3860] CXX obj/ahoi/browser/developer_toolkit/developer_toolkit/developer_screenshot_capture.o
[384/3860] CXX obj/ahoi/browser/developer_toolkit/developer_toolkit/developer_toolkit_action_executor.o
[385/3860] CXX obj/ahoi/browser/extensions/service/ubo_extension_inventory.o
[386/3860] CXX obj/ahoi/browser/developer_toolkit/developer_toolkit/developer_toolkit_chromium_adapters.o
[387/3860] CXX obj/ahoi/browser/extensions/service/ubo_service_factory.o
[388/3860] CXX obj/ahoi/browser/extensions/runtime/ubo_install_coordinator.o
[389/3860] CXX obj/ahoi/browser/sync/profile_sync_service/browser_setting_consent.o
[390/3860] CXX obj/ahoi/browser/extensions/service/ubo_service.o
[391/3860] CXX obj/ahoi/browser/sync/profile_sync_service/native_bookmark_sync_adapter.o
[392/3860] CXX obj/ahoi/browser/extensions/service/ubo_simple_url_loader_client.o
[393/3860] CXX obj/ahoi/browser/sync/profile_sync_service/native_bookmark_sync_apply.o
[394/3860] CXX obj/ahoi/browser/sync/profile_sync_service/native_extension_setup_controller.o
[395/3860] CXX obj/ahoi/browser/sync/profile_sync_service/native_extension_storage_io.o
[396/3860] CXX obj/ahoi/browser/sync/profile_sync_service/native_extension_storage_adapter.o
[397/3860] CXX obj/ahoi/browser/sync/profile_sync_service/native_extension_storage_controller.o
[398/3860] CXX obj/ahoi/browser/sync/profile_sync_service/native_search_engine_setting.o
[399/3860] CXX obj/ahoi/browser/sync/profile_sync_service/native_tree_sync_journal.o
[400/3860] CXX obj/ahoi/browser/sync/profile_sync_service/profile_sync_backend.o
[401/3860] CXX obj/ahoi/browser/sync/profile_sync_service/profile_sync_backend_bookmarks.o
[402/3860] CXX obj/ahoi/browser/sync/profile_sync_service/profile_sync_backend_provider.o
[403/3860] CXX obj/ahoi/browser/sync/profile_sync_service/profile_sync_backend_settings.o
[404/3860] CXX obj/ahoi/browser/sync/profile_sync_service/profile_sync_backend_structure.o
[405/3860] CXX obj/ahoi/browser/sync/profile_sync_service/profile_sync_backend_shared_tabs.o
[406/3860] CXX obj/ahoi/browser/sync/profile_sync_service/profile_sync_service_authorization.o
[407/3860] CXX obj/ahoi/browser/sync/profile_sync_service/profile_sync_service_bookmarks.o
[408/3860] CXX obj/ahoi/browser/sync/profile_sync_service/profile_sync_service.o
[409/3860] CXX obj/ahoi/browser/sync/profile_sync_service/profile_sync_service_extension_setup.o
[410/3860] CXX obj/ahoi/browser/sync/profile_sync_service/profile_sync_service_factory.o
[411/3860] CXX obj/ahoi/browser/sync/profile_sync_service/profile_sync_service_extension_storage.o
[412/3860] CXX obj/ahoi/browser/sync/profile_sync_service/profile_sync_service_history.o
[413/3860] CXX obj/ahoi/browser/sync/profile_sync_service/profile_sync_service_search_setting.o
[414/3860] CXX obj/ahoi/browser/sync/profile_sync_service/profile_sync_service_product.o
[415/3860] CXX obj/ahoi/browser/sync/profile_sync_service/profile_sync_service_settings.o
[416/3860] CXX obj/ahoi/browser/sync/profile_sync_service/profile_sync_service_shared_capture.o
[417/3860] CXX obj/ahoi/browser/sync/profile_sync_service/profile_sync_service_shared_projection.o
[418/3860] CXX obj/ahoi/browser/sync/profile_sync_service/sync_product_settings.o
[419/3860] CXX obj/ahoi/browser/sync/profile_sync_service/profile_sync_service_structure.o
[420/3860] CXX obj/ahoi/browser/ui/developer_toolkit/developer_toolkit_ui/developer_asset_policy_view.o
[421/3860] CXX obj/ahoi/browser/ui/developer_toolkit/developer_toolkit_ui/developer_cache_status_view.o
[422/3860] CXX obj/ahoi/browser/ui/developer_toolkit/developer_toolkit_ui/developer_header_secret_editor_model.o
[423/3860] CXX obj/ahoi/browser/ui/developer_toolkit/developer_toolkit_ui/developer_cookie_manager_view.o
[424/3860] CXX obj/ahoi/browser/ui/developer_toolkit/developer_toolkit_ui/developer_data_clear_view.o
[425/3860] CXX obj/ahoi/browser/ui/developer_toolkit/developer_toolkit_ui/developer_header_secret_editor_view.o
[426/3860] CXX obj/ahoi/browser/ui/developer_toolkit/developer_toolkit_ui/developer_response_header_advanced_mode_view.o
[427/3860] CXX obj/ahoi/browser/ui/developer_toolkit/developer_toolkit_ui/developer_profile_editor_view.o
[428/3860] CXX obj/ahoi/browser/ui/developer_toolkit/developer_toolkit_ui/developer_toolbar_menu_controller.o
[429/3860] CXX obj/ahoi/browser/ui/developer_toolkit/developer_toolkit_ui/developer_toolkit_button.o
[430/3860] CXX obj/ahoi/browser/ui/developer_toolkit/developer_toolkit_ui/developer_toolkit_bubble_view.o
[431/3860] CXX obj/ahoi/browser/ui/extensions/ubo_install_presenter/ubo_install_presenter.o
[432/3860] CXX obj/ahoi/browser/ui/developer_toolkit/developer_toolkit_ui/location_bar_bubble_button.o
[433/3860] CXX obj/ahoi/browser/ui/developer_toolkit/developer_toolkit_ui/developer_toolkit_controller.o
[434/3860] CXX obj/ahoi/browser/ui/privacy/privacy_mode_ui/privacy_mode_bubble_view.o
[435/3860] CXX obj/ahoi/browser/ui/settings/settings_handler/ahoi_settings_handler.o
[436/3860] CXX obj/ahoi/browser/ui/privacy/privacy_mode_ui/privacy_mode_controller.o
[437/3860] CXX obj/ahoi/browser/ui/sidebar/browser_sidebar/browser_sidebar_host_archive.o
FAILED: obj/ahoi/browser/ui/sidebar/browser_sidebar/browser_sidebar_host_archive.o 
../../third_party/llvm-build/Release+Asserts/bin/clang++ -MMD -MF obj/ahoi/browser/ui/sidebar/browser_sidebar/browser_sidebar_host_archive.o.d -D__STDC_CONSTANT_MACROS -D__STDC_FORMAT_MACROS -D_FORTIFY_SOURCE=3 -D__ARM_NEON__=1 -DCR_XCODE_BUILD=17F42 -DCR_CLANG_REVISION=\"llvmorg-24-init-3796-g20e97c4b-2\" -DCOMPONENT_BUILD -D_LIBCPP_HARDENING_MODE=_LIBCPP_HARDENING_MODE_EXTENSIVE -D_LIBCPP_INSTRUMENTED_WITH_ASAN=0 -DCR_LIBCXX_REVISION=97b436da4c33663581d394f4ee0a5977fc38c2f4 -DDCHECK_ALWAYS_ON=1 -DNDEBUG -DNVALGRIND -DDYNAMIC_ANNOTATIONS_ENABLED=0 -DTOOLKIT_VIEWS=1 -DSK_ENABLE_SKSL -DSK_UNTIL_CRBUG_1187654_IS_FIXED -DSK_USER_CONFIG_HEADER=\"../../skia/config/SkUserConfig.h\" -DSK_USE_PARTITION_ALLOC -DSK_WIN_FONTMGR_NO_SIMULATIONS -DSK_ENABLE_LEGACY_SHADERCONTEXT -DSK_LEGACY_DESERIAL_IMAGE_PROC -DSK_CODEC_DECODES_PNG -DSK_CODEC_DECODES_PNG_WITH_RUST -DSK_CODEC_ENCODES_PNG -DSK_CODEC_ENCODES_PNG_WITH_RUST -DSK_CODEC_DECODES_BMP_WITH_RUST -DSK_CODEC_DECODES_ICO_WITH_RUST -DSK_CODEC_COLOR_PROFILE_PARSE_WITH_RUST -DSK_EXIF_PARSE_WITH_RUST -DSK_ENABLE_AVX512_OPTS -DSK_CODEC_DECODES_JPEG -DSK_CODEC_ENCODES_JPEG -DSKIA_DLL -DSK_BUILD_FOR_MAC -DSK_GAMMA_SRGB -DSK_GAMMA_CONTRAST=0.0 -DSK_GANESH -DSK_GPU_WORKAROUNDS_HEADER=\"gpu/config/gpu_driver_bug_workaround_autogen.h\" -DSK_GL -DSK_GRAPHITE -DSK_DAWN -DSKCMS_DLL=1 -DCHROMIUM -DLIBYUV_DISABLE_SME -DLIBYUV_DISABLE_LSX -DLIBYUV_DISABLE_LASX -DON_FOCUS_PING_ENABLED -DABSL_CONSUME_DLL -DABSL_FLAGS_STRIP_NAMES=0 -DBORINGSSL_SHARED_LIBRARY -DWGPU_SHARED_LIBRARY -DSKCMS_IMPLEMENTATION=1 -DU_USING_ICU_NAMESPACE=0 -DU_ENABLE_DYLOAD=0 -DUSE_CHROMIUM_ICU=1 -DU_ENABLE_TRACING=1 -DU_ENABLE_RESOURCE_TRACING=0 -DICU_UTIL_DATA_IMPL=ICU_UTIL_DATA_FILE -DGOOGLE_PROTOBUF_NO_RTTI -DPROTOBUF_INTERNAL_BOUNDS_CHECK_MODE_ABORT -DHAVE_PTHREAD -DPROTOBUF_USE_DLLS -DPROTOBUF_ENABLE_DEBUG_LOGGING_MAY_LEAK_PII=0 -DWEBRTC_ENABLE_SYMBOL_EXPORT -DWEBRTC_ENABLE_AVX2 -DWEBRTC_DEPRECATE_PLAN_B -DWEBRTC_CHROMIUM_BUILD -DWEBRTC_POSIX -DWEBRTC_MAC -DABSL_ALLOCATOR_NOTHROW=1 -DLOGGING_INSIDE_WEBRTC -DLEVELDB_PLATFORM_CHROMIUM=1 -DLEVELDB_SHARED_LIBRARY -DCRASHPAD_ZLIB_SOURCE_EXTERNAL -DV8_USE_EXTERNAL_STARTUP_DATA -DUSING_V8_SHARED -DUSING_V8_SHARED_PRIVATE -DV8_ARRAY_BUFFER_INTERNAL_FIELD_COUNT=0 -DV8_ARRAY_BUFFER_VIEW_INTERNAL_FIELD_COUNT=0 -DV8_PROMISE_INTERNAL_FIELD_COUNT=0 -DV8_USE_DEFAULT_HASHER_SECRET=true -DV8_ENABLE_MEMORY_ACCOUNTING_CHECKS -DV8_COMPRESS_POINTERS -DV8_COMPRESS_POINTERS_IN_SHARED_CAGE -DV8_31BIT_SMIS_ON_64BIT_ARCH -DV8_ENABLE_SANDBOX -DV8_DEPRECATION_WARNINGS -DV8_DISALLOW_JS_IN_API_INTERRUPTS_IS_CHECKED -DV8_USE_PERFETTO -DV8_USE_PERFETTO_JSON_EXPORT -DV8_CPPGC_MICROTASK_QUEUE -DV8_HAVE_TARGET_OS -DV8_TARGET_OS_MACOS -DV8_TARGET_ARCH_ARM64 -DCPPGC_ENABLE_API_CHECKS -DCPPGC_SUPPORTS_OBJECT_NAMES -DCPPGC_CAGED_HEAP -DCPPGC_YOUNG_GENERATION -DCPPGC_POINTER_COMPRESSION -DCPPGC_ENABLE_LARGER_CAGE -DCPPGC_SLIM_WRITE_BARRIER -DFLATBUFFERS_LOCALE_INDEPENDENT=0 -DTFL_STATIC_LIBRARY_BUILD -DTF_MAJOR_VERSION=2 -DTF_MINOR_VERSION=22 -DTF_PATCH_VERSION=0 -DTF_VERSION_SUFFIX= -DEIGEN_MPL2_ONLY -DEIGEN_MAX_ALIGN_BYTES=64 -DEIGEN_HAS_TYPE_TRAITS=0 -DI18N_ADDRESS_VALIDATION_DATA_URL=\"https://chromium-i18n.appspot.com/ssl-aggregate-address/\" -DUSE_LIBCXX_MODULES -I../.. -Igen -I../../buildtools/third_party/libc++ -I../../third_party/perfetto/include -Igen/third_party/perfetto/build_config -Igen/third_party/perfetto -I../../third_party/skia -Igen/third_party/skia -I../../third_party/wuffs/src/release/c -Igen/third_party/dawn/include -I../../third_party/dawn/include -I../../net/third_party/quiche/overrides -I../../net/third_party/quiche/src/quiche/common/platform/default -I../../net/third_party/quiche/src -I../../third_party/khronos -I../../gpu -I../../third_party/libyuv/include -Igen/third_party/private_membership/src -Igen/third_party/shell-encryption/src -Igen/components/policy/proto -I../../base/allocator/partition_allocator/src -Igen/base/allocator/partition_allocator/src -I../../third_party/abseil-cpp -I../../third_party/boringssl/src/include -I../../third_party/protobuf/src -I../../third_party/ipcz/include -I../../third_party/icu/source/common -I../../third_party/icu/source/i18n -I../../third_party/ced/src -Igen/net/third_party/quiche/src -I../../third_party/re2/src -I../../third_party/webrtc_overrides -I../../third_party/webrtc -Igen/third_party/webrtc -I../../third_party/libwebm/source -I../../third_party/angle/include -I../../third_party/leveldatabase -I../../third_party/leveldatabase/src -I../../third_party/leveldatabase/src/include -I../../third_party/crashpad/crashpad -I../../third_party/crashpad/crashpad/compat/mac -I../../third_party/crashpad/crashpad/compat/non_win -I../../third_party/zlib -I../../third_party/libaom/source/libaom -I../../third_party/libaom/source/config/linux/arm64-cpu-detect -I../../v8/include -I../../third_party/flatbuffers/src/include -I../../third_party/flatbuffers/src/src -I../../third_party/flatbuffers/src -I../../third_party/flatbuffers/generated -Igen/components/reporting/proto/synced -Igen/components/optimization_guide/proto/features -Igen/third_party/omnibox_proto -Igen/third_party/metrics_proto -I../../third_party/ml_dtypes/src -I../../third_party/ml_dtypes/src/ml_dtypes -Igen/third_party/tflite/src -I../../third_party/tflite/shims -I../../third_party/tflite/src -I../../third_party/tflite/src/third_party/xla -I../../third_party/tflite/src/third_party/xla/third_party/tsl -I../../third_party/pthreadpool/src/include -I../../third_party/eigen3/src -I../../third_party/neon_2_sse/src -I../../third_party/ruy/src -I../../third_party/fp16/src/include -I../../third_party/tflite_support/src -I../../third_party/tflite_support/src/tensorflow_lite_support -Igen/third_party/tflite_support/src -I../../third_party/libaddressinput/src/cpp/include -Igen/third_party/content_analysis_sdk/src/proto -Wall -Wextra -Wimplicit-fallthrough -Wextra-semi -Wunreachable-code-aggressive -Wgnu -Wno-gnu-anonymous-struct -Wno-gnu-conditional-omitted-operand -Wno-gnu-include-next -Wno-gnu-label-as-value -Wno-gnu-redeclared-enum -Wno-gnu-statement-expression -Wno-gnu-zero-variadic-macro-arguments -Wno-zero-length-array -Wthread-safety -Wno-unused-template -Wunguarded-availability -Wno-missing-field-initializers -Wno-unused-parameter -Wno-psabi -Wno-stringop-overread -Wloop-analysis -Wno-unneeded-internal-declaration -Wno-cast-function-type -Wno-thread-safety-reference-return -Wno-nontrivial-memcall -Wno-uninitialized-const-pointer -Wno-unused-but-set-global -Wexit-time-destructors -Wshadow -Werror -Werror=\#pragma-messages -fno-delete-null-pointer-checks -fno-strict-overflow -fno-ident -fno-math-errno -fno-strict-aliasing -fstack-protector -fcolor-diagnostics -fdiagnostics-show-inlining-chain -fmerge-all-constants -fcrash-diagnostics-dir=../clang-crashreports -fno-lifetime-dse -mllvm -instcombine-lower-dbg-declare=0 -mllvm -split-threshold-for-reg-with-hint=0 -ffp-contract=off -fcomplete-member-pointers --target=arm64-apple-macos -mno-outline -Wno-builtin-macro-redefined -D__DATE__= -D__TIME__= -D__TIMESTAMP__= -ffile-compilation-dir=. -no-canonical-prefixes -Xclang -fmodule-file-home-is-cwd -Xclang -fmodules-cache-path=/not_exist_dummy_dir --warning-suppression-mappings=../../build/config/warning_suppression.txt -ftrivial-auto-var-init=pattern -O2 -fno-omit-frame-pointer -gdwarf-4 -g1 -gdwarf-aranges -isysroot sdk/xcode_links/MacOSX26.5.sdk -mmacos-version-min=13.0 -fsanitize=array-bounds -fsanitize-trap=array-bounds -fsanitize-ignore-for-ubsan-feature=array-bounds -Wno-unsafe-buffer-usage-in-static-sized-array -fsanitize=return -fsanitize-trap=return -fsanitize-ignore-for-ubsan-feature=return -fvisibility=hidden -Wheader-hygiene -Wstring-conversion -Wtautological-overlap-compare -Xclang -add-plugin -Xclang find-bad-constructs -Xclang -plugin-arg-find-bad-constructs -Xclang check-stack-allocated -Xclang -plugin-arg-find-bad-constructs -Xclang relax-ctor-checks-for-aggregates -Xclang -add-plugin -Xclang raw-ptr-plugin -Xclang -plugin-arg-raw-ptr-plugin -Xclang check-raw-ptr-to-stack-allocated -Xclang -plugin-arg-raw-ptr-plugin -Xclang disable-check-raw-ptr-to-stack-allocated-error -Xclang -plugin-arg-raw-ptr-plugin -Xclang raw-ptr-exclude-path=../../third_party/dawn/ -Xclang -plugin-arg-raw-ptr-plugin -Xclang raw-ptr-exclude-path=../../build/config/clang/chrome/test/fuzzing/webidl_fuzzing/ -Xclang -plugin-arg-raw-ptr-plugin -Xclang check-raw-ptr-fields -Xclang -plugin-arg-raw-ptr-plugin -Xclang check-span-fields -Xclang -plugin-arg-raw-ptr-plugin -Xclang check-raw-ref-fields -Xclang -plugin-arg-raw-ptr-plugin -Xclang no-special-treatment-for-oilpanized-paths -DUNSAFE_BUFFERS_BUILD -Wunsafe-buffer-usage -Wno-error=unsafe-buffer-usage -Xclang -add-plugin -Xclang unsafe-buffers -Xclang -plugin-arg-unsafe-buffers -Xclang ../../build/config/unsafe_buffers_paths.txt -Wno-invalid-offsetof -Wenum-compare-conditional -Wno-nullability-completeness -Wunique-object-duplication -std=c++23 -Wno-trigraphs -fno-exceptions -fno-rtti -nostdinc++ -isystem../../third_party/libc++/src/include -isystem../../third_party/libc++abi/src/include -fvisibility-inlines-hidden -fmodules -fno-implicit-module-maps -fno-implicit-modules -Xclang -fmodules-local-submodule-visibility -Wno-modules-ambiguous-internal-linkage -Wno-modules-import-nested-redundant -Xclang -fmodules-disable-diagnostic-validation -Wno-module-import-in-extern-c -fmodule-map-file=gen/build/modules/module.modulemap -fmodule-file=//build/modules:system=obj/build/modules/system/module.pcm -fmodule-name="//ahoi/browser/ui/sidebar:browser_sidebar_Private" -c ../../ahoi/browser/ui/sidebar/browser_sidebar_host_archive.cc -o obj/ahoi/browser/ui/sidebar/browser_sidebar/browser_sidebar_host_archive.o
In file included from ../../ahoi/browser/ui/sidebar/browser_sidebar_host_archive.cc:4:
../../ahoi/browser/ui/sidebar/browser_sidebar_host_view.h:656:50: error: non-virtual member function marked 'override' hides virtual member function
  656 |                       TabChangeType change_type) override;
      |                                                  ^
../../chrome/browser/ui/tabs/tab_strip_model_observer.h:546:16: note: hidden overloaded virtual function 'TabStripModelObserver::OnTabChangedAt' declared here: different number of parameters (2 vs 3)
  546 |   virtual void OnTabChangedAt(tabs::TabInterface* tab,
      |                ^
1 error generated.
[438/3860] CXX obj/ahoi/browser/ui/sidebar/browser_sidebar/browser_sidebar_host.o
FAILED: obj/ahoi/browser/ui/sidebar/browser_sidebar/browser_sidebar_host.o 
../../third_party/llvm-build/Release+Asserts/bin/clang++ -MMD -MF obj/ahoi/browser/ui/sidebar/browser_sidebar/browser_sidebar_host.o.d -D__STDC_CONSTANT_MACROS -D__STDC_FORMAT_MACROS -D_FORTIFY_SOURCE=3 -D__ARM_NEON__=1 -DCR_XCODE_BUILD=17F42 -DCR_CLANG_REVISION=\"llvmorg-24-init-3796-g20e97c4b-2\" -DCOMPONENT_BUILD -D_LIBCPP_HARDENING_MODE=_LIBCPP_HARDENING_MODE_EXTENSIVE -D_LIBCPP_INSTRUMENTED_WITH_ASAN=0 -DCR_LIBCXX_REVISION=97b436da4c33663581d394f4ee0a5977fc38c2f4 -DDCHECK_ALWAYS_ON=1 -DNDEBUG -DNVALGRIND -DDYNAMIC_ANNOTATIONS_ENABLED=0 -DTOOLKIT_VIEWS=1 -DSK_ENABLE_SKSL -DSK_UNTIL_CRBUG_1187654_IS_FIXED -DSK_USER_CONFIG_HEADER=\"../../skia/config/SkUserConfig.h\" -DSK_USE_PARTITION_ALLOC -DSK_WIN_FONTMGR_NO_SIMULATIONS -DSK_ENABLE_LEGACY_SHADERCONTEXT -DSK_LEGACY_DESERIAL_IMAGE_PROC -DSK_CODEC_DECODES_PNG -DSK_CODEC_DECODES_PNG_WITH_RUST -DSK_CODEC_ENCODES_PNG -DSK_CODEC_ENCODES_PNG_WITH_RUST -DSK_CODEC_DECODES_BMP_WITH_RUST -DSK_CODEC_DECODES_ICO_WITH_RUST -DSK_CODEC_COLOR_PROFILE_PARSE_WITH_RUST -DSK_EXIF_PARSE_WITH_RUST -DSK_ENABLE_AVX512_OPTS -DSK_CODEC_DECODES_JPEG -DSK_CODEC_ENCODES_JPEG -DSKIA_DLL -DSK_BUILD_FOR_MAC -DSK_GAMMA_SRGB -DSK_GAMMA_CONTRAST=0.0 -DSK_GANESH -DSK_GPU_WORKAROUNDS_HEADER=\"gpu/config/gpu_driver_bug_workaround_autogen.h\" -DSK_GL -DSK_GRAPHITE -DSK_DAWN -DSKCMS_DLL=1 -DCHROMIUM -DLIBYUV_DISABLE_SME -DLIBYUV_DISABLE_LSX -DLIBYUV_DISABLE_LASX -DON_FOCUS_PING_ENABLED -DABSL_CONSUME_DLL -DABSL_FLAGS_STRIP_NAMES=0 -DBORINGSSL_SHARED_LIBRARY -DWGPU_SHARED_LIBRARY -DSKCMS_IMPLEMENTATION=1 -DU_USING_ICU_NAMESPACE=0 -DU_ENABLE_DYLOAD=0 -DUSE_CHROMIUM_ICU=1 -DU_ENABLE_TRACING=1 -DU_ENABLE_RESOURCE_TRACING=0 -DICU_UTIL_DATA_IMPL=ICU_UTIL_DATA_FILE -DGOOGLE_PROTOBUF_NO_RTTI -DPROTOBUF_INTERNAL_BOUNDS_CHECK_MODE_ABORT -DHAVE_PTHREAD -DPROTOBUF_USE_DLLS -DPROTOBUF_ENABLE_DEBUG_LOGGING_MAY_LEAK_PII=0 -DWEBRTC_ENABLE_SYMBOL_EXPORT -DWEBRTC_ENABLE_AVX2 -DWEBRTC_DEPRECATE_PLAN_B -DWEBRTC_CHROMIUM_BUILD -DWEBRTC_POSIX -DWEBRTC_MAC -DABSL_ALLOCATOR_NOTHROW=1 -DLOGGING_INSIDE_WEBRTC -DLEVELDB_PLATFORM_CHROMIUM=1 -DLEVELDB_SHARED_LIBRARY -DCRASHPAD_ZLIB_SOURCE_EXTERNAL -DV8_USE_EXTERNAL_STARTUP_DATA -DUSING_V8_SHARED -DUSING_V8_SHARED_PRIVATE -DV8_ARRAY_BUFFER_INTERNAL_FIELD_COUNT=0 -DV8_ARRAY_BUFFER_VIEW_INTERNAL_FIELD_COUNT=0 -DV8_PROMISE_INTERNAL_FIELD_COUNT=0 -DV8_USE_DEFAULT_HASHER_SECRET=true -DV8_ENABLE_MEMORY_ACCOUNTING_CHECKS -DV8_COMPRESS_POINTERS -DV8_COMPRESS_POINTERS_IN_SHARED_CAGE -DV8_31BIT_SMIS_ON_64BIT_ARCH -DV8_ENABLE_SANDBOX -DV8_DEPRECATION_WARNINGS -DV8_DISALLOW_JS_IN_API_INTERRUPTS_IS_CHECKED -DV8_USE_PERFETTO -DV8_USE_PERFETTO_JSON_EXPORT -DV8_CPPGC_MICROTASK_QUEUE -DV8_HAVE_TARGET_OS -DV8_TARGET_OS_MACOS -DV8_TARGET_ARCH_ARM64 -DCPPGC_ENABLE_API_CHECKS -DCPPGC_SUPPORTS_OBJECT_NAMES -DCPPGC_CAGED_HEAP -DCPPGC_YOUNG_GENERATION -DCPPGC_POINTER_COMPRESSION -DCPPGC_ENABLE_LARGER_CAGE -DCPPGC_SLIM_WRITE_BARRIER -DFLATBUFFERS_LOCALE_INDEPENDENT=0 -DTFL_STATIC_LIBRARY_BUILD -DTF_MAJOR_VERSION=2 -DTF_MINOR_VERSION=22 -DTF_PATCH_VERSION=0 -DTF_VERSION_SUFFIX= -DEIGEN_MPL2_ONLY -DEIGEN_MAX_ALIGN_BYTES=64 -DEIGEN_HAS_TYPE_TRAITS=0 -DI18N_ADDRESS_VALIDATION_DATA_URL=\"https://chromium-i18n.appspot.com/ssl-aggregate-address/\" -DUSE_LIBCXX_MODULES -I../.. -Igen -I../../buildtools/third_party/libc++ -I../../third_party/perfetto/include -Igen/third_party/perfetto/build_config -Igen/third_party/perfetto -I../../third_party/skia -Igen/third_party/skia -I../../third_party/wuffs/src/release/c -Igen/third_party/dawn/include -I../../third_party/dawn/include -I../../net/third_party/quiche/overrides -I../../net/third_party/quiche/src/quiche/common/platform/default -I../../net/third_party/quiche/src -I../../third_party/khronos -I../../gpu -I../../third_party/libyuv/include -Igen/third_party/private_membership/src -Igen/third_party/shell-encryption/src -Igen/components/policy/proto -I../../base/allocator/partition_allocator/src -Igen/base/allocator/partition_allocator/src -I../../third_party/abseil-cpp -I../../third_party/boringssl/src/include -I../../third_party/protobuf/src -I../../third_party/ipcz/include -I../../third_party/icu/source/common -I../../third_party/icu/source/i18n -I../../third_party/ced/src -Igen/net/third_party/quiche/src -I../../third_party/re2/src -I../../third_party/webrtc_overrides -I../../third_party/webrtc -Igen/third_party/webrtc -I../../third_party/libwebm/source -I../../third_party/angle/include -I../../third_party/leveldatabase -I../../third_party/leveldatabase/src -I../../third_party/leveldatabase/src/include -I../../third_party/crashpad/crashpad -I../../third_party/crashpad/crashpad/compat/mac -I../../third_party/crashpad/crashpad/compat/non_win -I../../third_party/zlib -I../../third_party/libaom/source/libaom -I../../third_party/libaom/source/config/linux/arm64-cpu-detect -I../../v8/include -I../../third_party/flatbuffers/src/include -I../../third_party/flatbuffers/src/src -I../../third_party/flatbuffers/src -I../../third_party/flatbuffers/generated -Igen/components/reporting/proto/synced -Igen/components/optimization_guide/proto/features -Igen/third_party/omnibox_proto -Igen/third_party/metrics_proto -I../../third_party/ml_dtypes/src -I../../third_party/ml_dtypes/src/ml_dtypes -Igen/third_party/tflite/src -I../../third_party/tflite/shims -I../../third_party/tflite/src -I../../third_party/tflite/src/third_party/xla -I../../third_party/tflite/src/third_party/xla/third_party/tsl -I../../third_party/pthreadpool/src/include -I../../third_party/eigen3/src -I../../third_party/neon_2_sse/src -I../../third_party/ruy/src -I../../third_party/fp16/src/include -I../../third_party/tflite_support/src -I../../third_party/tflite_support/src/tensorflow_lite_support -Igen/third_party/tflite_support/src -I../../third_party/libaddressinput/src/cpp/include -Igen/third_party/content_analysis_sdk/src/proto -Wall -Wextra -Wimplicit-fallthrough -Wextra-semi -Wunreachable-code-aggressive -Wgnu -Wno-gnu-anonymous-struct -Wno-gnu-conditional-omitted-operand -Wno-gnu-include-next -Wno-gnu-label-as-value -Wno-gnu-redeclared-enum -Wno-gnu-statement-expression -Wno-gnu-zero-variadic-macro-arguments -Wno-zero-length-array -Wthread-safety -Wno-unused-template -Wunguarded-availability -Wno-missing-field-initializers -Wno-unused-parameter -Wno-psabi -Wno-stringop-overread -Wloop-analysis -Wno-unneeded-internal-declaration -Wno-cast-function-type -Wno-thread-safety-reference-return -Wno-nontrivial-memcall -Wno-uninitialized-const-pointer -Wno-unused-but-set-global -Wexit-time-destructors -Wshadow -Werror -Werror=\#pragma-messages -fno-delete-null-pointer-checks -fno-strict-overflow -fno-ident -fno-math-errno -fno-strict-aliasing -fstack-protector -fcolor-diagnostics -fdiagnostics-show-inlining-chain -fmerge-all-constants -fcrash-diagnostics-dir=../clang-crashreports -fno-lifetime-dse -mllvm -instcombine-lower-dbg-declare=0 -mllvm -split-threshold-for-reg-with-hint=0 -ffp-contract=off -fcomplete-member-pointers --target=arm64-apple-macos -mno-outline -Wno-builtin-macro-redefined -D__DATE__= -D__TIME__= -D__TIMESTAMP__= -ffile-compilation-dir=. -no-canonical-prefixes -Xclang -fmodule-file-home-is-cwd -Xclang -fmodules-cache-path=/not_exist_dummy_dir --warning-suppression-mappings=../../build/config/warning_suppression.txt -ftrivial-auto-var-init=pattern -O2 -fno-omit-frame-pointer -gdwarf-4 -g1 -gdwarf-aranges -isysroot sdk/xcode_links/MacOSX26.5.sdk -mmacos-version-min=13.0 -fsanitize=array-bounds -fsanitize-trap=array-bounds -fsanitize-ignore-for-ubsan-feature=array-bounds -Wno-unsafe-buffer-usage-in-static-sized-array -fsanitize=return -fsanitize-trap=return -fsanitize-ignore-for-ubsan-feature=return -fvisibility=hidden -Wheader-hygiene -Wstring-conversion -Wtautological-overlap-compare -Xclang -add-plugin -Xclang find-bad-constructs -Xclang -plugin-arg-find-bad-constructs -Xclang check-stack-allocated -Xclang -plugin-arg-find-bad-constructs -Xclang relax-ctor-checks-for-aggregates -Xclang -add-plugin -Xclang raw-ptr-plugin -Xclang -plugin-arg-raw-ptr-plugin -Xclang check-raw-ptr-to-stack-allocated -Xclang -plugin-arg-raw-ptr-plugin -Xclang disable-check-raw-ptr-to-stack-allocated-error -Xclang -plugin-arg-raw-ptr-plugin -Xclang raw-ptr-exclude-path=../../third_party/dawn/ -Xclang -plugin-arg-raw-ptr-plugin -Xclang raw-ptr-exclude-path=../../build/config/clang/chrome/test/fuzzing/webidl_fuzzing/ -Xclang -plugin-arg-raw-ptr-plugin -Xclang check-raw-ptr-fields -Xclang -plugin-arg-raw-ptr-plugin -Xclang check-span-fields -Xclang -plugin-arg-raw-ptr-plugin -Xclang check-raw-ref-fields -Xclang -plugin-arg-raw-ptr-plugin -Xclang no-special-treatment-for-oilpanized-paths -DUNSAFE_BUFFERS_BUILD -Wunsafe-buffer-usage -Wno-error=unsafe-buffer-usage -Xclang -add-plugin -Xclang unsafe-buffers -Xclang -plugin-arg-unsafe-buffers -Xclang ../../build/config/unsafe_buffers_paths.txt -Wno-invalid-offsetof -Wenum-compare-conditional -Wno-nullability-completeness -Wunique-object-duplication -std=c++23 -Wno-trigraphs -fno-exceptions -fno-rtti -nostdinc++ -isystem../../third_party/libc++/src/include -isystem../../third_party/libc++abi/src/include -fvisibility-inlines-hidden -fmodules -fno-implicit-module-maps -fno-implicit-modules -Xclang -fmodules-local-submodule-visibility -Wno-modules-ambiguous-internal-linkage -Wno-modules-import-nested-redundant -Xclang -fmodules-disable-diagnostic-validation -Wno-module-import-in-extern-c -fmodule-map-file=gen/build/modules/module.modulemap -fmodule-file=//build/modules:system=obj/build/modules/system/module.pcm -fmodule-name="//ahoi/browser/ui/sidebar:browser_sidebar_Private" -c ../../ahoi/browser/ui/sidebar/browser_sidebar_host.cc -o obj/ahoi/browser/ui/sidebar/browser_sidebar/browser_sidebar_host.o
In file included from ../../ahoi/browser/ui/sidebar/browser_sidebar_host.cc:21:
../../ahoi/browser/ui/sidebar/browser_sidebar_host_view.h:656:50: error: non-virtual member function marked 'override' hides virtual member function
  656 |                       TabChangeType change_type) override;
      |                                                  ^
../../chrome/browser/ui/tabs/tab_strip_model_observer.h:546:16: note: hidden overloaded virtual function 'TabStripModelObserver::OnTabChangedAt' declared here: different number of parameters (2 vs 3)
  546 |   virtual void OnTabChangedAt(tabs::TabInterface* tab,
      |                ^
1 error generated.
[439/3860] CXX obj/ahoi/browser/ui/sidebar/browser_sidebar/browser_sidebar_host_command_dispatch.o
FAILED: obj/ahoi/browser/ui/sidebar/browser_sidebar/browser_sidebar_host_command_dispatch.o 
../../third_party/llvm-build/Release+Asserts/bin/clang++ -MMD -MF obj/ahoi/browser/ui/sidebar/browser_sidebar/browser_sidebar_host_command_dispatch.o.d -D__STDC_CONSTANT_MACROS -D__STDC_FORMAT_MACROS -D_FORTIFY_SOURCE=3 -D__ARM_NEON__=1 -DCR_XCODE_BUILD=17F42 -DCR_CLANG_REVISION=\"llvmorg-24-init-3796-g20e97c4b-2\" -DCOMPONENT_BUILD -D_LIBCPP_HARDENING_MODE=_LIBCPP_HARDENING_MODE_EXTENSIVE -D_LIBCPP_INSTRUMENTED_WITH_ASAN=0 -DCR_LIBCXX_REVISION=97b436da4c33663581d394f4ee0a5977fc38c2f4 -DDCHECK_ALWAYS_ON=1 -DNDEBUG -DNVALGRIND -DDYNAMIC_ANNOTATIONS_ENABLED=0 -DTOOLKIT_VIEWS=1 -DSK_ENABLE_SKSL -DSK_UNTIL_CRBUG_1187654_IS_FIXED -DSK_USER_CONFIG_HEADER=\"../../skia/config/SkUserConfig.h\" -DSK_USE_PARTITION_ALLOC -DSK_WIN_FONTMGR_NO_SIMULATIONS -DSK_ENABLE_LEGACY_SHADERCONTEXT -DSK_LEGACY_DESERIAL_IMAGE_PROC -DSK_CODEC_DECODES_PNG -DSK_CODEC_DECODES_PNG_WITH_RUST -DSK_CODEC_ENCODES_PNG -DSK_CODEC_ENCODES_PNG_WITH_RUST -DSK_CODEC_DECODES_BMP_WITH_RUST -DSK_CODEC_DECODES_ICO_WITH_RUST -DSK_CODEC_COLOR_PROFILE_PARSE_WITH_RUST -DSK_EXIF_PARSE_WITH_RUST -DSK_ENABLE_AVX512_OPTS -DSK_CODEC_DECODES_JPEG -DSK_CODEC_ENCODES_JPEG -DSKIA_DLL -DSK_BUILD_FOR_MAC -DSK_GAMMA_SRGB -DSK_GAMMA_CONTRAST=0.0 -DSK_GANESH -DSK_GPU_WORKAROUNDS_HEADER=\"gpu/config/gpu_driver_bug_workaround_autogen.h\" -DSK_GL -DSK_GRAPHITE -DSK_DAWN -DSKCMS_DLL=1 -DCHROMIUM -DLIBYUV_DISABLE_SME -DLIBYUV_DISABLE_LSX -DLIBYUV_DISABLE_LASX -DON_FOCUS_PING_ENABLED -DABSL_CONSUME_DLL -DABSL_FLAGS_STRIP_NAMES=0 -DBORINGSSL_SHARED_LIBRARY -DWGPU_SHARED_LIBRARY -DSKCMS_IMPLEMENTATION=1 -DU_USING_ICU_NAMESPACE=0 -DU_ENABLE_DYLOAD=0 -DUSE_CHROMIUM_ICU=1 -DU_ENABLE_TRACING=1 -DU_ENABLE_RESOURCE_TRACING=0 -DICU_UTIL_DATA_IMPL=ICU_UTIL_DATA_FILE -DGOOGLE_PROTOBUF_NO_RTTI -DPROTOBUF_INTERNAL_BOUNDS_CHECK_MODE_ABORT -DHAVE_PTHREAD -DPROTOBUF_USE_DLLS -DPROTOBUF_ENABLE_DEBUG_LOGGING_MAY_LEAK_PII=0 -DWEBRTC_ENABLE_SYMBOL_EXPORT -DWEBRTC_ENABLE_AVX2 -DWEBRTC_DEPRECATE_PLAN_B -DWEBRTC_CHROMIUM_BUILD -DWEBRTC_POSIX -DWEBRTC_MAC -DABSL_ALLOCATOR_NOTHROW=1 -DLOGGING_INSIDE_WEBRTC -DLEVELDB_PLATFORM_CHROMIUM=1 -DLEVELDB_SHARED_LIBRARY -DCRASHPAD_ZLIB_SOURCE_EXTERNAL -DV8_USE_EXTERNAL_STARTUP_DATA -DUSING_V8_SHARED -DUSING_V8_SHARED_PRIVATE -DV8_ARRAY_BUFFER_INTERNAL_FIELD_COUNT=0 -DV8_ARRAY_BUFFER_VIEW_INTERNAL_FIELD_COUNT=0 -DV8_PROMISE_INTERNAL_FIELD_COUNT=0 -DV8_USE_DEFAULT_HASHER_SECRET=true -DV8_ENABLE_MEMORY_ACCOUNTING_CHECKS -DV8_COMPRESS_POINTERS -DV8_COMPRESS_POINTERS_IN_SHARED_CAGE -DV8_31BIT_SMIS_ON_64BIT_ARCH -DV8_ENABLE_SANDBOX -DV8_DEPRECATION_WARNINGS -DV8_DISALLOW_JS_IN_API_INTERRUPTS_IS_CHECKED -DV8_USE_PERFETTO -DV8_USE_PERFETTO_JSON_EXPORT -DV8_CPPGC_MICROTASK_QUEUE -DV8_HAVE_TARGET_OS -DV8_TARGET_OS_MACOS -DV8_TARGET_ARCH_ARM64 -DCPPGC_ENABLE_API_CHECKS -DCPPGC_SUPPORTS_OBJECT_NAMES -DCPPGC_CAGED_HEAP -DCPPGC_YOUNG_GENERATION -DCPPGC_POINTER_COMPRESSION -DCPPGC_ENABLE_LARGER_CAGE -DCPPGC_SLIM_WRITE_BARRIER -DFLATBUFFERS_LOCALE_INDEPENDENT=0 -DTFL_STATIC_LIBRARY_BUILD -DTF_MAJOR_VERSION=2 -DTF_MINOR_VERSION=22 -DTF_PATCH_VERSION=0 -DTF_VERSION_SUFFIX= -DEIGEN_MPL2_ONLY -DEIGEN_MAX_ALIGN_BYTES=64 -DEIGEN_HAS_TYPE_TRAITS=0 -DI18N_ADDRESS_VALIDATION_DATA_URL=\"https://chromium-i18n.appspot.com/ssl-aggregate-address/\" -DUSE_LIBCXX_MODULES -I../.. -Igen -I../../buildtools/third_party/libc++ -I../../third_party/perfetto/include -Igen/third_party/perfetto/build_config -Igen/third_party/perfetto -I../../third_party/skia -Igen/third_party/skia -I../../third_party/wuffs/src/release/c -Igen/third_party/dawn/include -I../../third_party/dawn/include -I../../net/third_party/quiche/overrides -I../../net/third_party/quiche/src/quiche/common/platform/default -I../../net/third_party/quiche/src -I../../third_party/khronos -I../../gpu -I../../third_party/libyuv/include -Igen/third_party/private_membership/src -Igen/third_party/shell-encryption/src -Igen/components/policy/proto -I../../base/allocator/partition_allocator/src -Igen/base/allocator/partition_allocator/src -I../../third_party/abseil-cpp -I../../third_party/boringssl/src/include -I../../third_party/protobuf/src -I../../third_party/ipcz/include -I../../third_party/icu/source/common -I../../third_party/icu/source/i18n -I../../third_party/ced/src -Igen/net/third_party/quiche/src -I../../third_party/re2/src -I../../third_party/webrtc_overrides -I../../third_party/webrtc -Igen/third_party/webrtc -I../../third_party/libwebm/source -I../../third_party/angle/include -I../../third_party/leveldatabase -I../../third_party/leveldatabase/src -I../../third_party/leveldatabase/src/include -I../../third_party/crashpad/crashpad -I../../third_party/crashpad/crashpad/compat/mac -I../../third_party/crashpad/crashpad/compat/non_win -I../../third_party/zlib -I../../third_party/libaom/source/libaom -I../../third_party/libaom/source/config/linux/arm64-cpu-detect -I../../v8/include -I../../third_party/flatbuffers/src/include -I../../third_party/flatbuffers/src/src -I../../third_party/flatbuffers/src -I../../third_party/flatbuffers/generated -Igen/components/reporting/proto/synced -Igen/components/optimization_guide/proto/features -Igen/third_party/omnibox_proto -Igen/third_party/metrics_proto -I../../third_party/ml_dtypes/src -I../../third_party/ml_dtypes/src/ml_dtypes -Igen/third_party/tflite/src -I../../third_party/tflite/shims -I../../third_party/tflite/src -I../../third_party/tflite/src/third_party/xla -I../../third_party/tflite/src/third_party/xla/third_party/tsl -I../../third_party/pthreadpool/src/include -I../../third_party/eigen3/src -I../../third_party/neon_2_sse/src -I../../third_party/ruy/src -I../../third_party/fp16/src/include -I../../third_party/tflite_support/src -I../../third_party/tflite_support/src/tensorflow_lite_support -Igen/third_party/tflite_support/src -I../../third_party/libaddressinput/src/cpp/include -Igen/third_party/content_analysis_sdk/src/proto -Wall -Wextra -Wimplicit-fallthrough -Wextra-semi -Wunreachable-code-aggressive -Wgnu -Wno-gnu-anonymous-struct -Wno-gnu-conditional-omitted-operand -Wno-gnu-include-next -Wno-gnu-label-as-value -Wno-gnu-redeclared-enum -Wno-gnu-statement-expression -Wno-gnu-zero-variadic-macro-arguments -Wno-zero-length-array -Wthread-safety -Wno-unused-template -Wunguarded-availability -Wno-missing-field-initializers -Wno-unused-parameter -Wno-psabi -Wno-stringop-overread -Wloop-analysis -Wno-unneeded-internal-declaration -Wno-cast-function-type -Wno-thread-safety-reference-return -Wno-nontrivial-memcall -Wno-uninitialized-const-pointer -Wno-unused-but-set-global -Wexit-time-destructors -Wshadow -Werror -Werror=\#pragma-messages -fno-delete-null-pointer-checks -fno-strict-overflow -fno-ident -fno-math-errno -fno-strict-aliasing -fstack-protector -fcolor-diagnostics -fdiagnostics-show-inlining-chain -fmerge-all-constants -fcrash-diagnostics-dir=../clang-crashreports -fno-lifetime-dse -mllvm -instcombine-lower-dbg-declare=0 -mllvm -split-threshold-for-reg-with-hint=0 -ffp-contract=off -fcomplete-member-pointers --target=arm64-apple-macos -mno-outline -Wno-builtin-macro-redefined -D__DATE__= -D__TIME__= -D__TIMESTAMP__= -ffile-compilation-dir=. -no-canonical-prefixes -Xclang -fmodule-file-home-is-cwd -Xclang -fmodules-cache-path=/not_exist_dummy_dir --warning-suppression-mappings=../../build/config/warning_suppression.txt -ftrivial-auto-var-init=pattern -O2 -fno-omit-frame-pointer -gdwarf-4 -g1 -gdwarf-aranges -isysroot sdk/xcode_links/MacOSX26.5.sdk -mmacos-version-min=13.0 -fsanitize=array-bounds -fsanitize-trap=array-bounds -fsanitize-ignore-for-ubsan-feature=array-bounds -Wno-unsafe-buffer-usage-in-static-sized-array -fsanitize=return -fsanitize-trap=return -fsanitize-ignore-for-ubsan-feature=return -fvisibility=hidden -Wheader-hygiene -Wstring-conversion -Wtautological-overlap-compare -Xclang -add-plugin -Xclang find-bad-constructs -Xclang -plugin-arg-find-bad-constructs -Xclang check-stack-allocated -Xclang -plugin-arg-find-bad-constructs -Xclang relax-ctor-checks-for-aggregates -Xclang -add-plugin -Xclang raw-ptr-plugin -Xclang -plugin-arg-raw-ptr-plugin -Xclang check-raw-ptr-to-stack-allocated -Xclang -plugin-arg-raw-ptr-plugin -Xclang disable-check-raw-ptr-to-stack-allocated-error -Xclang -plugin-arg-raw-ptr-plugin -Xclang raw-ptr-exclude-path=../../third_party/dawn/ -Xclang -plugin-arg-raw-ptr-plugin -Xclang raw-ptr-exclude-path=../../build/config/clang/chrome/test/fuzzing/webidl_fuzzing/ -Xclang -plugin-arg-raw-ptr-plugin -Xclang check-raw-ptr-fields -Xclang -plugin-arg-raw-ptr-plugin -Xclang check-span-fields -Xclang -plugin-arg-raw-ptr-plugin -Xclang check-raw-ref-fields -Xclang -plugin-arg-raw-ptr-plugin -Xclang no-special-treatment-for-oilpanized-paths -DUNSAFE_BUFFERS_BUILD -Wunsafe-buffer-usage -Wno-error=unsafe-buffer-usage -Xclang -add-plugin -Xclang unsafe-buffers -Xclang -plugin-arg-unsafe-buffers -Xclang ../../build/config/unsafe_buffers_paths.txt -Wno-invalid-offsetof -Wenum-compare-conditional -Wno-nullability-completeness -Wunique-object-duplication -std=c++23 -Wno-trigraphs -fno-exceptions -fno-rtti -nostdinc++ -isystem../../third_party/libc++/src/include -isystem../../third_party/libc++abi/src/include -fvisibility-inlines-hidden -fmodules -fno-implicit-module-maps -fno-implicit-modules -Xclang -fmodules-local-submodule-visibility -Wno-modules-ambiguous-internal-linkage -Wno-modules-import-nested-redundant -Xclang -fmodules-disable-diagnostic-validation -Wno-module-import-in-extern-c -fmodule-map-file=gen/build/modules/module.modulemap -fmodule-file=//build/modules:system=obj/build/modules/system/module.pcm -fmodule-name="//ahoi/browser/ui/sidebar:browser_sidebar_Private" -c ../../ahoi/browser/ui/sidebar/browser_sidebar_host_command_dispatch.cc -o obj/ahoi/browser/ui/sidebar/browser_sidebar/browser_sidebar_host_command_dispatch.o
In file included from ../../ahoi/browser/ui/sidebar/browser_sidebar_host_command_dispatch.cc:21:
../../ahoi/browser/ui/sidebar/browser_sidebar_host_view.h:656:50: error: non-virtual member function marked 'override' hides virtual member function
  656 |                       TabChangeType change_type) override;
      |                                                  ^
../../chrome/browser/ui/tabs/tab_strip_model_observer.h:546:16: note: hidden overloaded virtual function 'TabStripModelObserver::OnTabChangedAt' declared here: different number of parameters (2 vs 3)
  546 |   virtual void OnTabChangedAt(tabs::TabInterface* tab,
      |                ^
1 error generated.
[440/3860] CXX obj/ahoi/browser/ui/sidebar/browser_sidebar/browser_sidebar_host_device_tabs.o
FAILED: obj/ahoi/browser/ui/sidebar/browser_sidebar/browser_sidebar_host_device_tabs.o 
../../third_party/llvm-build/Release+Asserts/bin/clang++ -MMD -MF obj/ahoi/browser/ui/sidebar/browser_sidebar/browser_sidebar_host_device_tabs.o.d -D__STDC_CONSTANT_MACROS -D__STDC_FORMAT_MACROS -D_FORTIFY_SOURCE=3 -D__ARM_NEON__=1 -DCR_XCODE_BUILD=17F42 -DCR_CLANG_REVISION=\"llvmorg-24-init-3796-g20e97c4b-2\" -DCOMPONENT_BUILD -D_LIBCPP_HARDENING_MODE=_LIBCPP_HARDENING_MODE_EXTENSIVE -D_LIBCPP_INSTRUMENTED_WITH_ASAN=0 -DCR_LIBCXX_REVISION=97b436da4c33663581d394f4ee0a5977fc38c2f4 -DDCHECK_ALWAYS_ON=1 -DNDEBUG -DNVALGRIND -DDYNAMIC_ANNOTATIONS_ENABLED=0 -DTOOLKIT_VIEWS=1 -DSK_ENABLE_SKSL -DSK_UNTIL_CRBUG_1187654_IS_FIXED -DSK_USER_CONFIG_HEADER=\"../../skia/config/SkUserConfig.h\" -DSK_USE_PARTITION_ALLOC -DSK_WIN_FONTMGR_NO_SIMULATIONS -DSK_ENABLE_LEGACY_SHADERCONTEXT -DSK_LEGACY_DESERIAL_IMAGE_PROC -DSK_CODEC_DECODES_PNG -DSK_CODEC_DECODES_PNG_WITH_RUST -DSK_CODEC_ENCODES_PNG -DSK_CODEC_ENCODES_PNG_WITH_RUST -DSK_CODEC_DECODES_BMP_WITH_RUST -DSK_CODEC_DECODES_ICO_WITH_RUST -DSK_CODEC_COLOR_PROFILE_PARSE_WITH_RUST -DSK_EXIF_PARSE_WITH_RUST -DSK_ENABLE_AVX512_OPTS -DSK_CODEC_DECODES_JPEG -DSK_CODEC_ENCODES_JPEG -DSKIA_DLL -DSK_BUILD_FOR_MAC -DSK_GAMMA_SRGB -DSK_GAMMA_CONTRAST=0.0 -DSK_GANESH -DSK_GPU_WORKAROUNDS_HEADER=\"gpu/config/gpu_driver_bug_workaround_autogen.h\" -DSK_GL -DSK_GRAPHITE -DSK_DAWN -DSKCMS_DLL=1 -DCHROMIUM -DLIBYUV_DISABLE_SME -DLIBYUV_DISABLE_LSX -DLIBYUV_DISABLE_LASX -DON_FOCUS_PING_ENABLED -DABSL_CONSUME_DLL -DABSL_FLAGS_STRIP_NAMES=0 -DBORINGSSL_SHARED_LIBRARY -DWGPU_SHARED_LIBRARY -DSKCMS_IMPLEMENTATION=1 -DU_USING_ICU_NAMESPACE=0 -DU_ENABLE_DYLOAD=0 -DUSE_CHROMIUM_ICU=1 -DU_ENABLE_TRACING=1 -DU_ENABLE_RESOURCE_TRACING=0 -DICU_UTIL_DATA_IMPL=ICU_UTIL_DATA_FILE -DGOOGLE_PROTOBUF_NO_RTTI -DPROTOBUF_INTERNAL_BOUNDS_CHECK_MODE_ABORT -DHAVE_PTHREAD -DPROTOBUF_USE_DLLS -DPROTOBUF_ENABLE_DEBUG_LOGGING_MAY_LEAK_PII=0 -DWEBRTC_ENABLE_SYMBOL_EXPORT -DWEBRTC_ENABLE_AVX2 -DWEBRTC_DEPRECATE_PLAN_B -DWEBRTC_CHROMIUM_BUILD -DWEBRTC_POSIX -DWEBRTC_MAC -DABSL_ALLOCATOR_NOTHROW=1 -DLOGGING_INSIDE_WEBRTC -DLEVELDB_PLATFORM_CHROMIUM=1 -DLEVELDB_SHARED_LIBRARY -DCRASHPAD_ZLIB_SOURCE_EXTERNAL -DV8_USE_EXTERNAL_STARTUP_DATA -DUSING_V8_SHARED -DUSING_V8_SHARED_PRIVATE -DV8_ARRAY_BUFFER_INTERNAL_FIELD_COUNT=0 -DV8_ARRAY_BUFFER_VIEW_INTERNAL_FIELD_COUNT=0 -DV8_PROMISE_INTERNAL_FIELD_COUNT=0 -DV8_USE_DEFAULT_HASHER_SECRET=true -DV8_ENABLE_MEMORY_ACCOUNTING_CHECKS -DV8_COMPRESS_POINTERS -DV8_COMPRESS_POINTERS_IN_SHARED_CAGE -DV8_31BIT_SMIS_ON_64BIT_ARCH -DV8_ENABLE_SANDBOX -DV8_DEPRECATION_WARNINGS -DV8_DISALLOW_JS_IN_API_INTERRUPTS_IS_CHECKED -DV8_USE_PERFETTO -DV8_USE_PERFETTO_JSON_EXPORT -DV8_CPPGC_MICROTASK_QUEUE -DV8_HAVE_TARGET_OS -DV8_TARGET_OS_MACOS -DV8_TARGET_ARCH_ARM64 -DCPPGC_ENABLE_API_CHECKS -DCPPGC_SUPPORTS_OBJECT_NAMES -DCPPGC_CAGED_HEAP -DCPPGC_YOUNG_GENERATION -DCPPGC_POINTER_COMPRESSION -DCPPGC_ENABLE_LARGER_CAGE -DCPPGC_SLIM_WRITE_BARRIER -DFLATBUFFERS_LOCALE_INDEPENDENT=0 -DTFL_STATIC_LIBRARY_BUILD -DTF_MAJOR_VERSION=2 -DTF_MINOR_VERSION=22 -DTF_PATCH_VERSION=0 -DTF_VERSION_SUFFIX= -DEIGEN_MPL2_ONLY -DEIGEN_MAX_ALIGN_BYTES=64 -DEIGEN_HAS_TYPE_TRAITS=0 -DI18N_ADDRESS_VALIDATION_DATA_URL=\"https://chromium-i18n.appspot.com/ssl-aggregate-address/\" -DUSE_LIBCXX_MODULES -I../.. -Igen -I../../buildtools/third_party/libc++ -I../../third_party/perfetto/include -Igen/third_party/perfetto/build_config -Igen/third_party/perfetto -I../../third_party/skia -Igen/third_party/skia -I../../third_party/wuffs/src/release/c -Igen/third_party/dawn/include -I../../third_party/dawn/include -I../../net/third_party/quiche/overrides -I../../net/third_party/quiche/src/quiche/common/platform/default -I../../net/third_party/quiche/src -I../../third_party/khronos -I../../gpu -I../../third_party/libyuv/include -Igen/third_party/private_membership/src -Igen/third_party/shell-encryption/src -Igen/components/policy/proto -I../../base/allocator/partition_allocator/src -Igen/base/allocator/partition_allocator/src -I../../third_party/abseil-cpp -I../../third_party/boringssl/src/include -I../../third_party/protobuf/src -I../../third_party/ipcz/include -I../../third_party/icu/source/common -I../../third_party/icu/source/i18n -I../../third_party/ced/src -Igen/net/third_party/quiche/src -I../../third_party/re2/src -I../../third_party/webrtc_overrides -I../../third_party/webrtc -Igen/third_party/webrtc -I../../third_party/libwebm/source -I../../third_party/angle/include -I../../third_party/leveldatabase -I../../third_party/leveldatabase/src -I../../third_party/leveldatabase/src/include -I../../third_party/crashpad/crashpad -I../../third_party/crashpad/crashpad/compat/mac -I../../third_party/crashpad/crashpad/compat/non_win -I../../third_party/zlib -I../../third_party/libaom/source/libaom -I../../third_party/libaom/source/config/linux/arm64-cpu-detect -I../../v8/include -I../../third_party/flatbuffers/src/include -I../../third_party/flatbuffers/src/src -I../../third_party/flatbuffers/src -I../../third_party/flatbuffers/generated -Igen/components/reporting/proto/synced -Igen/components/optimization_guide/proto/features -Igen/third_party/omnibox_proto -Igen/third_party/metrics_proto -I../../third_party/ml_dtypes/src -I../../third_party/ml_dtypes/src/ml_dtypes -Igen/third_party/tflite/src -I../../third_party/tflite/shims -I../../third_party/tflite/src -I../../third_party/tflite/src/third_party/xla -I../../third_party/tflite/src/third_party/xla/third_party/tsl -I../../third_party/pthreadpool/src/include -I../../third_party/eigen3/src -I../../third_party/neon_2_sse/src -I../../third_party/ruy/src -I../../third_party/fp16/src/include -I../../third_party/tflite_support/src -I../../third_party/tflite_support/src/tensorflow_lite_support -Igen/third_party/tflite_support/src -I../../third_party/libaddressinput/src/cpp/include -Igen/third_party/content_analysis_sdk/src/proto -Wall -Wextra -Wimplicit-fallthrough -Wextra-semi -Wunreachable-code-aggressive -Wgnu -Wno-gnu-anonymous-struct -Wno-gnu-conditional-omitted-operand -Wno-gnu-include-next -Wno-gnu-label-as-value -Wno-gnu-redeclared-enum -Wno-gnu-statement-expression -Wno-gnu-zero-variadic-macro-arguments -Wno-zero-length-array -Wthread-safety -Wno-unused-template -Wunguarded-availability -Wno-missing-field-initializers -Wno-unused-parameter -Wno-psabi -Wno-stringop-overread -Wloop-analysis -Wno-unneeded-internal-declaration -Wno-cast-function-type -Wno-thread-safety-reference-return -Wno-nontrivial-memcall -Wno-uninitialized-const-pointer -Wno-unused-but-set-global -Wexit-time-destructors -Wshadow -Werror -Werror=\#pragma-messages -fno-delete-null-pointer-checks -fno-strict-overflow -fno-ident -fno-math-errno -fno-strict-aliasing -fstack-protector -fcolor-diagnostics -fdiagnostics-show-inlining-chain -fmerge-all-constants -fcrash-diagnostics-dir=../clang-crashreports -fno-lifetime-dse -mllvm -instcombine-lower-dbg-declare=0 -mllvm -split-threshold-for-reg-with-hint=0 -ffp-contract=off -fcomplete-member-pointers --target=arm64-apple-macos -mno-outline -Wno-builtin-macro-redefined -D__DATE__= -D__TIME__= -D__TIMESTAMP__= -ffile-compilation-dir=. -no-canonical-prefixes -Xclang -fmodule-file-home-is-cwd -Xclang -fmodules-cache-path=/not_exist_dummy_dir --warning-suppression-mappings=../../build/config/warning_suppression.txt -ftrivial-auto-var-init=pattern -O2 -fno-omit-frame-pointer -gdwarf-4 -g1 -gdwarf-aranges -isysroot sdk/xcode_links/MacOSX26.5.sdk -mmacos-version-min=13.0 -fsanitize=array-bounds -fsanitize-trap=array-bounds -fsanitize-ignore-for-ubsan-feature=array-bounds -Wno-unsafe-buffer-usage-in-static-sized-array -fsanitize=return -fsanitize-trap=return -fsanitize-ignore-for-ubsan-feature=return -fvisibility=hidden -Wheader-hygiene -Wstring-conversion -Wtautological-overlap-compare -Xclang -add-plugin -Xclang find-bad-constructs -Xclang -plugin-arg-find-bad-constructs -Xclang check-stack-allocated -Xclang -plugin-arg-find-bad-constructs -Xclang relax-ctor-checks-for-aggregates -Xclang -add-plugin -Xclang raw-ptr-plugin -Xclang -plugin-arg-raw-ptr-plugin -Xclang check-raw-ptr-to-stack-allocated -Xclang -plugin-arg-raw-ptr-plugin -Xclang disable-check-raw-ptr-to-stack-allocated-error -Xclang -plugin-arg-raw-ptr-plugin -Xclang raw-ptr-exclude-path=../../third_party/dawn/ -Xclang -plugin-arg-raw-ptr-plugin -Xclang raw-ptr-exclude-path=../../build/config/clang/chrome/test/fuzzing/webidl_fuzzing/ -Xclang -plugin-arg-raw-ptr-plugin -Xclang check-raw-ptr-fields -Xclang -plugin-arg-raw-ptr-plugin -Xclang check-span-fields -Xclang -plugin-arg-raw-ptr-plugin -Xclang check-raw-ref-fields -Xclang -plugin-arg-raw-ptr-plugin -Xclang no-special-treatment-for-oilpanized-paths -DUNSAFE_BUFFERS_BUILD -Wunsafe-buffer-usage -Wno-error=unsafe-buffer-usage -Xclang -add-plugin -Xclang unsafe-buffers -Xclang -plugin-arg-unsafe-buffers -Xclang ../../build/config/unsafe_buffers_paths.txt -Wno-invalid-offsetof -Wenum-compare-conditional -Wno-nullability-completeness -Wunique-object-duplication -std=c++23 -Wno-trigraphs -fno-exceptions -fno-rtti -nostdinc++ -isystem../../third_party/libc++/src/include -isystem../../third_party/libc++abi/src/include -fvisibility-inlines-hidden -fmodules -fno-implicit-module-maps -fno-implicit-modules -Xclang -fmodules-local-submodule-visibility -Wno-modules-ambiguous-internal-linkage -Wno-modules-import-nested-redundant -Xclang -fmodules-disable-diagnostic-validation -Wno-module-import-in-extern-c -fmodule-map-file=gen/build/modules/module.modulemap -fmodule-file=//build/modules:system=obj/build/modules/system/module.pcm -fmodule-name="//ahoi/browser/ui/sidebar:browser_sidebar_Private" -c ../../ahoi/browser/ui/sidebar/browser_sidebar_host_device_tabs.cc -o obj/ahoi/browser/ui/sidebar/browser_sidebar/browser_sidebar_host_device_tabs.o
In file included from ../../ahoi/browser/ui/sidebar/browser_sidebar_host_device_tabs.cc:15:
../../ahoi/browser/ui/sidebar/browser_sidebar_host_view.h:656:50: error: non-virtual member function marked 'override' hides virtual member function
  656 |                       TabChangeType change_type) override;
      |                                                  ^
../../chrome/browser/ui/tabs/tab_strip_model_observer.h:546:16: note: hidden overloaded virtual function 'TabStripModelObserver::OnTabChangedAt' declared here: different number of parameters (2 vs 3)
  546 |   virtual void OnTabChangedAt(tabs::TabInterface* tab,
      |                ^
1 error generated.
[441/3860] CXX obj/ahoi/browser/ui/sidebar/browser_sidebar/browser_sidebar_host_context_menu.o
FAILED: obj/ahoi/browser/ui/sidebar/browser_sidebar/browser_sidebar_host_context_menu.o 
../../third_party/llvm-build/Release+Asserts/bin/clang++ -MMD -MF obj/ahoi/browser/ui/sidebar/browser_sidebar/browser_sidebar_host_context_menu.o.d -D__STDC_CONSTANT_MACROS -D__STDC_FORMAT_MACROS -D_FORTIFY_SOURCE=3 -D__ARM_NEON__=1 -DCR_XCODE_BUILD=17F42 -DCR_CLANG_REVISION=\"llvmorg-24-init-3796-g20e97c4b-2\" -DCOMPONENT_BUILD -D_LIBCPP_HARDENING_MODE=_LIBCPP_HARDENING_MODE_EXTENSIVE -D_LIBCPP_INSTRUMENTED_WITH_ASAN=0 -DCR_LIBCXX_REVISION=97b436da4c33663581d394f4ee0a5977fc38c2f4 -DDCHECK_ALWAYS_ON=1 -DNDEBUG -DNVALGRIND -DDYNAMIC_ANNOTATIONS_ENABLED=0 -DTOOLKIT_VIEWS=1 -DSK_ENABLE_SKSL -DSK_UNTIL_CRBUG_1187654_IS_FIXED -DSK_USER_CONFIG_HEADER=\"../../skia/config/SkUserConfig.h\" -DSK_USE_PARTITION_ALLOC -DSK_WIN_FONTMGR_NO_SIMULATIONS -DSK_ENABLE_LEGACY_SHADERCONTEXT -DSK_LEGACY_DESERIAL_IMAGE_PROC -DSK_CODEC_DECODES_PNG -DSK_CODEC_DECODES_PNG_WITH_RUST -DSK_CODEC_ENCODES_PNG -DSK_CODEC_ENCODES_PNG_WITH_RUST -DSK_CODEC_DECODES_BMP_WITH_RUST -DSK_CODEC_DECODES_ICO_WITH_RUST -DSK_CODEC_COLOR_PROFILE_PARSE_WITH_RUST -DSK_EXIF_PARSE_WITH_RUST -DSK_ENABLE_AVX512_OPTS -DSK_CODEC_DECODES_JPEG -DSK_CODEC_ENCODES_JPEG -DSKIA_DLL -DSK_BUILD_FOR_MAC -DSK_GAMMA_SRGB -DSK_GAMMA_CONTRAST=0.0 -DSK_GANESH -DSK_GPU_WORKAROUNDS_HEADER=\"gpu/config/gpu_driver_bug_workaround_autogen.h\" -DSK_GL -DSK_GRAPHITE -DSK_DAWN -DSKCMS_DLL=1 -DCHROMIUM -DLIBYUV_DISABLE_SME -DLIBYUV_DISABLE_LSX -DLIBYUV_DISABLE_LASX -DON_FOCUS_PING_ENABLED -DABSL_CONSUME_DLL -DABSL_FLAGS_STRIP_NAMES=0 -DBORINGSSL_SHARED_LIBRARY -DWGPU_SHARED_LIBRARY -DSKCMS_IMPLEMENTATION=1 -DU_USING_ICU_NAMESPACE=0 -DU_ENABLE_DYLOAD=0 -DUSE_CHROMIUM_ICU=1 -DU_ENABLE_TRACING=1 -DU_ENABLE_RESOURCE_TRACING=0 -DICU_UTIL_DATA_IMPL=ICU_UTIL_DATA_FILE -DGOOGLE_PROTOBUF_NO_RTTI -DPROTOBUF_INTERNAL_BOUNDS_CHECK_MODE_ABORT -DHAVE_PTHREAD -DPROTOBUF_USE_DLLS -DPROTOBUF_ENABLE_DEBUG_LOGGING_MAY_LEAK_PII=0 -DWEBRTC_ENABLE_SYMBOL_EXPORT -DWEBRTC_ENABLE_AVX2 -DWEBRTC_DEPRECATE_PLAN_B -DWEBRTC_CHROMIUM_BUILD -DWEBRTC_POSIX -DWEBRTC_MAC -DABSL_ALLOCATOR_NOTHROW=1 -DLOGGING_INSIDE_WEBRTC -DLEVELDB_PLATFORM_CHROMIUM=1 -DLEVELDB_SHARED_LIBRARY -DCRASHPAD_ZLIB_SOURCE_EXTERNAL -DV8_USE_EXTERNAL_STARTUP_DATA -DUSING_V8_SHARED -DUSING_V8_SHARED_PRIVATE -DV8_ARRAY_BUFFER_INTERNAL_FIELD_COUNT=0 -DV8_ARRAY_BUFFER_VIEW_INTERNAL_FIELD_COUNT=0 -DV8_PROMISE_INTERNAL_FIELD_COUNT=0 -DV8_USE_DEFAULT_HASHER_SECRET=true -DV8_ENABLE_MEMORY_ACCOUNTING_CHECKS -DV8_COMPRESS_POINTERS -DV8_COMPRESS_POINTERS_IN_SHARED_CAGE -DV8_31BIT_SMIS_ON_64BIT_ARCH -DV8_ENABLE_SANDBOX -DV8_DEPRECATION_WARNINGS -DV8_DISALLOW_JS_IN_API_INTERRUPTS_IS_CHECKED -DV8_USE_PERFETTO -DV8_USE_PERFETTO_JSON_EXPORT -DV8_CPPGC_MICROTASK_QUEUE -DV8_HAVE_TARGET_OS -DV8_TARGET_OS_MACOS -DV8_TARGET_ARCH_ARM64 -DCPPGC_ENABLE_API_CHECKS -DCPPGC_SUPPORTS_OBJECT_NAMES -DCPPGC_CAGED_HEAP -DCPPGC_YOUNG_GENERATION -DCPPGC_POINTER_COMPRESSION -DCPPGC_ENABLE_LARGER_CAGE -DCPPGC_SLIM_WRITE_BARRIER -DFLATBUFFERS_LOCALE_INDEPENDENT=0 -DTFL_STATIC_LIBRARY_BUILD -DTF_MAJOR_VERSION=2 -DTF_MINOR_VERSION=22 -DTF_PATCH_VERSION=0 -DTF_VERSION_SUFFIX= -DEIGEN_MPL2_ONLY -DEIGEN_MAX_ALIGN_BYTES=64 -DEIGEN_HAS_TYPE_TRAITS=0 -DI18N_ADDRESS_VALIDATION_DATA_URL=\"https://chromium-i18n.appspot.com/ssl-aggregate-address/\" -DUSE_LIBCXX_MODULES -I../.. -Igen -I../../buildtools/third_party/libc++ -I../../third_party/perfetto/include -Igen/third_party/perfetto/build_config -Igen/third_party/perfetto -I../../third_party/skia -Igen/third_party/skia -I../../third_party/wuffs/src/release/c -Igen/third_party/dawn/include -I../../third_party/dawn/include -I../../net/third_party/quiche/overrides -I../../net/third_party/quiche/src/quiche/common/platform/default -I../../net/third_party/quiche/src -I../../third_party/khronos -I../../gpu -I../../third_party/libyuv/include -Igen/third_party/private_membership/src -Igen/third_party/shell-encryption/src -Igen/components/policy/proto -I../../base/allocator/partition_allocator/src -Igen/base/allocator/partition_allocator/src -I../../third_party/abseil-cpp -I../../third_party/boringssl/src/include -I../../third_party/protobuf/src -I../../third_party/ipcz/include -I../../third_party/icu/source/common -I../../third_party/icu/source/i18n -I../../third_party/ced/src -Igen/net/third_party/quiche/src -I../../third_party/re2/src -I../../third_party/webrtc_overrides -I../../third_party/webrtc -Igen/third_party/webrtc -I../../third_party/libwebm/source -I../../third_party/angle/include -I../../third_party/leveldatabase -I../../third_party/leveldatabase/src -I../../third_party/leveldatabase/src/include -I../../third_party/crashpad/crashpad -I../../third_party/crashpad/crashpad/compat/mac -I../../third_party/crashpad/crashpad/compat/non_win -I../../third_party/zlib -I../../third_party/libaom/source/libaom -I../../third_party/libaom/source/config/linux/arm64-cpu-detect -I../../v8/include -I../../third_party/flatbuffers/src/include -I../../third_party/flatbuffers/src/src -I../../third_party/flatbuffers/src -I../../third_party/flatbuffers/generated -Igen/components/reporting/proto/synced -Igen/components/optimization_guide/proto/features -Igen/third_party/omnibox_proto -Igen/third_party/metrics_proto -I../../third_party/ml_dtypes/src -I../../third_party/ml_dtypes/src/ml_dtypes -Igen/third_party/tflite/src -I../../third_party/tflite/shims -I../../third_party/tflite/src -I../../third_party/tflite/src/third_party/xla -I../../third_party/tflite/src/third_party/xla/third_party/tsl -I../../third_party/pthreadpool/src/include -I../../third_party/eigen3/src -I../../third_party/neon_2_sse/src -I../../third_party/ruy/src -I../../third_party/fp16/src/include -I../../third_party/tflite_support/src -I../../third_party/tflite_support/src/tensorflow_lite_support -Igen/third_party/tflite_support/src -I../../third_party/libaddressinput/src/cpp/include -Igen/third_party/content_analysis_sdk/src/proto -Wall -Wextra -Wimplicit-fallthrough -Wextra-semi -Wunreachable-code-aggressive -Wgnu -Wno-gnu-anonymous-struct -Wno-gnu-conditional-omitted-operand -Wno-gnu-include-next -Wno-gnu-label-as-value -Wno-gnu-redeclared-enum -Wno-gnu-statement-expression -Wno-gnu-zero-variadic-macro-arguments -Wno-zero-length-array -Wthread-safety -Wno-unused-template -Wunguarded-availability -Wno-missing-field-initializers -Wno-unused-parameter -Wno-psabi -Wno-stringop-overread -Wloop-analysis -Wno-unneeded-internal-declaration -Wno-cast-function-type -Wno-thread-safety-reference-return -Wno-nontrivial-memcall -Wno-uninitialized-const-pointer -Wno-unused-but-set-global -Wexit-time-destructors -Wshadow -Werror -Werror=\#pragma-messages -fno-delete-null-pointer-checks -fno-strict-overflow -fno-ident -fno-math-errno -fno-strict-aliasing -fstack-protector -fcolor-diagnostics -fdiagnostics-show-inlining-chain -fmerge-all-constants -fcrash-diagnostics-dir=../clang-crashreports -fno-lifetime-dse -mllvm -instcombine-lower-dbg-declare=0 -mllvm -split-threshold-for-reg-with-hint=0 -ffp-contract=off -fcomplete-member-pointers --target=arm64-apple-macos -mno-outline -Wno-builtin-macro-redefined -D__DATE__= -D__TIME__= -D__TIMESTAMP__= -ffile-compilation-dir=. -no-canonical-prefixes -Xclang -fmodule-file-home-is-cwd -Xclang -fmodules-cache-path=/not_exist_dummy_dir --warning-suppression-mappings=../../build/config/warning_suppression.txt -ftrivial-auto-var-init=pattern -O2 -fno-omit-frame-pointer -gdwarf-4 -g1 -gdwarf-aranges -isysroot sdk/xcode_links/MacOSX26.5.sdk -mmacos-version-min=13.0 -fsanitize=array-bounds -fsanitize-trap=array-bounds -fsanitize-ignore-for-ubsan-feature=array-bounds -Wno-unsafe-buffer-usage-in-static-sized-array -fsanitize=return -fsanitize-trap=return -fsanitize-ignore-for-ubsan-feature=return -fvisibility=hidden -Wheader-hygiene -Wstring-conversion -Wtautological-overlap-compare -Xclang -add-plugin -Xclang find-bad-constructs -Xclang -plugin-arg-find-bad-constructs -Xclang check-stack-allocated -Xclang -plugin-arg-find-bad-constructs -Xclang relax-ctor-checks-for-aggregates -Xclang -add-plugin -Xclang raw-ptr-plugin -Xclang -plugin-arg-raw-ptr-plugin -Xclang check-raw-ptr-to-stack-allocated -Xclang -plugin-arg-raw-ptr-plugin -Xclang disable-check-raw-ptr-to-stack-allocated-error -Xclang -plugin-arg-raw-ptr-plugin -Xclang raw-ptr-exclude-path=../../third_party/dawn/ -Xclang -plugin-arg-raw-ptr-plugin -Xclang raw-ptr-exclude-path=../../build/config/clang/chrome/test/fuzzing/webidl_fuzzing/ -Xclang -plugin-arg-raw-ptr-plugin -Xclang check-raw-ptr-fields -Xclang -plugin-arg-raw-ptr-plugin -Xclang check-span-fields -Xclang -plugin-arg-raw-ptr-plugin -Xclang check-raw-ref-fields -Xclang -plugin-arg-raw-ptr-plugin -Xclang no-special-treatment-for-oilpanized-paths -DUNSAFE_BUFFERS_BUILD -Wunsafe-buffer-usage -Wno-error=unsafe-buffer-usage -Xclang -add-plugin -Xclang unsafe-buffers -Xclang -plugin-arg-unsafe-buffers -Xclang ../../build/config/unsafe_buffers_paths.txt -Wno-invalid-offsetof -Wenum-compare-conditional -Wno-nullability-completeness -Wunique-object-duplication -std=c++23 -Wno-trigraphs -fno-exceptions -fno-rtti -nostdinc++ -isystem../../third_party/libc++/src/include -isystem../../third_party/libc++abi/src/include -fvisibility-inlines-hidden -fmodules -fno-implicit-module-maps -fno-implicit-modules -Xclang -fmodules-local-submodule-visibility -Wno-modules-ambiguous-internal-linkage -Wno-modules-import-nested-redundant -Xclang -fmodules-disable-diagnostic-validation -Wno-module-import-in-extern-c -fmodule-map-file=gen/build/modules/module.modulemap -fmodule-file=//build/modules:system=obj/build/modules/system/module.pcm -fmodule-name="//ahoi/browser/ui/sidebar:browser_sidebar_Private" -c ../../ahoi/browser/ui/sidebar/browser_sidebar_host_context_menu.cc -o obj/ahoi/browser/ui/sidebar/browser_sidebar/browser_sidebar_host_context_menu.o
In file included from ../../ahoi/browser/ui/sidebar/browser_sidebar_host_context_menu.cc:21:
../../ahoi/browser/ui/sidebar/browser_sidebar_host_view.h:656:50: error: non-virtual member function marked 'override' hides virtual member function
  656 |                       TabChangeType change_type) override;
      |                                                  ^
../../chrome/browser/ui/tabs/tab_strip_model_observer.h:546:16: note: hidden overloaded virtual function 'TabStripModelObserver::OnTabChangedAt' declared here: different number of parameters (2 vs 3)
  546 |   virtual void OnTabChangedAt(tabs::TabInterface* tab,
      |                ^
../../ahoi/browser/ui/sidebar/browser_sidebar_host_context_menu.cc:282:21: error: no member named 'GetBrowserView' in 'Browser'
  282 |           browser_->GetBrowserView().GetAhoiSidebarPresentationMode() ==
      |           ~~~~~~~~~~^
../../ahoi/browser/ui/sidebar/browser_sidebar_host_context_menu.cc:589:22: error: no member named 'GetBrowserView' in 'Browser'
  589 |     return browser_->GetBrowserView().GetAhoiSidebarPresentationMode() ==
      |            ~~~~~~~~~~^
3 errors generated.
[442/3860] CXX obj/ahoi/browser/ui/sidebar/browser_sidebar/browser_sidebar_host_core.o
FAILED: obj/ahoi/browser/ui/sidebar/browser_sidebar/browser_sidebar_host_core.o 
../../third_party/llvm-build/Release+Asserts/bin/clang++ -MMD -MF obj/ahoi/browser/ui/sidebar/browser_sidebar/browser_sidebar_host_core.o.d -D__STDC_CONSTANT_MACROS -D__STDC_FORMAT_MACROS -D_FORTIFY_SOURCE=3 -D__ARM_NEON__=1 -DCR_XCODE_BUILD=17F42 -DCR_CLANG_REVISION=\"llvmorg-24-init-3796-g20e97c4b-2\" -DCOMPONENT_BUILD -D_LIBCPP_HARDENING_MODE=_LIBCPP_HARDENING_MODE_EXTENSIVE -D_LIBCPP_INSTRUMENTED_WITH_ASAN=0 -DCR_LIBCXX_REVISION=97b436da4c33663581d394f4ee0a5977fc38c2f4 -DDCHECK_ALWAYS_ON=1 -DNDEBUG -DNVALGRIND -DDYNAMIC_ANNOTATIONS_ENABLED=0 -DTOOLKIT_VIEWS=1 -DSK_ENABLE_SKSL -DSK_UNTIL_CRBUG_1187654_IS_FIXED -DSK_USER_CONFIG_HEADER=\"../../skia/config/SkUserConfig.h\" -DSK_USE_PARTITION_ALLOC -DSK_WIN_FONTMGR_NO_SIMULATIONS -DSK_ENABLE_LEGACY_SHADERCONTEXT -DSK_LEGACY_DESERIAL_IMAGE_PROC -DSK_CODEC_DECODES_PNG -DSK_CODEC_DECODES_PNG_WITH_RUST -DSK_CODEC_ENCODES_PNG -DSK_CODEC_ENCODES_PNG_WITH_RUST -DSK_CODEC_DECODES_BMP_WITH_RUST -DSK_CODEC_DECODES_ICO_WITH_RUST -DSK_CODEC_COLOR_PROFILE_PARSE_WITH_RUST -DSK_EXIF_PARSE_WITH_RUST -DSK_ENABLE_AVX512_OPTS -DSK_CODEC_DECODES_JPEG -DSK_CODEC_ENCODES_JPEG -DSKIA_DLL -DSK_BUILD_FOR_MAC -DSK_GAMMA_SRGB -DSK_GAMMA_CONTRAST=0.0 -DSK_GANESH -DSK_GPU_WORKAROUNDS_HEADER=\"gpu/config/gpu_driver_bug_workaround_autogen.h\" -DSK_GL -DSK_GRAPHITE -DSK_DAWN -DSKCMS_DLL=1 -DCHROMIUM -DLIBYUV_DISABLE_SME -DLIBYUV_DISABLE_LSX -DLIBYUV_DISABLE_LASX -DON_FOCUS_PING_ENABLED -DABSL_CONSUME_DLL -DABSL_FLAGS_STRIP_NAMES=0 -DBORINGSSL_SHARED_LIBRARY -DWGPU_SHARED_LIBRARY -DSKCMS_IMPLEMENTATION=1 -DU_USING_ICU_NAMESPACE=0 -DU_ENABLE_DYLOAD=0 -DUSE_CHROMIUM_ICU=1 -DU_ENABLE_TRACING=1 -DU_ENABLE_RESOURCE_TRACING=0 -DICU_UTIL_DATA_IMPL=ICU_UTIL_DATA_FILE -DGOOGLE_PROTOBUF_NO_RTTI -DPROTOBUF_INTERNAL_BOUNDS_CHECK_MODE_ABORT -DHAVE_PTHREAD -DPROTOBUF_USE_DLLS -DPROTOBUF_ENABLE_DEBUG_LOGGING_MAY_LEAK_PII=0 -DWEBRTC_ENABLE_SYMBOL_EXPORT -DWEBRTC_ENABLE_AVX2 -DWEBRTC_DEPRECATE_PLAN_B -DWEBRTC_CHROMIUM_BUILD -DWEBRTC_POSIX -DWEBRTC_MAC -DABSL_ALLOCATOR_NOTHROW=1 -DLOGGING_INSIDE_WEBRTC -DLEVELDB_PLATFORM_CHROMIUM=1 -DLEVELDB_SHARED_LIBRARY -DCRASHPAD_ZLIB_SOURCE_EXTERNAL -DV8_USE_EXTERNAL_STARTUP_DATA -DUSING_V8_SHARED -DUSING_V8_SHARED_PRIVATE -DV8_ARRAY_BUFFER_INTERNAL_FIELD_COUNT=0 -DV8_ARRAY_BUFFER_VIEW_INTERNAL_FIELD_COUNT=0 -DV8_PROMISE_INTERNAL_FIELD_COUNT=0 -DV8_USE_DEFAULT_HASHER_SECRET=true -DV8_ENABLE_MEMORY_ACCOUNTING_CHECKS -DV8_COMPRESS_POINTERS -DV8_COMPRESS_POINTERS_IN_SHARED_CAGE -DV8_31BIT_SMIS_ON_64BIT_ARCH -DV8_ENABLE_SANDBOX -DV8_DEPRECATION_WARNINGS -DV8_DISALLOW_JS_IN_API_INTERRUPTS_IS_CHECKED -DV8_USE_PERFETTO -DV8_USE_PERFETTO_JSON_EXPORT -DV8_CPPGC_MICROTASK_QUEUE -DV8_HAVE_TARGET_OS -DV8_TARGET_OS_MACOS -DV8_TARGET_ARCH_ARM64 -DCPPGC_ENABLE_API_CHECKS -DCPPGC_SUPPORTS_OBJECT_NAMES -DCPPGC_CAGED_HEAP -DCPPGC_YOUNG_GENERATION -DCPPGC_POINTER_COMPRESSION -DCPPGC_ENABLE_LARGER_CAGE -DCPPGC_SLIM_WRITE_BARRIER -DFLATBUFFERS_LOCALE_INDEPENDENT=0 -DTFL_STATIC_LIBRARY_BUILD -DTF_MAJOR_VERSION=2 -DTF_MINOR_VERSION=22 -DTF_PATCH_VERSION=0 -DTF_VERSION_SUFFIX= -DEIGEN_MPL2_ONLY -DEIGEN_MAX_ALIGN_BYTES=64 -DEIGEN_HAS_TYPE_TRAITS=0 -DI18N_ADDRESS_VALIDATION_DATA_URL=\"https://chromium-i18n.appspot.com/ssl-aggregate-address/\" -DUSE_LIBCXX_MODULES -I../.. -Igen -I../../buildtools/third_party/libc++ -I../../third_party/perfetto/include -Igen/third_party/perfetto/build_config -Igen/third_party/perfetto -I../../third_party/skia -Igen/third_party/skia -I../../third_party/wuffs/src/release/c -Igen/third_party/dawn/include -I../../third_party/dawn/include -I../../net/third_party/quiche/overrides -I../../net/third_party/quiche/src/quiche/common/platform/default -I../../net/third_party/quiche/src -I../../third_party/khronos -I../../gpu -I../../third_party/libyuv/include -Igen/third_party/private_membership/src -Igen/third_party/shell-encryption/src -Igen/components/policy/proto -I../../base/allocator/partition_allocator/src -Igen/base/allocator/partition_allocator/src -I../../third_party/abseil-cpp -I../../third_party/boringssl/src/include -I../../third_party/protobuf/src -I../../third_party/ipcz/include -I../../third_party/icu/source/common -I../../third_party/icu/source/i18n -I../../third_party/ced/src -Igen/net/third_party/quiche/src -I../../third_party/re2/src -I../../third_party/webrtc_overrides -I../../third_party/webrtc -Igen/third_party/webrtc -I../../third_party/libwebm/source -I../../third_party/angle/include -I../../third_party/leveldatabase -I../../third_party/leveldatabase/src -I../../third_party/leveldatabase/src/include -I../../third_party/crashpad/crashpad -I../../third_party/crashpad/crashpad/compat/mac -I../../third_party/crashpad/crashpad/compat/non_win -I../../third_party/zlib -I../../third_party/libaom/source/libaom -I../../third_party/libaom/source/config/linux/arm64-cpu-detect -I../../v8/include -I../../third_party/flatbuffers/src/include -I../../third_party/flatbuffers/src/src -I../../third_party/flatbuffers/src -I../../third_party/flatbuffers/generated -Igen/components/reporting/proto/synced -Igen/components/optimization_guide/proto/features -Igen/third_party/omnibox_proto -Igen/third_party/metrics_proto -I../../third_party/ml_dtypes/src -I../../third_party/ml_dtypes/src/ml_dtypes -Igen/third_party/tflite/src -I../../third_party/tflite/shims -I../../third_party/tflite/src -I../../third_party/tflite/src/third_party/xla -I../../third_party/tflite/src/third_party/xla/third_party/tsl -I../../third_party/pthreadpool/src/include -I../../third_party/eigen3/src -I../../third_party/neon_2_sse/src -I../../third_party/ruy/src -I../../third_party/fp16/src/include -I../../third_party/tflite_support/src -I../../third_party/tflite_support/src/tensorflow_lite_support -Igen/third_party/tflite_support/src -I../../third_party/libaddressinput/src/cpp/include -Igen/third_party/content_analysis_sdk/src/proto -Wall -Wextra -Wimplicit-fallthrough -Wextra-semi -Wunreachable-code-aggressive -Wgnu -Wno-gnu-anonymous-struct -Wno-gnu-conditional-omitted-operand -Wno-gnu-include-next -Wno-gnu-label-as-value -Wno-gnu-redeclared-enum -Wno-gnu-statement-expression -Wno-gnu-zero-variadic-macro-arguments -Wno-zero-length-array -Wthread-safety -Wno-unused-template -Wunguarded-availability -Wno-missing-field-initializers -Wno-unused-parameter -Wno-psabi -Wno-stringop-overread -Wloop-analysis -Wno-unneeded-internal-declaration -Wno-cast-function-type -Wno-thread-safety-reference-return -Wno-nontrivial-memcall -Wno-uninitialized-const-pointer -Wno-unused-but-set-global -Wexit-time-destructors -Wshadow -Werror -Werror=\#pragma-messages -fno-delete-null-pointer-checks -fno-strict-overflow -fno-ident -fno-math-errno -fno-strict-aliasing -fstack-protector -fcolor-diagnostics -fdiagnostics-show-inlining-chain -fmerge-all-constants -fcrash-diagnostics-dir=../clang-crashreports -fno-lifetime-dse -mllvm -instcombine-lower-dbg-declare=0 -mllvm -split-threshold-for-reg-with-hint=0 -ffp-contract=off -fcomplete-member-pointers --target=arm64-apple-macos -mno-outline -Wno-builtin-macro-redefined -D__DATE__= -D__TIME__= -D__TIMESTAMP__= -ffile-compilation-dir=. -no-canonical-prefixes -Xclang -fmodule-file-home-is-cwd -Xclang -fmodules-cache-path=/not_exist_dummy_dir --warning-suppression-mappings=../../build/config/warning_suppression.txt -ftrivial-auto-var-init=pattern -O2 -fno-omit-frame-pointer -gdwarf-4 -g1 -gdwarf-aranges -isysroot sdk/xcode_links/MacOSX26.5.sdk -mmacos-version-min=13.0 -fsanitize=array-bounds -fsanitize-trap=array-bounds -fsanitize-ignore-for-ubsan-feature=array-bounds -Wno-unsafe-buffer-usage-in-static-sized-array -fsanitize=return -fsanitize-trap=return -fsanitize-ignore-for-ubsan-feature=return -fvisibility=hidden -Wheader-hygiene -Wstring-conversion -Wtautological-overlap-compare -Xclang -add-plugin -Xclang find-bad-constructs -Xclang -plugin-arg-find-bad-constructs -Xclang check-stack-allocated -Xclang -plugin-arg-find-bad-constructs -Xclang relax-ctor-checks-for-aggregates -Xclang -add-plugin -Xclang raw-ptr-plugin -Xclang -plugin-arg-raw-ptr-plugin -Xclang check-raw-ptr-to-stack-allocated -Xclang -plugin-arg-raw-ptr-plugin -Xclang disable-check-raw-ptr-to-stack-allocated-error -Xclang -plugin-arg-raw-ptr-plugin -Xclang raw-ptr-exclude-path=../../third_party/dawn/ -Xclang -plugin-arg-raw-ptr-plugin -Xclang raw-ptr-exclude-path=../../build/config/clang/chrome/test/fuzzing/webidl_fuzzing/ -Xclang -plugin-arg-raw-ptr-plugin -Xclang check-raw-ptr-fields -Xclang -plugin-arg-raw-ptr-plugin -Xclang check-span-fields -Xclang -plugin-arg-raw-ptr-plugin -Xclang check-raw-ref-fields -Xclang -plugin-arg-raw-ptr-plugin -Xclang no-special-treatment-for-oilpanized-paths -DUNSAFE_BUFFERS_BUILD -Wunsafe-buffer-usage -Wno-error=unsafe-buffer-usage -Xclang -add-plugin -Xclang unsafe-buffers -Xclang -plugin-arg-unsafe-buffers -Xclang ../../build/config/unsafe_buffers_paths.txt -Wno-invalid-offsetof -Wenum-compare-conditional -Wno-nullability-completeness -Wunique-object-duplication -std=c++23 -Wno-trigraphs -fno-exceptions -fno-rtti -nostdinc++ -isystem../../third_party/libc++/src/include -isystem../../third_party/libc++abi/src/include -fvisibility-inlines-hidden -fmodules -fno-implicit-module-maps -fno-implicit-modules -Xclang -fmodules-local-submodule-visibility -Wno-modules-ambiguous-internal-linkage -Wno-modules-import-nested-redundant -Xclang -fmodules-disable-diagnostic-validation -Wno-module-import-in-extern-c -fmodule-map-file=gen/build/modules/module.modulemap -fmodule-file=//build/modules:system=obj/build/modules/system/module.pcm -fmodule-name="//ahoi/browser/ui/sidebar:browser_sidebar_Private" -c ../../ahoi/browser/ui/sidebar/browser_sidebar_host_core.cc -o obj/ahoi/browser/ui/sidebar/browser_sidebar/browser_sidebar_host_core.o
In file included from ../../ahoi/browser/ui/sidebar/browser_sidebar_host_core.cc:23:
../../ahoi/browser/ui/sidebar/browser_sidebar_host_view.h:656:50: error: non-virtual member function marked 'override' hides virtual member function
  656 |                       TabChangeType change_type) override;
      |                                                  ^
../../chrome/browser/ui/tabs/tab_strip_model_observer.h:546:16: note: hidden overloaded virtual function 'TabStripModelObserver::OnTabChangedAt' declared here: different number of parameters (2 vs 3)
  546 |   virtual void OnTabChangedAt(tabs::TabInterface* tab,
      |                ^
../../ahoi/browser/ui/sidebar/browser_sidebar_host_core.cc:470:17: error: no member named 'GetBrowserView' in 'Browser'
  470 |       browser_->GetBrowserView().SetAhoiEmptyStateVisible(false);
      |       ~~~~~~~~~~^
../../ahoi/browser/ui/sidebar/browser_sidebar_host_core.cc:513:19: error: no member named 'GetBrowserView' in 'Browser'
  513 |         browser_->GetBrowserView().SetAhoiEmptyStateVisible(false);
      |         ~~~~~~~~~~^
../../ahoi/browser/ui/sidebar/browser_sidebar_host_core.cc:523:15: error: no member named 'GetBrowserView' in 'Browser'
  523 |     browser_->GetBrowserView().SetAhoiEmptyStateVisible(true);
      |     ~~~~~~~~~~^
../../ahoi/browser/ui/sidebar/browser_sidebar_host_core.cc:537:15: error: no member named 'GetBrowserView' in 'Browser'
  537 |     browser_->GetBrowserView().SetAhoiEmptyStateVisible(false);
      |     ~~~~~~~~~~^
5 errors generated.
[443/3860] CXX obj/ahoi/browser/ui/sidebar/browser_sidebar/browser_sidebar_host_discovery.o
FAILED: obj/ahoi/browser/ui/sidebar/browser_sidebar/browser_sidebar_host_discovery.o 
../../third_party/llvm-build/Release+Asserts/bin/clang++ -MMD -MF obj/ahoi/browser/ui/sidebar/browser_sidebar/browser_sidebar_host_discovery.o.d -D__STDC_CONSTANT_MACROS -D__STDC_FORMAT_MACROS -D_FORTIFY_SOURCE=3 -D__ARM_NEON__=1 -DCR_XCODE_BUILD=17F42 -DCR_CLANG_REVISION=\"llvmorg-24-init-3796-g20e97c4b-2\" -DCOMPONENT_BUILD -D_LIBCPP_HARDENING_MODE=_LIBCPP_HARDENING_MODE_EXTENSIVE -D_LIBCPP_INSTRUMENTED_WITH_ASAN=0 -DCR_LIBCXX_REVISION=97b436da4c33663581d394f4ee0a5977fc38c2f4 -DDCHECK_ALWAYS_ON=1 -DNDEBUG -DNVALGRIND -DDYNAMIC_ANNOTATIONS_ENABLED=0 -DTOOLKIT_VIEWS=1 -DSK_ENABLE_SKSL -DSK_UNTIL_CRBUG_1187654_IS_FIXED -DSK_USER_CONFIG_HEADER=\"../../skia/config/SkUserConfig.h\" -DSK_USE_PARTITION_ALLOC -DSK_WIN_FONTMGR_NO_SIMULATIONS -DSK_ENABLE_LEGACY_SHADERCONTEXT -DSK_LEGACY_DESERIAL_IMAGE_PROC -DSK_CODEC_DECODES_PNG -DSK_CODEC_DECODES_PNG_WITH_RUST -DSK_CODEC_ENCODES_PNG -DSK_CODEC_ENCODES_PNG_WITH_RUST -DSK_CODEC_DECODES_BMP_WITH_RUST -DSK_CODEC_DECODES_ICO_WITH_RUST -DSK_CODEC_COLOR_PROFILE_PARSE_WITH_RUST -DSK_EXIF_PARSE_WITH_RUST -DSK_ENABLE_AVX512_OPTS -DSK_CODEC_DECODES_JPEG -DSK_CODEC_ENCODES_JPEG -DSKIA_DLL -DSK_BUILD_FOR_MAC -DSK_GAMMA_SRGB -DSK_GAMMA_CONTRAST=0.0 -DSK_GANESH -DSK_GPU_WORKAROUNDS_HEADER=\"gpu/config/gpu_driver_bug_workaround_autogen.h\" -DSK_GL -DSK_GRAPHITE -DSK_DAWN -DSKCMS_DLL=1 -DCHROMIUM -DLIBYUV_DISABLE_SME -DLIBYUV_DISABLE_LSX -DLIBYUV_DISABLE_LASX -DON_FOCUS_PING_ENABLED -DABSL_CONSUME_DLL -DABSL_FLAGS_STRIP_NAMES=0 -DBORINGSSL_SHARED_LIBRARY -DWGPU_SHARED_LIBRARY -DSKCMS_IMPLEMENTATION=1 -DU_USING_ICU_NAMESPACE=0 -DU_ENABLE_DYLOAD=0 -DUSE_CHROMIUM_ICU=1 -DU_ENABLE_TRACING=1 -DU_ENABLE_RESOURCE_TRACING=0 -DICU_UTIL_DATA_IMPL=ICU_UTIL_DATA_FILE -DGOOGLE_PROTOBUF_NO_RTTI -DPROTOBUF_INTERNAL_BOUNDS_CHECK_MODE_ABORT -DHAVE_PTHREAD -DPROTOBUF_USE_DLLS -DPROTOBUF_ENABLE_DEBUG_LOGGING_MAY_LEAK_PII=0 -DWEBRTC_ENABLE_SYMBOL_EXPORT -DWEBRTC_ENABLE_AVX2 -DWEBRTC_DEPRECATE_PLAN_B -DWEBRTC_CHROMIUM_BUILD -DWEBRTC_POSIX -DWEBRTC_MAC -DABSL_ALLOCATOR_NOTHROW=1 -DLOGGING_INSIDE_WEBRTC -DLEVELDB_PLATFORM_CHROMIUM=1 -DLEVELDB_SHARED_LIBRARY -DCRASHPAD_ZLIB_SOURCE_EXTERNAL -DV8_USE_EXTERNAL_STARTUP_DATA -DUSING_V8_SHARED -DUSING_V8_SHARED_PRIVATE -DV8_ARRAY_BUFFER_INTERNAL_FIELD_COUNT=0 -DV8_ARRAY_BUFFER_VIEW_INTERNAL_FIELD_COUNT=0 -DV8_PROMISE_INTERNAL_FIELD_COUNT=0 -DV8_USE_DEFAULT_HASHER_SECRET=true -DV8_ENABLE_MEMORY_ACCOUNTING_CHECKS -DV8_COMPRESS_POINTERS -DV8_COMPRESS_POINTERS_IN_SHARED_CAGE -DV8_31BIT_SMIS_ON_64BIT_ARCH -DV8_ENABLE_SANDBOX -DV8_DEPRECATION_WARNINGS -DV8_DISALLOW_JS_IN_API_INTERRUPTS_IS_CHECKED -DV8_USE_PERFETTO -DV8_USE_PERFETTO_JSON_EXPORT -DV8_CPPGC_MICROTASK_QUEUE -DV8_HAVE_TARGET_OS -DV8_TARGET_OS_MACOS -DV8_TARGET_ARCH_ARM64 -DCPPGC_ENABLE_API_CHECKS -DCPPGC_SUPPORTS_OBJECT_NAMES -DCPPGC_CAGED_HEAP -DCPPGC_YOUNG_GENERATION -DCPPGC_POINTER_COMPRESSION -DCPPGC_ENABLE_LARGER_CAGE -DCPPGC_SLIM_WRITE_BARRIER -DFLATBUFFERS_LOCALE_INDEPENDENT=0 -DTFL_STATIC_LIBRARY_BUILD -DTF_MAJOR_VERSION=2 -DTF_MINOR_VERSION=22 -DTF_PATCH_VERSION=0 -DTF_VERSION_SUFFIX= -DEIGEN_MPL2_ONLY -DEIGEN_MAX_ALIGN_BYTES=64 -DEIGEN_HAS_TYPE_TRAITS=0 -DI18N_ADDRESS_VALIDATION_DATA_URL=\"https://chromium-i18n.appspot.com/ssl-aggregate-address/\" -DUSE_LIBCXX_MODULES -I../.. -Igen -I../../buildtools/third_party/libc++ -I../../third_party/perfetto/include -Igen/third_party/perfetto/build_config -Igen/third_party/perfetto -I../../third_party/skia -Igen/third_party/skia -I../../third_party/wuffs/src/release/c -Igen/third_party/dawn/include -I../../third_party/dawn/include -I../../net/third_party/quiche/overrides -I../../net/third_party/quiche/src/quiche/common/platform/default -I../../net/third_party/quiche/src -I../../third_party/khronos -I../../gpu -I../../third_party/libyuv/include -Igen/third_party/private_membership/src -Igen/third_party/shell-encryption/src -Igen/components/policy/proto -I../../base/allocator/partition_allocator/src -Igen/base/allocator/partition_allocator/src -I../../third_party/abseil-cpp -I../../third_party/boringssl/src/include -I../../third_party/protobuf/src -I../../third_party/ipcz/include -I../../third_party/icu/source/common -I../../third_party/icu/source/i18n -I../../third_party/ced/src -Igen/net/third_party/quiche/src -I../../third_party/re2/src -I../../third_party/webrtc_overrides -I../../third_party/webrtc -Igen/third_party/webrtc -I../../third_party/libwebm/source -I../../third_party/angle/include -I../../third_party/leveldatabase -I../../third_party/leveldatabase/src -I../../third_party/leveldatabase/src/include -I../../third_party/crashpad/crashpad -I../../third_party/crashpad/crashpad/compat/mac -I../../third_party/crashpad/crashpad/compat/non_win -I../../third_party/zlib -I../../third_party/libaom/source/libaom -I../../third_party/libaom/source/config/linux/arm64-cpu-detect -I../../v8/include -I../../third_party/flatbuffers/src/include -I../../third_party/flatbuffers/src/src -I../../third_party/flatbuffers/src -I../../third_party/flatbuffers/generated -Igen/components/reporting/proto/synced -Igen/components/optimization_guide/proto/features -Igen/third_party/omnibox_proto -Igen/third_party/metrics_proto -I../../third_party/ml_dtypes/src -I../../third_party/ml_dtypes/src/ml_dtypes -Igen/third_party/tflite/src -I../../third_party/tflite/shims -I../../third_party/tflite/src -I../../third_party/tflite/src/third_party/xla -I../../third_party/tflite/src/third_party/xla/third_party/tsl -I../../third_party/pthreadpool/src/include -I../../third_party/eigen3/src -I../../third_party/neon_2_sse/src -I../../third_party/ruy/src -I../../third_party/fp16/src/include -I../../third_party/tflite_support/src -I../../third_party/tflite_support/src/tensorflow_lite_support -Igen/third_party/tflite_support/src -I../../third_party/libaddressinput/src/cpp/include -Igen/third_party/content_analysis_sdk/src/proto -Wall -Wextra -Wimplicit-fallthrough -Wextra-semi -Wunreachable-code-aggressive -Wgnu -Wno-gnu-anonymous-struct -Wno-gnu-conditional-omitted-operand -Wno-gnu-include-next -Wno-gnu-label-as-value -Wno-gnu-redeclared-enum -Wno-gnu-statement-expression -Wno-gnu-zero-variadic-macro-arguments -Wno-zero-length-array -Wthread-safety -Wno-unused-template -Wunguarded-availability -Wno-missing-field-initializers -Wno-unused-parameter -Wno-psabi -Wno-stringop-overread -Wloop-analysis -Wno-unneeded-internal-declaration -Wno-cast-function-type -Wno-thread-safety-reference-return -Wno-nontrivial-memcall -Wno-uninitialized-const-pointer -Wno-unused-but-set-global -Wexit-time-destructors -Wshadow -Werror -Werror=\#pragma-messages -fno-delete-null-pointer-checks -fno-strict-overflow -fno-ident -fno-math-errno -fno-strict-aliasing -fstack-protector -fcolor-diagnostics -fdiagnostics-show-inlining-chain -fmerge-all-constants -fcrash-diagnostics-dir=../clang-crashreports -fno-lifetime-dse -mllvm -instcombine-lower-dbg-declare=0 -mllvm -split-threshold-for-reg-with-hint=0 -ffp-contract=off -fcomplete-member-pointers --target=arm64-apple-macos -mno-outline -Wno-builtin-macro-redefined -D__DATE__= -D__TIME__= -D__TIMESTAMP__= -ffile-compilation-dir=. -no-canonical-prefixes -Xclang -fmodule-file-home-is-cwd -Xclang -fmodules-cache-path=/not_exist_dummy_dir --warning-suppression-mappings=../../build/config/warning_suppression.txt -ftrivial-auto-var-init=pattern -O2 -fno-omit-frame-pointer -gdwarf-4 -g1 -gdwarf-aranges -isysroot sdk/xcode_links/MacOSX26.5.sdk -mmacos-version-min=13.0 -fsanitize=array-bounds -fsanitize-trap=array-bounds -fsanitize-ignore-for-ubsan-feature=array-bounds -Wno-unsafe-buffer-usage-in-static-sized-array -fsanitize=return -fsanitize-trap=return -fsanitize-ignore-for-ubsan-feature=return -fvisibility=hidden -Wheader-hygiene -Wstring-conversion -Wtautological-overlap-compare -Xclang -add-plugin -Xclang find-bad-constructs -Xclang -plugin-arg-find-bad-constructs -Xclang check-stack-allocated -Xclang -plugin-arg-find-bad-constructs -Xclang relax-ctor-checks-for-aggregates -Xclang -add-plugin -Xclang raw-ptr-plugin -Xclang -plugin-arg-raw-ptr-plugin -Xclang check-raw-ptr-to-stack-allocated -Xclang -plugin-arg-raw-ptr-plugin -Xclang disable-check-raw-ptr-to-stack-allocated-error -Xclang -plugin-arg-raw-ptr-plugin -Xclang raw-ptr-exclude-path=../../third_party/dawn/ -Xclang -plugin-arg-raw-ptr-plugin -Xclang raw-ptr-exclude-path=../../build/config/clang/chrome/test/fuzzing/webidl_fuzzing/ -Xclang -plugin-arg-raw-ptr-plugin -Xclang check-raw-ptr-fields -Xclang -plugin-arg-raw-ptr-plugin -Xclang check-span-fields -Xclang -plugin-arg-raw-ptr-plugin -Xclang check-raw-ref-fields -Xclang -plugin-arg-raw-ptr-plugin -Xclang no-special-treatment-for-oilpanized-paths -DUNSAFE_BUFFERS_BUILD -Wunsafe-buffer-usage -Wno-error=unsafe-buffer-usage -Xclang -add-plugin -Xclang unsafe-buffers -Xclang -plugin-arg-unsafe-buffers -Xclang ../../build/config/unsafe_buffers_paths.txt -Wno-invalid-offsetof -Wenum-compare-conditional -Wno-nullability-completeness -Wunique-object-duplication -std=c++23 -Wno-trigraphs -fno-exceptions -fno-rtti -nostdinc++ -isystem../../third_party/libc++/src/include -isystem../../third_party/libc++abi/src/include -fvisibility-inlines-hidden -fmodules -fno-implicit-module-maps -fno-implicit-modules -Xclang -fmodules-local-submodule-visibility -Wno-modules-ambiguous-internal-linkage -Wno-modules-import-nested-redundant -Xclang -fmodules-disable-diagnostic-validation -Wno-module-import-in-extern-c -fmodule-map-file=gen/build/modules/module.modulemap -fmodule-file=//build/modules:system=obj/build/modules/system/module.pcm -fmodule-name="//ahoi/browser/ui/sidebar:browser_sidebar_Private" -c ../../ahoi/browser/ui/sidebar/browser_sidebar_host_discovery.cc -o obj/ahoi/browser/ui/sidebar/browser_sidebar/browser_sidebar_host_discovery.o
In file included from ../../ahoi/browser/ui/sidebar/browser_sidebar_host_discovery.cc:9:
../../ahoi/browser/ui/sidebar/browser_sidebar_host_view.h:656:50: error: non-virtual member function marked 'override' hides virtual member function
  656 |                       TabChangeType change_type) override;
      |                                                  ^
../../chrome/browser/ui/tabs/tab_strip_model_observer.h:546:16: note: hidden overloaded virtual function 'TabStripModelObserver::OnTabChangedAt' declared here: different number of parameters (2 vs 3)
  546 |   virtual void OnTabChangedAt(tabs::TabInterface* tab,
      |                ^
1 error generated.
[444/3860] CXX obj/ahoi/browser/ui/sidebar/browser_sidebar/browser_sidebar_host_drag_presentation.o
FAILED: obj/ahoi/browser/ui/sidebar/browser_sidebar/browser_sidebar_host_drag_presentation.o 
../../third_party/llvm-build/Release+Asserts/bin/clang++ -MMD -MF obj/ahoi/browser/ui/sidebar/browser_sidebar/browser_sidebar_host_drag_presentation.o.d -D__STDC_CONSTANT_MACROS -D__STDC_FORMAT_MACROS -D_FORTIFY_SOURCE=3 -D__ARM_NEON__=1 -DCR_XCODE_BUILD=17F42 -DCR_CLANG_REVISION=\"llvmorg-24-init-3796-g20e97c4b-2\" -DCOMPONENT_BUILD -D_LIBCPP_HARDENING_MODE=_LIBCPP_HARDENING_MODE_EXTENSIVE -D_LIBCPP_INSTRUMENTED_WITH_ASAN=0 -DCR_LIBCXX_REVISION=97b436da4c33663581d394f4ee0a5977fc38c2f4 -DDCHECK_ALWAYS_ON=1 -DNDEBUG -DNVALGRIND -DDYNAMIC_ANNOTATIONS_ENABLED=0 -DTOOLKIT_VIEWS=1 -DSK_ENABLE_SKSL -DSK_UNTIL_CRBUG_1187654_IS_FIXED -DSK_USER_CONFIG_HEADER=\"../../skia/config/SkUserConfig.h\" -DSK_USE_PARTITION_ALLOC -DSK_WIN_FONTMGR_NO_SIMULATIONS -DSK_ENABLE_LEGACY_SHADERCONTEXT -DSK_LEGACY_DESERIAL_IMAGE_PROC -DSK_CODEC_DECODES_PNG -DSK_CODEC_DECODES_PNG_WITH_RUST -DSK_CODEC_ENCODES_PNG -DSK_CODEC_ENCODES_PNG_WITH_RUST -DSK_CODEC_DECODES_BMP_WITH_RUST -DSK_CODEC_DECODES_ICO_WITH_RUST -DSK_CODEC_COLOR_PROFILE_PARSE_WITH_RUST -DSK_EXIF_PARSE_WITH_RUST -DSK_ENABLE_AVX512_OPTS -DSK_CODEC_DECODES_JPEG -DSK_CODEC_ENCODES_JPEG -DSKIA_DLL -DSK_BUILD_FOR_MAC -DSK_GAMMA_SRGB -DSK_GAMMA_CONTRAST=0.0 -DSK_GANESH -DSK_GPU_WORKAROUNDS_HEADER=\"gpu/config/gpu_driver_bug_workaround_autogen.h\" -DSK_GL -DSK_GRAPHITE -DSK_DAWN -DSKCMS_DLL=1 -DCHROMIUM -DLIBYUV_DISABLE_SME -DLIBYUV_DISABLE_LSX -DLIBYUV_DISABLE_LASX -DON_FOCUS_PING_ENABLED -DABSL_CONSUME_DLL -DABSL_FLAGS_STRIP_NAMES=0 -DBORINGSSL_SHARED_LIBRARY -DWGPU_SHARED_LIBRARY -DSKCMS_IMPLEMENTATION=1 -DU_USING_ICU_NAMESPACE=0 -DU_ENABLE_DYLOAD=0 -DUSE_CHROMIUM_ICU=1 -DU_ENABLE_TRACING=1 -DU_ENABLE_RESOURCE_TRACING=0 -DICU_UTIL_DATA_IMPL=ICU_UTIL_DATA_FILE -DGOOGLE_PROTOBUF_NO_RTTI -DPROTOBUF_INTERNAL_BOUNDS_CHECK_MODE_ABORT -DHAVE_PTHREAD -DPROTOBUF_USE_DLLS -DPROTOBUF_ENABLE_DEBUG_LOGGING_MAY_LEAK_PII=0 -DWEBRTC_ENABLE_SYMBOL_EXPORT -DWEBRTC_ENABLE_AVX2 -DWEBRTC_DEPRECATE_PLAN_B -DWEBRTC_CHROMIUM_BUILD -DWEBRTC_POSIX -DWEBRTC_MAC -DABSL_ALLOCATOR_NOTHROW=1 -DLOGGING_INSIDE_WEBRTC -DLEVELDB_PLATFORM_CHROMIUM=1 -DLEVELDB_SHARED_LIBRARY -DCRASHPAD_ZLIB_SOURCE_EXTERNAL -DV8_USE_EXTERNAL_STARTUP_DATA -DUSING_V8_SHARED -DUSING_V8_SHARED_PRIVATE -DV8_ARRAY_BUFFER_INTERNAL_FIELD_COUNT=0 -DV8_ARRAY_BUFFER_VIEW_INTERNAL_FIELD_COUNT=0 -DV8_PROMISE_INTERNAL_FIELD_COUNT=0 -DV8_USE_DEFAULT_HASHER_SECRET=true -DV8_ENABLE_MEMORY_ACCOUNTING_CHECKS -DV8_COMPRESS_POINTERS -DV8_COMPRESS_POINTERS_IN_SHARED_CAGE -DV8_31BIT_SMIS_ON_64BIT_ARCH -DV8_ENABLE_SANDBOX -DV8_DEPRECATION_WARNINGS -DV8_DISALLOW_JS_IN_API_INTERRUPTS_IS_CHECKED -DV8_USE_PERFETTO -DV8_USE_PERFETTO_JSON_EXPORT -DV8_CPPGC_MICROTASK_QUEUE -DV8_HAVE_TARGET_OS -DV8_TARGET_OS_MACOS -DV8_TARGET_ARCH_ARM64 -DCPPGC_ENABLE_API_CHECKS -DCPPGC_SUPPORTS_OBJECT_NAMES -DCPPGC_CAGED_HEAP -DCPPGC_YOUNG_GENERATION -DCPPGC_POINTER_COMPRESSION -DCPPGC_ENABLE_LARGER_CAGE -DCPPGC_SLIM_WRITE_BARRIER -DFLATBUFFERS_LOCALE_INDEPENDENT=0 -DTFL_STATIC_LIBRARY_BUILD -DTF_MAJOR_VERSION=2 -DTF_MINOR_VERSION=22 -DTF_PATCH_VERSION=0 -DTF_VERSION_SUFFIX= -DEIGEN_MPL2_ONLY -DEIGEN_MAX_ALIGN_BYTES=64 -DEIGEN_HAS_TYPE_TRAITS=0 -DI18N_ADDRESS_VALIDATION_DATA_URL=\"https://chromium-i18n.appspot.com/ssl-aggregate-address/\" -DUSE_LIBCXX_MODULES -I../.. -Igen -I../../buildtools/third_party/libc++ -I../../third_party/perfetto/include -Igen/third_party/perfetto/build_config -Igen/third_party/perfetto -I../../third_party/skia -Igen/third_party/skia -I../../third_party/wuffs/src/release/c -Igen/third_party/dawn/include -I../../third_party/dawn/include -I../../net/third_party/quiche/overrides -I../../net/third_party/quiche/src/quiche/common/platform/default -I../../net/third_party/quiche/src -I../../third_party/khronos -I../../gpu -I../../third_party/libyuv/include -Igen/third_party/private_membership/src -Igen/third_party/shell-encryption/src -Igen/components/policy/proto -I../../base/allocator/partition_allocator/src -Igen/base/allocator/partition_allocator/src -I../../third_party/abseil-cpp -I../../third_party/boringssl/src/include -I../../third_party/protobuf/src -I../../third_party/ipcz/include -I../../third_party/icu/source/common -I../../third_party/icu/source/i18n -I../../third_party/ced/src -Igen/net/third_party/quiche/src -I../../third_party/re2/src -I../../third_party/webrtc_overrides -I../../third_party/webrtc -Igen/third_party/webrtc -I../../third_party/libwebm/source -I../../third_party/angle/include -I../../third_party/leveldatabase -I../../third_party/leveldatabase/src -I../../third_party/leveldatabase/src/include -I../../third_party/crashpad/crashpad -I../../third_party/crashpad/crashpad/compat/mac -I../../third_party/crashpad/crashpad/compat/non_win -I../../third_party/zlib -I../../third_party/libaom/source/libaom -I../../third_party/libaom/source/config/linux/arm64-cpu-detect -I../../v8/include -I../../third_party/flatbuffers/src/include -I../../third_party/flatbuffers/src/src -I../../third_party/flatbuffers/src -I../../third_party/flatbuffers/generated -Igen/components/reporting/proto/synced -Igen/components/optimization_guide/proto/features -Igen/third_party/omnibox_proto -Igen/third_party/metrics_proto -I../../third_party/ml_dtypes/src -I../../third_party/ml_dtypes/src/ml_dtypes -Igen/third_party/tflite/src -I../../third_party/tflite/shims -I../../third_party/tflite/src -I../../third_party/tflite/src/third_party/xla -I../../third_party/tflite/src/third_party/xla/third_party/tsl -I../../third_party/pthreadpool/src/include -I../../third_party/eigen3/src -I../../third_party/neon_2_sse/src -I../../third_party/ruy/src -I../../third_party/fp16/src/include -I../../third_party/tflite_support/src -I../../third_party/tflite_support/src/tensorflow_lite_support -Igen/third_party/tflite_support/src -I../../third_party/libaddressinput/src/cpp/include -Igen/third_party/content_analysis_sdk/src/proto -Wall -Wextra -Wimplicit-fallthrough -Wextra-semi -Wunreachable-code-aggressive -Wgnu -Wno-gnu-anonymous-struct -Wno-gnu-conditional-omitted-operand -Wno-gnu-include-next -Wno-gnu-label-as-value -Wno-gnu-redeclared-enum -Wno-gnu-statement-expression -Wno-gnu-zero-variadic-macro-arguments -Wno-zero-length-array -Wthread-safety -Wno-unused-template -Wunguarded-availability -Wno-missing-field-initializers -Wno-unused-parameter -Wno-psabi -Wno-stringop-overread -Wloop-analysis -Wno-unneeded-internal-declaration -Wno-cast-function-type -Wno-thread-safety-reference-return -Wno-nontrivial-memcall -Wno-uninitialized-const-pointer -Wno-unused-but-set-global -Wexit-time-destructors -Wshadow -Werror -Werror=\#pragma-messages -fno-delete-null-pointer-checks -fno-strict-overflow -fno-ident -fno-math-errno -fno-strict-aliasing -fstack-protector -fcolor-diagnostics -fdiagnostics-show-inlining-chain -fmerge-all-constants -fcrash-diagnostics-dir=../clang-crashreports -fno-lifetime-dse -mllvm -instcombine-lower-dbg-declare=0 -mllvm -split-threshold-for-reg-with-hint=0 -ffp-contract=off -fcomplete-member-pointers --target=arm64-apple-macos -mno-outline -Wno-builtin-macro-redefined -D__DATE__= -D__TIME__= -D__TIMESTAMP__= -ffile-compilation-dir=. -no-canonical-prefixes -Xclang -fmodule-file-home-is-cwd -Xclang -fmodules-cache-path=/not_exist_dummy_dir --warning-suppression-mappings=../../build/config/warning_suppression.txt -ftrivial-auto-var-init=pattern -O2 -fno-omit-frame-pointer -gdwarf-4 -g1 -gdwarf-aranges -isysroot sdk/xcode_links/MacOSX26.5.sdk -mmacos-version-min=13.0 -fsanitize=array-bounds -fsanitize-trap=array-bounds -fsanitize-ignore-for-ubsan-feature=array-bounds -Wno-unsafe-buffer-usage-in-static-sized-array -fsanitize=return -fsanitize-trap=return -fsanitize-ignore-for-ubsan-feature=return -fvisibility=hidden -Wheader-hygiene -Wstring-conversion -Wtautological-overlap-compare -Xclang -add-plugin -Xclang find-bad-constructs -Xclang -plugin-arg-find-bad-constructs -Xclang check-stack-allocated -Xclang -plugin-arg-find-bad-constructs -Xclang relax-ctor-checks-for-aggregates -Xclang -add-plugin -Xclang raw-ptr-plugin -Xclang -plugin-arg-raw-ptr-plugin -Xclang check-raw-ptr-to-stack-allocated -Xclang -plugin-arg-raw-ptr-plugin -Xclang disable-check-raw-ptr-to-stack-allocated-error -Xclang -plugin-arg-raw-ptr-plugin -Xclang raw-ptr-exclude-path=../../third_party/dawn/ -Xclang -plugin-arg-raw-ptr-plugin -Xclang raw-ptr-exclude-path=../../build/config/clang/chrome/test/fuzzing/webidl_fuzzing/ -Xclang -plugin-arg-raw-ptr-plugin -Xclang check-raw-ptr-fields -Xclang -plugin-arg-raw-ptr-plugin -Xclang check-span-fields -Xclang -plugin-arg-raw-ptr-plugin -Xclang check-raw-ref-fields -Xclang -plugin-arg-raw-ptr-plugin -Xclang no-special-treatment-for-oilpanized-paths -DUNSAFE_BUFFERS_BUILD -Wunsafe-buffer-usage -Wno-error=unsafe-buffer-usage -Xclang -add-plugin -Xclang unsafe-buffers -Xclang -plugin-arg-unsafe-buffers -Xclang ../../build/config/unsafe_buffers_paths.txt -Wno-invalid-offsetof -Wenum-compare-conditional -Wno-nullability-completeness -Wunique-object-duplication -std=c++23 -Wno-trigraphs -fno-exceptions -fno-rtti -nostdinc++ -isystem../../third_party/libc++/src/include -isystem../../third_party/libc++abi/src/include -fvisibility-inlines-hidden -fmodules -fno-implicit-module-maps -fno-implicit-modules -Xclang -fmodules-local-submodule-visibility -Wno-modules-ambiguous-internal-linkage -Wno-modules-import-nested-redundant -Xclang -fmodules-disable-diagnostic-validation -Wno-module-import-in-extern-c -fmodule-map-file=gen/build/modules/module.modulemap -fmodule-file=//build/modules:system=obj/build/modules/system/module.pcm -fmodule-name="//ahoi/browser/ui/sidebar:browser_sidebar_Private" -c ../../ahoi/browser/ui/sidebar/browser_sidebar_host_drag_presentation.cc -o obj/ahoi/browser/ui/sidebar/browser_sidebar/browser_sidebar_host_drag_presentation.o
In file included from ../../ahoi/browser/ui/sidebar/browser_sidebar_host_drag_presentation.cc:9:
../../ahoi/browser/ui/sidebar/browser_sidebar_host_view.h:656:50: error: non-virtual member function marked 'override' hides virtual member function
  656 |                       TabChangeType change_type) override;
      |                                                  ^
../../chrome/browser/ui/tabs/tab_strip_model_observer.h:546:16: note: hidden overloaded virtual function 'TabStripModelObserver::OnTabChangedAt' declared here: different number of parameters (2 vs 3)
  546 |   virtual void OnTabChangedAt(tabs::TabInterface* tab,
      |                ^
1 error generated.
[445/3860] CXX obj/ahoi/browser/ui/sidebar/browser_sidebar/browser_sidebar_host_drag_routing.o
FAILED: obj/ahoi/browser/ui/sidebar/browser_sidebar/browser_sidebar_host_drag_routing.o 
../../third_party/llvm-build/Release+Asserts/bin/clang++ -MMD -MF obj/ahoi/browser/ui/sidebar/browser_sidebar/browser_sidebar_host_drag_routing.o.d -D__STDC_CONSTANT_MACROS -D__STDC_FORMAT_MACROS -D_FORTIFY_SOURCE=3 -D__ARM_NEON__=1 -DCR_XCODE_BUILD=17F42 -DCR_CLANG_REVISION=\"llvmorg-24-init-3796-g20e97c4b-2\" -DCOMPONENT_BUILD -D_LIBCPP_HARDENING_MODE=_LIBCPP_HARDENING_MODE_EXTENSIVE -D_LIBCPP_INSTRUMENTED_WITH_ASAN=0 -DCR_LIBCXX_REVISION=97b436da4c33663581d394f4ee0a5977fc38c2f4 -DDCHECK_ALWAYS_ON=1 -DNDEBUG -DNVALGRIND -DDYNAMIC_ANNOTATIONS_ENABLED=0 -DTOOLKIT_VIEWS=1 -DSK_ENABLE_SKSL -DSK_UNTIL_CRBUG_1187654_IS_FIXED -DSK_USER_CONFIG_HEADER=\"../../skia/config/SkUserConfig.h\" -DSK_USE_PARTITION_ALLOC -DSK_WIN_FONTMGR_NO_SIMULATIONS -DSK_ENABLE_LEGACY_SHADERCONTEXT -DSK_LEGACY_DESERIAL_IMAGE_PROC -DSK_CODEC_DECODES_PNG -DSK_CODEC_DECODES_PNG_WITH_RUST -DSK_CODEC_ENCODES_PNG -DSK_CODEC_ENCODES_PNG_WITH_RUST -DSK_CODEC_DECODES_BMP_WITH_RUST -DSK_CODEC_DECODES_ICO_WITH_RUST -DSK_CODEC_COLOR_PROFILE_PARSE_WITH_RUST -DSK_EXIF_PARSE_WITH_RUST -DSK_ENABLE_AVX512_OPTS -DSK_CODEC_DECODES_JPEG -DSK_CODEC_ENCODES_JPEG -DSKIA_DLL -DSK_BUILD_FOR_MAC -DSK_GAMMA_SRGB -DSK_GAMMA_CONTRAST=0.0 -DSK_GANESH -DSK_GPU_WORKAROUNDS_HEADER=\"gpu/config/gpu_driver_bug_workaround_autogen.h\" -DSK_GL -DSK_GRAPHITE -DSK_DAWN -DSKCMS_DLL=1 -DCHROMIUM -DLIBYUV_DISABLE_SME -DLIBYUV_DISABLE_LSX -DLIBYUV_DISABLE_LASX -DON_FOCUS_PING_ENABLED -DABSL_CONSUME_DLL -DABSL_FLAGS_STRIP_NAMES=0 -DBORINGSSL_SHARED_LIBRARY -DWGPU_SHARED_LIBRARY -DSKCMS_IMPLEMENTATION=1 -DU_USING_ICU_NAMESPACE=0 -DU_ENABLE_DYLOAD=0 -DUSE_CHROMIUM_ICU=1 -DU_ENABLE_TRACING=1 -DU_ENABLE_RESOURCE_TRACING=0 -DICU_UTIL_DATA_IMPL=ICU_UTIL_DATA_FILE -DGOOGLE_PROTOBUF_NO_RTTI -DPROTOBUF_INTERNAL_BOUNDS_CHECK_MODE_ABORT -DHAVE_PTHREAD -DPROTOBUF_USE_DLLS -DPROTOBUF_ENABLE_DEBUG_LOGGING_MAY_LEAK_PII=0 -DWEBRTC_ENABLE_SYMBOL_EXPORT -DWEBRTC_ENABLE_AVX2 -DWEBRTC_DEPRECATE_PLAN_B -DWEBRTC_CHROMIUM_BUILD -DWEBRTC_POSIX -DWEBRTC_MAC -DABSL_ALLOCATOR_NOTHROW=1 -DLOGGING_INSIDE_WEBRTC -DLEVELDB_PLATFORM_CHROMIUM=1 -DLEVELDB_SHARED_LIBRARY -DCRASHPAD_ZLIB_SOURCE_EXTERNAL -DV8_USE_EXTERNAL_STARTUP_DATA -DUSING_V8_SHARED -DUSING_V8_SHARED_PRIVATE -DV8_ARRAY_BUFFER_INTERNAL_FIELD_COUNT=0 -DV8_ARRAY_BUFFER_VIEW_INTERNAL_FIELD_COUNT=0 -DV8_PROMISE_INTERNAL_FIELD_COUNT=0 -DV8_USE_DEFAULT_HASHER_SECRET=true -DV8_ENABLE_MEMORY_ACCOUNTING_CHECKS -DV8_COMPRESS_POINTERS -DV8_COMPRESS_POINTERS_IN_SHARED_CAGE -DV8_31BIT_SMIS_ON_64BIT_ARCH -DV8_ENABLE_SANDBOX -DV8_DEPRECATION_WARNINGS -DV8_DISALLOW_JS_IN_API_INTERRUPTS_IS_CHECKED -DV8_USE_PERFETTO -DV8_USE_PERFETTO_JSON_EXPORT -DV8_CPPGC_MICROTASK_QUEUE -DV8_HAVE_TARGET_OS -DV8_TARGET_OS_MACOS -DV8_TARGET_ARCH_ARM64 -DCPPGC_ENABLE_API_CHECKS -DCPPGC_SUPPORTS_OBJECT_NAMES -DCPPGC_CAGED_HEAP -DCPPGC_YOUNG_GENERATION -DCPPGC_POINTER_COMPRESSION -DCPPGC_ENABLE_LARGER_CAGE -DCPPGC_SLIM_WRITE_BARRIER -DFLATBUFFERS_LOCALE_INDEPENDENT=0 -DTFL_STATIC_LIBRARY_BUILD -DTF_MAJOR_VERSION=2 -DTF_MINOR_VERSION=22 -DTF_PATCH_VERSION=0 -DTF_VERSION_SUFFIX= -DEIGEN_MPL2_ONLY -DEIGEN_MAX_ALIGN_BYTES=64 -DEIGEN_HAS_TYPE_TRAITS=0 -DI18N_ADDRESS_VALIDATION_DATA_URL=\"https://chromium-i18n.appspot.com/ssl-aggregate-address/\" -DUSE_LIBCXX_MODULES -I../.. -Igen -I../../buildtools/third_party/libc++ -I../../third_party/perfetto/include -Igen/third_party/perfetto/build_config -Igen/third_party/perfetto -I../../third_party/skia -Igen/third_party/skia -I../../third_party/wuffs/src/release/c -Igen/third_party/dawn/include -I../../third_party/dawn/include -I../../net/third_party/quiche/overrides -I../../net/third_party/quiche/src/quiche/common/platform/default -I../../net/third_party/quiche/src -I../../third_party/khronos -I../../gpu -I../../third_party/libyuv/include -Igen/third_party/private_membership/src -Igen/third_party/shell-encryption/src -Igen/components/policy/proto -I../../base/allocator/partition_allocator/src -Igen/base/allocator/partition_allocator/src -I../../third_party/abseil-cpp -I../../third_party/boringssl/src/include -I../../third_party/protobuf/src -I../../third_party/ipcz/include -I../../third_party/icu/source/common -I../../third_party/icu/source/i18n -I../../third_party/ced/src -Igen/net/third_party/quiche/src -I../../third_party/re2/src -I../../third_party/webrtc_overrides -I../../third_party/webrtc -Igen/third_party/webrtc -I../../third_party/libwebm/source -I../../third_party/angle/include -I../../third_party/leveldatabase -I../../third_party/leveldatabase/src -I../../third_party/leveldatabase/src/include -I../../third_party/crashpad/crashpad -I../../third_party/crashpad/crashpad/compat/mac -I../../third_party/crashpad/crashpad/compat/non_win -I../../third_party/zlib -I../../third_party/libaom/source/libaom -I../../third_party/libaom/source/config/linux/arm64-cpu-detect -I../../v8/include -I../../third_party/flatbuffers/src/include -I../../third_party/flatbuffers/src/src -I../../third_party/flatbuffers/src -I../../third_party/flatbuffers/generated -Igen/components/reporting/proto/synced -Igen/components/optimization_guide/proto/features -Igen/third_party/omnibox_proto -Igen/third_party/metrics_proto -I../../third_party/ml_dtypes/src -I../../third_party/ml_dtypes/src/ml_dtypes -Igen/third_party/tflite/src -I../../third_party/tflite/shims -I../../third_party/tflite/src -I../../third_party/tflite/src/third_party/xla -I../../third_party/tflite/src/third_party/xla/third_party/tsl -I../../third_party/pthreadpool/src/include -I../../third_party/eigen3/src -I../../third_party/neon_2_sse/src -I../../third_party/ruy/src -I../../third_party/fp16/src/include -I../../third_party/tflite_support/src -I../../third_party/tflite_support/src/tensorflow_lite_support -Igen/third_party/tflite_support/src -I../../third_party/libaddressinput/src/cpp/include -Igen/third_party/content_analysis_sdk/src/proto -Wall -Wextra -Wimplicit-fallthrough -Wextra-semi -Wunreachable-code-aggressive -Wgnu -Wno-gnu-anonymous-struct -Wno-gnu-conditional-omitted-operand -Wno-gnu-include-next -Wno-gnu-label-as-value -Wno-gnu-redeclared-enum -Wno-gnu-statement-expression -Wno-gnu-zero-variadic-macro-arguments -Wno-zero-length-array -Wthread-safety -Wno-unused-template -Wunguarded-availability -Wno-missing-field-initializers -Wno-unused-parameter -Wno-psabi -Wno-stringop-overread -Wloop-analysis -Wno-unneeded-internal-declaration -Wno-cast-function-type -Wno-thread-safety-reference-return -Wno-nontrivial-memcall -Wno-uninitialized-const-pointer -Wno-unused-but-set-global -Wexit-time-destructors -Wshadow -Werror -Werror=\#pragma-messages -fno-delete-null-pointer-checks -fno-strict-overflow -fno-ident -fno-math-errno -fno-strict-aliasing -fstack-protector -fcolor-diagnostics -fdiagnostics-show-inlining-chain -fmerge-all-constants -fcrash-diagnostics-dir=../clang-crashreports -fno-lifetime-dse -mllvm -instcombine-lower-dbg-declare=0 -mllvm -split-threshold-for-reg-with-hint=0 -ffp-contract=off -fcomplete-member-pointers --target=arm64-apple-macos -mno-outline -Wno-builtin-macro-redefined -D__DATE__= -D__TIME__= -D__TIMESTAMP__= -ffile-compilation-dir=. -no-canonical-prefixes -Xclang -fmodule-file-home-is-cwd -Xclang -fmodules-cache-path=/not_exist_dummy_dir --warning-suppression-mappings=../../build/config/warning_suppression.txt -ftrivial-auto-var-init=pattern -O2 -fno-omit-frame-pointer -gdwarf-4 -g1 -gdwarf-aranges -isysroot sdk/xcode_links/MacOSX26.5.sdk -mmacos-version-min=13.0 -fsanitize=array-bounds -fsanitize-trap=array-bounds -fsanitize-ignore-for-ubsan-feature=array-bounds -Wno-unsafe-buffer-usage-in-static-sized-array -fsanitize=return -fsanitize-trap=return -fsanitize-ignore-for-ubsan-feature=return -fvisibility=hidden -Wheader-hygiene -Wstring-conversion -Wtautological-overlap-compare -Xclang -add-plugin -Xclang find-bad-constructs -Xclang -plugin-arg-find-bad-constructs -Xclang check-stack-allocated -Xclang -plugin-arg-find-bad-constructs -Xclang relax-ctor-checks-for-aggregates -Xclang -add-plugin -Xclang raw-ptr-plugin -Xclang -plugin-arg-raw-ptr-plugin -Xclang check-raw-ptr-to-stack-allocated -Xclang -plugin-arg-raw-ptr-plugin -Xclang disable-check-raw-ptr-to-stack-allocated-error -Xclang -plugin-arg-raw-ptr-plugin -Xclang raw-ptr-exclude-path=../../third_party/dawn/ -Xclang -plugin-arg-raw-ptr-plugin -Xclang raw-ptr-exclude-path=../../build/config/clang/chrome/test/fuzzing/webidl_fuzzing/ -Xclang -plugin-arg-raw-ptr-plugin -Xclang check-raw-ptr-fields -Xclang -plugin-arg-raw-ptr-plugin -Xclang check-span-fields -Xclang -plugin-arg-raw-ptr-plugin -Xclang check-raw-ref-fields -Xclang -plugin-arg-raw-ptr-plugin -Xclang no-special-treatment-for-oilpanized-paths -DUNSAFE_BUFFERS_BUILD -Wunsafe-buffer-usage -Wno-error=unsafe-buffer-usage -Xclang -add-plugin -Xclang unsafe-buffers -Xclang -plugin-arg-unsafe-buffers -Xclang ../../build/config/unsafe_buffers_paths.txt -Wno-invalid-offsetof -Wenum-compare-conditional -Wno-nullability-completeness -Wunique-object-duplication -std=c++23 -Wno-trigraphs -fno-exceptions -fno-rtti -nostdinc++ -isystem../../third_party/libc++/src/include -isystem../../third_party/libc++abi/src/include -fvisibility-inlines-hidden -fmodules -fno-implicit-module-maps -fno-implicit-modules -Xclang -fmodules-local-submodule-visibility -Wno-modules-ambiguous-internal-linkage -Wno-modules-import-nested-redundant -Xclang -fmodules-disable-diagnostic-validation -Wno-module-import-in-extern-c -fmodule-map-file=gen/build/modules/module.modulemap -fmodule-file=//build/modules:system=obj/build/modules/system/module.pcm -fmodule-name="//ahoi/browser/ui/sidebar:browser_sidebar_Private" -c ../../ahoi/browser/ui/sidebar/browser_sidebar_host_drag_routing.cc -o obj/ahoi/browser/ui/sidebar/browser_sidebar/browser_sidebar_host_drag_routing.o
In file included from ../../ahoi/browser/ui/sidebar/browser_sidebar_host_drag_routing.cc:7:
../../ahoi/browser/ui/sidebar/browser_sidebar_host_view.h:656:50: error: non-virtual member function marked 'override' hides virtual member function
  656 |                       TabChangeType change_type) override;
      |                                                  ^
../../chrome/browser/ui/tabs/tab_strip_model_observer.h:546:16: note: hidden overloaded virtual function 'TabStripModelObserver::OnTabChangedAt' declared here: different number of parameters (2 vs 3)
  546 |   virtual void OnTabChangedAt(tabs::TabInterface* tab,
      |                ^
1 error generated.
[446/3860] CXX obj/ahoi/browser/ui/sidebar/browser_sidebar/browser_sidebar_host_group_dialog.o
FAILED: obj/ahoi/browser/ui/sidebar/browser_sidebar/browser_sidebar_host_group_dialog.o 
../../third_party/llvm-build/Release+Asserts/bin/clang++ -MMD -MF obj/ahoi/browser/ui/sidebar/browser_sidebar/browser_sidebar_host_group_dialog.o.d -D__STDC_CONSTANT_MACROS -D__STDC_FORMAT_MACROS -D_FORTIFY_SOURCE=3 -D__ARM_NEON__=1 -DCR_XCODE_BUILD=17F42 -DCR_CLANG_REVISION=\"llvmorg-24-init-3796-g20e97c4b-2\" -DCOMPONENT_BUILD -D_LIBCPP_HARDENING_MODE=_LIBCPP_HARDENING_MODE_EXTENSIVE -D_LIBCPP_INSTRUMENTED_WITH_ASAN=0 -DCR_LIBCXX_REVISION=97b436da4c33663581d394f4ee0a5977fc38c2f4 -DDCHECK_ALWAYS_ON=1 -DNDEBUG -DNVALGRIND -DDYNAMIC_ANNOTATIONS_ENABLED=0 -DTOOLKIT_VIEWS=1 -DSK_ENABLE_SKSL -DSK_UNTIL_CRBUG_1187654_IS_FIXED -DSK_USER_CONFIG_HEADER=\"../../skia/config/SkUserConfig.h\" -DSK_USE_PARTITION_ALLOC -DSK_WIN_FONTMGR_NO_SIMULATIONS -DSK_ENABLE_LEGACY_SHADERCONTEXT -DSK_LEGACY_DESERIAL_IMAGE_PROC -DSK_CODEC_DECODES_PNG -DSK_CODEC_DECODES_PNG_WITH_RUST -DSK_CODEC_ENCODES_PNG -DSK_CODEC_ENCODES_PNG_WITH_RUST -DSK_CODEC_DECODES_BMP_WITH_RUST -DSK_CODEC_DECODES_ICO_WITH_RUST -DSK_CODEC_COLOR_PROFILE_PARSE_WITH_RUST -DSK_EXIF_PARSE_WITH_RUST -DSK_ENABLE_AVX512_OPTS -DSK_CODEC_DECODES_JPEG -DSK_CODEC_ENCODES_JPEG -DSKIA_DLL -DSK_BUILD_FOR_MAC -DSK_GAMMA_SRGB -DSK_GAMMA_CONTRAST=0.0 -DSK_GANESH -DSK_GPU_WORKAROUNDS_HEADER=\"gpu/config/gpu_driver_bug_workaround_autogen.h\" -DSK_GL -DSK_GRAPHITE -DSK_DAWN -DSKCMS_DLL=1 -DCHROMIUM -DLIBYUV_DISABLE_SME -DLIBYUV_DISABLE_LSX -DLIBYUV_DISABLE_LASX -DON_FOCUS_PING_ENABLED -DABSL_CONSUME_DLL -DABSL_FLAGS_STRIP_NAMES=0 -DBORINGSSL_SHARED_LIBRARY -DWGPU_SHARED_LIBRARY -DSKCMS_IMPLEMENTATION=1 -DU_USING_ICU_NAMESPACE=0 -DU_ENABLE_DYLOAD=0 -DUSE_CHROMIUM_ICU=1 -DU_ENABLE_TRACING=1 -DU_ENABLE_RESOURCE_TRACING=0 -DICU_UTIL_DATA_IMPL=ICU_UTIL_DATA_FILE -DGOOGLE_PROTOBUF_NO_RTTI -DPROTOBUF_INTERNAL_BOUNDS_CHECK_MODE_ABORT -DHAVE_PTHREAD -DPROTOBUF_USE_DLLS -DPROTOBUF_ENABLE_DEBUG_LOGGING_MAY_LEAK_PII=0 -DWEBRTC_ENABLE_SYMBOL_EXPORT -DWEBRTC_ENABLE_AVX2 -DWEBRTC_DEPRECATE_PLAN_B -DWEBRTC_CHROMIUM_BUILD -DWEBRTC_POSIX -DWEBRTC_MAC -DABSL_ALLOCATOR_NOTHROW=1 -DLOGGING_INSIDE_WEBRTC -DLEVELDB_PLATFORM_CHROMIUM=1 -DLEVELDB_SHARED_LIBRARY -DCRASHPAD_ZLIB_SOURCE_EXTERNAL -DV8_USE_EXTERNAL_STARTUP_DATA -DUSING_V8_SHARED -DUSING_V8_SHARED_PRIVATE -DV8_ARRAY_BUFFER_INTERNAL_FIELD_COUNT=0 -DV8_ARRAY_BUFFER_VIEW_INTERNAL_FIELD_COUNT=0 -DV8_PROMISE_INTERNAL_FIELD_COUNT=0 -DV8_USE_DEFAULT_HASHER_SECRET=true -DV8_ENABLE_MEMORY_ACCOUNTING_CHECKS -DV8_COMPRESS_POINTERS -DV8_COMPRESS_POINTERS_IN_SHARED_CAGE -DV8_31BIT_SMIS_ON_64BIT_ARCH -DV8_ENABLE_SANDBOX -DV8_DEPRECATION_WARNINGS -DV8_DISALLOW_JS_IN_API_INTERRUPTS_IS_CHECKED -DV8_USE_PERFETTO -DV8_USE_PERFETTO_JSON_EXPORT -DV8_CPPGC_MICROTASK_QUEUE -DV8_HAVE_TARGET_OS -DV8_TARGET_OS_MACOS -DV8_TARGET_ARCH_ARM64 -DCPPGC_ENABLE_API_CHECKS -DCPPGC_SUPPORTS_OBJECT_NAMES -DCPPGC_CAGED_HEAP -DCPPGC_YOUNG_GENERATION -DCPPGC_POINTER_COMPRESSION -DCPPGC_ENABLE_LARGER_CAGE -DCPPGC_SLIM_WRITE_BARRIER -DFLATBUFFERS_LOCALE_INDEPENDENT=0 -DTFL_STATIC_LIBRARY_BUILD -DTF_MAJOR_VERSION=2 -DTF_MINOR_VERSION=22 -DTF_PATCH_VERSION=0 -DTF_VERSION_SUFFIX= -DEIGEN_MPL2_ONLY -DEIGEN_MAX_ALIGN_BYTES=64 -DEIGEN_HAS_TYPE_TRAITS=0 -DI18N_ADDRESS_VALIDATION_DATA_URL=\"https://chromium-i18n.appspot.com/ssl-aggregate-address/\" -DUSE_LIBCXX_MODULES -I../.. -Igen -I../../buildtools/third_party/libc++ -I../../third_party/perfetto/include -Igen/third_party/perfetto/build_config -Igen/third_party/perfetto -I../../third_party/skia -Igen/third_party/skia -I../../third_party/wuffs/src/release/c -Igen/third_party/dawn/include -I../../third_party/dawn/include -I../../net/third_party/quiche/overrides -I../../net/third_party/quiche/src/quiche/common/platform/default -I../../net/third_party/quiche/src -I../../third_party/khronos -I../../gpu -I../../third_party/libyuv/include -Igen/third_party/private_membership/src -Igen/third_party/shell-encryption/src -Igen/components/policy/proto -I../../base/allocator/partition_allocator/src -Igen/base/allocator/partition_allocator/src -I../../third_party/abseil-cpp -I../../third_party/boringssl/src/include -I../../third_party/protobuf/src -I../../third_party/ipcz/include -I../../third_party/icu/source/common -I../../third_party/icu/source/i18n -I../../third_party/ced/src -Igen/net/third_party/quiche/src -I../../third_party/re2/src -I../../third_party/webrtc_overrides -I../../third_party/webrtc -Igen/third_party/webrtc -I../../third_party/libwebm/source -I../../third_party/angle/include -I../../third_party/leveldatabase -I../../third_party/leveldatabase/src -I../../third_party/leveldatabase/src/include -I../../third_party/crashpad/crashpad -I../../third_party/crashpad/crashpad/compat/mac -I../../third_party/crashpad/crashpad/compat/non_win -I../../third_party/zlib -I../../third_party/libaom/source/libaom -I../../third_party/libaom/source/config/linux/arm64-cpu-detect -I../../v8/include -I../../third_party/flatbuffers/src/include -I../../third_party/flatbuffers/src/src -I../../third_party/flatbuffers/src -I../../third_party/flatbuffers/generated -Igen/components/reporting/proto/synced -Igen/components/optimization_guide/proto/features -Igen/third_party/omnibox_proto -Igen/third_party/metrics_proto -I../../third_party/ml_dtypes/src -I../../third_party/ml_dtypes/src/ml_dtypes -Igen/third_party/tflite/src -I../../third_party/tflite/shims -I../../third_party/tflite/src -I../../third_party/tflite/src/third_party/xla -I../../third_party/tflite/src/third_party/xla/third_party/tsl -I../../third_party/pthreadpool/src/include -I../../third_party/eigen3/src -I../../third_party/neon_2_sse/src -I../../third_party/ruy/src -I../../third_party/fp16/src/include -I../../third_party/tflite_support/src -I../../third_party/tflite_support/src/tensorflow_lite_support -Igen/third_party/tflite_support/src -I../../third_party/libaddressinput/src/cpp/include -Igen/third_party/content_analysis_sdk/src/proto -Wall -Wextra -Wimplicit-fallthrough -Wextra-semi -Wunreachable-code-aggressive -Wgnu -Wno-gnu-anonymous-struct -Wno-gnu-conditional-omitted-operand -Wno-gnu-include-next -Wno-gnu-label-as-value -Wno-gnu-redeclared-enum -Wno-gnu-statement-expression -Wno-gnu-zero-variadic-macro-arguments -Wno-zero-length-array -Wthread-safety -Wno-unused-template -Wunguarded-availability -Wno-missing-field-initializers -Wno-unused-parameter -Wno-psabi -Wno-stringop-overread -Wloop-analysis -Wno-unneeded-internal-declaration -Wno-cast-function-type -Wno-thread-safety-reference-return -Wno-nontrivial-memcall -Wno-uninitialized-const-pointer -Wno-unused-but-set-global -Wexit-time-destructors -Wshadow -Werror -Werror=\#pragma-messages -fno-delete-null-pointer-checks -fno-strict-overflow -fno-ident -fno-math-errno -fno-strict-aliasing -fstack-protector -fcolor-diagnostics -fdiagnostics-show-inlining-chain -fmerge-all-constants -fcrash-diagnostics-dir=../clang-crashreports -fno-lifetime-dse -mllvm -instcombine-lower-dbg-declare=0 -mllvm -split-threshold-for-reg-with-hint=0 -ffp-contract=off -fcomplete-member-pointers --target=arm64-apple-macos -mno-outline -Wno-builtin-macro-redefined -D__DATE__= -D__TIME__= -D__TIMESTAMP__= -ffile-compilation-dir=. -no-canonical-prefixes -Xclang -fmodule-file-home-is-cwd -Xclang -fmodules-cache-path=/not_exist_dummy_dir --warning-suppression-mappings=../../build/config/warning_suppression.txt -ftrivial-auto-var-init=pattern -O2 -fno-omit-frame-pointer -gdwarf-4 -g1 -gdwarf-aranges -isysroot sdk/xcode_links/MacOSX26.5.sdk -mmacos-version-min=13.0 -fsanitize=array-bounds -fsanitize-trap=array-bounds -fsanitize-ignore-for-ubsan-feature=array-bounds -Wno-unsafe-buffer-usage-in-static-sized-array -fsanitize=return -fsanitize-trap=return -fsanitize-ignore-for-ubsan-feature=return -fvisibility=hidden -Wheader-hygiene -Wstring-conversion -Wtautological-overlap-compare -Xclang -add-plugin -Xclang find-bad-constructs -Xclang -plugin-arg-find-bad-constructs -Xclang check-stack-allocated -Xclang -plugin-arg-find-bad-constructs -Xclang relax-ctor-checks-for-aggregates -Xclang -add-plugin -Xclang raw-ptr-plugin -Xclang -plugin-arg-raw-ptr-plugin -Xclang check-raw-ptr-to-stack-allocated -Xclang -plugin-arg-raw-ptr-plugin -Xclang disable-check-raw-ptr-to-stack-allocated-error -Xclang -plugin-arg-raw-ptr-plugin -Xclang raw-ptr-exclude-path=../../third_party/dawn/ -Xclang -plugin-arg-raw-ptr-plugin -Xclang raw-ptr-exclude-path=../../build/config/clang/chrome/test/fuzzing/webidl_fuzzing/ -Xclang -plugin-arg-raw-ptr-plugin -Xclang check-raw-ptr-fields -Xclang -plugin-arg-raw-ptr-plugin -Xclang check-span-fields -Xclang -plugin-arg-raw-ptr-plugin -Xclang check-raw-ref-fields -Xclang -plugin-arg-raw-ptr-plugin -Xclang no-special-treatment-for-oilpanized-paths -DUNSAFE_BUFFERS_BUILD -Wunsafe-buffer-usage -Wno-error=unsafe-buffer-usage -Xclang -add-plugin -Xclang unsafe-buffers -Xclang -plugin-arg-unsafe-buffers -Xclang ../../build/config/unsafe_buffers_paths.txt -Wno-invalid-offsetof -Wenum-compare-conditional -Wno-nullability-completeness -Wunique-object-duplication -std=c++23 -Wno-trigraphs -fno-exceptions -fno-rtti -nostdinc++ -isystem../../third_party/libc++/src/include -isystem../../third_party/libc++abi/src/include -fvisibility-inlines-hidden -fmodules -fno-implicit-module-maps -fno-implicit-modules -Xclang -fmodules-local-submodule-visibility -Wno-modules-ambiguous-internal-linkage -Wno-modules-import-nested-redundant -Xclang -fmodules-disable-diagnostic-validation -Wno-module-import-in-extern-c -fmodule-map-file=gen/build/modules/module.modulemap -fmodule-file=//build/modules:system=obj/build/modules/system/module.pcm -fmodule-name="//ahoi/browser/ui/sidebar:browser_sidebar_Private" -c ../../ahoi/browser/ui/sidebar/browser_sidebar_host_group_dialog.cc -o obj/ahoi/browser/ui/sidebar/browser_sidebar/browser_sidebar_host_group_dialog.o
In file included from ../../ahoi/browser/ui/sidebar/browser_sidebar_host_group_dialog.cc:19:
../../ahoi/browser/ui/sidebar/browser_sidebar_host_view.h:656:50: error: non-virtual member function marked 'override' hides virtual member function
  656 |                       TabChangeType change_type) override;
      |                                                  ^
../../chrome/browser/ui/tabs/tab_strip_model_observer.h:546:16: note: hidden overloaded virtual function 'TabStripModelObserver::OnTabChangedAt' declared here: different number of parameters (2 vs 3)
  546 |   virtual void OnTabChangedAt(tabs::TabInterface* tab,
      |                ^
1 error generated.
[447/3860] CXX obj/ahoi/browser/ui/sidebar/browser_sidebar/browser_sidebar_host_media.o
FAILED: obj/ahoi/browser/ui/sidebar/browser_sidebar/browser_sidebar_host_media.o 
../../third_party/llvm-build/Release+Asserts/bin/clang++ -MMD -MF obj/ahoi/browser/ui/sidebar/browser_sidebar/browser_sidebar_host_media.o.d -D__STDC_CONSTANT_MACROS -D__STDC_FORMAT_MACROS -D_FORTIFY_SOURCE=3 -D__ARM_NEON__=1 -DCR_XCODE_BUILD=17F42 -DCR_CLANG_REVISION=\"llvmorg-24-init-3796-g20e97c4b-2\" -DCOMPONENT_BUILD -D_LIBCPP_HARDENING_MODE=_LIBCPP_HARDENING_MODE_EXTENSIVE -D_LIBCPP_INSTRUMENTED_WITH_ASAN=0 -DCR_LIBCXX_REVISION=97b436da4c33663581d394f4ee0a5977fc38c2f4 -DDCHECK_ALWAYS_ON=1 -DNDEBUG -DNVALGRIND -DDYNAMIC_ANNOTATIONS_ENABLED=0 -DTOOLKIT_VIEWS=1 -DSK_ENABLE_SKSL -DSK_UNTIL_CRBUG_1187654_IS_FIXED -DSK_USER_CONFIG_HEADER=\"../../skia/config/SkUserConfig.h\" -DSK_USE_PARTITION_ALLOC -DSK_WIN_FONTMGR_NO_SIMULATIONS -DSK_ENABLE_LEGACY_SHADERCONTEXT -DSK_LEGACY_DESERIAL_IMAGE_PROC -DSK_CODEC_DECODES_PNG -DSK_CODEC_DECODES_PNG_WITH_RUST -DSK_CODEC_ENCODES_PNG -DSK_CODEC_ENCODES_PNG_WITH_RUST -DSK_CODEC_DECODES_BMP_WITH_RUST -DSK_CODEC_DECODES_ICO_WITH_RUST -DSK_CODEC_COLOR_PROFILE_PARSE_WITH_RUST -DSK_EXIF_PARSE_WITH_RUST -DSK_ENABLE_AVX512_OPTS -DSK_CODEC_DECODES_JPEG -DSK_CODEC_ENCODES_JPEG -DSKIA_DLL -DSK_BUILD_FOR_MAC -DSK_GAMMA_SRGB -DSK_GAMMA_CONTRAST=0.0 -DSK_GANESH -DSK_GPU_WORKAROUNDS_HEADER=\"gpu/config/gpu_driver_bug_workaround_autogen.h\" -DSK_GL -DSK_GRAPHITE -DSK_DAWN -DSKCMS_DLL=1 -DCHROMIUM -DLIBYUV_DISABLE_SME -DLIBYUV_DISABLE_LSX -DLIBYUV_DISABLE_LASX -DON_FOCUS_PING_ENABLED -DABSL_CONSUME_DLL -DABSL_FLAGS_STRIP_NAMES=0 -DBORINGSSL_SHARED_LIBRARY -DWGPU_SHARED_LIBRARY -DSKCMS_IMPLEMENTATION=1 -DU_USING_ICU_NAMESPACE=0 -DU_ENABLE_DYLOAD=0 -DUSE_CHROMIUM_ICU=1 -DU_ENABLE_TRACING=1 -DU_ENABLE_RESOURCE_TRACING=0 -DICU_UTIL_DATA_IMPL=ICU_UTIL_DATA_FILE -DGOOGLE_PROTOBUF_NO_RTTI -DPROTOBUF_INTERNAL_BOUNDS_CHECK_MODE_ABORT -DHAVE_PTHREAD -DPROTOBUF_USE_DLLS -DPROTOBUF_ENABLE_DEBUG_LOGGING_MAY_LEAK_PII=0 -DWEBRTC_ENABLE_SYMBOL_EXPORT -DWEBRTC_ENABLE_AVX2 -DWEBRTC_DEPRECATE_PLAN_B -DWEBRTC_CHROMIUM_BUILD -DWEBRTC_POSIX -DWEBRTC_MAC -DABSL_ALLOCATOR_NOTHROW=1 -DLOGGING_INSIDE_WEBRTC -DLEVELDB_PLATFORM_CHROMIUM=1 -DLEVELDB_SHARED_LIBRARY -DCRASHPAD_ZLIB_SOURCE_EXTERNAL -DV8_USE_EXTERNAL_STARTUP_DATA -DUSING_V8_SHARED -DUSING_V8_SHARED_PRIVATE -DV8_ARRAY_BUFFER_INTERNAL_FIELD_COUNT=0 -DV8_ARRAY_BUFFER_VIEW_INTERNAL_FIELD_COUNT=0 -DV8_PROMISE_INTERNAL_FIELD_COUNT=0 -DV8_USE_DEFAULT_HASHER_SECRET=true -DV8_ENABLE_MEMORY_ACCOUNTING_CHECKS -DV8_COMPRESS_POINTERS -DV8_COMPRESS_POINTERS_IN_SHARED_CAGE -DV8_31BIT_SMIS_ON_64BIT_ARCH -DV8_ENABLE_SANDBOX -DV8_DEPRECATION_WARNINGS -DV8_DISALLOW_JS_IN_API_INTERRUPTS_IS_CHECKED -DV8_USE_PERFETTO -DV8_USE_PERFETTO_JSON_EXPORT -DV8_CPPGC_MICROTASK_QUEUE -DV8_HAVE_TARGET_OS -DV8_TARGET_OS_MACOS -DV8_TARGET_ARCH_ARM64 -DCPPGC_ENABLE_API_CHECKS -DCPPGC_SUPPORTS_OBJECT_NAMES -DCPPGC_CAGED_HEAP -DCPPGC_YOUNG_GENERATION -DCPPGC_POINTER_COMPRESSION -DCPPGC_ENABLE_LARGER_CAGE -DCPPGC_SLIM_WRITE_BARRIER -DFLATBUFFERS_LOCALE_INDEPENDENT=0 -DTFL_STATIC_LIBRARY_BUILD -DTF_MAJOR_VERSION=2 -DTF_MINOR_VERSION=22 -DTF_PATCH_VERSION=0 -DTF_VERSION_SUFFIX= -DEIGEN_MPL2_ONLY -DEIGEN_MAX_ALIGN_BYTES=64 -DEIGEN_HAS_TYPE_TRAITS=0 -DI18N_ADDRESS_VALIDATION_DATA_URL=\"https://chromium-i18n.appspot.com/ssl-aggregate-address/\" -DUSE_LIBCXX_MODULES -I../.. -Igen -I../../buildtools/third_party/libc++ -I../../third_party/perfetto/include -Igen/third_party/perfetto/build_config -Igen/third_party/perfetto -I../../third_party/skia -Igen/third_party/skia -I../../third_party/wuffs/src/release/c -Igen/third_party/dawn/include -I../../third_party/dawn/include -I../../net/third_party/quiche/overrides -I../../net/third_party/quiche/src/quiche/common/platform/default -I../../net/third_party/quiche/src -I../../third_party/khronos -I../../gpu -I../../third_party/libyuv/include -Igen/third_party/private_membership/src -Igen/third_party/shell-encryption/src -Igen/components/policy/proto -I../../base/allocator/partition_allocator/src -Igen/base/allocator/partition_allocator/src -I../../third_party/abseil-cpp -I../../third_party/boringssl/src/include -I../../third_party/protobuf/src -I../../third_party/ipcz/include -I../../third_party/icu/source/common -I../../third_party/icu/source/i18n -I../../third_party/ced/src -Igen/net/third_party/quiche/src -I../../third_party/re2/src -I../../third_party/webrtc_overrides -I../../third_party/webrtc -Igen/third_party/webrtc -I../../third_party/libwebm/source -I../../third_party/angle/include -I../../third_party/leveldatabase -I../../third_party/leveldatabase/src -I../../third_party/leveldatabase/src/include -I../../third_party/crashpad/crashpad -I../../third_party/crashpad/crashpad/compat/mac -I../../third_party/crashpad/crashpad/compat/non_win -I../../third_party/zlib -I../../third_party/libaom/source/libaom -I../../third_party/libaom/source/config/linux/arm64-cpu-detect -I../../v8/include -I../../third_party/flatbuffers/src/include -I../../third_party/flatbuffers/src/src -I../../third_party/flatbuffers/src -I../../third_party/flatbuffers/generated -Igen/components/reporting/proto/synced -Igen/components/optimization_guide/proto/features -Igen/third_party/omnibox_proto -Igen/third_party/metrics_proto -I../../third_party/ml_dtypes/src -I../../third_party/ml_dtypes/src/ml_dtypes -Igen/third_party/tflite/src -I../../third_party/tflite/shims -I../../third_party/tflite/src -I../../third_party/tflite/src/third_party/xla -I../../third_party/tflite/src/third_party/xla/third_party/tsl -I../../third_party/pthreadpool/src/include -I../../third_party/eigen3/src -I../../third_party/neon_2_sse/src -I../../third_party/ruy/src -I../../third_party/fp16/src/include -I../../third_party/tflite_support/src -I../../third_party/tflite_support/src/tensorflow_lite_support -Igen/third_party/tflite_support/src -I../../third_party/libaddressinput/src/cpp/include -Igen/third_party/content_analysis_sdk/src/proto -Wall -Wextra -Wimplicit-fallthrough -Wextra-semi -Wunreachable-code-aggressive -Wgnu -Wno-gnu-anonymous-struct -Wno-gnu-conditional-omitted-operand -Wno-gnu-include-next -Wno-gnu-label-as-value -Wno-gnu-redeclared-enum -Wno-gnu-statement-expression -Wno-gnu-zero-variadic-macro-arguments -Wno-zero-length-array -Wthread-safety -Wno-unused-template -Wunguarded-availability -Wno-missing-field-initializers -Wno-unused-parameter -Wno-psabi -Wno-stringop-overread -Wloop-analysis -Wno-unneeded-internal-declaration -Wno-cast-function-type -Wno-thread-safety-reference-return -Wno-nontrivial-memcall -Wno-uninitialized-const-pointer -Wno-unused-but-set-global -Wexit-time-destructors -Wshadow -Werror -Werror=\#pragma-messages -fno-delete-null-pointer-checks -fno-strict-overflow -fno-ident -fno-math-errno -fno-strict-aliasing -fstack-protector -fcolor-diagnostics -fdiagnostics-show-inlining-chain -fmerge-all-constants -fcrash-diagnostics-dir=../clang-crashreports -fno-lifetime-dse -mllvm -instcombine-lower-dbg-declare=0 -mllvm -split-threshold-for-reg-with-hint=0 -ffp-contract=off -fcomplete-member-pointers --target=arm64-apple-macos -mno-outline -Wno-builtin-macro-redefined -D__DATE__= -D__TIME__= -D__TIMESTAMP__= -ffile-compilation-dir=. -no-canonical-prefixes -Xclang -fmodule-file-home-is-cwd -Xclang -fmodules-cache-path=/not_exist_dummy_dir --warning-suppression-mappings=../../build/config/warning_suppression.txt -ftrivial-auto-var-init=pattern -O2 -fno-omit-frame-pointer -gdwarf-4 -g1 -gdwarf-aranges -isysroot sdk/xcode_links/MacOSX26.5.sdk -mmacos-version-min=13.0 -fsanitize=array-bounds -fsanitize-trap=array-bounds -fsanitize-ignore-for-ubsan-feature=array-bounds -Wno-unsafe-buffer-usage-in-static-sized-array -fsanitize=return -fsanitize-trap=return -fsanitize-ignore-for-ubsan-feature=return -fvisibility=hidden -Wheader-hygiene -Wstring-conversion -Wtautological-overlap-compare -Xclang -add-plugin -Xclang find-bad-constructs -Xclang -plugin-arg-find-bad-constructs -Xclang check-stack-allocated -Xclang -plugin-arg-find-bad-constructs -Xclang relax-ctor-checks-for-aggregates -Xclang -add-plugin -Xclang raw-ptr-plugin -Xclang -plugin-arg-raw-ptr-plugin -Xclang check-raw-ptr-to-stack-allocated -Xclang -plugin-arg-raw-ptr-plugin -Xclang disable-check-raw-ptr-to-stack-allocated-error -Xclang -plugin-arg-raw-ptr-plugin -Xclang raw-ptr-exclude-path=../../third_party/dawn/ -Xclang -plugin-arg-raw-ptr-plugin -Xclang raw-ptr-exclude-path=../../build/config/clang/chrome/test/fuzzing/webidl_fuzzing/ -Xclang -plugin-arg-raw-ptr-plugin -Xclang check-raw-ptr-fields -Xclang -plugin-arg-raw-ptr-plugin -Xclang check-span-fields -Xclang -plugin-arg-raw-ptr-plugin -Xclang check-raw-ref-fields -Xclang -plugin-arg-raw-ptr-plugin -Xclang no-special-treatment-for-oilpanized-paths -DUNSAFE_BUFFERS_BUILD -Wunsafe-buffer-usage -Wno-error=unsafe-buffer-usage -Xclang -add-plugin -Xclang unsafe-buffers -Xclang -plugin-arg-unsafe-buffers -Xclang ../../build/config/unsafe_buffers_paths.txt -Wno-invalid-offsetof -Wenum-compare-conditional -Wno-nullability-completeness -Wunique-object-duplication -std=c++23 -Wno-trigraphs -fno-exceptions -fno-rtti -nostdinc++ -isystem../../third_party/libc++/src/include -isystem../../third_party/libc++abi/src/include -fvisibility-inlines-hidden -fmodules -fno-implicit-module-maps -fno-implicit-modules -Xclang -fmodules-local-submodule-visibility -Wno-modules-ambiguous-internal-linkage -Wno-modules-import-nested-redundant -Xclang -fmodules-disable-diagnostic-validation -Wno-module-import-in-extern-c -fmodule-map-file=gen/build/modules/module.modulemap -fmodule-file=//build/modules:system=obj/build/modules/system/module.pcm -fmodule-name="//ahoi/browser/ui/sidebar:browser_sidebar_Private" -c ../../ahoi/browser/ui/sidebar/browser_sidebar_host_media.cc -o obj/ahoi/browser/ui/sidebar/browser_sidebar/browser_sidebar_host_media.o
In file included from ../../ahoi/browser/ui/sidebar/browser_sidebar_host_media.cc:13:
../../ahoi/browser/ui/sidebar/browser_sidebar_host_view.h:656:50: error: non-virtual member function marked 'override' hides virtual member function
  656 |                       TabChangeType change_type) override;
      |                                                  ^
../../chrome/browser/ui/tabs/tab_strip_model_observer.h:546:16: note: hidden overloaded virtual function 'TabStripModelObserver::OnTabChangedAt' declared here: different number of parameters (2 vs 3)
  546 |   virtual void OnTabChangedAt(tabs::TabInterface* tab,
      |                ^
1 error generated.
[448/3860] CXX obj/ahoi/browser/ui/sidebar/browser_sidebar/browser_sidebar_host_layout.o
FAILED: obj/ahoi/browser/ui/sidebar/browser_sidebar/browser_sidebar_host_layout.o 
../../third_party/llvm-build/Release+Asserts/bin/clang++ -MMD -MF obj/ahoi/browser/ui/sidebar/browser_sidebar/browser_sidebar_host_layout.o.d -D__STDC_CONSTANT_MACROS -D__STDC_FORMAT_MACROS -D_FORTIFY_SOURCE=3 -D__ARM_NEON__=1 -DCR_XCODE_BUILD=17F42 -DCR_CLANG_REVISION=\"llvmorg-24-init-3796-g20e97c4b-2\" -DCOMPONENT_BUILD -D_LIBCPP_HARDENING_MODE=_LIBCPP_HARDENING_MODE_EXTENSIVE -D_LIBCPP_INSTRUMENTED_WITH_ASAN=0 -DCR_LIBCXX_REVISION=97b436da4c33663581d394f4ee0a5977fc38c2f4 -DDCHECK_ALWAYS_ON=1 -DNDEBUG -DNVALGRIND -DDYNAMIC_ANNOTATIONS_ENABLED=0 -DTOOLKIT_VIEWS=1 -DSK_ENABLE_SKSL -DSK_UNTIL_CRBUG_1187654_IS_FIXED -DSK_USER_CONFIG_HEADER=\"../../skia/config/SkUserConfig.h\" -DSK_USE_PARTITION_ALLOC -DSK_WIN_FONTMGR_NO_SIMULATIONS -DSK_ENABLE_LEGACY_SHADERCONTEXT -DSK_LEGACY_DESERIAL_IMAGE_PROC -DSK_CODEC_DECODES_PNG -DSK_CODEC_DECODES_PNG_WITH_RUST -DSK_CODEC_ENCODES_PNG -DSK_CODEC_ENCODES_PNG_WITH_RUST -DSK_CODEC_DECODES_BMP_WITH_RUST -DSK_CODEC_DECODES_ICO_WITH_RUST -DSK_CODEC_COLOR_PROFILE_PARSE_WITH_RUST -DSK_EXIF_PARSE_WITH_RUST -DSK_ENABLE_AVX512_OPTS -DSK_CODEC_DECODES_JPEG -DSK_CODEC_ENCODES_JPEG -DSKIA_DLL -DSK_BUILD_FOR_MAC -DSK_GAMMA_SRGB -DSK_GAMMA_CONTRAST=0.0 -DSK_GANESH -DSK_GPU_WORKAROUNDS_HEADER=\"gpu/config/gpu_driver_bug_workaround_autogen.h\" -DSK_GL -DSK_GRAPHITE -DSK_DAWN -DSKCMS_DLL=1 -DCHROMIUM -DLIBYUV_DISABLE_SME -DLIBYUV_DISABLE_LSX -DLIBYUV_DISABLE_LASX -DON_FOCUS_PING_ENABLED -DABSL_CONSUME_DLL -DABSL_FLAGS_STRIP_NAMES=0 -DBORINGSSL_SHARED_LIBRARY -DWGPU_SHARED_LIBRARY -DSKCMS_IMPLEMENTATION=1 -DU_USING_ICU_NAMESPACE=0 -DU_ENABLE_DYLOAD=0 -DUSE_CHROMIUM_ICU=1 -DU_ENABLE_TRACING=1 -DU_ENABLE_RESOURCE_TRACING=0 -DICU_UTIL_DATA_IMPL=ICU_UTIL_DATA_FILE -DGOOGLE_PROTOBUF_NO_RTTI -DPROTOBUF_INTERNAL_BOUNDS_CHECK_MODE_ABORT -DHAVE_PTHREAD -DPROTOBUF_USE_DLLS -DPROTOBUF_ENABLE_DEBUG_LOGGING_MAY_LEAK_PII=0 -DWEBRTC_ENABLE_SYMBOL_EXPORT -DWEBRTC_ENABLE_AVX2 -DWEBRTC_DEPRECATE_PLAN_B -DWEBRTC_CHROMIUM_BUILD -DWEBRTC_POSIX -DWEBRTC_MAC -DABSL_ALLOCATOR_NOTHROW=1 -DLOGGING_INSIDE_WEBRTC -DLEVELDB_PLATFORM_CHROMIUM=1 -DLEVELDB_SHARED_LIBRARY -DCRASHPAD_ZLIB_SOURCE_EXTERNAL -DV8_USE_EXTERNAL_STARTUP_DATA -DUSING_V8_SHARED -DUSING_V8_SHARED_PRIVATE -DV8_ARRAY_BUFFER_INTERNAL_FIELD_COUNT=0 -DV8_ARRAY_BUFFER_VIEW_INTERNAL_FIELD_COUNT=0 -DV8_PROMISE_INTERNAL_FIELD_COUNT=0 -DV8_USE_DEFAULT_HASHER_SECRET=true -DV8_ENABLE_MEMORY_ACCOUNTING_CHECKS -DV8_COMPRESS_POINTERS -DV8_COMPRESS_POINTERS_IN_SHARED_CAGE -DV8_31BIT_SMIS_ON_64BIT_ARCH -DV8_ENABLE_SANDBOX -DV8_DEPRECATION_WARNINGS -DV8_DISALLOW_JS_IN_API_INTERRUPTS_IS_CHECKED -DV8_USE_PERFETTO -DV8_USE_PERFETTO_JSON_EXPORT -DV8_CPPGC_MICROTASK_QUEUE -DV8_HAVE_TARGET_OS -DV8_TARGET_OS_MACOS -DV8_TARGET_ARCH_ARM64 -DCPPGC_ENABLE_API_CHECKS -DCPPGC_SUPPORTS_OBJECT_NAMES -DCPPGC_CAGED_HEAP -DCPPGC_YOUNG_GENERATION -DCPPGC_POINTER_COMPRESSION -DCPPGC_ENABLE_LARGER_CAGE -DCPPGC_SLIM_WRITE_BARRIER -DFLATBUFFERS_LOCALE_INDEPENDENT=0 -DTFL_STATIC_LIBRARY_BUILD -DTF_MAJOR_VERSION=2 -DTF_MINOR_VERSION=22 -DTF_PATCH_VERSION=0 -DTF_VERSION_SUFFIX= -DEIGEN_MPL2_ONLY -DEIGEN_MAX_ALIGN_BYTES=64 -DEIGEN_HAS_TYPE_TRAITS=0 -DI18N_ADDRESS_VALIDATION_DATA_URL=\"https://chromium-i18n.appspot.com/ssl-aggregate-address/\" -DUSE_LIBCXX_MODULES -I../.. -Igen -I../../buildtools/third_party/libc++ -I../../third_party/perfetto/include -Igen/third_party/perfetto/build_config -Igen/third_party/perfetto -I../../third_party/skia -Igen/third_party/skia -I../../third_party/wuffs/src/release/c -Igen/third_party/dawn/include -I../../third_party/dawn/include -I../../net/third_party/quiche/overrides -I../../net/third_party/quiche/src/quiche/common/platform/default -I../../net/third_party/quiche/src -I../../third_party/khronos -I../../gpu -I../../third_party/libyuv/include -Igen/third_party/private_membership/src -Igen/third_party/shell-encryption/src -Igen/components/policy/proto -I../../base/allocator/partition_allocator/src -Igen/base/allocator/partition_allocator/src -I../../third_party/abseil-cpp -I../../third_party/boringssl/src/include -I../../third_party/protobuf/src -I../../third_party/ipcz/include -I../../third_party/icu/source/common -I../../third_party/icu/source/i18n -I../../third_party/ced/src -Igen/net/third_party/quiche/src -I../../third_party/re2/src -I../../third_party/webrtc_overrides -I../../third_party/webrtc -Igen/third_party/webrtc -I../../third_party/libwebm/source -I../../third_party/angle/include -I../../third_party/leveldatabase -I../../third_party/leveldatabase/src -I../../third_party/leveldatabase/src/include -I../../third_party/crashpad/crashpad -I../../third_party/crashpad/crashpad/compat/mac -I../../third_party/crashpad/crashpad/compat/non_win -I../../third_party/zlib -I../../third_party/libaom/source/libaom -I../../third_party/libaom/source/config/linux/arm64-cpu-detect -I../../v8/include -I../../third_party/flatbuffers/src/include -I../../third_party/flatbuffers/src/src -I../../third_party/flatbuffers/src -I../../third_party/flatbuffers/generated -Igen/components/reporting/proto/synced -Igen/components/optimization_guide/proto/features -Igen/third_party/omnibox_proto -Igen/third_party/metrics_proto -I../../third_party/ml_dtypes/src -I../../third_party/ml_dtypes/src/ml_dtypes -Igen/third_party/tflite/src -I../../third_party/tflite/shims -I../../third_party/tflite/src -I../../third_party/tflite/src/third_party/xla -I../../third_party/tflite/src/third_party/xla/third_party/tsl -I../../third_party/pthreadpool/src/include -I../../third_party/eigen3/src -I../../third_party/neon_2_sse/src -I../../third_party/ruy/src -I../../third_party/fp16/src/include -I../../third_party/tflite_support/src -I../../third_party/tflite_support/src/tensorflow_lite_support -Igen/third_party/tflite_support/src -I../../third_party/libaddressinput/src/cpp/include -Igen/third_party/content_analysis_sdk/src/proto -Wall -Wextra -Wimplicit-fallthrough -Wextra-semi -Wunreachable-code-aggressive -Wgnu -Wno-gnu-anonymous-struct -Wno-gnu-conditional-omitted-operand -Wno-gnu-include-next -Wno-gnu-label-as-value -Wno-gnu-redeclared-enum -Wno-gnu-statement-expression -Wno-gnu-zero-variadic-macro-arguments -Wno-zero-length-array -Wthread-safety -Wno-unused-template -Wunguarded-availability -Wno-missing-field-initializers -Wno-unused-parameter -Wno-psabi -Wno-stringop-overread -Wloop-analysis -Wno-unneeded-internal-declaration -Wno-cast-function-type -Wno-thread-safety-reference-return -Wno-nontrivial-memcall -Wno-uninitialized-const-pointer -Wno-unused-but-set-global -Wexit-time-destructors -Wshadow -Werror -Werror=\#pragma-messages -fno-delete-null-pointer-checks -fno-strict-overflow -fno-ident -fno-math-errno -fno-strict-aliasing -fstack-protector -fcolor-diagnostics -fdiagnostics-show-inlining-chain -fmerge-all-constants -fcrash-diagnostics-dir=../clang-crashreports -fno-lifetime-dse -mllvm -instcombine-lower-dbg-declare=0 -mllvm -split-threshold-for-reg-with-hint=0 -ffp-contract=off -fcomplete-member-pointers --target=arm64-apple-macos -mno-outline -Wno-builtin-macro-redefined -D__DATE__= -D__TIME__= -D__TIMESTAMP__= -ffile-compilation-dir=. -no-canonical-prefixes -Xclang -fmodule-file-home-is-cwd -Xclang -fmodules-cache-path=/not_exist_dummy_dir --warning-suppression-mappings=../../build/config/warning_suppression.txt -ftrivial-auto-var-init=pattern -O2 -fno-omit-frame-pointer -gdwarf-4 -g1 -gdwarf-aranges -isysroot sdk/xcode_links/MacOSX26.5.sdk -mmacos-version-min=13.0 -fsanitize=array-bounds -fsanitize-trap=array-bounds -fsanitize-ignore-for-ubsan-feature=array-bounds -Wno-unsafe-buffer-usage-in-static-sized-array -fsanitize=return -fsanitize-trap=return -fsanitize-ignore-for-ubsan-feature=return -fvisibility=hidden -Wheader-hygiene -Wstring-conversion -Wtautological-overlap-compare -Xclang -add-plugin -Xclang find-bad-constructs -Xclang -plugin-arg-find-bad-constructs -Xclang check-stack-allocated -Xclang -plugin-arg-find-bad-constructs -Xclang relax-ctor-checks-for-aggregates -Xclang -add-plugin -Xclang raw-ptr-plugin -Xclang -plugin-arg-raw-ptr-plugin -Xclang check-raw-ptr-to-stack-allocated -Xclang -plugin-arg-raw-ptr-plugin -Xclang disable-check-raw-ptr-to-stack-allocated-error -Xclang -plugin-arg-raw-ptr-plugin -Xclang raw-ptr-exclude-path=../../third_party/dawn/ -Xclang -plugin-arg-raw-ptr-plugin -Xclang raw-ptr-exclude-path=../../build/config/clang/chrome/test/fuzzing/webidl_fuzzing/ -Xclang -plugin-arg-raw-ptr-plugin -Xclang check-raw-ptr-fields -Xclang -plugin-arg-raw-ptr-plugin -Xclang check-span-fields -Xclang -plugin-arg-raw-ptr-plugin -Xclang check-raw-ref-fields -Xclang -plugin-arg-raw-ptr-plugin -Xclang no-special-treatment-for-oilpanized-paths -DUNSAFE_BUFFERS_BUILD -Wunsafe-buffer-usage -Wno-error=unsafe-buffer-usage -Xclang -add-plugin -Xclang unsafe-buffers -Xclang -plugin-arg-unsafe-buffers -Xclang ../../build/config/unsafe_buffers_paths.txt -Wno-invalid-offsetof -Wenum-compare-conditional -Wno-nullability-completeness -Wunique-object-duplication -std=c++23 -Wno-trigraphs -fno-exceptions -fno-rtti -nostdinc++ -isystem../../third_party/libc++/src/include -isystem../../third_party/libc++abi/src/include -fvisibility-inlines-hidden -fmodules -fno-implicit-module-maps -fno-implicit-modules -Xclang -fmodules-local-submodule-visibility -Wno-modules-ambiguous-internal-linkage -Wno-modules-import-nested-redundant -Xclang -fmodules-disable-diagnostic-validation -Wno-module-import-in-extern-c -fmodule-map-file=gen/build/modules/module.modulemap -fmodule-file=//build/modules:system=obj/build/modules/system/module.pcm -fmodule-name="//ahoi/browser/ui/sidebar:browser_sidebar_Private" -c ../../ahoi/browser/ui/sidebar/browser_sidebar_host_layout.cc -o obj/ahoi/browser/ui/sidebar/browser_sidebar/browser_sidebar_host_layout.o
In file included from ../../ahoi/browser/ui/sidebar/browser_sidebar_host_layout.cc:23:
../../ahoi/browser/ui/sidebar/browser_sidebar_host_view.h:656:50: error: non-virtual member function marked 'override' hides virtual member function
  656 |                       TabChangeType change_type) override;
      |                                                  ^
../../chrome/browser/ui/tabs/tab_strip_model_observer.h:546:16: note: hidden overloaded virtual function 'TabStripModelObserver::OnTabChangedAt' declared here: different number of parameters (2 vs 3)
  546 |   virtual void OnTabChangedAt(tabs::TabInterface* tab,
      |                ^
1 error generated.
[449/3860] CXX obj/ahoi/browser/ui/sidebar/browser_sidebar/browser_sidebar_host_page_actions.o
FAILED: obj/ahoi/browser/ui/sidebar/browser_sidebar/browser_sidebar_host_page_actions.o 
../../third_party/llvm-build/Release+Asserts/bin/clang++ -MMD -MF obj/ahoi/browser/ui/sidebar/browser_sidebar/browser_sidebar_host_page_actions.o.d -D__STDC_CONSTANT_MACROS -D__STDC_FORMAT_MACROS -D_FORTIFY_SOURCE=3 -D__ARM_NEON__=1 -DCR_XCODE_BUILD=17F42 -DCR_CLANG_REVISION=\"llvmorg-24-init-3796-g20e97c4b-2\" -DCOMPONENT_BUILD -D_LIBCPP_HARDENING_MODE=_LIBCPP_HARDENING_MODE_EXTENSIVE -D_LIBCPP_INSTRUMENTED_WITH_ASAN=0 -DCR_LIBCXX_REVISION=97b436da4c33663581d394f4ee0a5977fc38c2f4 -DDCHECK_ALWAYS_ON=1 -DNDEBUG -DNVALGRIND -DDYNAMIC_ANNOTATIONS_ENABLED=0 -DTOOLKIT_VIEWS=1 -DSK_ENABLE_SKSL -DSK_UNTIL_CRBUG_1187654_IS_FIXED -DSK_USER_CONFIG_HEADER=\"../../skia/config/SkUserConfig.h\" -DSK_USE_PARTITION_ALLOC -DSK_WIN_FONTMGR_NO_SIMULATIONS -DSK_ENABLE_LEGACY_SHADERCONTEXT -DSK_LEGACY_DESERIAL_IMAGE_PROC -DSK_CODEC_DECODES_PNG -DSK_CODEC_DECODES_PNG_WITH_RUST -DSK_CODEC_ENCODES_PNG -DSK_CODEC_ENCODES_PNG_WITH_RUST -DSK_CODEC_DECODES_BMP_WITH_RUST -DSK_CODEC_DECODES_ICO_WITH_RUST -DSK_CODEC_COLOR_PROFILE_PARSE_WITH_RUST -DSK_EXIF_PARSE_WITH_RUST -DSK_ENABLE_AVX512_OPTS -DSK_CODEC_DECODES_JPEG -DSK_CODEC_ENCODES_JPEG -DSKIA_DLL -DSK_BUILD_FOR_MAC -DSK_GAMMA_SRGB -DSK_GAMMA_CONTRAST=0.0 -DSK_GANESH -DSK_GPU_WORKAROUNDS_HEADER=\"gpu/config/gpu_driver_bug_workaround_autogen.h\" -DSK_GL -DSK_GRAPHITE -DSK_DAWN -DSKCMS_DLL=1 -DCHROMIUM -DLIBYUV_DISABLE_SME -DLIBYUV_DISABLE_LSX -DLIBYUV_DISABLE_LASX -DON_FOCUS_PING_ENABLED -DABSL_CONSUME_DLL -DABSL_FLAGS_STRIP_NAMES=0 -DBORINGSSL_SHARED_LIBRARY -DWGPU_SHARED_LIBRARY -DSKCMS_IMPLEMENTATION=1 -DU_USING_ICU_NAMESPACE=0 -DU_ENABLE_DYLOAD=0 -DUSE_CHROMIUM_ICU=1 -DU_ENABLE_TRACING=1 -DU_ENABLE_RESOURCE_TRACING=0 -DICU_UTIL_DATA_IMPL=ICU_UTIL_DATA_FILE -DGOOGLE_PROTOBUF_NO_RTTI -DPROTOBUF_INTERNAL_BOUNDS_CHECK_MODE_ABORT -DHAVE_PTHREAD -DPROTOBUF_USE_DLLS -DPROTOBUF_ENABLE_DEBUG_LOGGING_MAY_LEAK_PII=0 -DWEBRTC_ENABLE_SYMBOL_EXPORT -DWEBRTC_ENABLE_AVX2 -DWEBRTC_DEPRECATE_PLAN_B -DWEBRTC_CHROMIUM_BUILD -DWEBRTC_POSIX -DWEBRTC_MAC -DABSL_ALLOCATOR_NOTHROW=1 -DLOGGING_INSIDE_WEBRTC -DLEVELDB_PLATFORM_CHROMIUM=1 -DLEVELDB_SHARED_LIBRARY -DCRASHPAD_ZLIB_SOURCE_EXTERNAL -DV8_USE_EXTERNAL_STARTUP_DATA -DUSING_V8_SHARED -DUSING_V8_SHARED_PRIVATE -DV8_ARRAY_BUFFER_INTERNAL_FIELD_COUNT=0 -DV8_ARRAY_BUFFER_VIEW_INTERNAL_FIELD_COUNT=0 -DV8_PROMISE_INTERNAL_FIELD_COUNT=0 -DV8_USE_DEFAULT_HASHER_SECRET=true -DV8_ENABLE_MEMORY_ACCOUNTING_CHECKS -DV8_COMPRESS_POINTERS -DV8_COMPRESS_POINTERS_IN_SHARED_CAGE -DV8_31BIT_SMIS_ON_64BIT_ARCH -DV8_ENABLE_SANDBOX -DV8_DEPRECATION_WARNINGS -DV8_DISALLOW_JS_IN_API_INTERRUPTS_IS_CHECKED -DV8_USE_PERFETTO -DV8_USE_PERFETTO_JSON_EXPORT -DV8_CPPGC_MICROTASK_QUEUE -DV8_HAVE_TARGET_OS -DV8_TARGET_OS_MACOS -DV8_TARGET_ARCH_ARM64 -DCPPGC_ENABLE_API_CHECKS -DCPPGC_SUPPORTS_OBJECT_NAMES -DCPPGC_CAGED_HEAP -DCPPGC_YOUNG_GENERATION -DCPPGC_POINTER_COMPRESSION -DCPPGC_ENABLE_LARGER_CAGE -DCPPGC_SLIM_WRITE_BARRIER -DFLATBUFFERS_LOCALE_INDEPENDENT=0 -DTFL_STATIC_LIBRARY_BUILD -DTF_MAJOR_VERSION=2 -DTF_MINOR_VERSION=22 -DTF_PATCH_VERSION=0 -DTF_VERSION_SUFFIX= -DEIGEN_MPL2_ONLY -DEIGEN_MAX_ALIGN_BYTES=64 -DEIGEN_HAS_TYPE_TRAITS=0 -DI18N_ADDRESS_VALIDATION_DATA_URL=\"https://chromium-i18n.appspot.com/ssl-aggregate-address/\" -DUSE_LIBCXX_MODULES -I../.. -Igen -I../../buildtools/third_party/libc++ -I../../third_party/perfetto/include -Igen/third_party/perfetto/build_config -Igen/third_party/perfetto -I../../third_party/skia -Igen/third_party/skia -I../../third_party/wuffs/src/release/c -Igen/third_party/dawn/include -I../../third_party/dawn/include -I../../net/third_party/quiche/overrides -I../../net/third_party/quiche/src/quiche/common/platform/default -I../../net/third_party/quiche/src -I../../third_party/khronos -I../../gpu -I../../third_party/libyuv/include -Igen/third_party/private_membership/src -Igen/third_party/shell-encryption/src -Igen/components/policy/proto -I../../base/allocator/partition_allocator/src -Igen/base/allocator/partition_allocator/src -I../../third_party/abseil-cpp -I../../third_party/boringssl/src/include -I../../third_party/protobuf/src -I../../third_party/ipcz/include -I../../third_party/icu/source/common -I../../third_party/icu/source/i18n -I../../third_party/ced/src -Igen/net/third_party/quiche/src -I../../third_party/re2/src -I../../third_party/webrtc_overrides -I../../third_party/webrtc -Igen/third_party/webrtc -I../../third_party/libwebm/source -I../../third_party/angle/include -I../../third_party/leveldatabase -I../../third_party/leveldatabase/src -I../../third_party/leveldatabase/src/include -I../../third_party/crashpad/crashpad -I../../third_party/crashpad/crashpad/compat/mac -I../../third_party/crashpad/crashpad/compat/non_win -I../../third_party/zlib -I../../third_party/libaom/source/libaom -I../../third_party/libaom/source/config/linux/arm64-cpu-detect -I../../v8/include -I../../third_party/flatbuffers/src/include -I../../third_party/flatbuffers/src/src -I../../third_party/flatbuffers/src -I../../third_party/flatbuffers/generated -Igen/components/reporting/proto/synced -Igen/components/optimization_guide/proto/features -Igen/third_party/omnibox_proto -Igen/third_party/metrics_proto -I../../third_party/ml_dtypes/src -I../../third_party/ml_dtypes/src/ml_dtypes -Igen/third_party/tflite/src -I../../third_party/tflite/shims -I../../third_party/tflite/src -I../../third_party/tflite/src/third_party/xla -I../../third_party/tflite/src/third_party/xla/third_party/tsl -I../../third_party/pthreadpool/src/include -I../../third_party/eigen3/src -I../../third_party/neon_2_sse/src -I../../third_party/ruy/src -I../../third_party/fp16/src/include -I../../third_party/tflite_support/src -I../../third_party/tflite_support/src/tensorflow_lite_support -Igen/third_party/tflite_support/src -I../../third_party/libaddressinput/src/cpp/include -Igen/third_party/content_analysis_sdk/src/proto -Wall -Wextra -Wimplicit-fallthrough -Wextra-semi -Wunreachable-code-aggressive -Wgnu -Wno-gnu-anonymous-struct -Wno-gnu-conditional-omitted-operand -Wno-gnu-include-next -Wno-gnu-label-as-value -Wno-gnu-redeclared-enum -Wno-gnu-statement-expression -Wno-gnu-zero-variadic-macro-arguments -Wno-zero-length-array -Wthread-safety -Wno-unused-template -Wunguarded-availability -Wno-missing-field-initializers -Wno-unused-parameter -Wno-psabi -Wno-stringop-overread -Wloop-analysis -Wno-unneeded-internal-declaration -Wno-cast-function-type -Wno-thread-safety-reference-return -Wno-nontrivial-memcall -Wno-uninitialized-const-pointer -Wno-unused-but-set-global -Wexit-time-destructors -Wshadow -Werror -Werror=\#pragma-messages -fno-delete-null-pointer-checks -fno-strict-overflow -fno-ident -fno-math-errno -fno-strict-aliasing -fstack-protector -fcolor-diagnostics -fdiagnostics-show-inlining-chain -fmerge-all-constants -fcrash-diagnostics-dir=../clang-crashreports -fno-lifetime-dse -mllvm -instcombine-lower-dbg-declare=0 -mllvm -split-threshold-for-reg-with-hint=0 -ffp-contract=off -fcomplete-member-pointers --target=arm64-apple-macos -mno-outline -Wno-builtin-macro-redefined -D__DATE__= -D__TIME__= -D__TIMESTAMP__= -ffile-compilation-dir=. -no-canonical-prefixes -Xclang -fmodule-file-home-is-cwd -Xclang -fmodules-cache-path=/not_exist_dummy_dir --warning-suppression-mappings=../../build/config/warning_suppression.txt -ftrivial-auto-var-init=pattern -O2 -fno-omit-frame-pointer -gdwarf-4 -g1 -gdwarf-aranges -isysroot sdk/xcode_links/MacOSX26.5.sdk -mmacos-version-min=13.0 -fsanitize=array-bounds -fsanitize-trap=array-bounds -fsanitize-ignore-for-ubsan-feature=array-bounds -Wno-unsafe-buffer-usage-in-static-sized-array -fsanitize=return -fsanitize-trap=return -fsanitize-ignore-for-ubsan-feature=return -fvisibility=hidden -Wheader-hygiene -Wstring-conversion -Wtautological-overlap-compare -Xclang -add-plugin -Xclang find-bad-constructs -Xclang -plugin-arg-find-bad-constructs -Xclang check-stack-allocated -Xclang -plugin-arg-find-bad-constructs -Xclang relax-ctor-checks-for-aggregates -Xclang -add-plugin -Xclang raw-ptr-plugin -Xclang -plugin-arg-raw-ptr-plugin -Xclang check-raw-ptr-to-stack-allocated -Xclang -plugin-arg-raw-ptr-plugin -Xclang disable-check-raw-ptr-to-stack-allocated-error -Xclang -plugin-arg-raw-ptr-plugin -Xclang raw-ptr-exclude-path=../../third_party/dawn/ -Xclang -plugin-arg-raw-ptr-plugin -Xclang raw-ptr-exclude-path=../../build/config/clang/chrome/test/fuzzing/webidl_fuzzing/ -Xclang -plugin-arg-raw-ptr-plugin -Xclang check-raw-ptr-fields -Xclang -plugin-arg-raw-ptr-plugin -Xclang check-span-fields -Xclang -plugin-arg-raw-ptr-plugin -Xclang check-raw-ref-fields -Xclang -plugin-arg-raw-ptr-plugin -Xclang no-special-treatment-for-oilpanized-paths -DUNSAFE_BUFFERS_BUILD -Wunsafe-buffer-usage -Wno-error=unsafe-buffer-usage -Xclang -add-plugin -Xclang unsafe-buffers -Xclang -plugin-arg-unsafe-buffers -Xclang ../../build/config/unsafe_buffers_paths.txt -Wno-invalid-offsetof -Wenum-compare-conditional -Wno-nullability-completeness -Wunique-object-duplication -std=c++23 -Wno-trigraphs -fno-exceptions -fno-rtti -nostdinc++ -isystem../../third_party/libc++/src/include -isystem../../third_party/libc++abi/src/include -fvisibility-inlines-hidden -fmodules -fno-implicit-module-maps -fno-implicit-modules -Xclang -fmodules-local-submodule-visibility -Wno-modules-ambiguous-internal-linkage -Wno-modules-import-nested-redundant -Xclang -fmodules-disable-diagnostic-validation -Wno-module-import-in-extern-c -fmodule-map-file=gen/build/modules/module.modulemap -fmodule-file=//build/modules:system=obj/build/modules/system/module.pcm -fmodule-name="//ahoi/browser/ui/sidebar:browser_sidebar_Private" -c ../../ahoi/browser/ui/sidebar/browser_sidebar_host_page_actions.cc -o obj/ahoi/browser/ui/sidebar/browser_sidebar/browser_sidebar_host_page_actions.o
In file included from ../../ahoi/browser/ui/sidebar/browser_sidebar_host_page_actions.cc:9:
../../ahoi/browser/ui/sidebar/browser_sidebar_host_view.h:656:50: error: non-virtual member function marked 'override' hides virtual member function
  656 |                       TabChangeType change_type) override;
      |                                                  ^
../../chrome/browser/ui/tabs/tab_strip_model_observer.h:546:16: note: hidden overloaded virtual function 'TabStripModelObserver::OnTabChangedAt' declared here: different number of parameters (2 vs 3)
  546 |   virtual void OnTabChangedAt(tabs::TabInterface* tab,
      |                ^
1 error generated.
[450/3860] CXX obj/ahoi/browser/ui/sidebar/browser_sidebar/browser_sidebar_host_previews.o
FAILED: obj/ahoi/browser/ui/sidebar/browser_sidebar/browser_sidebar_host_previews.o 
../../third_party/llvm-build/Release+Asserts/bin/clang++ -MMD -MF obj/ahoi/browser/ui/sidebar/browser_sidebar/browser_sidebar_host_previews.o.d -D__STDC_CONSTANT_MACROS -D__STDC_FORMAT_MACROS -D_FORTIFY_SOURCE=3 -D__ARM_NEON__=1 -DCR_XCODE_BUILD=17F42 -DCR_CLANG_REVISION=\"llvmorg-24-init-3796-g20e97c4b-2\" -DCOMPONENT_BUILD -D_LIBCPP_HARDENING_MODE=_LIBCPP_HARDENING_MODE_EXTENSIVE -D_LIBCPP_INSTRUMENTED_WITH_ASAN=0 -DCR_LIBCXX_REVISION=97b436da4c33663581d394f4ee0a5977fc38c2f4 -DDCHECK_ALWAYS_ON=1 -DNDEBUG -DNVALGRIND -DDYNAMIC_ANNOTATIONS_ENABLED=0 -DTOOLKIT_VIEWS=1 -DSK_ENABLE_SKSL -DSK_UNTIL_CRBUG_1187654_IS_FIXED -DSK_USER_CONFIG_HEADER=\"../../skia/config/SkUserConfig.h\" -DSK_USE_PARTITION_ALLOC -DSK_WIN_FONTMGR_NO_SIMULATIONS -DSK_ENABLE_LEGACY_SHADERCONTEXT -DSK_LEGACY_DESERIAL_IMAGE_PROC -DSK_CODEC_DECODES_PNG -DSK_CODEC_DECODES_PNG_WITH_RUST -DSK_CODEC_ENCODES_PNG -DSK_CODEC_ENCODES_PNG_WITH_RUST -DSK_CODEC_DECODES_BMP_WITH_RUST -DSK_CODEC_DECODES_ICO_WITH_RUST -DSK_CODEC_COLOR_PROFILE_PARSE_WITH_RUST -DSK_EXIF_PARSE_WITH_RUST -DSK_ENABLE_AVX512_OPTS -DSK_CODEC_DECODES_JPEG -DSK_CODEC_ENCODES_JPEG -DSKIA_DLL -DSK_BUILD_FOR_MAC -DSK_GAMMA_SRGB -DSK_GAMMA_CONTRAST=0.0 -DSK_GANESH -DSK_GPU_WORKAROUNDS_HEADER=\"gpu/config/gpu_driver_bug_workaround_autogen.h\" -DSK_GL -DSK_GRAPHITE -DSK_DAWN -DSKCMS_DLL=1 -DCHROMIUM -DLIBYUV_DISABLE_SME -DLIBYUV_DISABLE_LSX -DLIBYUV_DISABLE_LASX -DON_FOCUS_PING_ENABLED -DABSL_CONSUME_DLL -DABSL_FLAGS_STRIP_NAMES=0 -DBORINGSSL_SHARED_LIBRARY -DWGPU_SHARED_LIBRARY -DSKCMS_IMPLEMENTATION=1 -DU_USING_ICU_NAMESPACE=0 -DU_ENABLE_DYLOAD=0 -DUSE_CHROMIUM_ICU=1 -DU_ENABLE_TRACING=1 -DU_ENABLE_RESOURCE_TRACING=0 -DICU_UTIL_DATA_IMPL=ICU_UTIL_DATA_FILE -DGOOGLE_PROTOBUF_NO_RTTI -DPROTOBUF_INTERNAL_BOUNDS_CHECK_MODE_ABORT -DHAVE_PTHREAD -DPROTOBUF_USE_DLLS -DPROTOBUF_ENABLE_DEBUG_LOGGING_MAY_LEAK_PII=0 -DWEBRTC_ENABLE_SYMBOL_EXPORT -DWEBRTC_ENABLE_AVX2 -DWEBRTC_DEPRECATE_PLAN_B -DWEBRTC_CHROMIUM_BUILD -DWEBRTC_POSIX -DWEBRTC_MAC -DABSL_ALLOCATOR_NOTHROW=1 -DLOGGING_INSIDE_WEBRTC -DLEVELDB_PLATFORM_CHROMIUM=1 -DLEVELDB_SHARED_LIBRARY -DCRASHPAD_ZLIB_SOURCE_EXTERNAL -DV8_USE_EXTERNAL_STARTUP_DATA -DUSING_V8_SHARED -DUSING_V8_SHARED_PRIVATE -DV8_ARRAY_BUFFER_INTERNAL_FIELD_COUNT=0 -DV8_ARRAY_BUFFER_VIEW_INTERNAL_FIELD_COUNT=0 -DV8_PROMISE_INTERNAL_FIELD_COUNT=0 -DV8_USE_DEFAULT_HASHER_SECRET=true -DV8_ENABLE_MEMORY_ACCOUNTING_CHECKS -DV8_COMPRESS_POINTERS -DV8_COMPRESS_POINTERS_IN_SHARED_CAGE -DV8_31BIT_SMIS_ON_64BIT_ARCH -DV8_ENABLE_SANDBOX -DV8_DEPRECATION_WARNINGS -DV8_DISALLOW_JS_IN_API_INTERRUPTS_IS_CHECKED -DV8_USE_PERFETTO -DV8_USE_PERFETTO_JSON_EXPORT -DV8_CPPGC_MICROTASK_QUEUE -DV8_HAVE_TARGET_OS -DV8_TARGET_OS_MACOS -DV8_TARGET_ARCH_ARM64 -DCPPGC_ENABLE_API_CHECKS -DCPPGC_SUPPORTS_OBJECT_NAMES -DCPPGC_CAGED_HEAP -DCPPGC_YOUNG_GENERATION -DCPPGC_POINTER_COMPRESSION -DCPPGC_ENABLE_LARGER_CAGE -DCPPGC_SLIM_WRITE_BARRIER -DFLATBUFFERS_LOCALE_INDEPENDENT=0 -DTFL_STATIC_LIBRARY_BUILD -DTF_MAJOR_VERSION=2 -DTF_MINOR_VERSION=22 -DTF_PATCH_VERSION=0 -DTF_VERSION_SUFFIX= -DEIGEN_MPL2_ONLY -DEIGEN_MAX_ALIGN_BYTES=64 -DEIGEN_HAS_TYPE_TRAITS=0 -DI18N_ADDRESS_VALIDATION_DATA_URL=\"https://chromium-i18n.appspot.com/ssl-aggregate-address/\" -DUSE_LIBCXX_MODULES -I../.. -Igen -I../../buildtools/third_party/libc++ -I../../third_party/perfetto/include -Igen/third_party/perfetto/build_config -Igen/third_party/perfetto -I../../third_party/skia -Igen/third_party/skia -I../../third_party/wuffs/src/release/c -Igen/third_party/dawn/include -I../../third_party/dawn/include -I../../net/third_party/quiche/overrides -I../../net/third_party/quiche/src/quiche/common/platform/default -I../../net/third_party/quiche/src -I../../third_party/khronos -I../../gpu -I../../third_party/libyuv/include -Igen/third_party/private_membership/src -Igen/third_party/shell-encryption/src -Igen/components/policy/proto -I../../base/allocator/partition_allocator/src -Igen/base/allocator/partition_allocator/src -I../../third_party/abseil-cpp -I../../third_party/boringssl/src/include -I../../third_party/protobuf/src -I../../third_party/ipcz/include -I../../third_party/icu/source/common -I../../third_party/icu/source/i18n -I../../third_party/ced/src -Igen/net/third_party/quiche/src -I../../third_party/re2/src -I../../third_party/webrtc_overrides -I../../third_party/webrtc -Igen/third_party/webrtc -I../../third_party/libwebm/source -I../../third_party/angle/include -I../../third_party/leveldatabase -I../../third_party/leveldatabase/src -I../../third_party/leveldatabase/src/include -I../../third_party/crashpad/crashpad -I../../third_party/crashpad/crashpad/compat/mac -I../../third_party/crashpad/crashpad/compat/non_win -I../../third_party/zlib -I../../third_party/libaom/source/libaom -I../../third_party/libaom/source/config/linux/arm64-cpu-detect -I../../v8/include -I../../third_party/flatbuffers/src/include -I../../third_party/flatbuffers/src/src -I../../third_party/flatbuffers/src -I../../third_party/flatbuffers/generated -Igen/components/reporting/proto/synced -Igen/components/optimization_guide/proto/features -Igen/third_party/omnibox_proto -Igen/third_party/metrics_proto -I../../third_party/ml_dtypes/src -I../../third_party/ml_dtypes/src/ml_dtypes -Igen/third_party/tflite/src -I../../third_party/tflite/shims -I../../third_party/tflite/src -I../../third_party/tflite/src/third_party/xla -I../../third_party/tflite/src/third_party/xla/third_party/tsl -I../../third_party/pthreadpool/src/include -I../../third_party/eigen3/src -I../../third_party/neon_2_sse/src -I../../third_party/ruy/src -I../../third_party/fp16/src/include -I../../third_party/tflite_support/src -I../../third_party/tflite_support/src/tensorflow_lite_support -Igen/third_party/tflite_support/src -I../../third_party/libaddressinput/src/cpp/include -Igen/third_party/content_analysis_sdk/src/proto -Wall -Wextra -Wimplicit-fallthrough -Wextra-semi -Wunreachable-code-aggressive -Wgnu -Wno-gnu-anonymous-struct -Wno-gnu-conditional-omitted-operand -Wno-gnu-include-next -Wno-gnu-label-as-value -Wno-gnu-redeclared-enum -Wno-gnu-statement-expression -Wno-gnu-zero-variadic-macro-arguments -Wno-zero-length-array -Wthread-safety -Wno-unused-template -Wunguarded-availability -Wno-missing-field-initializers -Wno-unused-parameter -Wno-psabi -Wno-stringop-overread -Wloop-analysis -Wno-unneeded-internal-declaration -Wno-cast-function-type -Wno-thread-safety-reference-return -Wno-nontrivial-memcall -Wno-uninitialized-const-pointer -Wno-unused-but-set-global -Wexit-time-destructors -Wshadow -Werror -Werror=\#pragma-messages -fno-delete-null-pointer-checks -fno-strict-overflow -fno-ident -fno-math-errno -fno-strict-aliasing -fstack-protector -fcolor-diagnostics -fdiagnostics-show-inlining-chain -fmerge-all-constants -fcrash-diagnostics-dir=../clang-crashreports -fno-lifetime-dse -mllvm -instcombine-lower-dbg-declare=0 -mllvm -split-threshold-for-reg-with-hint=0 -ffp-contract=off -fcomplete-member-pointers --target=arm64-apple-macos -mno-outline -Wno-builtin-macro-redefined -D__DATE__= -D__TIME__= -D__TIMESTAMP__= -ffile-compilation-dir=. -no-canonical-prefixes -Xclang -fmodule-file-home-is-cwd -Xclang -fmodules-cache-path=/not_exist_dummy_dir --warning-suppression-mappings=../../build/config/warning_suppression.txt -ftrivial-auto-var-init=pattern -O2 -fno-omit-frame-pointer -gdwarf-4 -g1 -gdwarf-aranges -isysroot sdk/xcode_links/MacOSX26.5.sdk -mmacos-version-min=13.0 -fsanitize=array-bounds -fsanitize-trap=array-bounds -fsanitize-ignore-for-ubsan-feature=array-bounds -Wno-unsafe-buffer-usage-in-static-sized-array -fsanitize=return -fsanitize-trap=return -fsanitize-ignore-for-ubsan-feature=return -fvisibility=hidden -Wheader-hygiene -Wstring-conversion -Wtautological-overlap-compare -Xclang -add-plugin -Xclang find-bad-constructs -Xclang -plugin-arg-find-bad-constructs -Xclang check-stack-allocated -Xclang -plugin-arg-find-bad-constructs -Xclang relax-ctor-checks-for-aggregates -Xclang -add-plugin -Xclang raw-ptr-plugin -Xclang -plugin-arg-raw-ptr-plugin -Xclang check-raw-ptr-to-stack-allocated -Xclang -plugin-arg-raw-ptr-plugin -Xclang disable-check-raw-ptr-to-stack-allocated-error -Xclang -plugin-arg-raw-ptr-plugin -Xclang raw-ptr-exclude-path=../../third_party/dawn/ -Xclang -plugin-arg-raw-ptr-plugin -Xclang raw-ptr-exclude-path=../../build/config/clang/chrome/test/fuzzing/webidl_fuzzing/ -Xclang -plugin-arg-raw-ptr-plugin -Xclang check-raw-ptr-fields -Xclang -plugin-arg-raw-ptr-plugin -Xclang check-span-fields -Xclang -plugin-arg-raw-ptr-plugin -Xclang check-raw-ref-fields -Xclang -plugin-arg-raw-ptr-plugin -Xclang no-special-treatment-for-oilpanized-paths -DUNSAFE_BUFFERS_BUILD -Wunsafe-buffer-usage -Wno-error=unsafe-buffer-usage -Xclang -add-plugin -Xclang unsafe-buffers -Xclang -plugin-arg-unsafe-buffers -Xclang ../../build/config/unsafe_buffers_paths.txt -Wno-invalid-offsetof -Wenum-compare-conditional -Wno-nullability-completeness -Wunique-object-duplication -std=c++23 -Wno-trigraphs -fno-exceptions -fno-rtti -nostdinc++ -isystem../../third_party/libc++/src/include -isystem../../third_party/libc++abi/src/include -fvisibility-inlines-hidden -fmodules -fno-implicit-module-maps -fno-implicit-modules -Xclang -fmodules-local-submodule-visibility -Wno-modules-ambiguous-internal-linkage -Wno-modules-import-nested-redundant -Xclang -fmodules-disable-diagnostic-validation -Wno-module-import-in-extern-c -fmodule-map-file=gen/build/modules/module.modulemap -fmodule-file=//build/modules:system=obj/build/modules/system/module.pcm -fmodule-name="//ahoi/browser/ui/sidebar:browser_sidebar_Private" -c ../../ahoi/browser/ui/sidebar/browser_sidebar_host_previews.cc -o obj/ahoi/browser/ui/sidebar/browser_sidebar/browser_sidebar_host_previews.o
In file included from ../../ahoi/browser/ui/sidebar/browser_sidebar_host_previews.cc:4:
../../ahoi/browser/ui/sidebar/browser_sidebar_host_view.h:656:50: error: non-virtual member function marked 'override' hides virtual member function
  656 |                       TabChangeType change_type) override;
      |                                                  ^
../../chrome/browser/ui/tabs/tab_strip_model_observer.h:546:16: note: hidden overloaded virtual function 'TabStripModelObserver::OnTabChangedAt' declared here: different number of parameters (2 vs 3)
  546 |   virtual void OnTabChangedAt(tabs::TabInterface* tab,
      |                ^
1 error generated.
[451/3860] CXX obj/ahoi/browser/ui/sidebar/browser_sidebar/browser_sidebar_host_presentation.o
FAILED: obj/ahoi/browser/ui/sidebar/browser_sidebar/browser_sidebar_host_presentation.o 
../../third_party/llvm-build/Release+Asserts/bin/clang++ -MMD -MF obj/ahoi/browser/ui/sidebar/browser_sidebar/browser_sidebar_host_presentation.o.d -D__STDC_CONSTANT_MACROS -D__STDC_FORMAT_MACROS -D_FORTIFY_SOURCE=3 -D__ARM_NEON__=1 -DCR_XCODE_BUILD=17F42 -DCR_CLANG_REVISION=\"llvmorg-24-init-3796-g20e97c4b-2\" -DCOMPONENT_BUILD -D_LIBCPP_HARDENING_MODE=_LIBCPP_HARDENING_MODE_EXTENSIVE -D_LIBCPP_INSTRUMENTED_WITH_ASAN=0 -DCR_LIBCXX_REVISION=97b436da4c33663581d394f4ee0a5977fc38c2f4 -DDCHECK_ALWAYS_ON=1 -DNDEBUG -DNVALGRIND -DDYNAMIC_ANNOTATIONS_ENABLED=0 -DTOOLKIT_VIEWS=1 -DSK_ENABLE_SKSL -DSK_UNTIL_CRBUG_1187654_IS_FIXED -DSK_USER_CONFIG_HEADER=\"../../skia/config/SkUserConfig.h\" -DSK_USE_PARTITION_ALLOC -DSK_WIN_FONTMGR_NO_SIMULATIONS -DSK_ENABLE_LEGACY_SHADERCONTEXT -DSK_LEGACY_DESERIAL_IMAGE_PROC -DSK_CODEC_DECODES_PNG -DSK_CODEC_DECODES_PNG_WITH_RUST -DSK_CODEC_ENCODES_PNG -DSK_CODEC_ENCODES_PNG_WITH_RUST -DSK_CODEC_DECODES_BMP_WITH_RUST -DSK_CODEC_DECODES_ICO_WITH_RUST -DSK_CODEC_COLOR_PROFILE_PARSE_WITH_RUST -DSK_EXIF_PARSE_WITH_RUST -DSK_ENABLE_AVX512_OPTS -DSK_CODEC_DECODES_JPEG -DSK_CODEC_ENCODES_JPEG -DSKIA_DLL -DSK_BUILD_FOR_MAC -DSK_GAMMA_SRGB -DSK_GAMMA_CONTRAST=0.0 -DSK_GANESH -DSK_GPU_WORKAROUNDS_HEADER=\"gpu/config/gpu_driver_bug_workaround_autogen.h\" -DSK_GL -DSK_GRAPHITE -DSK_DAWN -DSKCMS_DLL=1 -DCHROMIUM -DLIBYUV_DISABLE_SME -DLIBYUV_DISABLE_LSX -DLIBYUV_DISABLE_LASX -DON_FOCUS_PING_ENABLED -DABSL_CONSUME_DLL -DABSL_FLAGS_STRIP_NAMES=0 -DBORINGSSL_SHARED_LIBRARY -DWGPU_SHARED_LIBRARY -DSKCMS_IMPLEMENTATION=1 -DU_USING_ICU_NAMESPACE=0 -DU_ENABLE_DYLOAD=0 -DUSE_CHROMIUM_ICU=1 -DU_ENABLE_TRACING=1 -DU_ENABLE_RESOURCE_TRACING=0 -DICU_UTIL_DATA_IMPL=ICU_UTIL_DATA_FILE -DGOOGLE_PROTOBUF_NO_RTTI -DPROTOBUF_INTERNAL_BOUNDS_CHECK_MODE_ABORT -DHAVE_PTHREAD -DPROTOBUF_USE_DLLS -DPROTOBUF_ENABLE_DEBUG_LOGGING_MAY_LEAK_PII=0 -DWEBRTC_ENABLE_SYMBOL_EXPORT -DWEBRTC_ENABLE_AVX2 -DWEBRTC_DEPRECATE_PLAN_B -DWEBRTC_CHROMIUM_BUILD -DWEBRTC_POSIX -DWEBRTC_MAC -DABSL_ALLOCATOR_NOTHROW=1 -DLOGGING_INSIDE_WEBRTC -DLEVELDB_PLATFORM_CHROMIUM=1 -DLEVELDB_SHARED_LIBRARY -DCRASHPAD_ZLIB_SOURCE_EXTERNAL -DV8_USE_EXTERNAL_STARTUP_DATA -DUSING_V8_SHARED -DUSING_V8_SHARED_PRIVATE -DV8_ARRAY_BUFFER_INTERNAL_FIELD_COUNT=0 -DV8_ARRAY_BUFFER_VIEW_INTERNAL_FIELD_COUNT=0 -DV8_PROMISE_INTERNAL_FIELD_COUNT=0 -DV8_USE_DEFAULT_HASHER_SECRET=true -DV8_ENABLE_MEMORY_ACCOUNTING_CHECKS -DV8_COMPRESS_POINTERS -DV8_COMPRESS_POINTERS_IN_SHARED_CAGE -DV8_31BIT_SMIS_ON_64BIT_ARCH -DV8_ENABLE_SANDBOX -DV8_DEPRECATION_WARNINGS -DV8_DISALLOW_JS_IN_API_INTERRUPTS_IS_CHECKED -DV8_USE_PERFETTO -DV8_USE_PERFETTO_JSON_EXPORT -DV8_CPPGC_MICROTASK_QUEUE -DV8_HAVE_TARGET_OS -DV8_TARGET_OS_MACOS -DV8_TARGET_ARCH_ARM64 -DCPPGC_ENABLE_API_CHECKS -DCPPGC_SUPPORTS_OBJECT_NAMES -DCPPGC_CAGED_HEAP -DCPPGC_YOUNG_GENERATION -DCPPGC_POINTER_COMPRESSION -DCPPGC_ENABLE_LARGER_CAGE -DCPPGC_SLIM_WRITE_BARRIER -DFLATBUFFERS_LOCALE_INDEPENDENT=0 -DTFL_STATIC_LIBRARY_BUILD -DTF_MAJOR_VERSION=2 -DTF_MINOR_VERSION=22 -DTF_PATCH_VERSION=0 -DTF_VERSION_SUFFIX= -DEIGEN_MPL2_ONLY -DEIGEN_MAX_ALIGN_BYTES=64 -DEIGEN_HAS_TYPE_TRAITS=0 -DI18N_ADDRESS_VALIDATION_DATA_URL=\"https://chromium-i18n.appspot.com/ssl-aggregate-address/\" -DUSE_LIBCXX_MODULES -I../.. -Igen -I../../buildtools/third_party/libc++ -I../../third_party/perfetto/include -Igen/third_party/perfetto/build_config -Igen/third_party/perfetto -I../../third_party/skia -Igen/third_party/skia -I../../third_party/wuffs/src/release/c -Igen/third_party/dawn/include -I../../third_party/dawn/include -I../../net/third_party/quiche/overrides -I../../net/third_party/quiche/src/quiche/common/platform/default -I../../net/third_party/quiche/src -I../../third_party/khronos -I../../gpu -I../../third_party/libyuv/include -Igen/third_party/private_membership/src -Igen/third_party/shell-encryption/src -Igen/components/policy/proto -I../../base/allocator/partition_allocator/src -Igen/base/allocator/partition_allocator/src -I../../third_party/abseil-cpp -I../../third_party/boringssl/src/include -I../../third_party/protobuf/src -I../../third_party/ipcz/include -I../../third_party/icu/source/common -I../../third_party/icu/source/i18n -I../../third_party/ced/src -Igen/net/third_party/quiche/src -I../../third_party/re2/src -I../../third_party/webrtc_overrides -I../../third_party/webrtc -Igen/third_party/webrtc -I../../third_party/libwebm/source -I../../third_party/angle/include -I../../third_party/leveldatabase -I../../third_party/leveldatabase/src -I../../third_party/leveldatabase/src/include -I../../third_party/crashpad/crashpad -I../../third_party/crashpad/crashpad/compat/mac -I../../third_party/crashpad/crashpad/compat/non_win -I../../third_party/zlib -I../../third_party/libaom/source/libaom -I../../third_party/libaom/source/config/linux/arm64-cpu-detect -I../../v8/include -I../../third_party/flatbuffers/src/include -I../../third_party/flatbuffers/src/src -I../../third_party/flatbuffers/src -I../../third_party/flatbuffers/generated -Igen/components/reporting/proto/synced -Igen/components/optimization_guide/proto/features -Igen/third_party/omnibox_proto -Igen/third_party/metrics_proto -I../../third_party/ml_dtypes/src -I../../third_party/ml_dtypes/src/ml_dtypes -Igen/third_party/tflite/src -I../../third_party/tflite/shims -I../../third_party/tflite/src -I../../third_party/tflite/src/third_party/xla -I../../third_party/tflite/src/third_party/xla/third_party/tsl -I../../third_party/pthreadpool/src/include -I../../third_party/eigen3/src -I../../third_party/neon_2_sse/src -I../../third_party/ruy/src -I../../third_party/fp16/src/include -I../../third_party/tflite_support/src -I../../third_party/tflite_support/src/tensorflow_lite_support -Igen/third_party/tflite_support/src -I../../third_party/libaddressinput/src/cpp/include -Igen/third_party/content_analysis_sdk/src/proto -Wall -Wextra -Wimplicit-fallthrough -Wextra-semi -Wunreachable-code-aggressive -Wgnu -Wno-gnu-anonymous-struct -Wno-gnu-conditional-omitted-operand -Wno-gnu-include-next -Wno-gnu-label-as-value -Wno-gnu-redeclared-enum -Wno-gnu-statement-expression -Wno-gnu-zero-variadic-macro-arguments -Wno-zero-length-array -Wthread-safety -Wno-unused-template -Wunguarded-availability -Wno-missing-field-initializers -Wno-unused-parameter -Wno-psabi -Wno-stringop-overread -Wloop-analysis -Wno-unneeded-internal-declaration -Wno-cast-function-type -Wno-thread-safety-reference-return -Wno-nontrivial-memcall -Wno-uninitialized-const-pointer -Wno-unused-but-set-global -Wexit-time-destructors -Wshadow -Werror -Werror=\#pragma-messages -fno-delete-null-pointer-checks -fno-strict-overflow -fno-ident -fno-math-errno -fno-strict-aliasing -fstack-protector -fcolor-diagnostics -fdiagnostics-show-inlining-chain -fmerge-all-constants -fcrash-diagnostics-dir=../clang-crashreports -fno-lifetime-dse -mllvm -instcombine-lower-dbg-declare=0 -mllvm -split-threshold-for-reg-with-hint=0 -ffp-contract=off -fcomplete-member-pointers --target=arm64-apple-macos -mno-outline -Wno-builtin-macro-redefined -D__DATE__= -D__TIME__= -D__TIMESTAMP__= -ffile-compilation-dir=. -no-canonical-prefixes -Xclang -fmodule-file-home-is-cwd -Xclang -fmodules-cache-path=/not_exist_dummy_dir --warning-suppression-mappings=../../build/config/warning_suppression.txt -ftrivial-auto-var-init=pattern -O2 -fno-omit-frame-pointer -gdwarf-4 -g1 -gdwarf-aranges -isysroot sdk/xcode_links/MacOSX26.5.sdk -mmacos-version-min=13.0 -fsanitize=array-bounds -fsanitize-trap=array-bounds -fsanitize-ignore-for-ubsan-feature=array-bounds -Wno-unsafe-buffer-usage-in-static-sized-array -fsanitize=return -fsanitize-trap=return -fsanitize-ignore-for-ubsan-feature=return -fvisibility=hidden -Wheader-hygiene -Wstring-conversion -Wtautological-overlap-compare -Xclang -add-plugin -Xclang find-bad-constructs -Xclang -plugin-arg-find-bad-constructs -Xclang check-stack-allocated -Xclang -plugin-arg-find-bad-constructs -Xclang relax-ctor-checks-for-aggregates -Xclang -add-plugin -Xclang raw-ptr-plugin -Xclang -plugin-arg-raw-ptr-plugin -Xclang check-raw-ptr-to-stack-allocated -Xclang -plugin-arg-raw-ptr-plugin -Xclang disable-check-raw-ptr-to-stack-allocated-error -Xclang -plugin-arg-raw-ptr-plugin -Xclang raw-ptr-exclude-path=../../third_party/dawn/ -Xclang -plugin-arg-raw-ptr-plugin -Xclang raw-ptr-exclude-path=../../build/config/clang/chrome/test/fuzzing/webidl_fuzzing/ -Xclang -plugin-arg-raw-ptr-plugin -Xclang check-raw-ptr-fields -Xclang -plugin-arg-raw-ptr-plugin -Xclang check-span-fields -Xclang -plugin-arg-raw-ptr-plugin -Xclang check-raw-ref-fields -Xclang -plugin-arg-raw-ptr-plugin -Xclang no-special-treatment-for-oilpanized-paths -DUNSAFE_BUFFERS_BUILD -Wunsafe-buffer-usage -Wno-error=unsafe-buffer-usage -Xclang -add-plugin -Xclang unsafe-buffers -Xclang -plugin-arg-unsafe-buffers -Xclang ../../build/config/unsafe_buffers_paths.txt -Wno-invalid-offsetof -Wenum-compare-conditional -Wno-nullability-completeness -Wunique-object-duplication -std=c++23 -Wno-trigraphs -fno-exceptions -fno-rtti -nostdinc++ -isystem../../third_party/libc++/src/include -isystem../../third_party/libc++abi/src/include -fvisibility-inlines-hidden -fmodules -fno-implicit-module-maps -fno-implicit-modules -Xclang -fmodules-local-submodule-visibility -Wno-modules-ambiguous-internal-linkage -Wno-modules-import-nested-redundant -Xclang -fmodules-disable-diagnostic-validation -Wno-module-import-in-extern-c -fmodule-map-file=gen/build/modules/module.modulemap -fmodule-file=//build/modules:system=obj/build/modules/system/module.pcm -fmodule-name="//ahoi/browser/ui/sidebar:browser_sidebar_Private" -c ../../ahoi/browser/ui/sidebar/browser_sidebar_host_presentation.cc -o obj/ahoi/browser/ui/sidebar/browser_sidebar/browser_sidebar_host_presentation.o
In file included from ../../ahoi/browser/ui/sidebar/browser_sidebar_host_presentation.cc:23:
../../ahoi/browser/ui/sidebar/browser_sidebar_host_view.h:656:50: error: non-virtual member function marked 'override' hides virtual member function
  656 |                       TabChangeType change_type) override;
      |                                                  ^
../../chrome/browser/ui/tabs/tab_strip_model_observer.h:546:16: note: hidden overloaded virtual function 'TabStripModelObserver::OnTabChangedAt' declared here: different number of parameters (2 vs 3)
  546 |   virtual void OnTabChangedAt(tabs::TabInterface* tab,
      |                ^
../../ahoi/browser/ui/sidebar/browser_sidebar_host_presentation.cc:141:17: error: no member named 'GetBrowserView' in 'Browser'
  141 |       browser_->GetBrowserView().SetAhoiSidebarPresentationMode(mode);
      |       ~~~~~~~~~~^
../../ahoi/browser/ui/sidebar/browser_sidebar_host_presentation.cc:151:17: error: no member named 'GetBrowserView' in 'Browser'
  151 |       browser_->GetBrowserView().GetAhoiSidebarPresentationMode();
      |       ~~~~~~~~~~^
../../ahoi/browser/ui/sidebar/browser_sidebar_host_presentation.cc:164:17: error: no member named 'GetBrowserView' in 'Browser'
  164 |       browser_->GetBrowserView().GetAhoiSidebarPresentationMode();
      |       ~~~~~~~~~~^
../../ahoi/browser/ui/sidebar/browser_sidebar_host_presentation.cc:172:17: error: no member named 'GetBrowserView' in 'Browser'
  172 |   if (browser_->GetBrowserView().GetAhoiSidebarPresentationMode() !=
      |       ~~~~~~~~~~^
../../ahoi/browser/ui/sidebar/browser_sidebar_host_presentation.cc:191:17: error: no member named 'GetBrowserView' in 'Browser'
  191 |       browser_->GetBrowserView().GetAhoiSidebarPresentationMode();
      |       ~~~~~~~~~~^
6 errors generated.
[452/3860] CXX obj/ahoi/browser/ui/sidebar/browser_sidebar/browser_sidebar_host_recent_links.o
FAILED: obj/ahoi/browser/ui/sidebar/browser_sidebar/browser_sidebar_host_recent_links.o 
../../third_party/llvm-build/Release+Asserts/bin/clang++ -MMD -MF obj/ahoi/browser/ui/sidebar/browser_sidebar/browser_sidebar_host_recent_links.o.d -D__STDC_CONSTANT_MACROS -D__STDC_FORMAT_MACROS -D_FORTIFY_SOURCE=3 -D__ARM_NEON__=1 -DCR_XCODE_BUILD=17F42 -DCR_CLANG_REVISION=\"llvmorg-24-init-3796-g20e97c4b-2\" -DCOMPONENT_BUILD -D_LIBCPP_HARDENING_MODE=_LIBCPP_HARDENING_MODE_EXTENSIVE -D_LIBCPP_INSTRUMENTED_WITH_ASAN=0 -DCR_LIBCXX_REVISION=97b436da4c33663581d394f4ee0a5977fc38c2f4 -DDCHECK_ALWAYS_ON=1 -DNDEBUG -DNVALGRIND -DDYNAMIC_ANNOTATIONS_ENABLED=0 -DTOOLKIT_VIEWS=1 -DSK_ENABLE_SKSL -DSK_UNTIL_CRBUG_1187654_IS_FIXED -DSK_USER_CONFIG_HEADER=\"../../skia/config/SkUserConfig.h\" -DSK_USE_PARTITION_ALLOC -DSK_WIN_FONTMGR_NO_SIMULATIONS -DSK_ENABLE_LEGACY_SHADERCONTEXT -DSK_LEGACY_DESERIAL_IMAGE_PROC -DSK_CODEC_DECODES_PNG -DSK_CODEC_DECODES_PNG_WITH_RUST -DSK_CODEC_ENCODES_PNG -DSK_CODEC_ENCODES_PNG_WITH_RUST -DSK_CODEC_DECODES_BMP_WITH_RUST -DSK_CODEC_DECODES_ICO_WITH_RUST -DSK_CODEC_COLOR_PROFILE_PARSE_WITH_RUST -DSK_EXIF_PARSE_WITH_RUST -DSK_ENABLE_AVX512_OPTS -DSK_CODEC_DECODES_JPEG -DSK_CODEC_ENCODES_JPEG -DSKIA_DLL -DSK_BUILD_FOR_MAC -DSK_GAMMA_SRGB -DSK_GAMMA_CONTRAST=0.0 -DSK_GANESH -DSK_GPU_WORKAROUNDS_HEADER=\"gpu/config/gpu_driver_bug_workaround_autogen.h\" -DSK_GL -DSK_GRAPHITE -DSK_DAWN -DSKCMS_DLL=1 -DCHROMIUM -DLIBYUV_DISABLE_SME -DLIBYUV_DISABLE_LSX -DLIBYUV_DISABLE_LASX -DON_FOCUS_PING_ENABLED -DABSL_CONSUME_DLL -DABSL_FLAGS_STRIP_NAMES=0 -DBORINGSSL_SHARED_LIBRARY -DWGPU_SHARED_LIBRARY -DSKCMS_IMPLEMENTATION=1 -DU_USING_ICU_NAMESPACE=0 -DU_ENABLE_DYLOAD=0 -DUSE_CHROMIUM_ICU=1 -DU_ENABLE_TRACING=1 -DU_ENABLE_RESOURCE_TRACING=0 -DICU_UTIL_DATA_IMPL=ICU_UTIL_DATA_FILE -DGOOGLE_PROTOBUF_NO_RTTI -DPROTOBUF_INTERNAL_BOUNDS_CHECK_MODE_ABORT -DHAVE_PTHREAD -DPROTOBUF_USE_DLLS -DPROTOBUF_ENABLE_DEBUG_LOGGING_MAY_LEAK_PII=0 -DWEBRTC_ENABLE_SYMBOL_EXPORT -DWEBRTC_ENABLE_AVX2 -DWEBRTC_DEPRECATE_PLAN_B -DWEBRTC_CHROMIUM_BUILD -DWEBRTC_POSIX -DWEBRTC_MAC -DABSL_ALLOCATOR_NOTHROW=1 -DLOGGING_INSIDE_WEBRTC -DLEVELDB_PLATFORM_CHROMIUM=1 -DLEVELDB_SHARED_LIBRARY -DCRASHPAD_ZLIB_SOURCE_EXTERNAL -DV8_USE_EXTERNAL_STARTUP_DATA -DUSING_V8_SHARED -DUSING_V8_SHARED_PRIVATE -DV8_ARRAY_BUFFER_INTERNAL_FIELD_COUNT=0 -DV8_ARRAY_BUFFER_VIEW_INTERNAL_FIELD_COUNT=0 -DV8_PROMISE_INTERNAL_FIELD_COUNT=0 -DV8_USE_DEFAULT_HASHER_SECRET=true -DV8_ENABLE_MEMORY_ACCOUNTING_CHECKS -DV8_COMPRESS_POINTERS -DV8_COMPRESS_POINTERS_IN_SHARED_CAGE -DV8_31BIT_SMIS_ON_64BIT_ARCH -DV8_ENABLE_SANDBOX -DV8_DEPRECATION_WARNINGS -DV8_DISALLOW_JS_IN_API_INTERRUPTS_IS_CHECKED -DV8_USE_PERFETTO -DV8_USE_PERFETTO_JSON_EXPORT -DV8_CPPGC_MICROTASK_QUEUE -DV8_HAVE_TARGET_OS -DV8_TARGET_OS_MACOS -DV8_TARGET_ARCH_ARM64 -DCPPGC_ENABLE_API_CHECKS -DCPPGC_SUPPORTS_OBJECT_NAMES -DCPPGC_CAGED_HEAP -DCPPGC_YOUNG_GENERATION -DCPPGC_POINTER_COMPRESSION -DCPPGC_ENABLE_LARGER_CAGE -DCPPGC_SLIM_WRITE_BARRIER -DFLATBUFFERS_LOCALE_INDEPENDENT=0 -DTFL_STATIC_LIBRARY_BUILD -DTF_MAJOR_VERSION=2 -DTF_MINOR_VERSION=22 -DTF_PATCH_VERSION=0 -DTF_VERSION_SUFFIX= -DEIGEN_MPL2_ONLY -DEIGEN_MAX_ALIGN_BYTES=64 -DEIGEN_HAS_TYPE_TRAITS=0 -DI18N_ADDRESS_VALIDATION_DATA_URL=\"https://chromium-i18n.appspot.com/ssl-aggregate-address/\" -DUSE_LIBCXX_MODULES -I../.. -Igen -I../../buildtools/third_party/libc++ -I../../third_party/perfetto/include -Igen/third_party/perfetto/build_config -Igen/third_party/perfetto -I../../third_party/skia -Igen/third_party/skia -I../../third_party/wuffs/src/release/c -Igen/third_party/dawn/include -I../../third_party/dawn/include -I../../net/third_party/quiche/overrides -I../../net/third_party/quiche/src/quiche/common/platform/default -I../../net/third_party/quiche/src -I../../third_party/khronos -I../../gpu -I../../third_party/libyuv/include -Igen/third_party/private_membership/src -Igen/third_party/shell-encryption/src -Igen/components/policy/proto -I../../base/allocator/partition_allocator/src -Igen/base/allocator/partition_allocator/src -I../../third_party/abseil-cpp -I../../third_party/boringssl/src/include -I../../third_party/protobuf/src -I../../third_party/ipcz/include -I../../third_party/icu/source/common -I../../third_party/icu/source/i18n -I../../third_party/ced/src -Igen/net/third_party/quiche/src -I../../third_party/re2/src -I../../third_party/webrtc_overrides -I../../third_party/webrtc -Igen/third_party/webrtc -I../../third_party/libwebm/source -I../../third_party/angle/include -I../../third_party/leveldatabase -I../../third_party/leveldatabase/src -I../../third_party/leveldatabase/src/include -I../../third_party/crashpad/crashpad -I../../third_party/crashpad/crashpad/compat/mac -I../../third_party/crashpad/crashpad/compat/non_win -I../../third_party/zlib -I../../third_party/libaom/source/libaom -I../../third_party/libaom/source/config/linux/arm64-cpu-detect -I../../v8/include -I../../third_party/flatbuffers/src/include -I../../third_party/flatbuffers/src/src -I../../third_party/flatbuffers/src -I../../third_party/flatbuffers/generated -Igen/components/reporting/proto/synced -Igen/components/optimization_guide/proto/features -Igen/third_party/omnibox_proto -Igen/third_party/metrics_proto -I../../third_party/ml_dtypes/src -I../../third_party/ml_dtypes/src/ml_dtypes -Igen/third_party/tflite/src -I../../third_party/tflite/shims -I../../third_party/tflite/src -I../../third_party/tflite/src/third_party/xla -I../../third_party/tflite/src/third_party/xla/third_party/tsl -I../../third_party/pthreadpool/src/include -I../../third_party/eigen3/src -I../../third_party/neon_2_sse/src -I../../third_party/ruy/src -I../../third_party/fp16/src/include -I../../third_party/tflite_support/src -I../../third_party/tflite_support/src/tensorflow_lite_support -Igen/third_party/tflite_support/src -I../../third_party/libaddressinput/src/cpp/include -Igen/third_party/content_analysis_sdk/src/proto -Wall -Wextra -Wimplicit-fallthrough -Wextra-semi -Wunreachable-code-aggressive -Wgnu -Wno-gnu-anonymous-struct -Wno-gnu-conditional-omitted-operand -Wno-gnu-include-next -Wno-gnu-label-as-value -Wno-gnu-redeclared-enum -Wno-gnu-statement-expression -Wno-gnu-zero-variadic-macro-arguments -Wno-zero-length-array -Wthread-safety -Wno-unused-template -Wunguarded-availability -Wno-missing-field-initializers -Wno-unused-parameter -Wno-psabi -Wno-stringop-overread -Wloop-analysis -Wno-unneeded-internal-declaration -Wno-cast-function-type -Wno-thread-safety-reference-return -Wno-nontrivial-memcall -Wno-uninitialized-const-pointer -Wno-unused-but-set-global -Wexit-time-destructors -Wshadow -Werror -Werror=\#pragma-messages -fno-delete-null-pointer-checks -fno-strict-overflow -fno-ident -fno-math-errno -fno-strict-aliasing -fstack-protector -fcolor-diagnostics -fdiagnostics-show-inlining-chain -fmerge-all-constants -fcrash-diagnostics-dir=../clang-crashreports -fno-lifetime-dse -mllvm -instcombine-lower-dbg-declare=0 -mllvm -split-threshold-for-reg-with-hint=0 -ffp-contract=off -fcomplete-member-pointers --target=arm64-apple-macos -mno-outline -Wno-builtin-macro-redefined -D__DATE__= -D__TIME__= -D__TIMESTAMP__= -ffile-compilation-dir=. -no-canonical-prefixes -Xclang -fmodule-file-home-is-cwd -Xclang -fmodules-cache-path=/not_exist_dummy_dir --warning-suppression-mappings=../../build/config/warning_suppression.txt -ftrivial-auto-var-init=pattern -O2 -fno-omit-frame-pointer -gdwarf-4 -g1 -gdwarf-aranges -isysroot sdk/xcode_links/MacOSX26.5.sdk -mmacos-version-min=13.0 -fsanitize=array-bounds -fsanitize-trap=array-bounds -fsanitize-ignore-for-ubsan-feature=array-bounds -Wno-unsafe-buffer-usage-in-static-sized-array -fsanitize=return -fsanitize-trap=return -fsanitize-ignore-for-ubsan-feature=return -fvisibility=hidden -Wheader-hygiene -Wstring-conversion -Wtautological-overlap-compare -Xclang -add-plugin -Xclang find-bad-constructs -Xclang -plugin-arg-find-bad-constructs -Xclang check-stack-allocated -Xclang -plugin-arg-find-bad-constructs -Xclang relax-ctor-checks-for-aggregates -Xclang -add-plugin -Xclang raw-ptr-plugin -Xclang -plugin-arg-raw-ptr-plugin -Xclang check-raw-ptr-to-stack-allocated -Xclang -plugin-arg-raw-ptr-plugin -Xclang disable-check-raw-ptr-to-stack-allocated-error -Xclang -plugin-arg-raw-ptr-plugin -Xclang raw-ptr-exclude-path=../../third_party/dawn/ -Xclang -plugin-arg-raw-ptr-plugin -Xclang raw-ptr-exclude-path=../../build/config/clang/chrome/test/fuzzing/webidl_fuzzing/ -Xclang -plugin-arg-raw-ptr-plugin -Xclang check-raw-ptr-fields -Xclang -plugin-arg-raw-ptr-plugin -Xclang check-span-fields -Xclang -plugin-arg-raw-ptr-plugin -Xclang check-raw-ref-fields -Xclang -plugin-arg-raw-ptr-plugin -Xclang no-special-treatment-for-oilpanized-paths -DUNSAFE_BUFFERS_BUILD -Wunsafe-buffer-usage -Wno-error=unsafe-buffer-usage -Xclang -add-plugin -Xclang unsafe-buffers -Xclang -plugin-arg-unsafe-buffers -Xclang ../../build/config/unsafe_buffers_paths.txt -Wno-invalid-offsetof -Wenum-compare-conditional -Wno-nullability-completeness -Wunique-object-duplication -std=c++23 -Wno-trigraphs -fno-exceptions -fno-rtti -nostdinc++ -isystem../../third_party/libc++/src/include -isystem../../third_party/libc++abi/src/include -fvisibility-inlines-hidden -fmodules -fno-implicit-module-maps -fno-implicit-modules -Xclang -fmodules-local-submodule-visibility -Wno-modules-ambiguous-internal-linkage -Wno-modules-import-nested-redundant -Xclang -fmodules-disable-diagnostic-validation -Wno-module-import-in-extern-c -fmodule-map-file=gen/build/modules/module.modulemap -fmodule-file=//build/modules:system=obj/build/modules/system/module.pcm -fmodule-name="//ahoi/browser/ui/sidebar:browser_sidebar_Private" -c ../../ahoi/browser/ui/sidebar/browser_sidebar_host_recent_links.cc -o obj/ahoi/browser/ui/sidebar/browser_sidebar/browser_sidebar_host_recent_links.o
In file included from ../../ahoi/browser/ui/sidebar/browser_sidebar_host_recent_links.cc:19:
../../ahoi/browser/ui/sidebar/browser_sidebar_host_view.h:656:50: error: non-virtual member function marked 'override' hides virtual member function
  656 |                       TabChangeType change_type) override;
      |                                                  ^
../../chrome/browser/ui/tabs/tab_strip_model_observer.h:546:16: note: hidden overloaded virtual function 'TabStripModelObserver::OnTabChangedAt' declared here: different number of parameters (2 vs 3)
  546 |   virtual void OnTabChangedAt(tabs::TabInterface* tab,
      |                ^
1 error generated.
[453/3860] CXX obj/ahoi/browser/ui/sidebar/browser_sidebar/browser_sidebar_host_runtime_refresh.o
FAILED: obj/ahoi/browser/ui/sidebar/browser_sidebar/browser_sidebar_host_runtime_refresh.o 
../../third_party/llvm-build/Release+Asserts/bin/clang++ -MMD -MF obj/ahoi/browser/ui/sidebar/browser_sidebar/browser_sidebar_host_runtime_refresh.o.d -D__STDC_CONSTANT_MACROS -D__STDC_FORMAT_MACROS -D_FORTIFY_SOURCE=3 -D__ARM_NEON__=1 -DCR_XCODE_BUILD=17F42 -DCR_CLANG_REVISION=\"llvmorg-24-init-3796-g20e97c4b-2\" -DCOMPONENT_BUILD -D_LIBCPP_HARDENING_MODE=_LIBCPP_HARDENING_MODE_EXTENSIVE -D_LIBCPP_INSTRUMENTED_WITH_ASAN=0 -DCR_LIBCXX_REVISION=97b436da4c33663581d394f4ee0a5977fc38c2f4 -DDCHECK_ALWAYS_ON=1 -DNDEBUG -DNVALGRIND -DDYNAMIC_ANNOTATIONS_ENABLED=0 -DTOOLKIT_VIEWS=1 -DSK_ENABLE_SKSL -DSK_UNTIL_CRBUG_1187654_IS_FIXED -DSK_USER_CONFIG_HEADER=\"../../skia/config/SkUserConfig.h\" -DSK_USE_PARTITION_ALLOC -DSK_WIN_FONTMGR_NO_SIMULATIONS -DSK_ENABLE_LEGACY_SHADERCONTEXT -DSK_LEGACY_DESERIAL_IMAGE_PROC -DSK_CODEC_DECODES_PNG -DSK_CODEC_DECODES_PNG_WITH_RUST -DSK_CODEC_ENCODES_PNG -DSK_CODEC_ENCODES_PNG_WITH_RUST -DSK_CODEC_DECODES_BMP_WITH_RUST -DSK_CODEC_DECODES_ICO_WITH_RUST -DSK_CODEC_COLOR_PROFILE_PARSE_WITH_RUST -DSK_EXIF_PARSE_WITH_RUST -DSK_ENABLE_AVX512_OPTS -DSK_CODEC_DECODES_JPEG -DSK_CODEC_ENCODES_JPEG -DSKIA_DLL -DSK_BUILD_FOR_MAC -DSK_GAMMA_SRGB -DSK_GAMMA_CONTRAST=0.0 -DSK_GANESH -DSK_GPU_WORKAROUNDS_HEADER=\"gpu/config/gpu_driver_bug_workaround_autogen.h\" -DSK_GL -DSK_GRAPHITE -DSK_DAWN -DSKCMS_DLL=1 -DCHROMIUM -DLIBYUV_DISABLE_SME -DLIBYUV_DISABLE_LSX -DLIBYUV_DISABLE_LASX -DON_FOCUS_PING_ENABLED -DABSL_CONSUME_DLL -DABSL_FLAGS_STRIP_NAMES=0 -DBORINGSSL_SHARED_LIBRARY -DWGPU_SHARED_LIBRARY -DSKCMS_IMPLEMENTATION=1 -DU_USING_ICU_NAMESPACE=0 -DU_ENABLE_DYLOAD=0 -DUSE_CHROMIUM_ICU=1 -DU_ENABLE_TRACING=1 -DU_ENABLE_RESOURCE_TRACING=0 -DICU_UTIL_DATA_IMPL=ICU_UTIL_DATA_FILE -DGOOGLE_PROTOBUF_NO_RTTI -DPROTOBUF_INTERNAL_BOUNDS_CHECK_MODE_ABORT -DHAVE_PTHREAD -DPROTOBUF_USE_DLLS -DPROTOBUF_ENABLE_DEBUG_LOGGING_MAY_LEAK_PII=0 -DWEBRTC_ENABLE_SYMBOL_EXPORT -DWEBRTC_ENABLE_AVX2 -DWEBRTC_DEPRECATE_PLAN_B -DWEBRTC_CHROMIUM_BUILD -DWEBRTC_POSIX -DWEBRTC_MAC -DABSL_ALLOCATOR_NOTHROW=1 -DLOGGING_INSIDE_WEBRTC -DLEVELDB_PLATFORM_CHROMIUM=1 -DLEVELDB_SHARED_LIBRARY -DCRASHPAD_ZLIB_SOURCE_EXTERNAL -DV8_USE_EXTERNAL_STARTUP_DATA -DUSING_V8_SHARED -DUSING_V8_SHARED_PRIVATE -DV8_ARRAY_BUFFER_INTERNAL_FIELD_COUNT=0 -DV8_ARRAY_BUFFER_VIEW_INTERNAL_FIELD_COUNT=0 -DV8_PROMISE_INTERNAL_FIELD_COUNT=0 -DV8_USE_DEFAULT_HASHER_SECRET=true -DV8_ENABLE_MEMORY_ACCOUNTING_CHECKS -DV8_COMPRESS_POINTERS -DV8_COMPRESS_POINTERS_IN_SHARED_CAGE -DV8_31BIT_SMIS_ON_64BIT_ARCH -DV8_ENABLE_SANDBOX -DV8_DEPRECATION_WARNINGS -DV8_DISALLOW_JS_IN_API_INTERRUPTS_IS_CHECKED -DV8_USE_PERFETTO -DV8_USE_PERFETTO_JSON_EXPORT -DV8_CPPGC_MICROTASK_QUEUE -DV8_HAVE_TARGET_OS -DV8_TARGET_OS_MACOS -DV8_TARGET_ARCH_ARM64 -DCPPGC_ENABLE_API_CHECKS -DCPPGC_SUPPORTS_OBJECT_NAMES -DCPPGC_CAGED_HEAP -DCPPGC_YOUNG_GENERATION -DCPPGC_POINTER_COMPRESSION -DCPPGC_ENABLE_LARGER_CAGE -DCPPGC_SLIM_WRITE_BARRIER -DFLATBUFFERS_LOCALE_INDEPENDENT=0 -DTFL_STATIC_LIBRARY_BUILD -DTF_MAJOR_VERSION=2 -DTF_MINOR_VERSION=22 -DTF_PATCH_VERSION=0 -DTF_VERSION_SUFFIX= -DEIGEN_MPL2_ONLY -DEIGEN_MAX_ALIGN_BYTES=64 -DEIGEN_HAS_TYPE_TRAITS=0 -DI18N_ADDRESS_VALIDATION_DATA_URL=\"https://chromium-i18n.appspot.com/ssl-aggregate-address/\" -DUSE_LIBCXX_MODULES -I../.. -Igen -I../../buildtools/third_party/libc++ -I../../third_party/perfetto/include -Igen/third_party/perfetto/build_config -Igen/third_party/perfetto -I../../third_party/skia -Igen/third_party/skia -I../../third_party/wuffs/src/release/c -Igen/third_party/dawn/include -I../../third_party/dawn/include -I../../net/third_party/quiche/overrides -I../../net/third_party/quiche/src/quiche/common/platform/default -I../../net/third_party/quiche/src -I../../third_party/khronos -I../../gpu -I../../third_party/libyuv/include -Igen/third_party/private_membership/src -Igen/third_party/shell-encryption/src -Igen/components/policy/proto -I../../base/allocator/partition_allocator/src -Igen/base/allocator/partition_allocator/src -I../../third_party/abseil-cpp -I../../third_party/boringssl/src/include -I../../third_party/protobuf/src -I../../third_party/ipcz/include -I../../third_party/icu/source/common -I../../third_party/icu/source/i18n -I../../third_party/ced/src -Igen/net/third_party/quiche/src -I../../third_party/re2/src -I../../third_party/webrtc_overrides -I../../third_party/webrtc -Igen/third_party/webrtc -I../../third_party/libwebm/source -I../../third_party/angle/include -I../../third_party/leveldatabase -I../../third_party/leveldatabase/src -I../../third_party/leveldatabase/src/include -I../../third_party/crashpad/crashpad -I../../third_party/crashpad/crashpad/compat/mac -I../../third_party/crashpad/crashpad/compat/non_win -I../../third_party/zlib -I../../third_party/libaom/source/libaom -I../../third_party/libaom/source/config/linux/arm64-cpu-detect -I../../v8/include -I../../third_party/flatbuffers/src/include -I../../third_party/flatbuffers/src/src -I../../third_party/flatbuffers/src -I../../third_party/flatbuffers/generated -Igen/components/reporting/proto/synced -Igen/components/optimization_guide/proto/features -Igen/third_party/omnibox_proto -Igen/third_party/metrics_proto -I../../third_party/ml_dtypes/src -I../../third_party/ml_dtypes/src/ml_dtypes -Igen/third_party/tflite/src -I../../third_party/tflite/shims -I../../third_party/tflite/src -I../../third_party/tflite/src/third_party/xla -I../../third_party/tflite/src/third_party/xla/third_party/tsl -I../../third_party/pthreadpool/src/include -I../../third_party/eigen3/src -I../../third_party/neon_2_sse/src -I../../third_party/ruy/src -I../../third_party/fp16/src/include -I../../third_party/tflite_support/src -I../../third_party/tflite_support/src/tensorflow_lite_support -Igen/third_party/tflite_support/src -I../../third_party/libaddressinput/src/cpp/include -Igen/third_party/content_analysis_sdk/src/proto -Wall -Wextra -Wimplicit-fallthrough -Wextra-semi -Wunreachable-code-aggressive -Wgnu -Wno-gnu-anonymous-struct -Wno-gnu-conditional-omitted-operand -Wno-gnu-include-next -Wno-gnu-label-as-value -Wno-gnu-redeclared-enum -Wno-gnu-statement-expression -Wno-gnu-zero-variadic-macro-arguments -Wno-zero-length-array -Wthread-safety -Wno-unused-template -Wunguarded-availability -Wno-missing-field-initializers -Wno-unused-parameter -Wno-psabi -Wno-stringop-overread -Wloop-analysis -Wno-unneeded-internal-declaration -Wno-cast-function-type -Wno-thread-safety-reference-return -Wno-nontrivial-memcall -Wno-uninitialized-const-pointer -Wno-unused-but-set-global -Wexit-time-destructors -Wshadow -Werror -Werror=\#pragma-messages -fno-delete-null-pointer-checks -fno-strict-overflow -fno-ident -fno-math-errno -fno-strict-aliasing -fstack-protector -fcolor-diagnostics -fdiagnostics-show-inlining-chain -fmerge-all-constants -fcrash-diagnostics-dir=../clang-crashreports -fno-lifetime-dse -mllvm -instcombine-lower-dbg-declare=0 -mllvm -split-threshold-for-reg-with-hint=0 -ffp-contract=off -fcomplete-member-pointers --target=arm64-apple-macos -mno-outline -Wno-builtin-macro-redefined -D__DATE__= -D__TIME__= -D__TIMESTAMP__= -ffile-compilation-dir=. -no-canonical-prefixes -Xclang -fmodule-file-home-is-cwd -Xclang -fmodules-cache-path=/not_exist_dummy_dir --warning-suppression-mappings=../../build/config/warning_suppression.txt -ftrivial-auto-var-init=pattern -O2 -fno-omit-frame-pointer -gdwarf-4 -g1 -gdwarf-aranges -isysroot sdk/xcode_links/MacOSX26.5.sdk -mmacos-version-min=13.0 -fsanitize=array-bounds -fsanitize-trap=array-bounds -fsanitize-ignore-for-ubsan-feature=array-bounds -Wno-unsafe-buffer-usage-in-static-sized-array -fsanitize=return -fsanitize-trap=return -fsanitize-ignore-for-ubsan-feature=return -fvisibility=hidden -Wheader-hygiene -Wstring-conversion -Wtautological-overlap-compare -Xclang -add-plugin -Xclang find-bad-constructs -Xclang -plugin-arg-find-bad-constructs -Xclang check-stack-allocated -Xclang -plugin-arg-find-bad-constructs -Xclang relax-ctor-checks-for-aggregates -Xclang -add-plugin -Xclang raw-ptr-plugin -Xclang -plugin-arg-raw-ptr-plugin -Xclang check-raw-ptr-to-stack-allocated -Xclang -plugin-arg-raw-ptr-plugin -Xclang disable-check-raw-ptr-to-stack-allocated-error -Xclang -plugin-arg-raw-ptr-plugin -Xclang raw-ptr-exclude-path=../../third_party/dawn/ -Xclang -plugin-arg-raw-ptr-plugin -Xclang raw-ptr-exclude-path=../../build/config/clang/chrome/test/fuzzing/webidl_fuzzing/ -Xclang -plugin-arg-raw-ptr-plugin -Xclang check-raw-ptr-fields -Xclang -plugin-arg-raw-ptr-plugin -Xclang check-span-fields -Xclang -plugin-arg-raw-ptr-plugin -Xclang check-raw-ref-fields -Xclang -plugin-arg-raw-ptr-plugin -Xclang no-special-treatment-for-oilpanized-paths -DUNSAFE_BUFFERS_BUILD -Wunsafe-buffer-usage -Wno-error=unsafe-buffer-usage -Xclang -add-plugin -Xclang unsafe-buffers -Xclang -plugin-arg-unsafe-buffers -Xclang ../../build/config/unsafe_buffers_paths.txt -Wno-invalid-offsetof -Wenum-compare-conditional -Wno-nullability-completeness -Wunique-object-duplication -std=c++23 -Wno-trigraphs -fno-exceptions -fno-rtti -nostdinc++ -isystem../../third_party/libc++/src/include -isystem../../third_party/libc++abi/src/include -fvisibility-inlines-hidden -fmodules -fno-implicit-module-maps -fno-implicit-modules -Xclang -fmodules-local-submodule-visibility -Wno-modules-ambiguous-internal-linkage -Wno-modules-import-nested-redundant -Xclang -fmodules-disable-diagnostic-validation -Wno-module-import-in-extern-c -fmodule-map-file=gen/build/modules/module.modulemap -fmodule-file=//build/modules:system=obj/build/modules/system/module.pcm -fmodule-name="//ahoi/browser/ui/sidebar:browser_sidebar_Private" -c ../../ahoi/browser/ui/sidebar/browser_sidebar_host_runtime_refresh.cc -o obj/ahoi/browser/ui/sidebar/browser_sidebar/browser_sidebar_host_runtime_refresh.o
In file included from ../../ahoi/browser/ui/sidebar/browser_sidebar_host_runtime_refresh.cc:5:
../../ahoi/browser/ui/sidebar/browser_sidebar_host_view.h:656:50: error: non-virtual member function marked 'override' hides virtual member function
  656 |                       TabChangeType change_type) override;
      |                                                  ^
../../chrome/browser/ui/tabs/tab_strip_model_observer.h:546:16: note: hidden overloaded virtual function 'TabStripModelObserver::OnTabChangedAt' declared here: different number of parameters (2 vs 3)
  546 |   virtual void OnTabChangedAt(tabs::TabInterface* tab,
      |                ^
1 error generated.
[454/3860] CXX obj/ahoi/browser/ui/sidebar/browser_sidebar/browser_sidebar_host_split_actions.o
FAILED: obj/ahoi/browser/ui/sidebar/browser_sidebar/browser_sidebar_host_split_actions.o 
../../third_party/llvm-build/Release+Asserts/bin/clang++ -MMD -MF obj/ahoi/browser/ui/sidebar/browser_sidebar/browser_sidebar_host_split_actions.o.d -D__STDC_CONSTANT_MACROS -D__STDC_FORMAT_MACROS -D_FORTIFY_SOURCE=3 -D__ARM_NEON__=1 -DCR_XCODE_BUILD=17F42 -DCR_CLANG_REVISION=\"llvmorg-24-init-3796-g20e97c4b-2\" -DCOMPONENT_BUILD -D_LIBCPP_HARDENING_MODE=_LIBCPP_HARDENING_MODE_EXTENSIVE -D_LIBCPP_INSTRUMENTED_WITH_ASAN=0 -DCR_LIBCXX_REVISION=97b436da4c33663581d394f4ee0a5977fc38c2f4 -DDCHECK_ALWAYS_ON=1 -DNDEBUG -DNVALGRIND -DDYNAMIC_ANNOTATIONS_ENABLED=0 -DTOOLKIT_VIEWS=1 -DSK_ENABLE_SKSL -DSK_UNTIL_CRBUG_1187654_IS_FIXED -DSK_USER_CONFIG_HEADER=\"../../skia/config/SkUserConfig.h\" -DSK_USE_PARTITION_ALLOC -DSK_WIN_FONTMGR_NO_SIMULATIONS -DSK_ENABLE_LEGACY_SHADERCONTEXT -DSK_LEGACY_DESERIAL_IMAGE_PROC -DSK_CODEC_DECODES_PNG -DSK_CODEC_DECODES_PNG_WITH_RUST -DSK_CODEC_ENCODES_PNG -DSK_CODEC_ENCODES_PNG_WITH_RUST -DSK_CODEC_DECODES_BMP_WITH_RUST -DSK_CODEC_DECODES_ICO_WITH_RUST -DSK_CODEC_COLOR_PROFILE_PARSE_WITH_RUST -DSK_EXIF_PARSE_WITH_RUST -DSK_ENABLE_AVX512_OPTS -DSK_CODEC_DECODES_JPEG -DSK_CODEC_ENCODES_JPEG -DSKIA_DLL -DSK_BUILD_FOR_MAC -DSK_GAMMA_SRGB -DSK_GAMMA_CONTRAST=0.0 -DSK_GANESH -DSK_GPU_WORKAROUNDS_HEADER=\"gpu/config/gpu_driver_bug_workaround_autogen.h\" -DSK_GL -DSK_GRAPHITE -DSK_DAWN -DSKCMS_DLL=1 -DCHROMIUM -DLIBYUV_DISABLE_SME -DLIBYUV_DISABLE_LSX -DLIBYUV_DISABLE_LASX -DON_FOCUS_PING_ENABLED -DABSL_CONSUME_DLL -DABSL_FLAGS_STRIP_NAMES=0 -DBORINGSSL_SHARED_LIBRARY -DWGPU_SHARED_LIBRARY -DSKCMS_IMPLEMENTATION=1 -DU_USING_ICU_NAMESPACE=0 -DU_ENABLE_DYLOAD=0 -DUSE_CHROMIUM_ICU=1 -DU_ENABLE_TRACING=1 -DU_ENABLE_RESOURCE_TRACING=0 -DICU_UTIL_DATA_IMPL=ICU_UTIL_DATA_FILE -DGOOGLE_PROTOBUF_NO_RTTI -DPROTOBUF_INTERNAL_BOUNDS_CHECK_MODE_ABORT -DHAVE_PTHREAD -DPROTOBUF_USE_DLLS -DPROTOBUF_ENABLE_DEBUG_LOGGING_MAY_LEAK_PII=0 -DWEBRTC_ENABLE_SYMBOL_EXPORT -DWEBRTC_ENABLE_AVX2 -DWEBRTC_DEPRECATE_PLAN_B -DWEBRTC_CHROMIUM_BUILD -DWEBRTC_POSIX -DWEBRTC_MAC -DABSL_ALLOCATOR_NOTHROW=1 -DLOGGING_INSIDE_WEBRTC -DLEVELDB_PLATFORM_CHROMIUM=1 -DLEVELDB_SHARED_LIBRARY -DCRASHPAD_ZLIB_SOURCE_EXTERNAL -DV8_USE_EXTERNAL_STARTUP_DATA -DUSING_V8_SHARED -DUSING_V8_SHARED_PRIVATE -DV8_ARRAY_BUFFER_INTERNAL_FIELD_COUNT=0 -DV8_ARRAY_BUFFER_VIEW_INTERNAL_FIELD_COUNT=0 -DV8_PROMISE_INTERNAL_FIELD_COUNT=0 -DV8_USE_DEFAULT_HASHER_SECRET=true -DV8_ENABLE_MEMORY_ACCOUNTING_CHECKS -DV8_COMPRESS_POINTERS -DV8_COMPRESS_POINTERS_IN_SHARED_CAGE -DV8_31BIT_SMIS_ON_64BIT_ARCH -DV8_ENABLE_SANDBOX -DV8_DEPRECATION_WARNINGS -DV8_DISALLOW_JS_IN_API_INTERRUPTS_IS_CHECKED -DV8_USE_PERFETTO -DV8_USE_PERFETTO_JSON_EXPORT -DV8_CPPGC_MICROTASK_QUEUE -DV8_HAVE_TARGET_OS -DV8_TARGET_OS_MACOS -DV8_TARGET_ARCH_ARM64 -DCPPGC_ENABLE_API_CHECKS -DCPPGC_SUPPORTS_OBJECT_NAMES -DCPPGC_CAGED_HEAP -DCPPGC_YOUNG_GENERATION -DCPPGC_POINTER_COMPRESSION -DCPPGC_ENABLE_LARGER_CAGE -DCPPGC_SLIM_WRITE_BARRIER -DFLATBUFFERS_LOCALE_INDEPENDENT=0 -DTFL_STATIC_LIBRARY_BUILD -DTF_MAJOR_VERSION=2 -DTF_MINOR_VERSION=22 -DTF_PATCH_VERSION=0 -DTF_VERSION_SUFFIX= -DEIGEN_MPL2_ONLY -DEIGEN_MAX_ALIGN_BYTES=64 -DEIGEN_HAS_TYPE_TRAITS=0 -DI18N_ADDRESS_VALIDATION_DATA_URL=\"https://chromium-i18n.appspot.com/ssl-aggregate-address/\" -DUSE_LIBCXX_MODULES -I../.. -Igen -I../../buildtools/third_party/libc++ -I../../third_party/perfetto/include -Igen/third_party/perfetto/build_config -Igen/third_party/perfetto -I../../third_party/skia -Igen/third_party/skia -I../../third_party/wuffs/src/release/c -Igen/third_party/dawn/include -I../../third_party/dawn/include -I../../net/third_party/quiche/overrides -I../../net/third_party/quiche/src/quiche/common/platform/default -I../../net/third_party/quiche/src -I../../third_party/khronos -I../../gpu -I../../third_party/libyuv/include -Igen/third_party/private_membership/src -Igen/third_party/shell-encryption/src -Igen/components/policy/proto -I../../base/allocator/partition_allocator/src -Igen/base/allocator/partition_allocator/src -I../../third_party/abseil-cpp -I../../third_party/boringssl/src/include -I../../third_party/protobuf/src -I../../third_party/ipcz/include -I../../third_party/icu/source/common -I../../third_party/icu/source/i18n -I../../third_party/ced/src -Igen/net/third_party/quiche/src -I../../third_party/re2/src -I../../third_party/webrtc_overrides -I../../third_party/webrtc -Igen/third_party/webrtc -I../../third_party/libwebm/source -I../../third_party/angle/include -I../../third_party/leveldatabase -I../../third_party/leveldatabase/src -I../../third_party/leveldatabase/src/include -I../../third_party/crashpad/crashpad -I../../third_party/crashpad/crashpad/compat/mac -I../../third_party/crashpad/crashpad/compat/non_win -I../../third_party/zlib -I../../third_party/libaom/source/libaom -I../../third_party/libaom/source/config/linux/arm64-cpu-detect -I../../v8/include -I../../third_party/flatbuffers/src/include -I../../third_party/flatbuffers/src/src -I../../third_party/flatbuffers/src -I../../third_party/flatbuffers/generated -Igen/components/reporting/proto/synced -Igen/components/optimization_guide/proto/features -Igen/third_party/omnibox_proto -Igen/third_party/metrics_proto -I../../third_party/ml_dtypes/src -I../../third_party/ml_dtypes/src/ml_dtypes -Igen/third_party/tflite/src -I../../third_party/tflite/shims -I../../third_party/tflite/src -I../../third_party/tflite/src/third_party/xla -I../../third_party/tflite/src/third_party/xla/third_party/tsl -I../../third_party/pthreadpool/src/include -I../../third_party/eigen3/src -I../../third_party/neon_2_sse/src -I../../third_party/ruy/src -I../../third_party/fp16/src/include -I../../third_party/tflite_support/src -I../../third_party/tflite_support/src/tensorflow_lite_support -Igen/third_party/tflite_support/src -I../../third_party/libaddressinput/src/cpp/include -Igen/third_party/content_analysis_sdk/src/proto -Wall -Wextra -Wimplicit-fallthrough -Wextra-semi -Wunreachable-code-aggressive -Wgnu -Wno-gnu-anonymous-struct -Wno-gnu-conditional-omitted-operand -Wno-gnu-include-next -Wno-gnu-label-as-value -Wno-gnu-redeclared-enum -Wno-gnu-statement-expression -Wno-gnu-zero-variadic-macro-arguments -Wno-zero-length-array -Wthread-safety -Wno-unused-template -Wunguarded-availability -Wno-missing-field-initializers -Wno-unused-parameter -Wno-psabi -Wno-stringop-overread -Wloop-analysis -Wno-unneeded-internal-declaration -Wno-cast-function-type -Wno-thread-safety-reference-return -Wno-nontrivial-memcall -Wno-uninitialized-const-pointer -Wno-unused-but-set-global -Wexit-time-destructors -Wshadow -Werror -Werror=\#pragma-messages -fno-delete-null-pointer-checks -fno-strict-overflow -fno-ident -fno-math-errno -fno-strict-aliasing -fstack-protector -fcolor-diagnostics -fdiagnostics-show-inlining-chain -fmerge-all-constants -fcrash-diagnostics-dir=../clang-crashreports -fno-lifetime-dse -mllvm -instcombine-lower-dbg-declare=0 -mllvm -split-threshold-for-reg-with-hint=0 -ffp-contract=off -fcomplete-member-pointers --target=arm64-apple-macos -mno-outline -Wno-builtin-macro-redefined -D__DATE__= -D__TIME__= -D__TIMESTAMP__= -ffile-compilation-dir=. -no-canonical-prefixes -Xclang -fmodule-file-home-is-cwd -Xclang -fmodules-cache-path=/not_exist_dummy_dir --warning-suppression-mappings=../../build/config/warning_suppression.txt -ftrivial-auto-var-init=pattern -O2 -fno-omit-frame-pointer -gdwarf-4 -g1 -gdwarf-aranges -isysroot sdk/xcode_links/MacOSX26.5.sdk -mmacos-version-min=13.0 -fsanitize=array-bounds -fsanitize-trap=array-bounds -fsanitize-ignore-for-ubsan-feature=array-bounds -Wno-unsafe-buffer-usage-in-static-sized-array -fsanitize=return -fsanitize-trap=return -fsanitize-ignore-for-ubsan-feature=return -fvisibility=hidden -Wheader-hygiene -Wstring-conversion -Wtautological-overlap-compare -Xclang -add-plugin -Xclang find-bad-constructs -Xclang -plugin-arg-find-bad-constructs -Xclang check-stack-allocated -Xclang -plugin-arg-find-bad-constructs -Xclang relax-ctor-checks-for-aggregates -Xclang -add-plugin -Xclang raw-ptr-plugin -Xclang -plugin-arg-raw-ptr-plugin -Xclang check-raw-ptr-to-stack-allocated -Xclang -plugin-arg-raw-ptr-plugin -Xclang disable-check-raw-ptr-to-stack-allocated-error -Xclang -plugin-arg-raw-ptr-plugin -Xclang raw-ptr-exclude-path=../../third_party/dawn/ -Xclang -plugin-arg-raw-ptr-plugin -Xclang raw-ptr-exclude-path=../../build/config/clang/chrome/test/fuzzing/webidl_fuzzing/ -Xclang -plugin-arg-raw-ptr-plugin -Xclang check-raw-ptr-fields -Xclang -plugin-arg-raw-ptr-plugin -Xclang check-span-fields -Xclang -plugin-arg-raw-ptr-plugin -Xclang check-raw-ref-fields -Xclang -plugin-arg-raw-ptr-plugin -Xclang no-special-treatment-for-oilpanized-paths -DUNSAFE_BUFFERS_BUILD -Wunsafe-buffer-usage -Wno-error=unsafe-buffer-usage -Xclang -add-plugin -Xclang unsafe-buffers -Xclang -plugin-arg-unsafe-buffers -Xclang ../../build/config/unsafe_buffers_paths.txt -Wno-invalid-offsetof -Wenum-compare-conditional -Wno-nullability-completeness -Wunique-object-duplication -std=c++23 -Wno-trigraphs -fno-exceptions -fno-rtti -nostdinc++ -isystem../../third_party/libc++/src/include -isystem../../third_party/libc++abi/src/include -fvisibility-inlines-hidden -fmodules -fno-implicit-module-maps -fno-implicit-modules -Xclang -fmodules-local-submodule-visibility -Wno-modules-ambiguous-internal-linkage -Wno-modules-import-nested-redundant -Xclang -fmodules-disable-diagnostic-validation -Wno-module-import-in-extern-c -fmodule-map-file=gen/build/modules/module.modulemap -fmodule-file=//build/modules:system=obj/build/modules/system/module.pcm -fmodule-name="//ahoi/browser/ui/sidebar:browser_sidebar_Private" -c ../../ahoi/browser/ui/sidebar/browser_sidebar_host_split_actions.cc -o obj/ahoi/browser/ui/sidebar/browser_sidebar/browser_sidebar_host_split_actions.o
In file included from ../../ahoi/browser/ui/sidebar/browser_sidebar_host_split_actions.cc:9:
../../ahoi/browser/ui/sidebar/browser_sidebar_host_view.h:656:50: error: non-virtual member function marked 'override' hides virtual member function
  656 |                       TabChangeType change_type) override;
      |                                                  ^
../../chrome/browser/ui/tabs/tab_strip_model_observer.h:546:16: note: hidden overloaded virtual function 'TabStripModelObserver::OnTabChangedAt' declared here: different number of parameters (2 vs 3)
  546 |   virtual void OnTabChangedAt(tabs::TabInterface* tab,
      |                ^
1 error generated.
[455/3860] CXX obj/ahoi/browser/ui/sidebar/browser_sidebar/browser_sidebar_host_runtime_actions.o
FAILED: obj/ahoi/browser/ui/sidebar/browser_sidebar/browser_sidebar_host_runtime_actions.o 
../../third_party/llvm-build/Release+Asserts/bin/clang++ -MMD -MF obj/ahoi/browser/ui/sidebar/browser_sidebar/browser_sidebar_host_runtime_actions.o.d -D__STDC_CONSTANT_MACROS -D__STDC_FORMAT_MACROS -D_FORTIFY_SOURCE=3 -D__ARM_NEON__=1 -DCR_XCODE_BUILD=17F42 -DCR_CLANG_REVISION=\"llvmorg-24-init-3796-g20e97c4b-2\" -DCOMPONENT_BUILD -D_LIBCPP_HARDENING_MODE=_LIBCPP_HARDENING_MODE_EXTENSIVE -D_LIBCPP_INSTRUMENTED_WITH_ASAN=0 -DCR_LIBCXX_REVISION=97b436da4c33663581d394f4ee0a5977fc38c2f4 -DDCHECK_ALWAYS_ON=1 -DNDEBUG -DNVALGRIND -DDYNAMIC_ANNOTATIONS_ENABLED=0 -DTOOLKIT_VIEWS=1 -DSK_ENABLE_SKSL -DSK_UNTIL_CRBUG_1187654_IS_FIXED -DSK_USER_CONFIG_HEADER=\"../../skia/config/SkUserConfig.h\" -DSK_USE_PARTITION_ALLOC -DSK_WIN_FONTMGR_NO_SIMULATIONS -DSK_ENABLE_LEGACY_SHADERCONTEXT -DSK_LEGACY_DESERIAL_IMAGE_PROC -DSK_CODEC_DECODES_PNG -DSK_CODEC_DECODES_PNG_WITH_RUST -DSK_CODEC_ENCODES_PNG -DSK_CODEC_ENCODES_PNG_WITH_RUST -DSK_CODEC_DECODES_BMP_WITH_RUST -DSK_CODEC_DECODES_ICO_WITH_RUST -DSK_CODEC_COLOR_PROFILE_PARSE_WITH_RUST -DSK_EXIF_PARSE_WITH_RUST -DSK_ENABLE_AVX512_OPTS -DSK_CODEC_DECODES_JPEG -DSK_CODEC_ENCODES_JPEG -DSKIA_DLL -DSK_BUILD_FOR_MAC -DSK_GAMMA_SRGB -DSK_GAMMA_CONTRAST=0.0 -DSK_GANESH -DSK_GPU_WORKAROUNDS_HEADER=\"gpu/config/gpu_driver_bug_workaround_autogen.h\" -DSK_GL -DSK_GRAPHITE -DSK_DAWN -DSKCMS_DLL=1 -DCHROMIUM -DLIBYUV_DISABLE_SME -DLIBYUV_DISABLE_LSX -DLIBYUV_DISABLE_LASX -DON_FOCUS_PING_ENABLED -DABSL_CONSUME_DLL -DABSL_FLAGS_STRIP_NAMES=0 -DBORINGSSL_SHARED_LIBRARY -DWGPU_SHARED_LIBRARY -DSKCMS_IMPLEMENTATION=1 -DU_USING_ICU_NAMESPACE=0 -DU_ENABLE_DYLOAD=0 -DUSE_CHROMIUM_ICU=1 -DU_ENABLE_TRACING=1 -DU_ENABLE_RESOURCE_TRACING=0 -DICU_UTIL_DATA_IMPL=ICU_UTIL_DATA_FILE -DGOOGLE_PROTOBUF_NO_RTTI -DPROTOBUF_INTERNAL_BOUNDS_CHECK_MODE_ABORT -DHAVE_PTHREAD -DPROTOBUF_USE_DLLS -DPROTOBUF_ENABLE_DEBUG_LOGGING_MAY_LEAK_PII=0 -DWEBRTC_ENABLE_SYMBOL_EXPORT -DWEBRTC_ENABLE_AVX2 -DWEBRTC_DEPRECATE_PLAN_B -DWEBRTC_CHROMIUM_BUILD -DWEBRTC_POSIX -DWEBRTC_MAC -DABSL_ALLOCATOR_NOTHROW=1 -DLOGGING_INSIDE_WEBRTC -DLEVELDB_PLATFORM_CHROMIUM=1 -DLEVELDB_SHARED_LIBRARY -DCRASHPAD_ZLIB_SOURCE_EXTERNAL -DV8_USE_EXTERNAL_STARTUP_DATA -DUSING_V8_SHARED -DUSING_V8_SHARED_PRIVATE -DV8_ARRAY_BUFFER_INTERNAL_FIELD_COUNT=0 -DV8_ARRAY_BUFFER_VIEW_INTERNAL_FIELD_COUNT=0 -DV8_PROMISE_INTERNAL_FIELD_COUNT=0 -DV8_USE_DEFAULT_HASHER_SECRET=true -DV8_ENABLE_MEMORY_ACCOUNTING_CHECKS -DV8_COMPRESS_POINTERS -DV8_COMPRESS_POINTERS_IN_SHARED_CAGE -DV8_31BIT_SMIS_ON_64BIT_ARCH -DV8_ENABLE_SANDBOX -DV8_DEPRECATION_WARNINGS -DV8_DISALLOW_JS_IN_API_INTERRUPTS_IS_CHECKED -DV8_USE_PERFETTO -DV8_USE_PERFETTO_JSON_EXPORT -DV8_CPPGC_MICROTASK_QUEUE -DV8_HAVE_TARGET_OS -DV8_TARGET_OS_MACOS -DV8_TARGET_ARCH_ARM64 -DCPPGC_ENABLE_API_CHECKS -DCPPGC_SUPPORTS_OBJECT_NAMES -DCPPGC_CAGED_HEAP -DCPPGC_YOUNG_GENERATION -DCPPGC_POINTER_COMPRESSION -DCPPGC_ENABLE_LARGER_CAGE -DCPPGC_SLIM_WRITE_BARRIER -DFLATBUFFERS_LOCALE_INDEPENDENT=0 -DTFL_STATIC_LIBRARY_BUILD -DTF_MAJOR_VERSION=2 -DTF_MINOR_VERSION=22 -DTF_PATCH_VERSION=0 -DTF_VERSION_SUFFIX= -DEIGEN_MPL2_ONLY -DEIGEN_MAX_ALIGN_BYTES=64 -DEIGEN_HAS_TYPE_TRAITS=0 -DI18N_ADDRESS_VALIDATION_DATA_URL=\"https://chromium-i18n.appspot.com/ssl-aggregate-address/\" -DUSE_LIBCXX_MODULES -I../.. -Igen -I../../buildtools/third_party/libc++ -I../../third_party/perfetto/include -Igen/third_party/perfetto/build_config -Igen/third_party/perfetto -I../../third_party/skia -Igen/third_party/skia -I../../third_party/wuffs/src/release/c -Igen/third_party/dawn/include -I../../third_party/dawn/include -I../../net/third_party/quiche/overrides -I../../net/third_party/quiche/src/quiche/common/platform/default -I../../net/third_party/quiche/src -I../../third_party/khronos -I../../gpu -I../../third_party/libyuv/include -Igen/third_party/private_membership/src -Igen/third_party/shell-encryption/src -Igen/components/policy/proto -I../../base/allocator/partition_allocator/src -Igen/base/allocator/partition_allocator/src -I../../third_party/abseil-cpp -I../../third_party/boringssl/src/include -I../../third_party/protobuf/src -I../../third_party/ipcz/include -I../../third_party/icu/source/common -I../../third_party/icu/source/i18n -I../../third_party/ced/src -Igen/net/third_party/quiche/src -I../../third_party/re2/src -I../../third_party/webrtc_overrides -I../../third_party/webrtc -Igen/third_party/webrtc -I../../third_party/libwebm/source -I../../third_party/angle/include -I../../third_party/leveldatabase -I../../third_party/leveldatabase/src -I../../third_party/leveldatabase/src/include -I../../third_party/crashpad/crashpad -I../../third_party/crashpad/crashpad/compat/mac -I../../third_party/crashpad/crashpad/compat/non_win -I../../third_party/zlib -I../../third_party/libaom/source/libaom -I../../third_party/libaom/source/config/linux/arm64-cpu-detect -I../../v8/include -I../../third_party/flatbuffers/src/include -I../../third_party/flatbuffers/src/src -I../../third_party/flatbuffers/src -I../../third_party/flatbuffers/generated -Igen/components/reporting/proto/synced -Igen/components/optimization_guide/proto/features -Igen/third_party/omnibox_proto -Igen/third_party/metrics_proto -I../../third_party/ml_dtypes/src -I../../third_party/ml_dtypes/src/ml_dtypes -Igen/third_party/tflite/src -I../../third_party/tflite/shims -I../../third_party/tflite/src -I../../third_party/tflite/src/third_party/xla -I../../third_party/tflite/src/third_party/xla/third_party/tsl -I../../third_party/pthreadpool/src/include -I../../third_party/eigen3/src -I../../third_party/neon_2_sse/src -I../../third_party/ruy/src -I../../third_party/fp16/src/include -I../../third_party/tflite_support/src -I../../third_party/tflite_support/src/tensorflow_lite_support -Igen/third_party/tflite_support/src -I../../third_party/libaddressinput/src/cpp/include -Igen/third_party/content_analysis_sdk/src/proto -Wall -Wextra -Wimplicit-fallthrough -Wextra-semi -Wunreachable-code-aggressive -Wgnu -Wno-gnu-anonymous-struct -Wno-gnu-conditional-omitted-operand -Wno-gnu-include-next -Wno-gnu-label-as-value -Wno-gnu-redeclared-enum -Wno-gnu-statement-expression -Wno-gnu-zero-variadic-macro-arguments -Wno-zero-length-array -Wthread-safety -Wno-unused-template -Wunguarded-availability -Wno-missing-field-initializers -Wno-unused-parameter -Wno-psabi -Wno-stringop-overread -Wloop-analysis -Wno-unneeded-internal-declaration -Wno-cast-function-type -Wno-thread-safety-reference-return -Wno-nontrivial-memcall -Wno-uninitialized-const-pointer -Wno-unused-but-set-global -Wexit-time-destructors -Wshadow -Werror -Werror=\#pragma-messages -fno-delete-null-pointer-checks -fno-strict-overflow -fno-ident -fno-math-errno -fno-strict-aliasing -fstack-protector -fcolor-diagnostics -fdiagnostics-show-inlining-chain -fmerge-all-constants -fcrash-diagnostics-dir=../clang-crashreports -fno-lifetime-dse -mllvm -instcombine-lower-dbg-declare=0 -mllvm -split-threshold-for-reg-with-hint=0 -ffp-contract=off -fcomplete-member-pointers --target=arm64-apple-macos -mno-outline -Wno-builtin-macro-redefined -D__DATE__= -D__TIME__= -D__TIMESTAMP__= -ffile-compilation-dir=. -no-canonical-prefixes -Xclang -fmodule-file-home-is-cwd -Xclang -fmodules-cache-path=/not_exist_dummy_dir --warning-suppression-mappings=../../build/config/warning_suppression.txt -ftrivial-auto-var-init=pattern -O2 -fno-omit-frame-pointer -gdwarf-4 -g1 -gdwarf-aranges -isysroot sdk/xcode_links/MacOSX26.5.sdk -mmacos-version-min=13.0 -fsanitize=array-bounds -fsanitize-trap=array-bounds -fsanitize-ignore-for-ubsan-feature=array-bounds -Wno-unsafe-buffer-usage-in-static-sized-array -fsanitize=return -fsanitize-trap=return -fsanitize-ignore-for-ubsan-feature=return -fvisibility=hidden -Wheader-hygiene -Wstring-conversion -Wtautological-overlap-compare -Xclang -add-plugin -Xclang find-bad-constructs -Xclang -plugin-arg-find-bad-constructs -Xclang check-stack-allocated -Xclang -plugin-arg-find-bad-constructs -Xclang relax-ctor-checks-for-aggregates -Xclang -add-plugin -Xclang raw-ptr-plugin -Xclang -plugin-arg-raw-ptr-plugin -Xclang check-raw-ptr-to-stack-allocated -Xclang -plugin-arg-raw-ptr-plugin -Xclang disable-check-raw-ptr-to-stack-allocated-error -Xclang -plugin-arg-raw-ptr-plugin -Xclang raw-ptr-exclude-path=../../third_party/dawn/ -Xclang -plugin-arg-raw-ptr-plugin -Xclang raw-ptr-exclude-path=../../build/config/clang/chrome/test/fuzzing/webidl_fuzzing/ -Xclang -plugin-arg-raw-ptr-plugin -Xclang check-raw-ptr-fields -Xclang -plugin-arg-raw-ptr-plugin -Xclang check-span-fields -Xclang -plugin-arg-raw-ptr-plugin -Xclang check-raw-ref-fields -Xclang -plugin-arg-raw-ptr-plugin -Xclang no-special-treatment-for-oilpanized-paths -DUNSAFE_BUFFERS_BUILD -Wunsafe-buffer-usage -Wno-error=unsafe-buffer-usage -Xclang -add-plugin -Xclang unsafe-buffers -Xclang -plugin-arg-unsafe-buffers -Xclang ../../build/config/unsafe_buffers_paths.txt -Wno-invalid-offsetof -Wenum-compare-conditional -Wno-nullability-completeness -Wunique-object-duplication -std=c++23 -Wno-trigraphs -fno-exceptions -fno-rtti -nostdinc++ -isystem../../third_party/libc++/src/include -isystem../../third_party/libc++abi/src/include -fvisibility-inlines-hidden -fmodules -fno-implicit-module-maps -fno-implicit-modules -Xclang -fmodules-local-submodule-visibility -Wno-modules-ambiguous-internal-linkage -Wno-modules-import-nested-redundant -Xclang -fmodules-disable-diagnostic-validation -Wno-module-import-in-extern-c -fmodule-map-file=gen/build/modules/module.modulemap -fmodule-file=//build/modules:system=obj/build/modules/system/module.pcm -fmodule-name="//ahoi/browser/ui/sidebar:browser_sidebar_Private" -c ../../ahoi/browser/ui/sidebar/browser_sidebar_host_runtime_actions.cc -o obj/ahoi/browser/ui/sidebar/browser_sidebar/browser_sidebar_host_runtime_actions.o
In file included from ../../ahoi/browser/ui/sidebar/browser_sidebar_host_runtime_actions.cc:20:
../../ahoi/browser/ui/sidebar/browser_sidebar_host_view.h:656:50: error: non-virtual member function marked 'override' hides virtual member function
  656 |                       TabChangeType change_type) override;
      |                                                  ^
../../chrome/browser/ui/tabs/tab_strip_model_observer.h:546:16: note: hidden overloaded virtual function 'TabStripModelObserver::OnTabChangedAt' declared here: different number of parameters (2 vs 3)
  546 |   virtual void OnTabChangedAt(tabs::TabInterface* tab,
      |                ^
1 error generated.
[456/3860] CXX obj/ahoi/browser/ui/sidebar/browser_sidebar/browser_sidebar_host_structure.o
FAILED: obj/ahoi/browser/ui/sidebar/browser_sidebar/browser_sidebar_host_structure.o 
../../third_party/llvm-build/Release+Asserts/bin/clang++ -MMD -MF obj/ahoi/browser/ui/sidebar/browser_sidebar/browser_sidebar_host_structure.o.d -D__STDC_CONSTANT_MACROS -D__STDC_FORMAT_MACROS -D_FORTIFY_SOURCE=3 -D__ARM_NEON__=1 -DCR_XCODE_BUILD=17F42 -DCR_CLANG_REVISION=\"llvmorg-24-init-3796-g20e97c4b-2\" -DCOMPONENT_BUILD -D_LIBCPP_HARDENING_MODE=_LIBCPP_HARDENING_MODE_EXTENSIVE -D_LIBCPP_INSTRUMENTED_WITH_ASAN=0 -DCR_LIBCXX_REVISION=97b436da4c33663581d394f4ee0a5977fc38c2f4 -DDCHECK_ALWAYS_ON=1 -DNDEBUG -DNVALGRIND -DDYNAMIC_ANNOTATIONS_ENABLED=0 -DTOOLKIT_VIEWS=1 -DSK_ENABLE_SKSL -DSK_UNTIL_CRBUG_1187654_IS_FIXED -DSK_USER_CONFIG_HEADER=\"../../skia/config/SkUserConfig.h\" -DSK_USE_PARTITION_ALLOC -DSK_WIN_FONTMGR_NO_SIMULATIONS -DSK_ENABLE_LEGACY_SHADERCONTEXT -DSK_LEGACY_DESERIAL_IMAGE_PROC -DSK_CODEC_DECODES_PNG -DSK_CODEC_DECODES_PNG_WITH_RUST -DSK_CODEC_ENCODES_PNG -DSK_CODEC_ENCODES_PNG_WITH_RUST -DSK_CODEC_DECODES_BMP_WITH_RUST -DSK_CODEC_DECODES_ICO_WITH_RUST -DSK_CODEC_COLOR_PROFILE_PARSE_WITH_RUST -DSK_EXIF_PARSE_WITH_RUST -DSK_ENABLE_AVX512_OPTS -DSK_CODEC_DECODES_JPEG -DSK_CODEC_ENCODES_JPEG -DSKIA_DLL -DSK_BUILD_FOR_MAC -DSK_GAMMA_SRGB -DSK_GAMMA_CONTRAST=0.0 -DSK_GANESH -DSK_GPU_WORKAROUNDS_HEADER=\"gpu/config/gpu_driver_bug_workaround_autogen.h\" -DSK_GL -DSK_GRAPHITE -DSK_DAWN -DSKCMS_DLL=1 -DCHROMIUM -DLIBYUV_DISABLE_SME -DLIBYUV_DISABLE_LSX -DLIBYUV_DISABLE_LASX -DON_FOCUS_PING_ENABLED -DABSL_CONSUME_DLL -DABSL_FLAGS_STRIP_NAMES=0 -DBORINGSSL_SHARED_LIBRARY -DWGPU_SHARED_LIBRARY -DSKCMS_IMPLEMENTATION=1 -DU_USING_ICU_NAMESPACE=0 -DU_ENABLE_DYLOAD=0 -DUSE_CHROMIUM_ICU=1 -DU_ENABLE_TRACING=1 -DU_ENABLE_RESOURCE_TRACING=0 -DICU_UTIL_DATA_IMPL=ICU_UTIL_DATA_FILE -DGOOGLE_PROTOBUF_NO_RTTI -DPROTOBUF_INTERNAL_BOUNDS_CHECK_MODE_ABORT -DHAVE_PTHREAD -DPROTOBUF_USE_DLLS -DPROTOBUF_ENABLE_DEBUG_LOGGING_MAY_LEAK_PII=0 -DWEBRTC_ENABLE_SYMBOL_EXPORT -DWEBRTC_ENABLE_AVX2 -DWEBRTC_DEPRECATE_PLAN_B -DWEBRTC_CHROMIUM_BUILD -DWEBRTC_POSIX -DWEBRTC_MAC -DABSL_ALLOCATOR_NOTHROW=1 -DLOGGING_INSIDE_WEBRTC -DLEVELDB_PLATFORM_CHROMIUM=1 -DLEVELDB_SHARED_LIBRARY -DCRASHPAD_ZLIB_SOURCE_EXTERNAL -DV8_USE_EXTERNAL_STARTUP_DATA -DUSING_V8_SHARED -DUSING_V8_SHARED_PRIVATE -DV8_ARRAY_BUFFER_INTERNAL_FIELD_COUNT=0 -DV8_ARRAY_BUFFER_VIEW_INTERNAL_FIELD_COUNT=0 -DV8_PROMISE_INTERNAL_FIELD_COUNT=0 -DV8_USE_DEFAULT_HASHER_SECRET=true -DV8_ENABLE_MEMORY_ACCOUNTING_CHECKS -DV8_COMPRESS_POINTERS -DV8_COMPRESS_POINTERS_IN_SHARED_CAGE -DV8_31BIT_SMIS_ON_64BIT_ARCH -DV8_ENABLE_SANDBOX -DV8_DEPRECATION_WARNINGS -DV8_DISALLOW_JS_IN_API_INTERRUPTS_IS_CHECKED -DV8_USE_PERFETTO -DV8_USE_PERFETTO_JSON_EXPORT -DV8_CPPGC_MICROTASK_QUEUE -DV8_HAVE_TARGET_OS -DV8_TARGET_OS_MACOS -DV8_TARGET_ARCH_ARM64 -DCPPGC_ENABLE_API_CHECKS -DCPPGC_SUPPORTS_OBJECT_NAMES -DCPPGC_CAGED_HEAP -DCPPGC_YOUNG_GENERATION -DCPPGC_POINTER_COMPRESSION -DCPPGC_ENABLE_LARGER_CAGE -DCPPGC_SLIM_WRITE_BARRIER -DFLATBUFFERS_LOCALE_INDEPENDENT=0 -DTFL_STATIC_LIBRARY_BUILD -DTF_MAJOR_VERSION=2 -DTF_MINOR_VERSION=22 -DTF_PATCH_VERSION=0 -DTF_VERSION_SUFFIX= -DEIGEN_MPL2_ONLY -DEIGEN_MAX_ALIGN_BYTES=64 -DEIGEN_HAS_TYPE_TRAITS=0 -DI18N_ADDRESS_VALIDATION_DATA_URL=\"https://chromium-i18n.appspot.com/ssl-aggregate-address/\" -DUSE_LIBCXX_MODULES -I../.. -Igen -I../../buildtools/third_party/libc++ -I../../third_party/perfetto/include -Igen/third_party/perfetto/build_config -Igen/third_party/perfetto -I../../third_party/skia -Igen/third_party/skia -I../../third_party/wuffs/src/release/c -Igen/third_party/dawn/include -I../../third_party/dawn/include -I../../net/third_party/quiche/overrides -I../../net/third_party/quiche/src/quiche/common/platform/default -I../../net/third_party/quiche/src -I../../third_party/khronos -I../../gpu -I../../third_party/libyuv/include -Igen/third_party/private_membership/src -Igen/third_party/shell-encryption/src -Igen/components/policy/proto -I../../base/allocator/partition_allocator/src -Igen/base/allocator/partition_allocator/src -I../../third_party/abseil-cpp -I../../third_party/boringssl/src/include -I../../third_party/protobuf/src -I../../third_party/ipcz/include -I../../third_party/icu/source/common -I../../third_party/icu/source/i18n -I../../third_party/ced/src -Igen/net/third_party/quiche/src -I../../third_party/re2/src -I../../third_party/webrtc_overrides -I../../third_party/webrtc -Igen/third_party/webrtc -I../../third_party/libwebm/source -I../../third_party/angle/include -I../../third_party/leveldatabase -I../../third_party/leveldatabase/src -I../../third_party/leveldatabase/src/include -I../../third_party/crashpad/crashpad -I../../third_party/crashpad/crashpad/compat/mac -I../../third_party/crashpad/crashpad/compat/non_win -I../../third_party/zlib -I../../third_party/libaom/source/libaom -I../../third_party/libaom/source/config/linux/arm64-cpu-detect -I../../v8/include -I../../third_party/flatbuffers/src/include -I../../third_party/flatbuffers/src/src -I../../third_party/flatbuffers/src -I../../third_party/flatbuffers/generated -Igen/components/reporting/proto/synced -Igen/components/optimization_guide/proto/features -Igen/third_party/omnibox_proto -Igen/third_party/metrics_proto -I../../third_party/ml_dtypes/src -I../../third_party/ml_dtypes/src/ml_dtypes -Igen/third_party/tflite/src -I../../third_party/tflite/shims -I../../third_party/tflite/src -I../../third_party/tflite/src/third_party/xla -I../../third_party/tflite/src/third_party/xla/third_party/tsl -I../../third_party/pthreadpool/src/include -I../../third_party/eigen3/src -I../../third_party/neon_2_sse/src -I../../third_party/ruy/src -I../../third_party/fp16/src/include -I../../third_party/tflite_support/src -I../../third_party/tflite_support/src/tensorflow_lite_support -Igen/third_party/tflite_support/src -I../../third_party/libaddressinput/src/cpp/include -Igen/third_party/content_analysis_sdk/src/proto -Wall -Wextra -Wimplicit-fallthrough -Wextra-semi -Wunreachable-code-aggressive -Wgnu -Wno-gnu-anonymous-struct -Wno-gnu-conditional-omitted-operand -Wno-gnu-include-next -Wno-gnu-label-as-value -Wno-gnu-redeclared-enum -Wno-gnu-statement-expression -Wno-gnu-zero-variadic-macro-arguments -Wno-zero-length-array -Wthread-safety -Wno-unused-template -Wunguarded-availability -Wno-missing-field-initializers -Wno-unused-parameter -Wno-psabi -Wno-stringop-overread -Wloop-analysis -Wno-unneeded-internal-declaration -Wno-cast-function-type -Wno-thread-safety-reference-return -Wno-nontrivial-memcall -Wno-uninitialized-const-pointer -Wno-unused-but-set-global -Wexit-time-destructors -Wshadow -Werror -Werror=\#pragma-messages -fno-delete-null-pointer-checks -fno-strict-overflow -fno-ident -fno-math-errno -fno-strict-aliasing -fstack-protector -fcolor-diagnostics -fdiagnostics-show-inlining-chain -fmerge-all-constants -fcrash-diagnostics-dir=../clang-crashreports -fno-lifetime-dse -mllvm -instcombine-lower-dbg-declare=0 -mllvm -split-threshold-for-reg-with-hint=0 -ffp-contract=off -fcomplete-member-pointers --target=arm64-apple-macos -mno-outline -Wno-builtin-macro-redefined -D__DATE__= -D__TIME__= -D__TIMESTAMP__= -ffile-compilation-dir=. -no-canonical-prefixes -Xclang -fmodule-file-home-is-cwd -Xclang -fmodules-cache-path=/not_exist_dummy_dir --warning-suppression-mappings=../../build/config/warning_suppression.txt -ftrivial-auto-var-init=pattern -O2 -fno-omit-frame-pointer -gdwarf-4 -g1 -gdwarf-aranges -isysroot sdk/xcode_links/MacOSX26.5.sdk -mmacos-version-min=13.0 -fsanitize=array-bounds -fsanitize-trap=array-bounds -fsanitize-ignore-for-ubsan-feature=array-bounds -Wno-unsafe-buffer-usage-in-static-sized-array -fsanitize=return -fsanitize-trap=return -fsanitize-ignore-for-ubsan-feature=return -fvisibility=hidden -Wheader-hygiene -Wstring-conversion -Wtautological-overlap-compare -Xclang -add-plugin -Xclang find-bad-constructs -Xclang -plugin-arg-find-bad-constructs -Xclang check-stack-allocated -Xclang -plugin-arg-find-bad-constructs -Xclang relax-ctor-checks-for-aggregates -Xclang -add-plugin -Xclang raw-ptr-plugin -Xclang -plugin-arg-raw-ptr-plugin -Xclang check-raw-ptr-to-stack-allocated -Xclang -plugin-arg-raw-ptr-plugin -Xclang disable-check-raw-ptr-to-stack-allocated-error -Xclang -plugin-arg-raw-ptr-plugin -Xclang raw-ptr-exclude-path=../../third_party/dawn/ -Xclang -plugin-arg-raw-ptr-plugin -Xclang raw-ptr-exclude-path=../../build/config/clang/chrome/test/fuzzing/webidl_fuzzing/ -Xclang -plugin-arg-raw-ptr-plugin -Xclang check-raw-ptr-fields -Xclang -plugin-arg-raw-ptr-plugin -Xclang check-span-fields -Xclang -plugin-arg-raw-ptr-plugin -Xclang check-raw-ref-fields -Xclang -plugin-arg-raw-ptr-plugin -Xclang no-special-treatment-for-oilpanized-paths -DUNSAFE_BUFFERS_BUILD -Wunsafe-buffer-usage -Wno-error=unsafe-buffer-usage -Xclang -add-plugin -Xclang unsafe-buffers -Xclang -plugin-arg-unsafe-buffers -Xclang ../../build/config/unsafe_buffers_paths.txt -Wno-invalid-offsetof -Wenum-compare-conditional -Wno-nullability-completeness -Wunique-object-duplication -std=c++23 -Wno-trigraphs -fno-exceptions -fno-rtti -nostdinc++ -isystem../../third_party/libc++/src/include -isystem../../third_party/libc++abi/src/include -fvisibility-inlines-hidden -fmodules -fno-implicit-module-maps -fno-implicit-modules -Xclang -fmodules-local-submodule-visibility -Wno-modules-ambiguous-internal-linkage -Wno-modules-import-nested-redundant -Xclang -fmodules-disable-diagnostic-validation -Wno-module-import-in-extern-c -fmodule-map-file=gen/build/modules/module.modulemap -fmodule-file=//build/modules:system=obj/build/modules/system/module.pcm -fmodule-name="//ahoi/browser/ui/sidebar:browser_sidebar_Private" -c ../../ahoi/browser/ui/sidebar/browser_sidebar_host_structure.cc -o obj/ahoi/browser/ui/sidebar/browser_sidebar/browser_sidebar_host_structure.o
In file included from ../../ahoi/browser/ui/sidebar/browser_sidebar_host_structure.cc:4:
../../ahoi/browser/ui/sidebar/browser_sidebar_host_view.h:656:50: error: non-virtual member function marked 'override' hides virtual member function
  656 |                       TabChangeType change_type) override;
      |                                                  ^
../../chrome/browser/ui/tabs/tab_strip_model_observer.h:546:16: note: hidden overloaded virtual function 'TabStripModelObserver::OnTabChangedAt' declared here: different number of parameters (2 vs 3)
  546 |   virtual void OnTabChangedAt(tabs::TabInterface* tab,
      |                ^
1 error generated.
[457/3860] CXX obj/ahoi/browser/ui/sidebar/browser_sidebar/browser_sidebar_host_tree_actions.o
FAILED: obj/ahoi/browser/ui/sidebar/browser_sidebar/browser_sidebar_host_tree_actions.o 
../../third_party/llvm-build/Release+Asserts/bin/clang++ -MMD -MF obj/ahoi/browser/ui/sidebar/browser_sidebar/browser_sidebar_host_tree_actions.o.d -D__STDC_CONSTANT_MACROS -D__STDC_FORMAT_MACROS -D_FORTIFY_SOURCE=3 -D__ARM_NEON__=1 -DCR_XCODE_BUILD=17F42 -DCR_CLANG_REVISION=\"llvmorg-24-init-3796-g20e97c4b-2\" -DCOMPONENT_BUILD -D_LIBCPP_HARDENING_MODE=_LIBCPP_HARDENING_MODE_EXTENSIVE -D_LIBCPP_INSTRUMENTED_WITH_ASAN=0 -DCR_LIBCXX_REVISION=97b436da4c33663581d394f4ee0a5977fc38c2f4 -DDCHECK_ALWAYS_ON=1 -DNDEBUG -DNVALGRIND -DDYNAMIC_ANNOTATIONS_ENABLED=0 -DTOOLKIT_VIEWS=1 -DSK_ENABLE_SKSL -DSK_UNTIL_CRBUG_1187654_IS_FIXED -DSK_USER_CONFIG_HEADER=\"../../skia/config/SkUserConfig.h\" -DSK_USE_PARTITION_ALLOC -DSK_WIN_FONTMGR_NO_SIMULATIONS -DSK_ENABLE_LEGACY_SHADERCONTEXT -DSK_LEGACY_DESERIAL_IMAGE_PROC -DSK_CODEC_DECODES_PNG -DSK_CODEC_DECODES_PNG_WITH_RUST -DSK_CODEC_ENCODES_PNG -DSK_CODEC_ENCODES_PNG_WITH_RUST -DSK_CODEC_DECODES_BMP_WITH_RUST -DSK_CODEC_DECODES_ICO_WITH_RUST -DSK_CODEC_COLOR_PROFILE_PARSE_WITH_RUST -DSK_EXIF_PARSE_WITH_RUST -DSK_ENABLE_AVX512_OPTS -DSK_CODEC_DECODES_JPEG -DSK_CODEC_ENCODES_JPEG -DSKIA_DLL -DSK_BUILD_FOR_MAC -DSK_GAMMA_SRGB -DSK_GAMMA_CONTRAST=0.0 -DSK_GANESH -DSK_GPU_WORKAROUNDS_HEADER=\"gpu/config/gpu_driver_bug_workaround_autogen.h\" -DSK_GL -DSK_GRAPHITE -DSK_DAWN -DSKCMS_DLL=1 -DCHROMIUM -DLIBYUV_DISABLE_SME -DLIBYUV_DISABLE_LSX -DLIBYUV_DISABLE_LASX -DON_FOCUS_PING_ENABLED -DABSL_CONSUME_DLL -DABSL_FLAGS_STRIP_NAMES=0 -DBORINGSSL_SHARED_LIBRARY -DWGPU_SHARED_LIBRARY -DSKCMS_IMPLEMENTATION=1 -DU_USING_ICU_NAMESPACE=0 -DU_ENABLE_DYLOAD=0 -DUSE_CHROMIUM_ICU=1 -DU_ENABLE_TRACING=1 -DU_ENABLE_RESOURCE_TRACING=0 -DICU_UTIL_DATA_IMPL=ICU_UTIL_DATA_FILE -DGOOGLE_PROTOBUF_NO_RTTI -DPROTOBUF_INTERNAL_BOUNDS_CHECK_MODE_ABORT -DHAVE_PTHREAD -DPROTOBUF_USE_DLLS -DPROTOBUF_ENABLE_DEBUG_LOGGING_MAY_LEAK_PII=0 -DWEBRTC_ENABLE_SYMBOL_EXPORT -DWEBRTC_ENABLE_AVX2 -DWEBRTC_DEPRECATE_PLAN_B -DWEBRTC_CHROMIUM_BUILD -DWEBRTC_POSIX -DWEBRTC_MAC -DABSL_ALLOCATOR_NOTHROW=1 -DLOGGING_INSIDE_WEBRTC -DLEVELDB_PLATFORM_CHROMIUM=1 -DLEVELDB_SHARED_LIBRARY -DCRASHPAD_ZLIB_SOURCE_EXTERNAL -DV8_USE_EXTERNAL_STARTUP_DATA -DUSING_V8_SHARED -DUSING_V8_SHARED_PRIVATE -DV8_ARRAY_BUFFER_INTERNAL_FIELD_COUNT=0 -DV8_ARRAY_BUFFER_VIEW_INTERNAL_FIELD_COUNT=0 -DV8_PROMISE_INTERNAL_FIELD_COUNT=0 -DV8_USE_DEFAULT_HASHER_SECRET=true -DV8_ENABLE_MEMORY_ACCOUNTING_CHECKS -DV8_COMPRESS_POINTERS -DV8_COMPRESS_POINTERS_IN_SHARED_CAGE -DV8_31BIT_SMIS_ON_64BIT_ARCH -DV8_ENABLE_SANDBOX -DV8_DEPRECATION_WARNINGS -DV8_DISALLOW_JS_IN_API_INTERRUPTS_IS_CHECKED -DV8_USE_PERFETTO -DV8_USE_PERFETTO_JSON_EXPORT -DV8_CPPGC_MICROTASK_QUEUE -DV8_HAVE_TARGET_OS -DV8_TARGET_OS_MACOS -DV8_TARGET_ARCH_ARM64 -DCPPGC_ENABLE_API_CHECKS -DCPPGC_SUPPORTS_OBJECT_NAMES -DCPPGC_CAGED_HEAP -DCPPGC_YOUNG_GENERATION -DCPPGC_POINTER_COMPRESSION -DCPPGC_ENABLE_LARGER_CAGE -DCPPGC_SLIM_WRITE_BARRIER -DFLATBUFFERS_LOCALE_INDEPENDENT=0 -DTFL_STATIC_LIBRARY_BUILD -DTF_MAJOR_VERSION=2 -DTF_MINOR_VERSION=22 -DTF_PATCH_VERSION=0 -DTF_VERSION_SUFFIX= -DEIGEN_MPL2_ONLY -DEIGEN_MAX_ALIGN_BYTES=64 -DEIGEN_HAS_TYPE_TRAITS=0 -DI18N_ADDRESS_VALIDATION_DATA_URL=\"https://chromium-i18n.appspot.com/ssl-aggregate-address/\" -DUSE_LIBCXX_MODULES -I../.. -Igen -I../../buildtools/third_party/libc++ -I../../third_party/perfetto/include -Igen/third_party/perfetto/build_config -Igen/third_party/perfetto -I../../third_party/skia -Igen/third_party/skia -I../../third_party/wuffs/src/release/c -Igen/third_party/dawn/include -I../../third_party/dawn/include -I../../net/third_party/quiche/overrides -I../../net/third_party/quiche/src/quiche/common/platform/default -I../../net/third_party/quiche/src -I../../third_party/khronos -I../../gpu -I../../third_party/libyuv/include -Igen/third_party/private_membership/src -Igen/third_party/shell-encryption/src -Igen/components/policy/proto -I../../base/allocator/partition_allocator/src -Igen/base/allocator/partition_allocator/src -I../../third_party/abseil-cpp -I../../third_party/boringssl/src/include -I../../third_party/protobuf/src -I../../third_party/ipcz/include -I../../third_party/icu/source/common -I../../third_party/icu/source/i18n -I../../third_party/ced/src -Igen/net/third_party/quiche/src -I../../third_party/re2/src -I../../third_party/webrtc_overrides -I../../third_party/webrtc -Igen/third_party/webrtc -I../../third_party/libwebm/source -I../../third_party/angle/include -I../../third_party/leveldatabase -I../../third_party/leveldatabase/src -I../../third_party/leveldatabase/src/include -I../../third_party/crashpad/crashpad -I../../third_party/crashpad/crashpad/compat/mac -I../../third_party/crashpad/crashpad/compat/non_win -I../../third_party/zlib -I../../third_party/libaom/source/libaom -I../../third_party/libaom/source/config/linux/arm64-cpu-detect -I../../v8/include -I../../third_party/flatbuffers/src/include -I../../third_party/flatbuffers/src/src -I../../third_party/flatbuffers/src -I../../third_party/flatbuffers/generated -Igen/components/reporting/proto/synced -Igen/components/optimization_guide/proto/features -Igen/third_party/omnibox_proto -Igen/third_party/metrics_proto -I../../third_party/ml_dtypes/src -I../../third_party/ml_dtypes/src/ml_dtypes -Igen/third_party/tflite/src -I../../third_party/tflite/shims -I../../third_party/tflite/src -I../../third_party/tflite/src/third_party/xla -I../../third_party/tflite/src/third_party/xla/third_party/tsl -I../../third_party/pthreadpool/src/include -I../../third_party/eigen3/src -I../../third_party/neon_2_sse/src -I../../third_party/ruy/src -I../../third_party/fp16/src/include -I../../third_party/tflite_support/src -I../../third_party/tflite_support/src/tensorflow_lite_support -Igen/third_party/tflite_support/src -I../../third_party/libaddressinput/src/cpp/include -Igen/third_party/content_analysis_sdk/src/proto -Wall -Wextra -Wimplicit-fallthrough -Wextra-semi -Wunreachable-code-aggressive -Wgnu -Wno-gnu-anonymous-struct -Wno-gnu-conditional-omitted-operand -Wno-gnu-include-next -Wno-gnu-label-as-value -Wno-gnu-redeclared-enum -Wno-gnu-statement-expression -Wno-gnu-zero-variadic-macro-arguments -Wno-zero-length-array -Wthread-safety -Wno-unused-template -Wunguarded-availability -Wno-missing-field-initializers -Wno-unused-parameter -Wno-psabi -Wno-stringop-overread -Wloop-analysis -Wno-unneeded-internal-declaration -Wno-cast-function-type -Wno-thread-safety-reference-return -Wno-nontrivial-memcall -Wno-uninitialized-const-pointer -Wno-unused-but-set-global -Wexit-time-destructors -Wshadow -Werror -Werror=\#pragma-messages -fno-delete-null-pointer-checks -fno-strict-overflow -fno-ident -fno-math-errno -fno-strict-aliasing -fstack-protector -fcolor-diagnostics -fdiagnostics-show-inlining-chain -fmerge-all-constants -fcrash-diagnostics-dir=../clang-crashreports -fno-lifetime-dse -mllvm -instcombine-lower-dbg-declare=0 -mllvm -split-threshold-for-reg-with-hint=0 -ffp-contract=off -fcomplete-member-pointers --target=arm64-apple-macos -mno-outline -Wno-builtin-macro-redefined -D__DATE__= -D__TIME__= -D__TIMESTAMP__= -ffile-compilation-dir=. -no-canonical-prefixes -Xclang -fmodule-file-home-is-cwd -Xclang -fmodules-cache-path=/not_exist_dummy_dir --warning-suppression-mappings=../../build/config/warning_suppression.txt -ftrivial-auto-var-init=pattern -O2 -fno-omit-frame-pointer -gdwarf-4 -g1 -gdwarf-aranges -isysroot sdk/xcode_links/MacOSX26.5.sdk -mmacos-version-min=13.0 -fsanitize=array-bounds -fsanitize-trap=array-bounds -fsanitize-ignore-for-ubsan-feature=array-bounds -Wno-unsafe-buffer-usage-in-static-sized-array -fsanitize=return -fsanitize-trap=return -fsanitize-ignore-for-ubsan-feature=return -fvisibility=hidden -Wheader-hygiene -Wstring-conversion -Wtautological-overlap-compare -Xclang -add-plugin -Xclang find-bad-constructs -Xclang -plugin-arg-find-bad-constructs -Xclang check-stack-allocated -Xclang -plugin-arg-find-bad-constructs -Xclang relax-ctor-checks-for-aggregates -Xclang -add-plugin -Xclang raw-ptr-plugin -Xclang -plugin-arg-raw-ptr-plugin -Xclang check-raw-ptr-to-stack-allocated -Xclang -plugin-arg-raw-ptr-plugin -Xclang disable-check-raw-ptr-to-stack-allocated-error -Xclang -plugin-arg-raw-ptr-plugin -Xclang raw-ptr-exclude-path=../../third_party/dawn/ -Xclang -plugin-arg-raw-ptr-plugin -Xclang raw-ptr-exclude-path=../../build/config/clang/chrome/test/fuzzing/webidl_fuzzing/ -Xclang -plugin-arg-raw-ptr-plugin -Xclang check-raw-ptr-fields -Xclang -plugin-arg-raw-ptr-plugin -Xclang check-span-fields -Xclang -plugin-arg-raw-ptr-plugin -Xclang check-raw-ref-fields -Xclang -plugin-arg-raw-ptr-plugin -Xclang no-special-treatment-for-oilpanized-paths -DUNSAFE_BUFFERS_BUILD -Wunsafe-buffer-usage -Wno-error=unsafe-buffer-usage -Xclang -add-plugin -Xclang unsafe-buffers -Xclang -plugin-arg-unsafe-buffers -Xclang ../../build/config/unsafe_buffers_paths.txt -Wno-invalid-offsetof -Wenum-compare-conditional -Wno-nullability-completeness -Wunique-object-duplication -std=c++23 -Wno-trigraphs -fno-exceptions -fno-rtti -nostdinc++ -isystem../../third_party/libc++/src/include -isystem../../third_party/libc++abi/src/include -fvisibility-inlines-hidden -fmodules -fno-implicit-module-maps -fno-implicit-modules -Xclang -fmodules-local-submodule-visibility -Wno-modules-ambiguous-internal-linkage -Wno-modules-import-nested-redundant -Xclang -fmodules-disable-diagnostic-validation -Wno-module-import-in-extern-c -fmodule-map-file=gen/build/modules/module.modulemap -fmodule-file=//build/modules:system=obj/build/modules/system/module.pcm -fmodule-name="//ahoi/browser/ui/sidebar:browser_sidebar_Private" -c ../../ahoi/browser/ui/sidebar/browser_sidebar_host_tree_actions.cc -o obj/ahoi/browser/ui/sidebar/browser_sidebar/browser_sidebar_host_tree_actions.o
In file included from ../../ahoi/browser/ui/sidebar/browser_sidebar_host_tree_actions.cc:20:
../../ahoi/browser/ui/sidebar/browser_sidebar_host_view.h:656:50: error: non-virtual member function marked 'override' hides virtual member function
  656 |                       TabChangeType change_type) override;
      |                                                  ^
../../chrome/browser/ui/tabs/tab_strip_model_observer.h:546:16: note: hidden overloaded virtual function 'TabStripModelObserver::OnTabChangedAt' declared here: different number of parameters (2 vs 3)
  546 |   virtual void OnTabChangedAt(tabs::TabInterface* tab,
      |                ^
1 error generated.
[458/3860] CXX obj/ahoi/browser/ui/sidebar/browser_sidebar/browser_sidebar_host_workspace_dialog.o
FAILED: obj/ahoi/browser/ui/sidebar/browser_sidebar/browser_sidebar_host_workspace_dialog.o 
../../third_party/llvm-build/Release+Asserts/bin/clang++ -MMD -MF obj/ahoi/browser/ui/sidebar/browser_sidebar/browser_sidebar_host_workspace_dialog.o.d -D__STDC_CONSTANT_MACROS -D__STDC_FORMAT_MACROS -D_FORTIFY_SOURCE=3 -D__ARM_NEON__=1 -DCR_XCODE_BUILD=17F42 -DCR_CLANG_REVISION=\"llvmorg-24-init-3796-g20e97c4b-2\" -DCOMPONENT_BUILD -D_LIBCPP_HARDENING_MODE=_LIBCPP_HARDENING_MODE_EXTENSIVE -D_LIBCPP_INSTRUMENTED_WITH_ASAN=0 -DCR_LIBCXX_REVISION=97b436da4c33663581d394f4ee0a5977fc38c2f4 -DDCHECK_ALWAYS_ON=1 -DNDEBUG -DNVALGRIND -DDYNAMIC_ANNOTATIONS_ENABLED=0 -DTOOLKIT_VIEWS=1 -DSK_ENABLE_SKSL -DSK_UNTIL_CRBUG_1187654_IS_FIXED -DSK_USER_CONFIG_HEADER=\"../../skia/config/SkUserConfig.h\" -DSK_USE_PARTITION_ALLOC -DSK_WIN_FONTMGR_NO_SIMULATIONS -DSK_ENABLE_LEGACY_SHADERCONTEXT -DSK_LEGACY_DESERIAL_IMAGE_PROC -DSK_CODEC_DECODES_PNG -DSK_CODEC_DECODES_PNG_WITH_RUST -DSK_CODEC_ENCODES_PNG -DSK_CODEC_ENCODES_PNG_WITH_RUST -DSK_CODEC_DECODES_BMP_WITH_RUST -DSK_CODEC_DECODES_ICO_WITH_RUST -DSK_CODEC_COLOR_PROFILE_PARSE_WITH_RUST -DSK_EXIF_PARSE_WITH_RUST -DSK_ENABLE_AVX512_OPTS -DSK_CODEC_DECODES_JPEG -DSK_CODEC_ENCODES_JPEG -DSKIA_DLL -DSK_BUILD_FOR_MAC -DSK_GAMMA_SRGB -DSK_GAMMA_CONTRAST=0.0 -DSK_GANESH -DSK_GPU_WORKAROUNDS_HEADER=\"gpu/config/gpu_driver_bug_workaround_autogen.h\" -DSK_GL -DSK_GRAPHITE -DSK_DAWN -DSKCMS_DLL=1 -DCHROMIUM -DLIBYUV_DISABLE_SME -DLIBYUV_DISABLE_LSX -DLIBYUV_DISABLE_LASX -DON_FOCUS_PING_ENABLED -DABSL_CONSUME_DLL -DABSL_FLAGS_STRIP_NAMES=0 -DBORINGSSL_SHARED_LIBRARY -DWGPU_SHARED_LIBRARY -DSKCMS_IMPLEMENTATION=1 -DU_USING_ICU_NAMESPACE=0 -DU_ENABLE_DYLOAD=0 -DUSE_CHROMIUM_ICU=1 -DU_ENABLE_TRACING=1 -DU_ENABLE_RESOURCE_TRACING=0 -DICU_UTIL_DATA_IMPL=ICU_UTIL_DATA_FILE -DGOOGLE_PROTOBUF_NO_RTTI -DPROTOBUF_INTERNAL_BOUNDS_CHECK_MODE_ABORT -DHAVE_PTHREAD -DPROTOBUF_USE_DLLS -DPROTOBUF_ENABLE_DEBUG_LOGGING_MAY_LEAK_PII=0 -DWEBRTC_ENABLE_SYMBOL_EXPORT -DWEBRTC_ENABLE_AVX2 -DWEBRTC_DEPRECATE_PLAN_B -DWEBRTC_CHROMIUM_BUILD -DWEBRTC_POSIX -DWEBRTC_MAC -DABSL_ALLOCATOR_NOTHROW=1 -DLOGGING_INSIDE_WEBRTC -DLEVELDB_PLATFORM_CHROMIUM=1 -DLEVELDB_SHARED_LIBRARY -DCRASHPAD_ZLIB_SOURCE_EXTERNAL -DV8_USE_EXTERNAL_STARTUP_DATA -DUSING_V8_SHARED -DUSING_V8_SHARED_PRIVATE -DV8_ARRAY_BUFFER_INTERNAL_FIELD_COUNT=0 -DV8_ARRAY_BUFFER_VIEW_INTERNAL_FIELD_COUNT=0 -DV8_PROMISE_INTERNAL_FIELD_COUNT=0 -DV8_USE_DEFAULT_HASHER_SECRET=true -DV8_ENABLE_MEMORY_ACCOUNTING_CHECKS -DV8_COMPRESS_POINTERS -DV8_COMPRESS_POINTERS_IN_SHARED_CAGE -DV8_31BIT_SMIS_ON_64BIT_ARCH -DV8_ENABLE_SANDBOX -DV8_DEPRECATION_WARNINGS -DV8_DISALLOW_JS_IN_API_INTERRUPTS_IS_CHECKED -DV8_USE_PERFETTO -DV8_USE_PERFETTO_JSON_EXPORT -DV8_CPPGC_MICROTASK_QUEUE -DV8_HAVE_TARGET_OS -DV8_TARGET_OS_MACOS -DV8_TARGET_ARCH_ARM64 -DCPPGC_ENABLE_API_CHECKS -DCPPGC_SUPPORTS_OBJECT_NAMES -DCPPGC_CAGED_HEAP -DCPPGC_YOUNG_GENERATION -DCPPGC_POINTER_COMPRESSION -DCPPGC_ENABLE_LARGER_CAGE -DCPPGC_SLIM_WRITE_BARRIER -DFLATBUFFERS_LOCALE_INDEPENDENT=0 -DTFL_STATIC_LIBRARY_BUILD -DTF_MAJOR_VERSION=2 -DTF_MINOR_VERSION=22 -DTF_PATCH_VERSION=0 -DTF_VERSION_SUFFIX= -DEIGEN_MPL2_ONLY -DEIGEN_MAX_ALIGN_BYTES=64 -DEIGEN_HAS_TYPE_TRAITS=0 -DI18N_ADDRESS_VALIDATION_DATA_URL=\"https://chromium-i18n.appspot.com/ssl-aggregate-address/\" -DUSE_LIBCXX_MODULES -I../.. -Igen -I../../buildtools/third_party/libc++ -I../../third_party/perfetto/include -Igen/third_party/perfetto/build_config -Igen/third_party/perfetto -I../../third_party/skia -Igen/third_party/skia -I../../third_party/wuffs/src/release/c -Igen/third_party/dawn/include -I../../third_party/dawn/include -I../../net/third_party/quiche/overrides -I../../net/third_party/quiche/src/quiche/common/platform/default -I../../net/third_party/quiche/src -I../../third_party/khronos -I../../gpu -I../../third_party/libyuv/include -Igen/third_party/private_membership/src -Igen/third_party/shell-encryption/src -Igen/components/policy/proto -I../../base/allocator/partition_allocator/src -Igen/base/allocator/partition_allocator/src -I../../third_party/abseil-cpp -I../../third_party/boringssl/src/include -I../../third_party/protobuf/src -I../../third_party/ipcz/include -I../../third_party/icu/source/common -I../../third_party/icu/source/i18n -I../../third_party/ced/src -Igen/net/third_party/quiche/src -I../../third_party/re2/src -I../../third_party/webrtc_overrides -I../../third_party/webrtc -Igen/third_party/webrtc -I../../third_party/libwebm/source -I../../third_party/angle/include -I../../third_party/leveldatabase -I../../third_party/leveldatabase/src -I../../third_party/leveldatabase/src/include -I../../third_party/crashpad/crashpad -I../../third_party/crashpad/crashpad/compat/mac -I../../third_party/crashpad/crashpad/compat/non_win -I../../third_party/zlib -I../../third_party/libaom/source/libaom -I../../third_party/libaom/source/config/linux/arm64-cpu-detect -I../../v8/include -I../../third_party/flatbuffers/src/include -I../../third_party/flatbuffers/src/src -I../../third_party/flatbuffers/src -I../../third_party/flatbuffers/generated -Igen/components/reporting/proto/synced -Igen/components/optimization_guide/proto/features -Igen/third_party/omnibox_proto -Igen/third_party/metrics_proto -I../../third_party/ml_dtypes/src -I../../third_party/ml_dtypes/src/ml_dtypes -Igen/third_party/tflite/src -I../../third_party/tflite/shims -I../../third_party/tflite/src -I../../third_party/tflite/src/third_party/xla -I../../third_party/tflite/src/third_party/xla/third_party/tsl -I../../third_party/pthreadpool/src/include -I../../third_party/eigen3/src -I../../third_party/neon_2_sse/src -I../../third_party/ruy/src -I../../third_party/fp16/src/include -I../../third_party/tflite_support/src -I../../third_party/tflite_support/src/tensorflow_lite_support -Igen/third_party/tflite_support/src -I../../third_party/libaddressinput/src/cpp/include -Igen/third_party/content_analysis_sdk/src/proto -Wall -Wextra -Wimplicit-fallthrough -Wextra-semi -Wunreachable-code-aggressive -Wgnu -Wno-gnu-anonymous-struct -Wno-gnu-conditional-omitted-operand -Wno-gnu-include-next -Wno-gnu-label-as-value -Wno-gnu-redeclared-enum -Wno-gnu-statement-expression -Wno-gnu-zero-variadic-macro-arguments -Wno-zero-length-array -Wthread-safety -Wno-unused-template -Wunguarded-availability -Wno-missing-field-initializers -Wno-unused-parameter -Wno-psabi -Wno-stringop-overread -Wloop-analysis -Wno-unneeded-internal-declaration -Wno-cast-function-type -Wno-thread-safety-reference-return -Wno-nontrivial-memcall -Wno-uninitialized-const-pointer -Wno-unused-but-set-global -Wexit-time-destructors -Wshadow -Werror -Werror=\#pragma-messages -fno-delete-null-pointer-checks -fno-strict-overflow -fno-ident -fno-math-errno -fno-strict-aliasing -fstack-protector -fcolor-diagnostics -fdiagnostics-show-inlining-chain -fmerge-all-constants -fcrash-diagnostics-dir=../clang-crashreports -fno-lifetime-dse -mllvm -instcombine-lower-dbg-declare=0 -mllvm -split-threshold-for-reg-with-hint=0 -ffp-contract=off -fcomplete-member-pointers --target=arm64-apple-macos -mno-outline -Wno-builtin-macro-redefined -D__DATE__= -D__TIME__= -D__TIMESTAMP__= -ffile-compilation-dir=. -no-canonical-prefixes -Xclang -fmodule-file-home-is-cwd -Xclang -fmodules-cache-path=/not_exist_dummy_dir --warning-suppression-mappings=../../build/config/warning_suppression.txt -ftrivial-auto-var-init=pattern -O2 -fno-omit-frame-pointer -gdwarf-4 -g1 -gdwarf-aranges -isysroot sdk/xcode_links/MacOSX26.5.sdk -mmacos-version-min=13.0 -fsanitize=array-bounds -fsanitize-trap=array-bounds -fsanitize-ignore-for-ubsan-feature=array-bounds -Wno-unsafe-buffer-usage-in-static-sized-array -fsanitize=return -fsanitize-trap=return -fsanitize-ignore-for-ubsan-feature=return -fvisibility=hidden -Wheader-hygiene -Wstring-conversion -Wtautological-overlap-compare -Xclang -add-plugin -Xclang find-bad-constructs -Xclang -plugin-arg-find-bad-constructs -Xclang check-stack-allocated -Xclang -plugin-arg-find-bad-constructs -Xclang relax-ctor-checks-for-aggregates -Xclang -add-plugin -Xclang raw-ptr-plugin -Xclang -plugin-arg-raw-ptr-plugin -Xclang check-raw-ptr-to-stack-allocated -Xclang -plugin-arg-raw-ptr-plugin -Xclang disable-check-raw-ptr-to-stack-allocated-error -Xclang -plugin-arg-raw-ptr-plugin -Xclang raw-ptr-exclude-path=../../third_party/dawn/ -Xclang -plugin-arg-raw-ptr-plugin -Xclang raw-ptr-exclude-path=../../build/config/clang/chrome/test/fuzzing/webidl_fuzzing/ -Xclang -plugin-arg-raw-ptr-plugin -Xclang check-raw-ptr-fields -Xclang -plugin-arg-raw-ptr-plugin -Xclang check-span-fields -Xclang -plugin-arg-raw-ptr-plugin -Xclang check-raw-ref-fields -Xclang -plugin-arg-raw-ptr-plugin -Xclang no-special-treatment-for-oilpanized-paths -DUNSAFE_BUFFERS_BUILD -Wunsafe-buffer-usage -Wno-error=unsafe-buffer-usage -Xclang -add-plugin -Xclang unsafe-buffers -Xclang -plugin-arg-unsafe-buffers -Xclang ../../build/config/unsafe_buffers_paths.txt -Wno-invalid-offsetof -Wenum-compare-conditional -Wno-nullability-completeness -Wunique-object-duplication -std=c++23 -Wno-trigraphs -fno-exceptions -fno-rtti -nostdinc++ -isystem../../third_party/libc++/src/include -isystem../../third_party/libc++abi/src/include -fvisibility-inlines-hidden -fmodules -fno-implicit-module-maps -fno-implicit-modules -Xclang -fmodules-local-submodule-visibility -Wno-modules-ambiguous-internal-linkage -Wno-modules-import-nested-redundant -Xclang -fmodules-disable-diagnostic-validation -Wno-module-import-in-extern-c -fmodule-map-file=gen/build/modules/module.modulemap -fmodule-file=//build/modules:system=obj/build/modules/system/module.pcm -fmodule-name="//ahoi/browser/ui/sidebar:browser_sidebar_Private" -c ../../ahoi/browser/ui/sidebar/browser_sidebar_host_workspace_dialog.cc -o obj/ahoi/browser/ui/sidebar/browser_sidebar/browser_sidebar_host_workspace_dialog.o
In file included from ../../ahoi/browser/ui/sidebar/browser_sidebar_host_workspace_dialog.cc:19:
../../ahoi/browser/ui/sidebar/browser_sidebar_host_view.h:656:50: error: non-virtual member function marked 'override' hides virtual member function
  656 |                       TabChangeType change_type) override;
      |                                                  ^
../../chrome/browser/ui/tabs/tab_strip_model_observer.h:546:16: note: hidden overloaded virtual function 'TabStripModelObserver::OnTabChangedAt' declared here: different number of parameters (2 vs 3)
  546 |   virtual void OnTabChangedAt(tabs::TabInterface* tab,
      |                ^
1 error generated.
[459/3860] CXX obj/ahoi/browser/ui/sidebar/browser_sidebar/sidebar_action_views.o
[460/3860] CXX obj/ahoi/browser/ui/sidebar/browser_sidebar/sidebar_bookmark_button.o
[461/3860] CXX obj/ahoi/browser/ui/sidebar/browser_sidebar/browser_sidebar_host_workspace_transition.o
FAILED: obj/ahoi/browser/ui/sidebar/browser_sidebar/browser_sidebar_host_workspace_transition.o 
../../third_party/llvm-build/Release+Asserts/bin/clang++ -MMD -MF obj/ahoi/browser/ui/sidebar/browser_sidebar/browser_sidebar_host_workspace_transition.o.d -D__STDC_CONSTANT_MACROS -D__STDC_FORMAT_MACROS -D_FORTIFY_SOURCE=3 -D__ARM_NEON__=1 -DCR_XCODE_BUILD=17F42 -DCR_CLANG_REVISION=\"llvmorg-24-init-3796-g20e97c4b-2\" -DCOMPONENT_BUILD -D_LIBCPP_HARDENING_MODE=_LIBCPP_HARDENING_MODE_EXTENSIVE -D_LIBCPP_INSTRUMENTED_WITH_ASAN=0 -DCR_LIBCXX_REVISION=97b436da4c33663581d394f4ee0a5977fc38c2f4 -DDCHECK_ALWAYS_ON=1 -DNDEBUG -DNVALGRIND -DDYNAMIC_ANNOTATIONS_ENABLED=0 -DTOOLKIT_VIEWS=1 -DSK_ENABLE_SKSL -DSK_UNTIL_CRBUG_1187654_IS_FIXED -DSK_USER_CONFIG_HEADER=\"../../skia/config/SkUserConfig.h\" -DSK_USE_PARTITION_ALLOC -DSK_WIN_FONTMGR_NO_SIMULATIONS -DSK_ENABLE_LEGACY_SHADERCONTEXT -DSK_LEGACY_DESERIAL_IMAGE_PROC -DSK_CODEC_DECODES_PNG -DSK_CODEC_DECODES_PNG_WITH_RUST -DSK_CODEC_ENCODES_PNG -DSK_CODEC_ENCODES_PNG_WITH_RUST -DSK_CODEC_DECODES_BMP_WITH_RUST -DSK_CODEC_DECODES_ICO_WITH_RUST -DSK_CODEC_COLOR_PROFILE_PARSE_WITH_RUST -DSK_EXIF_PARSE_WITH_RUST -DSK_ENABLE_AVX512_OPTS -DSK_CODEC_DECODES_JPEG -DSK_CODEC_ENCODES_JPEG -DSKIA_DLL -DSK_BUILD_FOR_MAC -DSK_GAMMA_SRGB -DSK_GAMMA_CONTRAST=0.0 -DSK_GANESH -DSK_GPU_WORKAROUNDS_HEADER=\"gpu/config/gpu_driver_bug_workaround_autogen.h\" -DSK_GL -DSK_GRAPHITE -DSK_DAWN -DSKCMS_DLL=1 -DCHROMIUM -DLIBYUV_DISABLE_SME -DLIBYUV_DISABLE_LSX -DLIBYUV_DISABLE_LASX -DON_FOCUS_PING_ENABLED -DABSL_CONSUME_DLL -DABSL_FLAGS_STRIP_NAMES=0 -DBORINGSSL_SHARED_LIBRARY -DWGPU_SHARED_LIBRARY -DSKCMS_IMPLEMENTATION=1 -DU_USING_ICU_NAMESPACE=0 -DU_ENABLE_DYLOAD=0 -DUSE_CHROMIUM_ICU=1 -DU_ENABLE_TRACING=1 -DU_ENABLE_RESOURCE_TRACING=0 -DICU_UTIL_DATA_IMPL=ICU_UTIL_DATA_FILE -DGOOGLE_PROTOBUF_NO_RTTI -DPROTOBUF_INTERNAL_BOUNDS_CHECK_MODE_ABORT -DHAVE_PTHREAD -DPROTOBUF_USE_DLLS -DPROTOBUF_ENABLE_DEBUG_LOGGING_MAY_LEAK_PII=0 -DWEBRTC_ENABLE_SYMBOL_EXPORT -DWEBRTC_ENABLE_AVX2 -DWEBRTC_DEPRECATE_PLAN_B -DWEBRTC_CHROMIUM_BUILD -DWEBRTC_POSIX -DWEBRTC_MAC -DABSL_ALLOCATOR_NOTHROW=1 -DLOGGING_INSIDE_WEBRTC -DLEVELDB_PLATFORM_CHROMIUM=1 -DLEVELDB_SHARED_LIBRARY -DCRASHPAD_ZLIB_SOURCE_EXTERNAL -DV8_USE_EXTERNAL_STARTUP_DATA -DUSING_V8_SHARED -DUSING_V8_SHARED_PRIVATE -DV8_ARRAY_BUFFER_INTERNAL_FIELD_COUNT=0 -DV8_ARRAY_BUFFER_VIEW_INTERNAL_FIELD_COUNT=0 -DV8_PROMISE_INTERNAL_FIELD_COUNT=0 -DV8_USE_DEFAULT_HASHER_SECRET=true -DV8_ENABLE_MEMORY_ACCOUNTING_CHECKS -DV8_COMPRESS_POINTERS -DV8_COMPRESS_POINTERS_IN_SHARED_CAGE -DV8_31BIT_SMIS_ON_64BIT_ARCH -DV8_ENABLE_SANDBOX -DV8_DEPRECATION_WARNINGS -DV8_DISALLOW_JS_IN_API_INTERRUPTS_IS_CHECKED -DV8_USE_PERFETTO -DV8_USE_PERFETTO_JSON_EXPORT -DV8_CPPGC_MICROTASK_QUEUE -DV8_HAVE_TARGET_OS -DV8_TARGET_OS_MACOS -DV8_TARGET_ARCH_ARM64 -DCPPGC_ENABLE_API_CHECKS -DCPPGC_SUPPORTS_OBJECT_NAMES -DCPPGC_CAGED_HEAP -DCPPGC_YOUNG_GENERATION -DCPPGC_POINTER_COMPRESSION -DCPPGC_ENABLE_LARGER_CAGE -DCPPGC_SLIM_WRITE_BARRIER -DFLATBUFFERS_LOCALE_INDEPENDENT=0 -DTFL_STATIC_LIBRARY_BUILD -DTF_MAJOR_VERSION=2 -DTF_MINOR_VERSION=22 -DTF_PATCH_VERSION=0 -DTF_VERSION_SUFFIX= -DEIGEN_MPL2_ONLY -DEIGEN_MAX_ALIGN_BYTES=64 -DEIGEN_HAS_TYPE_TRAITS=0 -DI18N_ADDRESS_VALIDATION_DATA_URL=\"https://chromium-i18n.appspot.com/ssl-aggregate-address/\" -DUSE_LIBCXX_MODULES -I../.. -Igen -I../../buildtools/third_party/libc++ -I../../third_party/perfetto/include -Igen/third_party/perfetto/build_config -Igen/third_party/perfetto -I../../third_party/skia -Igen/third_party/skia -I../../third_party/wuffs/src/release/c -Igen/third_party/dawn/include -I../../third_party/dawn/include -I../../net/third_party/quiche/overrides -I../../net/third_party/quiche/src/quiche/common/platform/default -I../../net/third_party/quiche/src -I../../third_party/khronos -I../../gpu -I../../third_party/libyuv/include -Igen/third_party/private_membership/src -Igen/third_party/shell-encryption/src -Igen/components/policy/proto -I../../base/allocator/partition_allocator/src -Igen/base/allocator/partition_allocator/src -I../../third_party/abseil-cpp -I../../third_party/boringssl/src/include -I../../third_party/protobuf/src -I../../third_party/ipcz/include -I../../third_party/icu/source/common -I../../third_party/icu/source/i18n -I../../third_party/ced/src -Igen/net/third_party/quiche/src -I../../third_party/re2/src -I../../third_party/webrtc_overrides -I../../third_party/webrtc -Igen/third_party/webrtc -I../../third_party/libwebm/source -I../../third_party/angle/include -I../../third_party/leveldatabase -I../../third_party/leveldatabase/src -I../../third_party/leveldatabase/src/include -I../../third_party/crashpad/crashpad -I../../third_party/crashpad/crashpad/compat/mac -I../../third_party/crashpad/crashpad/compat/non_win -I../../third_party/zlib -I../../third_party/libaom/source/libaom -I../../third_party/libaom/source/config/linux/arm64-cpu-detect -I../../v8/include -I../../third_party/flatbuffers/src/include -I../../third_party/flatbuffers/src/src -I../../third_party/flatbuffers/src -I../../third_party/flatbuffers/generated -Igen/components/reporting/proto/synced -Igen/components/optimization_guide/proto/features -Igen/third_party/omnibox_proto -Igen/third_party/metrics_proto -I../../third_party/ml_dtypes/src -I../../third_party/ml_dtypes/src/ml_dtypes -Igen/third_party/tflite/src -I../../third_party/tflite/shims -I../../third_party/tflite/src -I../../third_party/tflite/src/third_party/xla -I../../third_party/tflite/src/third_party/xla/third_party/tsl -I../../third_party/pthreadpool/src/include -I../../third_party/eigen3/src -I../../third_party/neon_2_sse/src -I../../third_party/ruy/src -I../../third_party/fp16/src/include -I../../third_party/tflite_support/src -I../../third_party/tflite_support/src/tensorflow_lite_support -Igen/third_party/tflite_support/src -I../../third_party/libaddressinput/src/cpp/include -Igen/third_party/content_analysis_sdk/src/proto -Wall -Wextra -Wimplicit-fallthrough -Wextra-semi -Wunreachable-code-aggressive -Wgnu -Wno-gnu-anonymous-struct -Wno-gnu-conditional-omitted-operand -Wno-gnu-include-next -Wno-gnu-label-as-value -Wno-gnu-redeclared-enum -Wno-gnu-statement-expression -Wno-gnu-zero-variadic-macro-arguments -Wno-zero-length-array -Wthread-safety -Wno-unused-template -Wunguarded-availability -Wno-missing-field-initializers -Wno-unused-parameter -Wno-psabi -Wno-stringop-overread -Wloop-analysis -Wno-unneeded-internal-declaration -Wno-cast-function-type -Wno-thread-safety-reference-return -Wno-nontrivial-memcall -Wno-uninitialized-const-pointer -Wno-unused-but-set-global -Wexit-time-destructors -Wshadow -Werror -Werror=\#pragma-messages -fno-delete-null-pointer-checks -fno-strict-overflow -fno-ident -fno-math-errno -fno-strict-aliasing -fstack-protector -fcolor-diagnostics -fdiagnostics-show-inlining-chain -fmerge-all-constants -fcrash-diagnostics-dir=../clang-crashreports -fno-lifetime-dse -mllvm -instcombine-lower-dbg-declare=0 -mllvm -split-threshold-for-reg-with-hint=0 -ffp-contract=off -fcomplete-member-pointers --target=arm64-apple-macos -mno-outline -Wno-builtin-macro-redefined -D__DATE__= -D__TIME__= -D__TIMESTAMP__= -ffile-compilation-dir=. -no-canonical-prefixes -Xclang -fmodule-file-home-is-cwd -Xclang -fmodules-cache-path=/not_exist_dummy_dir --warning-suppression-mappings=../../build/config/warning_suppression.txt -ftrivial-auto-var-init=pattern -O2 -fno-omit-frame-pointer -gdwarf-4 -g1 -gdwarf-aranges -isysroot sdk/xcode_links/MacOSX26.5.sdk -mmacos-version-min=13.0 -fsanitize=array-bounds -fsanitize-trap=array-bounds -fsanitize-ignore-for-ubsan-feature=array-bounds -Wno-unsafe-buffer-usage-in-static-sized-array -fsanitize=return -fsanitize-trap=return -fsanitize-ignore-for-ubsan-feature=return -fvisibility=hidden -Wheader-hygiene -Wstring-conversion -Wtautological-overlap-compare -Xclang -add-plugin -Xclang find-bad-constructs -Xclang -plugin-arg-find-bad-constructs -Xclang check-stack-allocated -Xclang -plugin-arg-find-bad-constructs -Xclang relax-ctor-checks-for-aggregates -Xclang -add-plugin -Xclang raw-ptr-plugin -Xclang -plugin-arg-raw-ptr-plugin -Xclang check-raw-ptr-to-stack-allocated -Xclang -plugin-arg-raw-ptr-plugin -Xclang disable-check-raw-ptr-to-stack-allocated-error -Xclang -plugin-arg-raw-ptr-plugin -Xclang raw-ptr-exclude-path=../../third_party/dawn/ -Xclang -plugin-arg-raw-ptr-plugin -Xclang raw-ptr-exclude-path=../../build/config/clang/chrome/test/fuzzing/webidl_fuzzing/ -Xclang -plugin-arg-raw-ptr-plugin -Xclang check-raw-ptr-fields -Xclang -plugin-arg-raw-ptr-plugin -Xclang check-span-fields -Xclang -plugin-arg-raw-ptr-plugin -Xclang check-raw-ref-fields -Xclang -plugin-arg-raw-ptr-plugin -Xclang no-special-treatment-for-oilpanized-paths -DUNSAFE_BUFFERS_BUILD -Wunsafe-buffer-usage -Wno-error=unsafe-buffer-usage -Xclang -add-plugin -Xclang unsafe-buffers -Xclang -plugin-arg-unsafe-buffers -Xclang ../../build/config/unsafe_buffers_paths.txt -Wno-invalid-offsetof -Wenum-compare-conditional -Wno-nullability-completeness -Wunique-object-duplication -std=c++23 -Wno-trigraphs -fno-exceptions -fno-rtti -nostdinc++ -isystem../../third_party/libc++/src/include -isystem../../third_party/libc++abi/src/include -fvisibility-inlines-hidden -fmodules -fno-implicit-module-maps -fno-implicit-modules -Xclang -fmodules-local-submodule-visibility -Wno-modules-ambiguous-internal-linkage -Wno-modules-import-nested-redundant -Xclang -fmodules-disable-diagnostic-validation -Wno-module-import-in-extern-c -fmodule-map-file=gen/build/modules/module.modulemap -fmodule-file=//build/modules:system=obj/build/modules/system/module.pcm -fmodule-name="//ahoi/browser/ui/sidebar:browser_sidebar_Private" -c ../../ahoi/browser/ui/sidebar/browser_sidebar_host_workspace_transition.cc -o obj/ahoi/browser/ui/sidebar/browser_sidebar/browser_sidebar_host_workspace_transition.o
In file included from ../../ahoi/browser/ui/sidebar/browser_sidebar_host_workspace_transition.cc:9:
../../ahoi/browser/ui/sidebar/browser_sidebar_host_view.h:656:50: error: non-virtual member function marked 'override' hides virtual member function
  656 |                       TabChangeType change_type) override;
      |                                                  ^
../../chrome/browser/ui/tabs/tab_strip_model_observer.h:546:16: note: hidden overloaded virtual function 'TabStripModelObserver::OnTabChangedAt' declared here: different number of parameters (2 vs 3)
  546 |   virtual void OnTabChangedAt(tabs::TabInterface* tab,
      |                ^
../../ahoi/browser/ui/sidebar/browser_sidebar_host_workspace_transition.cc:97:43: error: no member named 'GetBrowserView' in 'Browser'
   97 |   views::View* const contents = browser_->GetBrowserView().contents_container();
      |                                 ~~~~~~~~~~^
2 errors generated.
[462/3860] CXX obj/ahoi/browser/ui/sidebar/browser_sidebar/sidebar_bookmark_menu.o
FAILED: obj/ahoi/browser/ui/sidebar/browser_sidebar/sidebar_bookmark_menu.o 
../../third_party/llvm-build/Release+Asserts/bin/clang++ -MMD -MF obj/ahoi/browser/ui/sidebar/browser_sidebar/sidebar_bookmark_menu.o.d -D__STDC_CONSTANT_MACROS -D__STDC_FORMAT_MACROS -D_FORTIFY_SOURCE=3 -D__ARM_NEON__=1 -DCR_XCODE_BUILD=17F42 -DCR_CLANG_REVISION=\"llvmorg-24-init-3796-g20e97c4b-2\" -DCOMPONENT_BUILD -D_LIBCPP_HARDENING_MODE=_LIBCPP_HARDENING_MODE_EXTENSIVE -D_LIBCPP_INSTRUMENTED_WITH_ASAN=0 -DCR_LIBCXX_REVISION=97b436da4c33663581d394f4ee0a5977fc38c2f4 -DDCHECK_ALWAYS_ON=1 -DNDEBUG -DNVALGRIND -DDYNAMIC_ANNOTATIONS_ENABLED=0 -DTOOLKIT_VIEWS=1 -DSK_ENABLE_SKSL -DSK_UNTIL_CRBUG_1187654_IS_FIXED -DSK_USER_CONFIG_HEADER=\"../../skia/config/SkUserConfig.h\" -DSK_USE_PARTITION_ALLOC -DSK_WIN_FONTMGR_NO_SIMULATIONS -DSK_ENABLE_LEGACY_SHADERCONTEXT -DSK_LEGACY_DESERIAL_IMAGE_PROC -DSK_CODEC_DECODES_PNG -DSK_CODEC_DECODES_PNG_WITH_RUST -DSK_CODEC_ENCODES_PNG -DSK_CODEC_ENCODES_PNG_WITH_RUST -DSK_CODEC_DECODES_BMP_WITH_RUST -DSK_CODEC_DECODES_ICO_WITH_RUST -DSK_CODEC_COLOR_PROFILE_PARSE_WITH_RUST -DSK_EXIF_PARSE_WITH_RUST -DSK_ENABLE_AVX512_OPTS -DSK_CODEC_DECODES_JPEG -DSK_CODEC_ENCODES_JPEG -DSKIA_DLL -DSK_BUILD_FOR_MAC -DSK_GAMMA_SRGB -DSK_GAMMA_CONTRAST=0.0 -DSK_GANESH -DSK_GPU_WORKAROUNDS_HEADER=\"gpu/config/gpu_driver_bug_workaround_autogen.h\" -DSK_GL -DSK_GRAPHITE -DSK_DAWN -DSKCMS_DLL=1 -DCHROMIUM -DLIBYUV_DISABLE_SME -DLIBYUV_DISABLE_LSX -DLIBYUV_DISABLE_LASX -DON_FOCUS_PING_ENABLED -DABSL_CONSUME_DLL -DABSL_FLAGS_STRIP_NAMES=0 -DBORINGSSL_SHARED_LIBRARY -DWGPU_SHARED_LIBRARY -DSKCMS_IMPLEMENTATION=1 -DU_USING_ICU_NAMESPACE=0 -DU_ENABLE_DYLOAD=0 -DUSE_CHROMIUM_ICU=1 -DU_ENABLE_TRACING=1 -DU_ENABLE_RESOURCE_TRACING=0 -DICU_UTIL_DATA_IMPL=ICU_UTIL_DATA_FILE -DGOOGLE_PROTOBUF_NO_RTTI -DPROTOBUF_INTERNAL_BOUNDS_CHECK_MODE_ABORT -DHAVE_PTHREAD -DPROTOBUF_USE_DLLS -DPROTOBUF_ENABLE_DEBUG_LOGGING_MAY_LEAK_PII=0 -DWEBRTC_ENABLE_SYMBOL_EXPORT -DWEBRTC_ENABLE_AVX2 -DWEBRTC_DEPRECATE_PLAN_B -DWEBRTC_CHROMIUM_BUILD -DWEBRTC_POSIX -DWEBRTC_MAC -DABSL_ALLOCATOR_NOTHROW=1 -DLOGGING_INSIDE_WEBRTC -DLEVELDB_PLATFORM_CHROMIUM=1 -DLEVELDB_SHARED_LIBRARY -DCRASHPAD_ZLIB_SOURCE_EXTERNAL -DV8_USE_EXTERNAL_STARTUP_DATA -DUSING_V8_SHARED -DUSING_V8_SHARED_PRIVATE -DV8_ARRAY_BUFFER_INTERNAL_FIELD_COUNT=0 -DV8_ARRAY_BUFFER_VIEW_INTERNAL_FIELD_COUNT=0 -DV8_PROMISE_INTERNAL_FIELD_COUNT=0 -DV8_USE_DEFAULT_HASHER_SECRET=true -DV8_ENABLE_MEMORY_ACCOUNTING_CHECKS -DV8_COMPRESS_POINTERS -DV8_COMPRESS_POINTERS_IN_SHARED_CAGE -DV8_31BIT_SMIS_ON_64BIT_ARCH -DV8_ENABLE_SANDBOX -DV8_DEPRECATION_WARNINGS -DV8_DISALLOW_JS_IN_API_INTERRUPTS_IS_CHECKED -DV8_USE_PERFETTO -DV8_USE_PERFETTO_JSON_EXPORT -DV8_CPPGC_MICROTASK_QUEUE -DV8_HAVE_TARGET_OS -DV8_TARGET_OS_MACOS -DV8_TARGET_ARCH_ARM64 -DCPPGC_ENABLE_API_CHECKS -DCPPGC_SUPPORTS_OBJECT_NAMES -DCPPGC_CAGED_HEAP -DCPPGC_YOUNG_GENERATION -DCPPGC_POINTER_COMPRESSION -DCPPGC_ENABLE_LARGER_CAGE -DCPPGC_SLIM_WRITE_BARRIER -DFLATBUFFERS_LOCALE_INDEPENDENT=0 -DTFL_STATIC_LIBRARY_BUILD -DTF_MAJOR_VERSION=2 -DTF_MINOR_VERSION=22 -DTF_PATCH_VERSION=0 -DTF_VERSION_SUFFIX= -DEIGEN_MPL2_ONLY -DEIGEN_MAX_ALIGN_BYTES=64 -DEIGEN_HAS_TYPE_TRAITS=0 -DI18N_ADDRESS_VALIDATION_DATA_URL=\"https://chromium-i18n.appspot.com/ssl-aggregate-address/\" -DUSE_LIBCXX_MODULES -I../.. -Igen -I../../buildtools/third_party/libc++ -I../../third_party/perfetto/include -Igen/third_party/perfetto/build_config -Igen/third_party/perfetto -I../../third_party/skia -Igen/third_party/skia -I../../third_party/wuffs/src/release/c -Igen/third_party/dawn/include -I../../third_party/dawn/include -I../../net/third_party/quiche/overrides -I../../net/third_party/quiche/src/quiche/common/platform/default -I../../net/third_party/quiche/src -I../../third_party/khronos -I../../gpu -I../../third_party/libyuv/include -Igen/third_party/private_membership/src -Igen/third_party/shell-encryption/src -Igen/components/policy/proto -I../../base/allocator/partition_allocator/src -Igen/base/allocator/partition_allocator/src -I../../third_party/abseil-cpp -I../../third_party/boringssl/src/include -I../../third_party/protobuf/src -I../../third_party/ipcz/include -I../../third_party/icu/source/common -I../../third_party/icu/source/i18n -I../../third_party/ced/src -Igen/net/third_party/quiche/src -I../../third_party/re2/src -I../../third_party/webrtc_overrides -I../../third_party/webrtc -Igen/third_party/webrtc -I../../third_party/libwebm/source -I../../third_party/angle/include -I../../third_party/leveldatabase -I../../third_party/leveldatabase/src -I../../third_party/leveldatabase/src/include -I../../third_party/crashpad/crashpad -I../../third_party/crashpad/crashpad/compat/mac -I../../third_party/crashpad/crashpad/compat/non_win -I../../third_party/zlib -I../../third_party/libaom/source/libaom -I../../third_party/libaom/source/config/linux/arm64-cpu-detect -I../../v8/include -I../../third_party/flatbuffers/src/include -I../../third_party/flatbuffers/src/src -I../../third_party/flatbuffers/src -I../../third_party/flatbuffers/generated -Igen/components/reporting/proto/synced -Igen/components/optimization_guide/proto/features -Igen/third_party/omnibox_proto -Igen/third_party/metrics_proto -I../../third_party/ml_dtypes/src -I../../third_party/ml_dtypes/src/ml_dtypes -Igen/third_party/tflite/src -I../../third_party/tflite/shims -I../../third_party/tflite/src -I../../third_party/tflite/src/third_party/xla -I../../third_party/tflite/src/third_party/xla/third_party/tsl -I../../third_party/pthreadpool/src/include -I../../third_party/eigen3/src -I../../third_party/neon_2_sse/src -I../../third_party/ruy/src -I../../third_party/fp16/src/include -I../../third_party/tflite_support/src -I../../third_party/tflite_support/src/tensorflow_lite_support -Igen/third_party/tflite_support/src -I../../third_party/libaddressinput/src/cpp/include -Igen/third_party/content_analysis_sdk/src/proto -Wall -Wextra -Wimplicit-fallthrough -Wextra-semi -Wunreachable-code-aggressive -Wgnu -Wno-gnu-anonymous-struct -Wno-gnu-conditional-omitted-operand -Wno-gnu-include-next -Wno-gnu-label-as-value -Wno-gnu-redeclared-enum -Wno-gnu-statement-expression -Wno-gnu-zero-variadic-macro-arguments -Wno-zero-length-array -Wthread-safety -Wno-unused-template -Wunguarded-availability -Wno-missing-field-initializers -Wno-unused-parameter -Wno-psabi -Wno-stringop-overread -Wloop-analysis -Wno-unneeded-internal-declaration -Wno-cast-function-type -Wno-thread-safety-reference-return -Wno-nontrivial-memcall -Wno-uninitialized-const-pointer -Wno-unused-but-set-global -Wexit-time-destructors -Wshadow -Werror -Werror=\#pragma-messages -fno-delete-null-pointer-checks -fno-strict-overflow -fno-ident -fno-math-errno -fno-strict-aliasing -fstack-protector -fcolor-diagnostics -fdiagnostics-show-inlining-chain -fmerge-all-constants -fcrash-diagnostics-dir=../clang-crashreports -fno-lifetime-dse -mllvm -instcombine-lower-dbg-declare=0 -mllvm -split-threshold-for-reg-with-hint=0 -ffp-contract=off -fcomplete-member-pointers --target=arm64-apple-macos -mno-outline -Wno-builtin-macro-redefined -D__DATE__= -D__TIME__= -D__TIMESTAMP__= -ffile-compilation-dir=. -no-canonical-prefixes -Xclang -fmodule-file-home-is-cwd -Xclang -fmodules-cache-path=/not_exist_dummy_dir --warning-suppression-mappings=../../build/config/warning_suppression.txt -ftrivial-auto-var-init=pattern -O2 -fno-omit-frame-pointer -gdwarf-4 -g1 -gdwarf-aranges -isysroot sdk/xcode_links/MacOSX26.5.sdk -mmacos-version-min=13.0 -fsanitize=array-bounds -fsanitize-trap=array-bounds -fsanitize-ignore-for-ubsan-feature=array-bounds -Wno-unsafe-buffer-usage-in-static-sized-array -fsanitize=return -fsanitize-trap=return -fsanitize-ignore-for-ubsan-feature=return -fvisibility=hidden -Wheader-hygiene -Wstring-conversion -Wtautological-overlap-compare -Xclang -add-plugin -Xclang find-bad-constructs -Xclang -plugin-arg-find-bad-constructs -Xclang check-stack-allocated -Xclang -plugin-arg-find-bad-constructs -Xclang relax-ctor-checks-for-aggregates -Xclang -add-plugin -Xclang raw-ptr-plugin -Xclang -plugin-arg-raw-ptr-plugin -Xclang check-raw-ptr-to-stack-allocated -Xclang -plugin-arg-raw-ptr-plugin -Xclang disable-check-raw-ptr-to-stack-allocated-error -Xclang -plugin-arg-raw-ptr-plugin -Xclang raw-ptr-exclude-path=../../third_party/dawn/ -Xclang -plugin-arg-raw-ptr-plugin -Xclang raw-ptr-exclude-path=../../build/config/clang/chrome/test/fuzzing/webidl_fuzzing/ -Xclang -plugin-arg-raw-ptr-plugin -Xclang check-raw-ptr-fields -Xclang -plugin-arg-raw-ptr-plugin -Xclang check-span-fields -Xclang -plugin-arg-raw-ptr-plugin -Xclang check-raw-ref-fields -Xclang -plugin-arg-raw-ptr-plugin -Xclang no-special-treatment-for-oilpanized-paths -DUNSAFE_BUFFERS_BUILD -Wunsafe-buffer-usage -Wno-error=unsafe-buffer-usage -Xclang -add-plugin -Xclang unsafe-buffers -Xclang -plugin-arg-unsafe-buffers -Xclang ../../build/config/unsafe_buffers_paths.txt -Wno-invalid-offsetof -Wenum-compare-conditional -Wno-nullability-completeness -Wunique-object-duplication -std=c++23 -Wno-trigraphs -fno-exceptions -fno-rtti -nostdinc++ -isystem../../third_party/libc++/src/include -isystem../../third_party/libc++abi/src/include -fvisibility-inlines-hidden -fmodules -fno-implicit-module-maps -fno-implicit-modules -Xclang -fmodules-local-submodule-visibility -Wno-modules-ambiguous-internal-linkage -Wno-modules-import-nested-redundant -Xclang -fmodules-disable-diagnostic-validation -Wno-module-import-in-extern-c -fmodule-map-file=gen/build/modules/module.modulemap -fmodule-file=//build/modules:system=obj/build/modules/system/module.pcm -fmodule-name="//ahoi/browser/ui/sidebar:browser_sidebar_Private" -c ../../ahoi/browser/ui/sidebar/sidebar_bookmark_menu.cc -o obj/ahoi/browser/ui/sidebar/browser_sidebar/sidebar_bookmark_menu.o
In module '//build/modules:system' imported from ../../ahoi/browser/ui/sidebar/sidebar_bookmark_menu.h:7:
../../third_party/libc++/src/include/__memory/unique_ptr.h:708:30: error: no matching constructor for initialization of 'BookmarkMenuDelegate'
  708 |   return unique_ptr<_Tp>(new _Tp(std::forward<_Args>(__args)...));
      |                              ^   ~~~~~~~~~~~~~~~~~~~~~~~~~~~
../../ahoi/browser/ui/sidebar/sidebar_bookmark_menu.cc:74:20: note: in instantiation of function template specialization 'std::make_unique<BookmarkMenuDelegate, const base::raw_ptr<Browser> &, views::Widget *, ahoi::sidebar::SidebarBookmarkMenu *, BookmarkLaunchLocation, 0>' requested here
   74 |   delegate_ = std::make_unique<BookmarkMenuDelegate>(
      |                    ^
../../chrome/browser/ui/views/bookmarks/bookmark_menu_delegate.h:59:3: note: candidate constructor not viable: no known conversion from 'const base::raw_ptr<Browser>' to 'BrowserWindowInterface *' for 1st argument
   59 |   BookmarkMenuDelegate(BrowserWindowInterface* browser,
      |   ^                    ~~~~~~~~~~~~~~~~~~~~~~~~~~~~~~~
../../chrome/browser/ui/views/bookmarks/bookmark_menu_delegate.h:64:3: note: candidate constructor not viable: requires 1 argument, but 4 were provided
   64 |   BookmarkMenuDelegate(const BookmarkMenuDelegate&) = delete;
      |   ^                    ~~~~~~~~~~~~~~~~~~~~~~~~~~~
../../ahoi/browser/ui/sidebar/sidebar_bookmark_menu.cc:182:31: error: no viable conversion from 'const raw_ptr<Browser>' to 'BrowserWindowInterface *'
  182 |   bookmarks::OpenAllIfAllowed(browser_, selection,
      |                               ^~~~~~~~
../../base/allocator/partition_allocator/src/partition_alloc/pointers/raw_ptr.h:695:30: note: candidate function
  695 |   PA_ALWAYS_INLINE constexpr operator T*() const { return GetForExtraction(); }
      |                              ^
../../base/allocator/partition_allocator/src/partition_alloc/pointers/raw_ptr.h:697:39: note: explicit conversion function is not a candidate
  697 |   PA_ALWAYS_INLINE constexpr explicit operator U*() const {
      |                                       ^
../../chrome/browser/ui/bookmarks/bookmark_utils_desktop.h:77:29: note: passing argument to parameter 'browser' here
   77 |     BrowserWindowInterface* browser,
      |                             ^
2 errors generated.
[463/3860] CXX obj/ahoi/browser/ui/sidebar/browser_sidebar/sidebar_bookmark_context_menu.o
[464/3860] CXX obj/ahoi/browser/ui/sidebar/browser_sidebar/sidebar_edge_reveal_view.o
[465/3860] CXX obj/ahoi/browser/ui/sidebar/browser_sidebar/sidebar_bookmark_shelf_view.o
[466/3860] CXX obj/ahoi/browser/ui/sidebar/browser_sidebar/sidebar_bookmark_sync_control.o
[467/3860] CXX obj/ahoi/browser/ui/sidebar/browser_sidebar/sidebar_remote_tab_views.o
[468/3860] CXX obj/ahoi/browser/ui/sidebar/browser_sidebar/sidebar_recent_links_view.o
[469/3860] CXX obj/ahoi/browser/ui/sidebar/browser_sidebar/sidebar_runtime_split_views.o
[470/3860] CXX obj/ahoi/browser/ui/sidebar/browser_sidebar/sidebar_split_tab_operations.o
[471/3860] CXX obj/ahoi/browser/ui/sidebar/browser_sidebar/sidebar_runtime_tab_support.o
[472/3860] CXX obj/ahoi/browser/ui/sidebar/browser_sidebar/sidebar_runtime_tab_views.o
[473/3860] CXX obj/ahoi/browser/ui/sidebar/browser_sidebar/sidebar_sync_setup_controls.o
[474/3860] CXX obj/ahoi/browser/ui/sidebar/browser_sidebar/sidebar_sync_controls.o
[475/3860] CXX obj/ahoi/browser/ui/sidebar/browser_sidebar/sidebar_tab_preview_controller.o
[476/3860] CXX obj/ahoi/browser/ui/sidebar/browser_sidebar/sidebar_tab_thumbnail_cache.o
[477/3860] CXX obj/ahoi/browser/ui/sidebar/browser_sidebar/sidebar_tabs_surface_view.o
[478/3860] CXX obj/ahoi/browser/ui/split_drop/split_drop/split_drop_intent.o
[479/3860] CXX obj/ahoi/browser/ui/split_drop/split_drop/split_drop_controller_presentation.o
[480/3860] CXX obj/ahoi/browser/ui/split_drop/split_drop/split_keyboard_actions.o
[481/3860] CXX obj/ahoi/browser/ui/split_drop/split_drop/split_drop_controller.o
[482/3860] CXX obj/ahoi/browser/ui/split_drop/split_drop/split_drop_overlay_view.o
[483/3860] CXX obj/chrome/browser/actor/ui/actor_overlay/actor_overlay_handler.o
[484/3860] CXX obj/chrome/browser/actor/ui/actor_overlay/actor_overlay_ui.o
[485/3860] CXX obj/chrome/browser/apps/app_service/app_service/app_icon_source.o
[486/3860] CXX obj/chrome/browser/actor/ui/actor_overlay_web_view/actor_overlay_web_view.o
[487/3860] CXX obj/chrome/browser/apps/app_service/app_service/app_service_proxy_factory.o
[488/3860] CXX obj/chrome/browser/apps/app_service/app_service/app_service_proxy_base.o
[489/3860] CXX obj/chrome/browser/apps/app_service/app_service/intent_util.o
[490/3860] CXX obj/chrome/browser/apps/app_service/app_service/browser_app_launcher.o
[491/3860] CXX obj/chrome/browser/apps/app_service/app_service/app_service_metrics.o
[492/3860] CXX obj/chrome/browser/apps/app_service/app_service/launch_utils.o
[493/3860] CXX obj/chrome/browser/apps/app_service/app_service/package_id_util.o
[494/3860] CXX obj/chrome/browser/apps/app_service/app_service/paused_apps.o
[495/3860] CXX obj/chrome/browser/apps/app_service/app_service/policy_util.o
[496/3860] CXX obj/chrome/browser/apps/app_shim/app_shim/app_shim_host_bootstrap_mac.o
[497/3860] CXX obj/chrome/browser/apps/app_service/app_service/web_contents_app_id_utils.o
[498/3860] CXX obj/chrome/browser/apps/app_shim/app_shim/app_shim_host_mac.o
[499/3860] OBJCXX obj/chrome/browser/apps/app_shim/app_shim/app_shim_listener.o
[500/3860] CXX obj/chrome/browser/apps/app_shim/app_shim/code_signature_mac.o
ninja: build stopped: interrupted by user.
