==> host: macOS 27.0 (26A428), arm64
==> hardware: Apple M2 Max, 32 GiB RAM
==> toolchain (compatible-development): Xcode 26.5 Build version 17F42 , macOS SDK 26.5 (25F70), iOS SDK 26.5 (23F73)
==> work root: /Volumes/Macintosh HD - Daten/Cloud/Projekte/Apps/Plattformuebergreifend/AhoiBrowser/.work
==> free disk: 168.8 GiB; required: 64.0 GiB
==> host check passed
==> Sparkle 2.9.6 verified from fetched-material receipt (ac2def288cbff5cfc7df3ffef6abdf45b72bcb0a)
==> host: macOS 27.0 (26A428), arm64
==> hardware: Apple M2 Max, 32 GiB RAM
==> toolchain (compatible-development): Xcode 26.5 Build version 17F42 , macOS SDK 26.5 (25F70), iOS SDK 26.5 (23F73)
==> work root: /Volumes/Macintosh HD - Daten/Cloud/Projekte/Apps/Plattformuebergreifend/AhoiBrowser/.work
==> free disk: 168.7 GiB; required: 64.0 GiB
==> host check passed
/private/tmp/ahoi-native-m153-correction.uiS2Ae/repo/artifacts/build/chromium-dependencies.json
==> running Chromium hooks with compatible-development Xcode/SDK (overlay checkout)
________ running 'vpython3 -vpython-spec src/.vpython3 -vpython-tool install' in '/Volumes/Macintosh HD - Daten/Cloud/Projekte/Apps/Plattformuebergreifend/AhoiBrowser/.work/chromium'
________ running 'python3 src/build/landmines.py' in '/Volumes/Macintosh HD - Daten/Cloud/Projekte/Apps/Plattformuebergreifend/AhoiBrowser/.work/chromium'
________ running 'python3 src/third_party/depot_tools/update_depot_tools_toggle.py --disable' in '/Volumes/Macintosh HD - Daten/Cloud/Projekte/Apps/Plattformuebergreifend/AhoiBrowser/.work/chromium'
________ running 'python3 src/tools/remove_stale_files.py src/third_party/test_fonts/test_fonts.tar.gz src/third_party/node/node_modules.tar.gz src/third_party/tfhub_models src/tools/clang/crashreports' in '/Volumes/Macintosh HD - Daten/Cloud/Projekte/Apps/Plattformuebergreifend/AhoiBrowser/.work/chromium'
________ running 'python3 src/tools/remove_stale_pyc_files.py src/android_webview/tools src/build/android src/gpu/gles2_conform_support src/infra src/ppapi src/printing src/third_party/blink/renderer/build/scripts src/third_party/blink/tools src/third_party/catapult src/third_party/mako src/tools' in '/Volumes/Macintosh HD - Daten/Cloud/Projekte/Apps/Plattformuebergreifend/AhoiBrowser/.work/chromium'
________ running 'python3 src/build/mac_toolchain.py' in '/Volumes/Macintosh HD - Daten/Cloud/Projekte/Apps/Plattformuebergreifend/AhoiBrowser/.work/chromium'
Skipping Mac toolchain installation for mac
________ running 'python3 src/build/util/lastchange.py -o src/build/util/LASTCHANGE' in '/Volumes/Macintosh HD - Daten/Cloud/Projekte/Apps/Plattformuebergreifend/AhoiBrowser/.work/chromium'
________ running 'python3 src/build/util/lastchange.py -m GPU_LISTS_VERSION --revision-id-only --header src/gpu/config/gpu_lists_version.h' in '/Volumes/Macintosh HD - Daten/Cloud/Projekte/Apps/Plattformuebergreifend/AhoiBrowser/.work/chromium'
________ running 'python3 src/build/util/lastchange.py -m SKIA_COMMIT_HASH -s src/third_party/skia --header src/skia/ext/skia_commit_hash.h' in '/Volumes/Macintosh HD - Daten/Cloud/Projekte/Apps/Plattformuebergreifend/AhoiBrowser/.work/chromium'
________ running 'python3 src/build/util/lastchange.py -m DAWN_COMMIT_HASH -s src/third_party/dawn --revision src/gpu/webgpu/DAWN_VERSION --header src/gpu/webgpu/dawn_commit_hash.h' in '/Volumes/Macintosh HD - Daten/Cloud/Projekte/Apps/Plattformuebergreifend/AhoiBrowser/.work/chromium'
________ running 'python3 src/third_party/depot_tools/download_from_google_storage.py --no_resume --bucket chromium-browser-clang -s src/tools/clang/dsymutil/bin/dsymutil.arm64.sha1 -o src/tools/clang/dsymutil/bin/dsymutil' in '/Volumes/Macintosh HD - Daten/Cloud/Projekte/Apps/Plattformuebergreifend/AhoiBrowser/.work/chromium'
________ running 'python3 src/testing/generate_location_tags.py --out src/testing/location_tags.json' in '/Volumes/Macintosh HD - Daten/Cloud/Projekte/Apps/Plattformuebergreifend/AhoiBrowser/.work/chromium'
________ running 'python3 src/buildtools/reclient_cfgs/configure_reclient_cfgs.py --rbe_instance projects/rbe-chrome-untrusted/instances/default_instance --reproxy_cfg_template reproxy.cfg.template --rewrapper_cfg_project  --skip_remoteexec_cfg_fetch --quiet' in '/Volumes/Macintosh HD - Daten/Cloud/Projekte/Apps/Plattformuebergreifend/AhoiBrowser/.work/chromium'
________ running 'python3 src/build/config/siso/configure_siso.py --rbe_instance projects/rbe-chrome-untrusted/instances/default_instance --reapi_instance  --reapi_address  --reapi_backend_config_path  --credential-helper ' in '/Volumes/Macintosh HD - Daten/Cloud/Projekte/Apps/Plattformuebergreifend/AhoiBrowser/.work/chromium'
________ running 'python3 src/build/util/tast_control.py -o src/chromeos/tast_control.gni -t src/chromeos/tast_control.gni.template -i src/chromeos/tast_control_disabled_tests.txt --input-public src/chromeos/tast_control_disabled_tests_public_builders.txt -f src/chromeos/tast_control_flaky_tests.txt' in '/Volumes/Macintosh HD - Daten/Cloud/Projekte/Apps/Plattformuebergreifend/AhoiBrowser/.work/chromium'
________ running 'vpython3 scripts/deps/sync_rollup_libs.py' in '/Volumes/Macintosh HD - Daten/Cloud/Projekte/Apps/Plattformuebergreifend/AhoiBrowser/.work/chromium/src/third_party/devtools-frontend/src'
/private/tmp/ahoi-native-m153-correction.uiS2Ae/repo/artifacts/build/chromium-dependencies.json
==> pinned Chromium hooks verified: /Volumes/Macintosh HD - Daten/Cloud/Projekte/Apps/Plattformuebergreifend/AhoiBrowser/.work/state/hooks-792bf6722e73a45aa9e47c163b9901bdc17f3230.json
==> generating Ahoi dev build
==> applying chromium-rust-depfile-space-paths and v8-inspector-protocol-relative-depfile-paths only for gn gen and autoninja
Done. Made 32713 targets from 4982 files in 5933ms
ninja: Entering directory `/Volumes/Macintosh HD - Daten/Cloud/Projekte/Apps/Plattformuebergreifend/AhoiBrowser/.work/chromium/src/out/AhoiDev'
[0/1] Regenerating ninja files
[1/3185] CXX obj/chrome/browser/enterprise/impl/realtime_event_upload_helper_desktop.o
[2/3185] CXX obj/ahoi/browser/ui/sidebar/browser_sidebar/sidebar_bookmark_menu.o
[3/3185] CXX obj/chrome/browser/enterprise/impl/navigation_handle_data_delegate.o
[4/3185] CXX obj/chrome/browser/enterprise/impl/saas_usage_navigation_observer.o
[5/3185] CXX obj/chrome/browser/enterprise/impl/saas_usage_report_factory_desktop.o
[6/3185] CXX obj/chrome/browser/enterprise/impl/saas_usage_report_scheduler_delegate_desktop.o
[7/3185] CXX obj/chrome/browser/enterprise/impl/saas_usage_reporting_controller_factory.o
[8/3185] CXX obj/chrome/browser/enterprise/impl/saas_usage_report_uploader_desktop.o
[9/3185] CXX obj/chrome/browser/enterprise/impl/signing_key_policy_observer.o
[10/3185] CXX obj/chrome/browser/enterprise/impl/saas_usage_reporting_delegate_factory_desktop.o
[11/3185] CXX obj/chrome/browser/enterprise/impl/browser_signals_decorator.o
[12/3185] CXX obj/chrome/browser/enterprise/impl/dialog_manager.o
[13/3185] CXX obj/chrome/browser/enterprise/impl/profile_management_features.o
[14/3185] CXX obj/chrome/browser/enterprise/impl/oidc_auth_response_capture_navigation_throttle.o
[15/3185] CXX obj/chrome/browser/enterprise/impl/profile_management_navigation_throttle.o
[16/3185] CXX obj/chrome/browser/enterprise/impl/rotate_attestation_credential_job.o
[17/3185] CXX obj/chrome/browser/enterprise/impl/system_signals_service_host_factory.o
[18/3185] CXX obj/chrome/browser/enterprise/impl/enterprise_signin_prefs.o
[19/3185] CXX obj/chrome/browser/enterprise/impl/browser_launch_event_uploader_desktop.o
[20/3185] CXX obj/chrome/browser/enterprise/impl/enterprise_signin_service_factory.o
[21/3185] CXX obj/chrome/browser/enterprise/impl/enterprise_signin_service.o
[22/3185] CXX obj/chrome/browser/enterprise/impl/managed_profile_creator.o
[23/3185] CXX obj/chrome/browser/enterprise/impl/managed_profile_creation_controller.o
[24/3185] CXX obj/chrome/browser/enterprise/impl/managed_profile_required_navigation_throttle.o
[25/3185] CXX obj/chrome/browser/enterprise/impl/oidc_authentication_signin_interceptor.o
[26/3185] CXX obj/chrome/browser/enterprise/impl/oidc_managed_profile_creation_delegate.o
[27/3185] CXX obj/chrome/browser/enterprise/impl/oidc_authentication_signin_interceptor_factory.o
[28/3185] CXX obj/chrome/browser/enterprise/impl/oidc_metrics_utils.o
[29/3185] CXX obj/chrome/browser/enterprise/impl/profile_management_disclaimer_service_factory.o
[30/3185] CXX obj/chrome/browser/enterprise/impl/profile_token_web_signin_interceptor.o
[31/3185] CXX obj/chrome/browser/enterprise/impl/profile_management_disclaimer_service.o
[32/3185] CXX obj/chrome/browser/enterprise/impl/profile_token_web_signin_interceptor_factory.o
[33/3185] CXX obj/chrome/browser/enterprise/impl/token_managed_profile_creation_delegate.o
[34/3185] CXX obj/chrome/browser/enterprise/impl/user_policy_oidc_signin_service.o
[35/3185] CXX obj/chrome/browser/enterprise/impl/user_policy_oidc_signin_service_factory.o
[36/3185] CXX obj/chrome/browser/enterprise/impl/features.o
[37/3185] CXX obj/chrome/browser/enterprise/impl/chrome_web_store_navigation_throttle.o
[38/3185] CXX obj/chrome/browser/enterprise/impl/extension_update_check_job.o
[39/3185] CXX obj/chrome/browser/enterprise/impl/print_utils.o
[40/3185] CXX obj/chrome/browser/enterprise/impl/extension_info.o
[41/3185] CXX obj/chrome/browser/enterprise/impl/extension_request_notification.o
[42/3185] CXX obj/chrome/browser/enterprise/impl/extension_request_observer.o
[43/3185] CXX obj/chrome/browser/enterprise/impl/extension_request_observer_factory.o
[44/3185] CXX obj/chrome/browser/enterprise/impl/extension_request_policy_handler.o
[45/3185] CXX obj/chrome/browser/enterprise/impl/extension_request_report_generator.o
[46/3185] CXX obj/chrome/browser/enterprise/connectors/reporting/impl/browser_crash_event_router.o
[47/3185] CXX obj/chrome/browser/enterprise/connectors/reporting/impl/crash_reporting_context.o
[48/3185] CXX obj/chrome/browser/enterprise/connectors/reporting/impl/realtime_reporting_client.o
[49/3185] CXX obj/chrome/browser/enterprise/connectors/reporting/impl/realtime_reporting_client_factory.o
[50/3185] CXX obj/chrome/browser/enterprise/connectors/reporting/impl/reporting_event_router_factory.o
[51/3185] CXX obj/chrome/browser/enterprise/connectors/reporting/impl/extension_install_event_router.o
[52/3185] CXX obj/chrome/browser/enterprise/connectors/reporting/impl/extension_telemetry_event_router_factory.o
[53/3185] CXX obj/chrome/browser/enterprise/connectors/reporting/impl/extension_telemetry_event_router.o
[54/3185] CXX obj/chrome/browser/enterprise/connectors/reporting/impl/telomere_event_router.o
[55/3185] CXX obj/chrome/browser/enterprise/connectors/reporting/impl/telomere_reporting_context.o
[56/3185] CXX obj/chrome/browser/extensions/api/omnibox/omnibox/omnibox_api.o
[57/3185] CXX obj/chrome/browser/extensions/api/passwords_private/passwords_private/password_access_auth_timeout_handler.o
[58/3185] CXX obj/chrome/browser/extensions/api/omnibox/omnibox/suggestion_parser.o
[59/3185] CXX obj/chrome/browser/extensions/api/passwords_private/passwords_private/password_check_delegate.o
[60/3185] CXX obj/chrome/browser/extensions/api/passwords_private/passwords_private/passwords_private_api.o
[61/3185] CXX obj/chrome/browser/extensions/api/passwords_private/passwords_private/passwords_private_delegate_factory.o
[62/3185] CXX obj/chrome/browser/extensions/api/passwords_private/passwords_private/passwords_private_event_router_factory.o
[63/3185] CXX obj/chrome/browser/extensions/api/passwords_private/passwords_private/passwords_private_delegate_impl.o
[64/3185] CXX obj/chrome/browser/extensions/api/passwords_private/passwords_private/passwords_private_event_router_impl.o
[65/3185] CXX obj/chrome/browser/extensions/api/web_navigation/web_navigation/frame_navigation_state.o
[66/3185] CXX obj/chrome/browser/extensions/api/passwords_private/passwords_private/passwords_private_utils.o
[67/3185] CXX obj/chrome/browser/extensions/api/web_navigation/web_navigation/web_navigation_api_constants.o
[68/3185] CXX obj/chrome/browser/extensions/api/web_navigation/web_navigation/web_navigation_api.o
[69/3185] CXX obj/chrome/browser/extensions/api/web_navigation/web_navigation/web_navigation_api_helpers.o
[70/3185] CXX obj/chrome/browser/extensions/api/web_navigation/web_navigation/web_navigation_event_router.o
[71/3185] CXX obj/chrome/browser/extensions/api/web_navigation/web_navigation/web_navigation_tab_observer.o
[72/3185] CXX obj/chrome/browser/feedback/feedback_impl/feedback_uploader_chrome.o
[73/3185] CXX obj/chrome/browser/feedback/feedback_impl/feedback_uploader_factory_chrome.o
[74/3185] CXX obj/chrome/browser/feedback/feedback_impl/feedback_dialog_utils.o
[75/3185] CXX obj/chrome/browser/feedback/feedback_impl/report_unsafe_site_dialog_views.o
[76/3185] CXX obj/chrome/browser/feedback/feedback_impl/show_feedback_page.o
[77/3185] CXX obj/chrome/browser/feedback/feedback_impl/about_system_logs_fetcher.o
[78/3185] CXX obj/chrome/browser/feedback/feedback_impl/chrome_system_logs_fetcher.o
[79/3185] CXX obj/chrome/browser/feedback/feedback_impl/chrome_internal_log_source.o
[80/3185] CXX obj/chrome/browser/feedback/feedback_impl/crash_ids_source.o
[81/3185] CXX obj/chrome/browser/feedback/feedback_impl/device_event_log_source.o
[82/3185] CXX obj/chrome/browser/feedback/feedback_impl/family_info_log_source.o
[83/3185] CXX obj/chrome/browser/feedback/feedback_impl/chrome_root_store_log_source.o
[84/3185] CXX obj/chrome/browser/feedback/feedback_impl/memory_details_log_source.o
[85/3185] CXX obj/chrome/browser/feedback/feedback_impl/performance_log_source.o
[86/3185] CXX obj/chrome/browser/feedback/feedback_impl/related_website_sets_source.o
[87/3185] CXX obj/chrome/browser/glic/impl/instance_independent_hotkey_manager.o
[88/3185] CXX obj/chrome/browser/glic/impl/application_hotkey_delegate.o
[89/3185] CXX obj/chrome/browser/glic/impl/local_hotkey_manager.o
[90/3185] CXX obj/chrome/browser/glic/impl/panel_focus_dependent_hotkey_manager.o
[91/3185] CXX obj/chrome/browser/glic/impl/panel_visibility_dependent_hotkey_manager.o
[92/3185] CXX obj/chrome/browser/glic/impl/glic_experimental_opt_in_controller.o
[93/3185] CXX obj/chrome/browser/glic/impl/glic_experimental_opt_in_metrics.o
[94/3185] CXX obj/chrome/browser/glic/impl/glic_experimental_opt_in_page_handler.o
[95/3185] CXX obj/chrome/browser/glic/impl/glic_experimental_opt_in_ui.o
[96/3185] CXX obj/chrome/browser/glic/impl/glic_experimental_opt_in_util.o
[97/3185] CXX obj/chrome/browser/glic/impl/glic_experimental_triggering_converters.o
[98/3185] CXX obj/chrome/browser/glic/impl/actor_log.o
[99/3185] CXX obj/chrome/browser/glic/impl/glic_experimental_triggering_manager.o
[100/3185] CXX obj/chrome/browser/glic/impl/glic_experimental_triggering_metrics.o
[101/3185] CXX obj/chrome/browser/glic/impl/glic_experimental_triggering_coordinator.o
[102/3185] CXX obj/chrome/browser/glic/impl/glic_experimental_triggering_transport_handler.o
[103/3185] CXX obj/chrome/browser/glic/impl/gemini_act_on_web_settings_policy_handler.o
[104/3185] CXX obj/chrome/browser/glic/impl/glic_hotkey.o
[105/3185] CXX obj/chrome/browser/glic/impl/glic_marketing_page_tab_helper.o
[106/3185] CXX obj/chrome/browser/glic/impl/glic_metrics_provider.o
[107/3185] CXX obj/chrome/browser/glic/impl/glic_metrics.o
[108/3185] CXX obj/chrome/browser/glic/impl/glic_net_log.o
[109/3185] CXX obj/chrome/browser/glic/impl/glic_navigation_throttle.o
[110/3185] CXX obj/chrome/browser/glic/impl/glic_pref_names.o
[111/3185] CXX obj/chrome/browser/glic/impl/glic_settings_util.o
[112/3185] CXX obj/chrome/browser/glic/impl/glic_tab_restore_data.o
[113/3185] CXX obj/chrome/browser/glic/impl/glic_profile_manager.o
[114/3185] CXX obj/chrome/browser/glic/impl/glic_tab_restore_helper.o
[115/3185] CXX obj/chrome/browser/glic/impl/glic_user_status_request.o
[116/3185] CXX obj/chrome/browser/glic/impl/glic_user_status_fetcher.o
[117/3185] CXX obj/chrome/browser/glic/impl/auth_controller.o
[118/3185] CXX obj/chrome/browser/glic/impl/glic_zero_state_suggestions_manager.o
[119/3185] CXX obj/chrome/browser/glic/impl/glic_tab_favicon_adapter.o
[120/3185] CXX obj/chrome/browser/glic/impl/glic_active_instance_sharing_manager.o
[121/3185] CXX obj/chrome/browser/glic/impl/glic_active_pinned_focused_tab_manager.o
[122/3185] CXX obj/chrome/browser/glic/impl/glic_empty_focused_browser_manager.o
[123/3185] CXX obj/chrome/browser/glic/impl/glic_delegating_sharing_manager.o
[124/3185] CXX obj/chrome/browser/glic/impl/glic_empty_focused_tab_manager.o
[125/3185] CXX obj/chrome/browser/glic/impl/glic_empty_pinned_tab_manager.o
[126/3185] CXX obj/chrome/browser/glic/impl/glic_page_features_manager.o
[127/3185] CXX obj/chrome/browser/glic/impl/glic_page_context_fetcher.o
[128/3185] CXX obj/chrome/browser/glic/impl/glic_pin_candidate_comparator.o
[129/3185] CXX obj/chrome/browser/glic/impl/glic_screenshot_capturer.o
[130/3185] CXX obj/chrome/browser/glic/impl/glic_pinned_tab_manager_impl.o
[131/3185] CXX obj/chrome/browser/glic/impl/glic_share_image_handler.o
[132/3185] CXX obj/chrome/browser/glic/impl/glic_sharing_manager_coordinator.o
[133/3185] CXX obj/chrome/browser/glic/impl/glic_sharing_utils.o
[134/3185] CXX obj/chrome/browser/glic/impl/glic_sharing_manager_impl.o
[135/3185] CXX obj/chrome/browser/glic/impl/glic_tab_data.o
[136/3185] CXX obj/chrome/browser/glic/impl/glic_tab_data_observer.o
[137/3185] CXX obj/chrome/browser/glic/impl/glic_tab_favicon_observer.o
[138/3185] CXX obj/chrome/browser/glic/impl/glic_annotation_manager.o
[139/3185] CXX obj/chrome/browser/glic/impl/glic_cookie_synchronizer.o
[140/3185] CXX obj/chrome/browser/glic/impl/glic_guest_observer.o
[141/3185] CXX obj/chrome/browser/glic/impl/glic_local_storage_migration.o
[142/3185] CXX obj/chrome/browser/glic/impl/glic_internals_page_handler.o
[143/3185] CXX obj/chrome/browser/glic/impl/glic_page_handler.o
[144/3185] CXX obj/chrome/browser/glic/impl/glic_synthetic_trial_manager.o
[145/3185] CXX obj/chrome/browser/glic/impl/glic_skills_manager_impl.o
[146/3185] CXX obj/chrome/browser/glic/impl/glic_ui.o
[147/3185] CXX obj/chrome/browser/glic/impl/glic_web_client_responsiveness_monitor.o
[148/3185] CXX obj/chrome/browser/glic/impl/glic_web_contents_warming_pool.o
[149/3185] CXX obj/chrome/browser/glic/impl/glic_web_client_handler.o
[150/3185] CXX obj/chrome/browser/glic/impl/guest_util.o
[151/3185] CXX obj/chrome/browser/glic/impl/host.o
[152/3185] CXX obj/chrome/browser/glic/impl/page_metadata_manager.o
[153/3185] CXX obj/chrome/browser/glic/impl/glic_sharing_manager.o
[154/3185] CXX obj/chrome/browser/glic/impl/webui_contents_container.o
[155/3185] CXX obj/chrome/browser/glic/impl/glic_invoke_options.o
[156/3185] CXX obj/chrome/browser/glic/impl/glic_enabling.o
[157/3185] CXX obj/chrome/browser/glic/impl/glic_keyed_service.o
[158/3185] CXX obj/chrome/browser/glic/impl/glic_perf_traits_tracker.o
[159/3185] CXX obj/chrome/browser/glic/impl/glic_keyed_service_factory.o
[160/3185] CXX obj/chrome/browser/glic/impl/glic_instance_helper.o
[161/3185] CXX obj/chrome/browser/glic/impl/glic_instance_coordinator_impl.o
[162/3185] CXX obj/chrome/browser/glic/impl/glic_invoke_handler.o
[163/3185] CXX obj/chrome/browser/glic/impl/glic_instance_impl.o
[164/3185] CXX obj/chrome/browser/glic/impl/glic_onboarding_status.o
[165/3185] CXX obj/chrome/browser/glic/impl/glic_invoke_task.o
[166/3185] CXX obj/chrome/browser/glic/impl/glic_onboarding_tracker.o
[167/3185] CXX obj/chrome/browser/glic/impl/glic_tab_contents_swapper.o
[168/3185] CXX obj/chrome/browser/glic/impl/glic_tab_group_utils.o
[169/3185] CXX obj/chrome/browser/glic/impl/glic_ui_types.o
[170/3185] CXX obj/chrome/browser/glic/impl/caching_zero_state_suggestions_manager.o
[171/3185] CXX obj/chrome/browser/glic/impl/glic_instance_coordinator_metrics.o
[172/3185] CXX obj/chrome/browser/glic/impl/conversions.o
[173/3185] CXX obj/chrome/browser/glic/impl/glic_inactive_tab_ui.o
[174/3185] CXX obj/chrome/browser/glic/impl/browser_conditions.o
[175/3185] CXX obj/chrome/browser/glic/impl/glic_tab_ui.o
[176/3185] CXX obj/chrome/browser/glic/impl/view_scoped_registration_delegate_impl.o
[177/3185] CXX obj/chrome/browser/glic/impl/glic_experimental_opt_in_ui_host_desktop.o
[178/3185] CXX obj/chrome/browser/glic/impl/glic_experimental_opt_in_dialog_view.o
[179/3185] CXX obj/chrome/browser/glic/impl/gemini_spark_settings_policy_handler.o
[180/3185] CXX obj/chrome/browser/glic/impl/glic_settings_util_desktop.o
[181/3185] CXX obj/chrome/browser/glic/impl/glic_tab_favicon_adapter_desktop.o
[182/3185] CXX obj/chrome/browser/glic/impl/glic_selection_observer.o
[183/3185] CXX obj/chrome/browser/glic/impl/glic_focused_browser_manager_impl.o
[184/3185] CXX obj/chrome/browser/glic/impl/glic_focused_tab_manager.o
[185/3185] CXX obj/chrome/browser/glic/impl/glic_screenshot_capturer_impl.o
[186/3185] CXX obj/chrome/browser/glic/impl/glic_floating_ui.o
[187/3185] CXX obj/chrome/browser/glic/impl/glic_inactive_side_panel_ui.o
[188/3185] CXX obj/chrome/browser/glic/impl/glic_side_panel_coordinator_impl.o
[189/3185] CXX obj/chrome/browser/glic/impl/glic_side_panel_ui.o
[190/3185] CXX obj/chrome/browser/glic/impl/glic_view.o
[191/3185] CXX obj/chrome/browser/glic/impl/glic_widget.o
[192/3185] CXX obj/chrome/browser/glic/impl/glic_window_animator.o
[193/3185] CXX obj/chrome/browser/glic/impl/glic_window_resize_animation.o
[194/3185] CXX obj/chrome/browser/history/impl/chrome_history_backend_client.o
[195/3185] CXX obj/chrome/browser/history/impl/chrome_history_client.o
[196/3185] CXX obj/chrome/browser/history/impl/domain_diversity_reporter_factory.o
[197/3185] CXX obj/chrome/browser/glic/impl/inactive_view_controller.o
[198/3185] CXX obj/chrome/browser/history/impl/history_service_factory.o
[199/3185] CXX obj/chrome/browser/history/impl/history_utils.o
[200/3185] CXX obj/chrome/browser/history/impl/profile_based_browsing_history_driver.o
[201/3185] CXX obj/chrome/browser/history/impl/history_tab_helper.o
[202/3185] CXX obj/chrome/browser/history/impl/top_sites_factory.o
[203/3185] CXX obj/chrome/browser/history/impl/web_history_service_factory.o
[204/3185] CXX obj/chrome/browser/lifetime/impl/application_lifetime.o
[205/3185] OBJCXX obj/chrome/browser/lifetime/impl/application_lifetime_mac.o
[206/3185] CXX obj/chrome/browser/lifetime/impl/browser_shutdown.o
[207/3185] CXX obj/chrome/browser/lifetime/impl/browser_close_manager.o
[208/3185] CXX obj/chrome/browser/lifetime/impl/application_lifetime_desktop.o
[209/3185] CXX obj/chrome/browser/lifetime/impl/smart_restart_manager.o
[210/3185] CXX obj/chrome/browser/lifetime/impl/smart_restart_metrics_observer.o
[211/3185] CXX obj/chrome/browser/lifetime/impl/smart_restart_policy.o
[212/3185] CXX obj/chrome/browser/lifetime/impl/switch_utils.o
[213/3185] CXX obj/chrome/browser/media/impl/audio_service_util.o
[214/3185] CXX obj/chrome/browser/media/impl/autoplay_policy_status_observer.o
[215/3185] CXX obj/chrome/browser/lifetime/impl/restartability_monitor.o
[216/3185] CXX obj/chrome/browser/media/impl/chrome_media_session_client.o
[217/3185] CXX obj/chrome/browser/media/impl/media_engagement_preloaded_list.o
[218/3185] CXX obj/chrome/browser/media/impl/media_engagement_score.o
[219/3185] CXX obj/chrome/browser/media/impl/media_engagement_contents_observer.o
[220/3185] CXX obj/chrome/browser/media/impl/media_engagement_service_factory.o
[221/3185] CXX obj/chrome/browser/media/impl/media_engagement_service.o
[222/3185] CXX obj/chrome/browser/media/impl/media_storage_id_salt.o
[223/3185] CXX obj/chrome/browser/media/impl/media_engagement_session.o
[224/3185] CXX obj/chrome/browser/media/impl/unified_autoplay_config.o
[225/3185] CXX obj/chrome/browser/media/impl/output_protection_proxy.o
[226/3185] CXX obj/chrome/browser/media/impl/audio_ducker.o
[227/3185] CXX obj/chrome/browser/media/impl/cast_mirroring_service_host_factory.o
[228/3185] CXX obj/chrome/browser/media/impl/mirroring_service_host.o
[229/3185] CXX obj/chrome/browser/media/impl/offscreen_tab.o
[230/3185] CXX obj/chrome/browser/media/impl/cast_mirroring_service_host.o
[231/3185] CXX obj/chrome/browser/media/impl/remoting_bridge.o
[232/3185] CXX obj/chrome/browser/media/impl/extension_media_access_handler.o
[233/3185] CXX obj/chrome/browser/media/impl/cast_remoting_connector.o
[234/3185] CXX obj/chrome/browser/media/impl/output_protection_impl.o
[235/3185] CXX obj/chrome/browser/media/impl/cdm_document_service_impl.o
[236/3185] CXX obj/chrome/browser/metrics/impl/accessibility_state_provider.o
[237/3185] CXX obj/chrome/browser/metrics/impl/cached_metrics_profile.o
[238/3185] CXX obj/chrome/browser/metrics/impl/chrome_browser_sampling_trials.o
[239/3185] CXX obj/chrome/browser/metrics/impl/chrome_browser_main_extra_parts_metrics.o
[240/3185] CXX obj/chrome/browser/metrics/impl/chrome_feature_list_creator.o
[241/3185] CXX obj/chrome/browser/metrics/impl/chrome_metrics_extensions_helper.o
[242/3185] CXX obj/chrome/browser/metrics/impl/chrome_metrics_service_accessor.o
[243/3185] CXX obj/chrome/browser/metrics/impl/chrome_metrics_service_client.o
[244/3185] CXX obj/chrome/browser/metrics/impl/chrome_metrics_services_manager_client.o
[245/3185] CXX obj/chrome/browser/metrics/impl/incognito_observer.o
[246/3185] CXX obj/chrome/browser/metrics/impl/https_engagement_metrics_provider.o
[247/3185] CXX obj/chrome/browser/metrics/impl/metrics_provider_process_observer.o
[248/3185] CXX obj/chrome/browser/metrics/impl/metrics_memory_details.o
[249/3185] CXX obj/chrome/browser/metrics/impl/metrics_reporting_state.o
[250/3185] CXX obj/chrome/browser/metrics/impl/network_quality_estimator_provider_impl.o
[251/3185] CXX obj/chrome/browser/metrics/impl/profile_metrics_service_factory.o
[252/3185] CXX obj/chrome/browser/metrics/impl/shutdown_watcher_helper.o
[253/3185] CXX obj/chrome/browser/metrics/impl/tab_footprint_aggregator.o
[254/3185] CXX obj/chrome/browser/metrics/impl/tab_stats_data_store.o
[255/3185] CXX obj/chrome/browser/metrics/impl/process_memory_metrics_emitter.o
[256/3185] CXX obj/chrome/browser/metrics/impl/thread_watcher_report_hang.o
[257/3185] CXX obj/chrome/browser/metrics/impl/ukm_background_recorder_service.o
[258/3185] CXX obj/chrome/browser/metrics/impl/tab_stats_tracker.o
[259/3185] CXX obj/chrome/browser/metrics/impl/google_groups_manager_factory.o
[260/3185] CXX obj/chrome/browser/metrics/impl/chrome_variations_service_client.o
[261/3185] CXX obj/chrome/browser/metrics/impl/browser_activity_watcher.o
[262/3185] CXX obj/chrome/browser/metrics/impl/audible_contents_tracker.o
[263/3185] CXX obj/chrome/browser/metrics/impl/desktop_platform_features_metrics_provider.o
[264/3185] CXX obj/chrome/browser/metrics/impl/chrome_visibility_observer.o
[265/3185] CXX obj/chrome/browser/metrics/impl/desktop_profile_session_durations_service.o
[266/3185] CXX obj/chrome/browser/metrics/impl/desktop_profile_session_durations_service_factory.o
[267/3185] CXX obj/chrome/browser/metrics/impl/desktop_session_duration_observer.o
[268/3185] CXX obj/chrome/browser/metrics/impl/desktop_session_duration_tracker.o
[269/3185] CXX obj/chrome/browser/metrics/impl/desktop_session_metrics_provider.o
[270/3185] CXX obj/chrome/browser/metrics/impl/touch_ui_controller_stats_tracker.o
[271/3185] CXX obj/chrome/browser/metrics/impl/first_web_contents_profiler.o
[272/3185] CXX obj/chrome/browser/metrics/impl/incognito_observer_desktop.o
[273/3185] CXX obj/chrome/browser/metrics/impl/first_web_contents_profiler_base.o
[274/3185] CXX obj/chrome/browser/metrics/impl/battery_discharge_reporter.o
[275/3185] CXX obj/chrome/browser/metrics/impl/power_metrics_constants.o
[276/3185] CXX obj/chrome/browser/metrics/impl/power_metrics.o
[277/3185] CXX obj/chrome/browser/metrics/impl/process_metrics_recorder_util.o
[278/3185] CXX obj/chrome/browser/metrics/impl/power_metrics_reporter.o
[279/3185] CXX obj/chrome/browser/metrics/impl/chrome_responsiveness_calculator_delegate.o
[280/3185] CXX obj/chrome/browser/metrics/impl/system_event_provider.o
[281/3185] CXX obj/chrome/browser/metrics/impl/process_monitor.o
[282/3185] CXX obj/chrome/browser/metrics/impl/usage_scenario.o
[283/3185] CXX obj/chrome/browser/metrics/impl/tab_usage_scenario_tracker.o
[284/3185] CXX obj/chrome/browser/metrics/impl/usage_scenario_data_store.o
[285/3185] CXX obj/chrome/browser/metrics/impl/usage_scenario_tracker.o
[286/3185] CXX obj/chrome/browser/metrics/impl/video_capture_event_provider.o
[287/3185] CXX obj/chrome/browser/metrics/impl/family_link_user_metrics_provider.o
[288/3185] OBJCXX obj/chrome/browser/metrics/impl/chrome_browser_main_extra_parts_metrics_mac.o
[289/3185] CXX obj/chrome/browser/metrics/impl/google_update_metrics_provider_mac.o
[290/3185] OBJCXX obj/chrome/browser/metrics/impl/power_metrics_provider_mac.o
[291/3185] CXX obj/chrome/browser/metrics/impl/task_info_metrics_provider_mac.o
[292/3185] CXX obj/chrome/browser/metrics/impl/chrome_structured_metrics_delegate.o
[293/3185] CXX obj/chrome/browser/metrics/impl/extensions_metrics_provider.o
[294/3185] CXX obj/chrome/browser/new_tab_page/impl/microsoft_auth_service.o
[295/3185] CXX obj/chrome/browser/new_tab_page/impl/microsoft_auth_service_factory.o
[296/3185] CXX obj/chrome/browser/new_tab_page/impl/new_tab_page_feature_promo_helper.o
[297/3185] CXX obj/chrome/browser/new_tab_page/impl/drive_service_factory.o
[298/3185] CXX obj/chrome/browser/new_tab_page/impl/drive_service.o
[299/3185] CXX obj/chrome/browser/new_tab_page/impl/drive_suggestion_handler.o
[300/3185] CXX obj/chrome/browser/new_tab_page/impl/microsoft_modules_helper.o
[301/3185] CXX obj/chrome/browser/new_tab_page/impl/modules_switches.o
[302/3185] CXX obj/chrome/browser/new_tab_page/impl/new_tab_page_modules.o
[303/3185] CXX obj/chrome/browser/new_tab_page/impl/microsoft_files_page_handler.o
[304/3185] CXX obj/chrome/browser/new_tab_page/impl/calendar_fake_data_helper.o
[305/3185] CXX obj/chrome/browser/new_tab_page/impl/microsoft_auth_page_handler.o
[306/3185] CXX obj/chrome/browser/new_tab_page/impl/google_calendar_page_handler.o
[307/3185] CXX obj/chrome/browser/new_tab_page/impl/outlook_calendar_page_handler.o
[308/3185] CXX obj/chrome/browser/new_tab_page/impl/most_relevant_tab_resumption_page_handler.o
[309/3185] CXX obj/chrome/browser/new_tab_page/impl/one_google_bar_data.o
[310/3185] CXX obj/chrome/browser/new_tab_page/impl/new_tab_page_util.o
[311/3185] CXX obj/chrome/browser/new_tab_page/impl/one_google_bar_service.o
[312/3185] CXX obj/chrome/browser/new_tab_page/impl/one_google_bar_loader_impl.o
[313/3185] CXX obj/chrome/browser/new_tab_page/impl/promo_data.o
[314/3185] CXX obj/chrome/browser/new_tab_page/impl/one_google_bar_service_factory.o
[315/3185] CXX obj/chrome/browser/new_tab_page/impl/promo_service.o
[316/3185] CXX obj/chrome/browser/new_tab_page/impl/promo_service_factory.o
[317/3185] CXX obj/chrome/browser/new_tab_page/impl/chrome_colors_factory.o
[318/3185] CXX obj/chrome/browser/new_tab_page/impl/chrome_colors_service.o
[319/3185] CXX obj/chrome/browser/notifications/impl/notification_metrics_logger.o
[320/3185] CXX obj/chrome/browser/notifications/impl/notification_metrics_logger_factory.o
[321/3185] CXX obj/chrome/browser/notifications/impl/non_persistent_notification_handler.o
[322/3185] CXX obj/chrome/browser/new_tab_page/impl/tab_groups_page_handler.o
[323/3185] CXX obj/chrome/browser/notifications/impl/notification_blocker.o
[324/3185] CXX obj/chrome/browser/notifications/impl/notification_common.o
[325/3185] CXX obj/chrome/browser/notifications/impl/notification_display_service.o
[326/3185] CXX obj/chrome/browser/notifications/impl/notification_display_queue.o
[327/3185] CXX obj/chrome/browser/notifications/impl/notification_display_service_factory.o
[328/3185] CXX obj/chrome/browser/notifications/impl/notification_handler.o
[329/3185] CXX obj/chrome/browser/notifications/impl/notification_display_service_impl.o
[330/3185] CXX obj/chrome/browser/notifications/impl/notification_platform_bridge.o
[331/3185] CXX obj/chrome/browser/notifications/impl/notification_permission_context.o
[332/3185] CXX obj/chrome/browser/notifications/impl/notification_platform_bridge_delegator.o
[333/3185] CXX obj/chrome/browser/notifications/impl/notification_trigger_scheduler.o
[334/3185] CXX obj/chrome/browser/notifications/impl/notifier_state_tracker_factory.o
[335/3185] CXX obj/chrome/browser/notifications/impl/notifier_state_tracker.o
[336/3185] CXX obj/chrome/browser/notifications/impl/platform_notification_service_factory.o
[337/3185] CXX obj/chrome/browser/notifications/impl/persistent_notification_handler.o
[338/3185] CXX obj/chrome/browser/notifications/impl/notification_background_task_scheduler_impl.o
[339/3185] CXX obj/chrome/browser/notifications/impl/platform_notification_service_impl.o
[340/3185] CXX obj/chrome/browser/notifications/impl/muted_notification_handler.o
[341/3185] CXX obj/chrome/browser/notifications/impl/notification_schedule_service_factory.o
[342/3185] CXX obj/chrome/browser/notifications/impl/profile_notification.o
[343/3185] CXX obj/chrome/browser/notifications/impl/mac_notification_provider_factory.o
[344/3185] CXX obj/chrome/browser/notifications/impl/screen_capture_notification_blocker.o
[345/3185] CXX obj/chrome/browser/notifications/impl/notification_dispatcher_mojo.o
[346/3185] CXX obj/chrome/browser/notifications/impl/notification_platform_bridge_mac.o
[347/3185] CXX obj/chrome/browser/notifications/impl/notification_utils.o
[348/3185] CXX obj/chrome/browser/notifications/impl/fullscreen_notification_blocker.o
[349/3185] CXX obj/chrome/browser/notifications/impl/notification_platform_bridge_message_center.o
[350/3185] CXX obj/chrome/browser/notifications/impl/notification_system_observer.o
[351/3185] CXX obj/chrome/browser/notifications/impl/notification_ui_manager_impl.o
[352/3185] CXX obj/chrome/browser/notifications/impl/screen_lock_notification_blocker.o
[353/3185] CXX obj/chrome/browser/notifications/impl/popups_only_ui_controller.o
[354/3185] CXX obj/chrome/browser/on_device_translation/on_device_translation/translate_kit_component_installer.o
[355/3185] CXX obj/chrome/browser/on_device_translation/on_device_translation/translate_kit_language_pack_component_installer.o
[356/3185] CXX obj/chrome/browser/on_device_translation/on_device_translation/service_controller_manager_factory.o
[357/3185] CXX obj/chrome/browser/on_device_translation/on_device_translation/installer_impl.o
[358/3185] CXX obj/chrome/browser/page_load_metrics/impl/chrome_initiator_location.o
[359/3185] CXX obj/chrome/browser/page_load_metrics/impl/bookmark_bar_page_load_metrics_observer.o
[360/3185] CXX obj/chrome/browser/on_device_translation/on_device_translation/translation_manager_impl.o
[361/3185] CXX obj/chrome/browser/page_load_metrics/impl/captcha_provider_manager.o
[362/3185] CXX obj/chrome/browser/page_load_metrics/impl/captcha_metrics_observer.o
[363/3185] CXX obj/chrome/browser/page_load_metrics/impl/chrome_gws_abandoned_page_load_metrics_observer.o
[364/3185] CXX obj/chrome/browser/page_load_metrics/impl/chrome_gws_page_load_metrics_observer.o
[365/3185] CXX obj/chrome/browser/page_load_metrics/impl/amp_page_load_metrics_observer.o
[366/3185] CXX obj/chrome/browser/page_load_metrics/impl/document_write_page_load_metrics_observer.o
[367/3185] CXX obj/chrome/browser/page_load_metrics/impl/foreground_duration_ukm_observer.o
[368/3185] CXX obj/chrome/browser/page_load_metrics/impl/ukm_page_load_metrics_observer.o
[369/3185] CXX obj/chrome/browser/page_load_metrics/impl/from_gws_page_load_metrics_observer.o
[370/3185] CXX obj/chrome/browser/page_load_metrics/impl/histogram_suffixes.o
[371/3185] CXX obj/chrome/browser/page_load_metrics/impl/gws_hp_page_load_metrics_observer.o
[372/3185] CXX obj/chrome/browser/page_load_metrics/impl/https_engagement_service.o
[373/3185] CXX obj/chrome/browser/page_load_metrics/impl/https_engagement_service_factory.o
[374/3185] CXX obj/chrome/browser/page_load_metrics/impl/https_engagement_page_load_metrics_observer.o
[375/3185] CXX obj/chrome/browser/page_load_metrics/impl/javascript_frameworks_ukm_observer.o
[376/3185] CXX obj/chrome/browser/page_load_metrics/impl/lcp_critical_path_predictor_page_load_metrics_observer.o
[377/3185] CXX obj/chrome/browser/page_load_metrics/impl/loading_predictor_page_load_metrics_observer.o
[378/3185] CXX obj/chrome/browser/page_load_metrics/impl/multi_tab_loading_page_load_metrics_observer.o
[379/3185] CXX obj/chrome/browser/page_load_metrics/impl/navigation_initiator_page_load_metrics_observer.o
[380/3185] CXX obj/chrome/browser/page_load_metrics/impl/new_tab_page_initiated_page_load_metrics_observer.o
[381/3185] CXX obj/chrome/browser/page_load_metrics/impl/new_tab_page_page_load_metrics_observer.o
[382/3185] CXX obj/chrome/browser/page_load_metrics/impl/omnibox_suggestion_used_page_load_metrics_observer.o
[383/3185] CXX obj/chrome/browser/page_load_metrics/impl/optimization_guide_page_load_metrics_observer.o
[384/3185] CXX obj/chrome/browser/page_load_metrics/impl/page_anchors_metrics_observer.o
[385/3185] CXX obj/chrome/browser/page_load_metrics/impl/protocol_page_load_metrics_observer.o
[386/3185] CXX obj/chrome/browser/page_load_metrics/impl/scheme_page_load_metrics_observer.o
[387/3185] CXX obj/chrome/browser/page_load_metrics/impl/security_state_page_load_metrics_observer.o
[388/3185] CXX obj/chrome/browser/page_load_metrics/impl/signed_exchange_page_load_metrics_observer.o
[389/3185] CXX obj/chrome/browser/page_load_metrics/impl/tab_strip_page_load_metrics_observer.o
[390/3185] CXX obj/chrome/browser/page_load_metrics/impl/translate_page_load_metrics_observer.o
[391/3185] CXX obj/chrome/browser/page_load_metrics/impl/webui_page_load_metrics_observer.o
[392/3185] CXX obj/chrome/browser/page_load_metrics/impl/initial_webui_page_load_metrics_observer.o
[393/3185] CXX obj/chrome/browser/page_load_metrics/impl/page_load_metrics_initialize.o
[394/3185] CXX obj/chrome/browser/page_load_metrics/impl/non_tab_webui_page_load_metrics_observer.o
[395/3185] CXX obj/chrome/browser/page_load_metrics/impl/top_chrome_webui_metrics_observer.o
[396/3185] CXX obj/chrome/browser/page_load_metrics/impl/serp_page_load_metrics_observer.o
[397/3185] CXX obj/chrome/browser/performance_manager/impl/chrome_content_browser_client_performance_manager_part.o
[398/3185] CXX obj/chrome/browser/performance_manager/impl/chrome_browser_main_extra_parts_performance_manager.o
[399/3185] CXX obj/chrome/browser/performance_manager/impl/guest_view_policy.o
[400/3185] CXX obj/chrome/browser/performance_manager/impl/page_discarder.o
[401/3185] CXX obj/chrome/browser/performance_manager/impl/page_live_state_decorator_helper.o
[402/3185] CXX obj/chrome/browser/performance_manager/impl/working_set_trimmer.o
[403/3185] CXX obj/chrome/browser/performance_manager/impl/termination_target_setter.o
[404/3185] CXX obj/chrome/browser/performance_manager/impl/metrics_provider_common.o
[405/3185] CXX obj/chrome/browser/performance_manager/impl/site_data_cache_facade.o
[406/3185] CXX obj/chrome/browser/performance_manager/impl/page_load_metrics_observer.o
[407/3185] CXX obj/chrome/browser/performance_manager/impl/site_data_cache_facade_factory.o
[408/3185] CXX obj/chrome/browser/performance_manager/impl/cannot_discard_reason.o
[409/3185] CXX obj/chrome/browser/performance_manager/impl/best_effort_task_inhibiting_policy.o
[410/3185] CXX obj/chrome/browser/performance_manager/impl/frame_throttling_policy.o
[411/3185] CXX obj/chrome/browser/performance_manager/impl/discard_eligibility_policy.o
[412/3185] CXX obj/chrome/browser/performance_manager/impl/keep_alive_dse_policy.o
[413/3185] CXX obj/chrome/browser/performance_manager/impl/policy_features.o
[414/3185] CXX obj/chrome/browser/performance_manager/impl/termination_target_policy.o
[415/3185] CXX obj/chrome/browser/performance_manager/impl/page_discarding_helper.o
[416/3185] CXX obj/chrome/browser/performance_manager/impl/transient_keep_alive_policy.o
[417/3185] CXX obj/chrome/browser/performance_manager/impl/working_set_trimmer_policy.o
[418/3185] CXX obj/chrome/browser/performance_manager/impl/profile_discard_opt_out_list_helper.o
[419/3185] CXX obj/chrome/browser/performance_manager/impl/profile_force_foreground_priority_list_helper.o
[420/3185] CXX obj/chrome/browser/performance_manager/impl/side_panel_loading_voter.o
[421/3185] CXX obj/chrome/browser/performance_manager/impl/user_tuning_utils.o
[422/3185] CXX obj/chrome/browser/performance_manager/impl/page_loader.o
[423/3185] CXX obj/chrome/browser/performance_manager/impl/metrics_provider_desktop.o
[424/3185] CXX obj/chrome/browser/performance_manager/impl/background_tab_loading_policy_helpers.o
[425/3185] CXX obj/chrome/browser/performance_manager/impl/freezing_opt_out_checker.o
[426/3185] CXX obj/chrome/browser/performance_manager/impl/memory_saver_mode_policy.o
[427/3185] CXX obj/chrome/browser/performance_manager/impl/sustained_memory_pressure_evaluator.o
[428/3185] CXX obj/chrome/browser/performance_manager/impl/background_tab_loading_policy.o
[429/3185] CXX obj/chrome/browser/performance_manager/impl/urgent_page_discarding_policy.o
[430/3185] CXX obj/chrome/browser/performance_manager/impl/side_panel_loading_policy.o
[431/3185] CXX obj/chrome/browser/performance_manager/impl/cpu_health_tracker.o
[432/3185] CXX obj/chrome/browser/performance_manager/impl/battery_saver_mode_manager.o
[433/3185] CXX obj/chrome/browser/performance_manager/impl/user_performance_tuning_manager.o
[434/3185] CXX obj/chrome/browser/performance_manager/impl/performance_detection_manager.o
[435/3185] CXX obj/chrome/browser/performance_manager/impl/memory_saver_policy_handler.o
[436/3185] CXX obj/chrome/browser/performance_manager/impl/user_performance_tuning_notifier.o
[437/3185] CXX obj/chrome/browser/performance_manager/impl/extension_service_worker_priority_voter.o
[438/3185] CXX obj/chrome/browser/performance_manager/impl/extension_watcher.o
[439/3185] CXX obj/chrome/browser/picture_in_picture/impl/picture_in_picture_bounds_cache.o
[440/3185] CXX obj/chrome/browser/picture_in_picture/impl/auto_picture_in_picture_safe_browsing_checker_client.o
[441/3185] CXX obj/chrome/browser/picture_in_picture/impl/picture_in_picture_window_manager.o
[442/3185] CXX obj/chrome/browser/picture_in_picture/impl/auto_picture_in_picture_tab_observer_helper_base.o
[443/3185] CXX obj/chrome/browser/picture_in_picture/impl/auto_picture_in_picture_window_occlusion_helper_base.o
[444/3185] CXX obj/chrome/browser/picture_in_picture/impl/auto_pip_setting_helper.o
[445/3185] CXX obj/chrome/browser/picture_in_picture/impl/auto_picture_in_picture_tab_strip_observer_helper.o
[446/3185] CXX obj/chrome/browser/picture_in_picture/impl/auto_picture_in_picture_tab_helper.o
[447/3185] CXX obj/chrome/browser/picture_in_picture/impl/auto_pip_setting_view.o
[448/3185] CXX obj/chrome/browser/picture_in_picture/impl/auto_pip_setting_overlay_view.o
[449/3185] CXX obj/chrome/browser/picture_in_picture/impl/auto_picture_in_picture_hats_service_factory.o
[450/3185] CXX obj/chrome/browser/picture_in_picture/impl/auto_picture_in_picture_hats_service.o
[451/3185] CXX obj/chrome/browser/picture_in_picture/impl/picture_in_picture_occlusion_observer.o
[452/3185] CXX obj/chrome/browser/picture_in_picture/impl/picture_in_picture_occlusion_tracker.o
[453/3185] CXX obj/chrome/browser/picture_in_picture/impl/picture_in_picture_occlusion_tracker_observer.o
[454/3185] CXX obj/chrome/browser/picture_in_picture/impl/picture_in_picture_input_protector.o
[455/3185] CXX obj/chrome/browser/picture_in_picture/impl/picture_in_picture_window_manager_uma_helper.o
[456/3185] CXX obj/chrome/browser/picture_in_picture/impl/scoped_disallow_picture_in_picture.o
[457/3185] CXX obj/chrome/browser/picture_in_picture/impl/picture_in_picture_widget_fade_animator.o
[458/3185] CXX obj/chrome/browser/picture_in_picture/impl/scoped_tuck_picture_in_picture.o
[459/3185] CXX obj/chrome/browser/picture_in_picture/impl/scoped_picture_in_picture_occlusion_observation.o
[460/3185] CXX obj/chrome/browser/policy/impl/browsing_history_policy_handler.o
[461/3185] CXX obj/chrome/browser/picture_in_picture/impl/auto_picture_in_picture_window_occlusion_helper_web_contents.o
[462/3185] CXX obj/chrome/browser/policy/impl/chrome_policy_blocklist_service_factory.o
[463/3185] CXX obj/chrome/browser/policy/impl/chrome_policy_conversions_client.o
[464/3185] CXX obj/chrome/browser/policy/impl/chrome_browser_policy_connector.o
[465/3185] CXX obj/chrome/browser/policy/impl/cloud_policy_invalidator.o
[466/3185] CXX obj/chrome/browser/policy/impl/extension_install_policy_invalidator.o
[467/3185] CXX obj/chrome/browser/policy/impl/fm_registration_token_uploader.o
[468/3185] CXX obj/chrome/browser/policy/impl/policy_invalidator.o
[469/3185] CXX obj/chrome/browser/policy/impl/user_cloud_policy_invalidator.o
[470/3185] CXX obj/chrome/browser/policy/impl/user_cloud_policy_invalidator_factory.o
[471/3185] CXX obj/chrome/browser/policy/impl/user_fm_registration_token_uploader.o
[472/3185] CXX obj/chrome/browser/policy/impl/user_fm_registration_token_uploader_factory.o
[473/3185] CXX obj/chrome/browser/policy/impl/default_sensors_setting_policy_handler.o
[474/3185] CXX obj/chrome/browser/policy/impl/developer_tools_policy_checker.o
[475/3185] CXX obj/chrome/browser/policy/impl/developer_tools_policy_checker_factory.o
[476/3185] CXX obj/chrome/browser/policy/impl/configuration_policy_handler_list_factory.o
[477/3185] CXX obj/chrome/browser/policy/impl/developer_tools_policy_handler.o
[478/3185] CXX obj/chrome/browser/policy/impl/dm_token_utils.o
[479/3185] CXX obj/chrome/browser/policy/impl/device_management_service_configuration.o
[480/3185] CXX obj/chrome/browser/policy/impl/homepage_location_policy_handler.o
[481/3185] CXX obj/chrome/browser/policy/impl/isolate_origins_policy_handler.o
[482/3185] CXX obj/chrome/browser/policy/impl/javascript_policy_handler.o
[483/3185] CXX obj/chrome/browser/policy/impl/local_network_access_ip_address_space_overrides_policy_handler.o
[484/3185] CXX obj/chrome/browser/policy/impl/configuration_file_controller.o
[485/3185] CXX obj/chrome/browser/policy/impl/report_client.o
[486/3185] CXX obj/chrome/browser/policy/impl/encrypted_reporting_client.o
[487/3185] CXX obj/chrome/browser/policy/impl/event_upload_size_controller.o
[488/3185] CXX obj/chrome/browser/policy/impl/network_condition_service.o
[489/3185] CXX obj/chrome/browser/policy/impl/file_upload_job.o
[490/3185] CXX obj/chrome/browser/policy/impl/record_upload_request_builder.o
[491/3185] CXX obj/chrome/browser/policy/impl/record_handler_impl.o
[492/3185] CXX obj/chrome/browser/policy/impl/server_uploader.o
[493/3185] CXX obj/chrome/browser/policy/impl/upload_client.o
[494/3185] CXX obj/chrome/browser/policy/impl/upload_provider.o
[495/3185] CXX obj/chrome/browser/policy/impl/dm_token_retriever_provider.o
[496/3185] CXX obj/chrome/browser/policy/impl/report_queue_manual_test_context.o
[497/3185] CXX obj/chrome/browser/policy/impl/upload_response_parser.o
[498/3185] CXX obj/chrome/browser/policy/impl/user_dm_token_retriever.o
[499/3185] CXX obj/chrome/browser/policy/impl/reporting_server_connector.o
[500/3185] CXX obj/chrome/browser/policy/impl/policy_ui_utils.o
[501/3185] CXX obj/chrome/browser/policy/impl/policy_value_and_status_aggregator.o
[502/3185] CXX obj/chrome/browser/policy/impl/profile_policy_connector.o
[503/3185] CXX obj/chrome/browser/policy/impl/schema_registry_service.o
[504/3185] CXX obj/chrome/browser/policy/impl/profile_policy_connector_builder.o
[505/3185] CXX obj/chrome/browser/policy/impl/schema_registry_service_builder.o
[506/3185] CXX obj/chrome/browser/policy/impl/status_provider_util.o
[507/3185] CXX obj/chrome/browser/policy/impl/cloud_policy_core_status_provider.o
[508/3185] CXX obj/chrome/browser/policy/impl/chrome_policies_value_provider.o
[509/3185] CXX obj/chrome/browser/policy/impl/policy_value_provider.o
[510/3185] CXX obj/chrome/browser/policy/impl/user_cloud_policy_status_provider.o
[511/3185] CXX obj/chrome/browser/policy/impl/webhid_device_policy_handler.o
[512/3185] CXX obj/chrome/browser/policy/impl/value_provider_util.o
[513/3185] CXX obj/chrome/browser/policy/impl/webusb_allow_devices_for_urls_policy_handler.o
[514/3185] CXX obj/chrome/browser/policy/impl/extension_install_policy_service_factory.o
[515/3185] CXX obj/chrome/browser/policy/impl/extension_developer_mode_policy_handler.o
[516/3185] CXX obj/chrome/browser/policy/impl/extension_install_policy_service.o
[517/3185] CXX obj/chrome/browser/policy/impl/managed_account_policy_handler.o
[518/3185] CXX obj/chrome/browser/policy/impl/device_account_initializer.o
[519/3185] CXX obj/chrome/browser/policy/impl/cbcm_invalidations_initializer.o
[520/3185] CXX obj/chrome/browser/policy/impl/chrome_browser_cloud_management_controller_desktop.o
[521/3185] CXX obj/chrome/browser/policy/impl/chrome_browser_cloud_management_register_watcher.o
[522/3185] CXX obj/chrome/browser/policy/impl/client_data_delegate_desktop.o
[523/3185] CXX obj/chrome/browser/policy/impl/file_selection_dialogs_policy_handler.o
[524/3185] CXX obj/chrome/browser/policy/impl/browser_signin_policy_handler.o
[525/3185] CXX obj/chrome/browser/policy/impl/user_policy_signin_service.o
[526/3185] CXX obj/chrome/browser/policy/impl/user_policy_signin_service_util.o
[527/3185] CXX obj/chrome/browser/policy/impl/user_policy_signin_service_factory.o
[528/3185] OBJCXX obj/chrome/browser/policy/impl/browser_dm_token_storage_mac.o
[529/3185] CXX obj/chrome/browser/policy/impl/updater_status_and_value_provider_mac.o
[530/3185] CXX obj/chrome/browser/policy/impl/battery_saver_policy_handler.o
[531/3185] CXX obj/chrome/browser/policy/impl/updater_status_and_value_provider.o
[532/3185] CXX obj/chrome/browser/policy/impl/developer_tools_availability_list_policy_handler.o
[533/3185] CXX obj/chrome/browser/policy/impl/profile_token_policy_web_signin_service.o
[534/3185] CXX obj/chrome/browser/policy/impl/local_sync_policy_handler.o
[535/3185] CXX obj/chrome/browser/policy/impl/printing_restrictions_policy_handler.o
[536/3185] CXX obj/chrome/browser/policy/impl/profile_token_policy_web_signin_service_factory.o
[537/3185] CXX obj/chrome/browser/policy/impl/extension_policies_value_provider.o
[538/3185] CXX obj/chrome/browser/policy/impl/extension_install_policies_value_provider.o
[539/3185] CXX obj/chrome/browser/prefs/impl/chrome_command_line_pref_store.o
[540/3185] CXX obj/chrome/browser/prefs/impl/chrome_pref_model_associator_client.o
[541/3185] CXX obj/chrome/browser/prefs/impl/chrome_pref_service_factory.o
[542/3185] CXX obj/chrome/browser/prefs/impl/incognito_mode_prefs.o
[543/3185] CXX obj/chrome/browser/prefs/impl/pref_metrics_service.o
[544/3185] CXX obj/chrome/browser/prefs/impl/profile_pref_store_manager.o
[545/3185] CXX obj/chrome/browser/prefs/impl/persistent_renderer_prefs_manager.o
[546/3185] CXX obj/chrome/browser/prefs/impl/persistent_renderer_prefs_manager_factory.o
[547/3185] CXX obj/chrome/browser/printing/impl/print_error_dialog.o
[548/3185] CXX obj/chrome/browser/printing/impl/print_job.o
[549/3185] CXX obj/chrome/browser/printing/impl/print_job_manager.o
[550/3185] CXX obj/chrome/browser/prefs/impl/browser_prefs.o
[551/3185] CXX obj/chrome/browser/printing/impl/print_job_worker.o
[552/3185] CXX obj/chrome/browser/printing/impl/print_view_manager_common.o
[553/3185] CXX obj/chrome/browser/printing/impl/print_view_manager_base.o
[554/3185] CXX obj/chrome/browser/printing/impl/printer_query.o
[555/3185] CXX obj/chrome/browser/printing/impl/printer_manager_dialog_mac.o
[556/3185] CXX obj/chrome/browser/printing/impl/oop_features.o
[557/3185] CXX obj/chrome/browser/printing/impl/printing_init.o
[558/3185] CXX obj/chrome/browser/printing/impl/print_backend_service_manager.o
[559/3185] CXX obj/chrome/browser/printing/impl/print_job_worker_oop.o
[560/3185] CXX obj/chrome/browser/printing/impl/printer_query_oop.o
[561/3185] CXX obj/chrome/browser/printing/impl/prefs_util.o
[562/3185] CXX obj/chrome/browser/printing/impl/printing_service.o
[563/3185] CXX obj/chrome/browser/printing/impl/background_printing_manager.o
[564/3185] CXX obj/chrome/browser/printing/impl/pdf_nup_converter_client.o
[565/3185] CXX obj/chrome/browser/printing/impl/print_preview_data_service.o
[566/3185] CXX obj/chrome/browser/printing/impl/print_preview_context_menu_observer.o
[567/3185] CXX obj/chrome/browser/printing/impl/print_preview_sticky_settings.o
[568/3185] CXX obj/chrome/browser/printing/impl/print_preview_dialog_controller.o
[569/3185] CXX obj/chrome/browser/printing/impl/pwg_raster_converter.o
[570/3185] CXX obj/chrome/browser/printing/impl/print_view_manager.o
[571/3185] CXX obj/chrome/browser/profiles/misc/bookmark_model_loaded_observer.o
[572/3185] CXX obj/chrome/browser/printing/impl/web_printing_service_binder.o
[573/3185] CXX obj/chrome/browser/profiles/misc/chrome_version_service.o
[574/3185] CXX obj/chrome/browser/profiles/misc/incognito_helpers.o
[575/3185] CXX obj/chrome/browser/profiles/misc/profile_avatar_downloader.o
[576/3185] CXX obj/chrome/browser/profiles/misc/off_the_record_profile_impl.o
[577/3185] CXX obj/chrome/browser/profiles/misc/profile_key.o
[578/3185] CXX obj/chrome/browser/profiles/misc/profiles_state.o
[579/3185] CXX obj/chrome/browser/profiles/misc/sql_init_error_message_ids.o
[580/3185] CXX obj/chrome/browser/profiles/misc/profile_impl.o
[581/3185] CXX obj/chrome/browser/profiles/misc/avatar_menu.o
[582/3185] CXX obj/chrome/browser/profiles/misc/avatar_menu_desktop.o
[583/3185] CXX obj/chrome/browser/profiles/misc/profile_activity_metrics_recorder.o
[584/3185] CXX obj/chrome/browser/profiles/misc/profile_shortcut_manager_stub.o
[585/3185] CXX obj/chrome/browser/profiles/misc/profile_list_desktop.o
[586/3185] CXX obj/chrome/browser/profiles/profile_manager_impl/profile_destroyer.o
[587/3185] CXX obj/chrome/browser/profiles/profile_manager_impl/profile_metrics.o
[588/3185] CXX obj/chrome/browser/profiles/profile_manager_impl/profile_shortcut_manager.o
[589/3185] CXX obj/chrome/browser/profiles/profile_manager_impl/delete_profile_helper.o
[590/3185] CXX obj/chrome/browser/profiles/profile_manager_impl/profile_manager.o
[591/3185] CXX obj/chrome/browser/profiles/profile_util_impl/nuke_profile_directory_utils.o
[592/3185] CXX obj/chrome/browser/profiles/profile_manager_impl/profile_window.o
[593/3185] CXX obj/chrome/browser/profiles/profile_util_impl/profile_attributes_entry.o
[594/3185] CXX obj/chrome/browser/profiles/profile_util_impl/profile_attributes_init_params.o
[595/3185] CXX obj/chrome/browser/profiles/profile_util_impl/pref_service_builder_utils.o
[596/3185] CXX obj/chrome/browser/profiles/profile_util_impl/profile_attributes_storage.o
[597/3185] CXX obj/chrome/browser/profiles/profile_util_impl/profile_statistics.o
[598/3185] CXX obj/chrome/browser/profiles/profile_util_impl/profile_avatar_icon_util.o
[599/3185] CXX obj/chrome/browser/profiles/profile_util_impl/profile_statistics_common.o
[600/3185] CXX obj/chrome/browser/profiles/profile_util_impl/profile_statistics_factory.o
[601/3185] CXX obj/chrome/browser/profiles/profile_util_impl/profile_statistics_aggregator.o
[602/3185] CXX obj/chrome/browser/search_engine_choice/impl/search_engine_choice_service_client.o
[603/3185] CXX obj/chrome/browser/profiles/profile_util_impl/reporting_util.o
[604/3185] CXX obj/chrome/browser/search_engine_choice/impl/search_engine_choice_service_factory.o
[605/3185] CXX obj/chrome/browser/search_engine_choice/impl/search_engine_choice_dialog_service_factory.o
[606/3185] CXX obj/chrome/browser/sessions/impl/chrome_serialized_navigation_driver.o
[607/3185] CXX obj/chrome/browser/search_engine_choice/impl/search_engine_choice_dialog_service.o
[608/3185] CXX obj/chrome/browser/sessions/impl/chrome_tab_restore_service_client.o
[609/3185] CXX obj/chrome/browser/sessions/impl/session_common_utils.o
[610/3185] CXX obj/chrome/browser/sessions/impl/tab_restore_service_factory.o
[611/3185] CXX obj/chrome/browser/sessions/impl/restore_on_startup_policy_handler.o
[612/3185] CXX obj/chrome/browser/sessions/impl/session_tab_helper_factory.o
[613/3185] CXX obj/chrome/browser/sessions/impl/app_session_service_factory.o
[614/3185] CXX obj/chrome/browser/sessions/impl/app_session_service.o
[615/3185] CXX obj/chrome/browser/sessions/impl/exit_type_service_factory.o
[616/3185] CXX obj/chrome/browser/sessions/impl/exit_type_service.o
[617/3185] CXX obj/chrome/browser/sessions/impl/session_data_service.o
[618/3185] CXX obj/chrome/browser/sessions/impl/session_data_service_factory.o
[619/3185] CXX obj/chrome/browser/sessions/impl/session_data_deleter.o
[620/3185] CXX obj/chrome/browser/sessions/impl/session_restore_delegate.o
[621/3185] CXX obj/chrome/browser/sessions/impl/session_restore_stats_collector.o
[622/3185] CXX obj/chrome/browser/sessions/impl/session_restore.o
[623/3185] CXX obj/chrome/browser/sessions/impl/session_service.o
[624/3185] CXX obj/chrome/browser/sessions/impl/session_service_base.o
[625/3185] CXX obj/chrome/browser/sessions/impl/session_service_log.o
[626/3185] CXX obj/chrome/browser/sessions/impl/session_service_factory.o
[627/3185] CXX obj/chrome/browser/sessions/impl/session_service_utils.o
[628/3185] CXX obj/chrome/browser/sessions/impl/session_service_lookup.o
[629/3185] CXX obj/chrome/browser/signin/impl/about_signin_internals_factory.o
[630/3185] CXX obj/chrome/browser/signin/impl/account_consistency_mode_manager.o
[631/3185] CXX obj/chrome/browser/signin/impl/account_id_from_account_info.o
[632/3185] CXX obj/chrome/browser/signin/impl/account_consistency_mode_manager_factory.o
[633/3185] CXX obj/chrome/browser/signin/impl/account_investigator_factory.o
[634/3185] CXX obj/chrome/browser/signin/impl/account_preview_data_service_factory.o
[635/3185] CXX obj/chrome/browser/signin/impl/chrome_device_id_helper.o
[636/3185] CXX obj/chrome/browser/signin/impl/account_reconcilor_factory.o
[637/3185] CXX obj/chrome/browser/signin/impl/chrome_signin_client_factory.o
[638/3185] CXX obj/chrome/browser/signin/impl/chrome_signin_helper.o
[639/3185] CXX obj/chrome/browser/signin/impl/chrome_signin_client.o
[640/3185] CXX obj/chrome/browser/signin/impl/chrome_signin_url_loader_throttle.o
[641/3185] CXX obj/chrome/browser/signin/impl/chrome_signin_proxying_url_loader_factory.o
[642/3185] CXX obj/chrome/browser/signin/impl/identity_manager_factory.o
[643/3185] CXX obj/chrome/browser/signin/impl/header_modification_delegate_impl.o
[644/3185] CXX obj/chrome/browser/signin/impl/signin_error_controller_factory.o
[645/3185] CXX obj/chrome/browser/signin/impl/signin_metrics_service_factory.o
[646/3185] CXX obj/chrome/browser/signin/impl/signin_hats_util.o
[647/3185] CXX obj/chrome/browser/signin/impl/signin_policy_service.o
[648/3185] CXX obj/chrome/browser/signin/impl/signin_policy_service_factory.o
[649/3185] CXX obj/chrome/browser/signin/impl/signin_profile_attributes_updater.o
[650/3185] CXX obj/chrome/browser/signin/impl/signin_profile_attributes_updater_factory.o
[651/3185] CXX obj/chrome/browser/signin/impl/cross_device_signin_promo_manager.o
[652/3185] CXX obj/chrome/browser/signin/impl/signin_util.o
[653/3185] CXX obj/chrome/browser/signin/impl/dice_intercepted_session_startup_helper.o
[654/3185] CXX obj/chrome/browser/signin/impl/dice_response_handler.o
[655/3185] CXX obj/chrome/browser/signin/impl/dice_response_handler_factory.o
[656/3185] CXX obj/chrome/browser/signin/impl/dice_signed_in_profile_creator.o
[657/3185] CXX obj/chrome/browser/signin/impl/dice_tab_helper.o
[658/3185] CXX obj/chrome/browser/signin/impl/dice_web_signin_interceptor_factory.o
[659/3185] CXX obj/chrome/browser/signin/impl/logout_tab_helper.o
[660/3185] CXX obj/chrome/browser/signin/impl/dice_web_signin_interceptor.o
[661/3185] CXX obj/chrome/browser/signin/impl/process_dice_header_delegate_impl.o
[662/3185] CXX obj/chrome/browser/signin/impl/web_signin_interceptor.o
[663/3185] CXX obj/chrome/browser/signin/impl/signin_ui_delegate_impl_dice.o
[664/3185] CXX obj/chrome/browser/signin/impl/signin_promo.o
[665/3185] CXX obj/chrome/browser/signin/impl/signin_promo_util.o
[666/3185] CXX obj/chrome/browser/signin/impl/force_signin_verifier.o
[667/3185] CXX obj/chrome/browser/signin/impl/signin_ui_util.o
[668/3185] CXX obj/chrome/browser/signin/impl/signin_ui_delegate.o
[669/3185] CXX obj/chrome/browser/signin/impl/signin_ui_util_extensions.o
[670/3185] CXX obj/chrome/browser/signin/impl/wait_for_network_callback_helper_chrome.o
[671/3185] CXX obj/chrome/browser/signin/impl/chrome_signin_and_sync_status_metrics_provider.o
[672/3185] CXX obj/chrome/browser/signin/impl/accounts_policy_manager_factory.o
[673/3185] CXX obj/chrome/browser/signin/impl/accounts_policy_manager.o
[674/3185] CXX obj/chrome/browser/signin/impl/bound_session_cookie_controller.o
[675/3185] CXX obj/chrome/browser/signin/impl/bound_session_cookie_observer.o
[676/3185] CXX obj/chrome/browser/signin/impl/bound_session_cookie_controller_impl.o
[677/3185] CXX obj/chrome/browser/signin/impl/bound_session_cookie_refresh_service_factory.o
[678/3185] CXX obj/chrome/browser/signin/impl/bound_session_cookie_refresh_service_impl.o
[679/3185] CXX obj/chrome/browser/signin/impl/bound_session_debug_info.o
[680/3185] CXX obj/chrome/browser/signin/impl/bound_session_params_storage.o
[681/3185] CXX obj/chrome/browser/signin/impl/bound_session_params_util.o
[682/3185] CXX obj/chrome/browser/signin/impl/bound_session_refresh_cookie_fetcher.o
[683/3185] CXX obj/chrome/browser/signin/impl/bound_session_refresh_cookie_debug_report_fetcher.o
[684/3185] CXX obj/chrome/browser/signin/impl/bound_session_refresh_cookie_fetcher_impl.o
[685/3185] CXX obj/chrome/browser/signin/impl/bound_session_registration_fetcher_param.o
[686/3185] CXX obj/chrome/browser/signin/impl/bound_session_registration_fetcher_impl.o
[687/3185] CXX obj/chrome/browser/signin/impl/bound_session_request_throttled_handler_browser_impl.o
[688/3185] CXX obj/chrome/browser/signin/impl/bound_session_switches.o
[689/3185] CXX obj/chrome/browser/signin/impl/session_binding_helper.o
[690/3185] CXX obj/chrome/browser/signin/impl/throttled_gaia_auth_fetcher.o
[691/3185] CXX obj/chrome/browser/signin/impl/unexportable_key_obsolete_profile_garbage_collector.o
[692/3185] CXX obj/chrome/browser/signin/impl/unexportable_key_profile_garbage_collection_service_factory.o
[693/3185] CXX obj/chrome/browser/signin/impl/unexportable_key_provider_config.o
[694/3185] CXX obj/chrome/browser/signin/impl/unexportable_key_service_factory.o
[695/3185] CXX obj/chrome/browser/signin/impl/bound_session_oauth_multilogin_delegate_impl.o
[696/3185] CXX obj/chrome/browser/signin/impl/dice_bound_session_cookie_service.o
[697/3185] CXX obj/chrome/browser/signin/impl/dice_bound_session_cookie_service_factory.o
[698/3185] CXX obj/chrome/browser/skills/ui/skills_dialog_launcher.o
[699/3185] CXX obj/chrome/browser/skills/ui/skills_update_observer.o
[700/3185] CXX obj/chrome/browser/skills/ui/skills_ui_tab_controller.o
[701/3185] CXX obj/chrome/browser/skills/ui/skills_ui_window_controller.o
[702/3185] CXX obj/chrome/browser/ssl/impl/ask_before_http_dialog_controller.o
[703/3185] CXX obj/chrome/browser/ssl/impl/chrome_security_blocking_page_factory.o
[704/3185] CXX obj/chrome/browser/ssl/impl/connection_help_tab_helper.o
[705/3185] CXX obj/chrome/browser/ssl/impl/daily_navigation_counter.o
[706/3185] CXX obj/chrome/browser/ssl/impl/https_defaulted_callbacks.o
[707/3185] CXX obj/chrome/browser/ssl/impl/chrome_security_state_util.o
[708/3185] CXX obj/chrome/browser/ssl/impl/https_only_mode_controller_client.o
[709/3185] CXX obj/chrome/browser/ssl/impl/https_first_mode_settings_tracker.o
[710/3185] CXX obj/chrome/browser/ssl/impl/https_only_mode_tab_helper.o
[711/3185] CXX obj/chrome/browser/ssl/impl/https_upgrades_navigation_throttle.o
[712/3185] CXX obj/chrome/browser/ssl/impl/https_upgrades_interceptor.o
[713/3185] CXX obj/chrome/browser/ssl/impl/insecure_form_controller_client.o
[714/3185] CXX obj/chrome/browser/ssl/impl/https_upgrades_util.o
[715/3185] CXX obj/chrome/browser/ssl/impl/known_interception_disclosure_infobar_delegate.o
[716/3185] CXX obj/chrome/browser/ssl/impl/sct_reporting_service.o
[717/3185] CXX obj/chrome/browser/ssl/impl/sct_reporting_service_factory.o
[718/3185] CXX obj/chrome/browser/ssl/impl/secure_origin_policy_handler.o
[719/3185] CXX obj/chrome/browser/ssl/impl/secure_origin_prefs_observer.o
[720/3185] CXX obj/chrome/browser/ssl/impl/security_state_event_observer.o
[721/3185] CXX obj/chrome/browser/ssl/impl/ssl_config_service_manager.o
[722/3185] CXX obj/chrome/browser/ssl/impl/ssl_error_controller_client.o
[723/3185] CXX obj/chrome/browser/ssl/impl/stateful_ssl_host_state_delegate_factory.o
[724/3185] CXX obj/chrome/browser/ssl/impl/typed_navigation_upgrade_throttle.o
[725/3185] CXX obj/chrome/browser/ssl/impl/generated_https_first_mode_pref.o
[726/3185] CXX obj/chrome/browser/ssl/impl/ssl_client_auth_observer.o
[727/3185] CXX obj/chrome/browser/supervised_user/impl/child_account_service_factory.o
[728/3185] CXX obj/chrome/browser/supervised_user/impl/list_family_members_service_factory.o
[729/3185] CXX obj/chrome/browser/supervised_user/impl/chrome_supervised_user_service_platform_delegate_base.o
[730/3185] CXX obj/chrome/browser/supervised_user/impl/chrome_supervised_user_web_content_handler_base.o
[731/3185] CXX obj/chrome/browser/supervised_user/impl/family_link_settings_service_factory.o
[732/3185] CXX obj/chrome/browser/supervised_user/impl/metrics_service_accessor_delegate.o
[733/3185] CXX obj/chrome/browser/supervised_user/impl/classify_url_navigation_throttle.o
[734/3185] CXX obj/chrome/browser/supervised_user/impl/supervised_user_browser_utils.o
[735/3185] CXX obj/chrome/browser/supervised_user/impl/supervised_user_google_auth_navigation_throttle.o
[736/3185] CXX obj/chrome/browser/supervised_user/impl/supervised_user_interstitial_tab_closer.o
[737/3185] CXX obj/chrome/browser/supervised_user/impl/supervised_user_metrics_service_factory.o
[738/3185] CXX obj/chrome/browser/supervised_user/impl/supervised_user_service_factory.o
[739/3185] CXX obj/chrome/browser/supervised_user/impl/supervised_user_navigation_observer.o
[740/3185] CXX obj/chrome/browser/supervised_user/impl/supervised_user_service_platform_delegate.o
[741/3185] CXX obj/chrome/browser/supervised_user/impl/supervised_user_url_filtering_service_factory.o
[742/3185] CXX obj/chrome/browser/supervised_user/impl/supervised_user_verification_controller_client.o
[743/3185] CXX obj/chrome/browser/supervised_user/impl/parent_access_dialog_result_observer.o
[744/3185] CXX obj/chrome/browser/supervised_user/impl/supervised_user_extensions_metrics_delegate_impl.o
[745/3185] CXX obj/chrome/browser/supervised_user/impl/parent_access_view.o
[746/3185] CXX obj/chrome/browser/supervised_user/impl/supervised_user_web_content_handler_impl.o
[747/3185] CXX obj/chrome/browser/supervised_user/impl/supervised_user_verification_page.o
[748/3185] CXX obj/chrome/browser/supervised_user/impl/supervised_user_verification_page_youtube.o
[749/3185] CXX obj/chrome/browser/supervised_user/impl/supervised_user_verification_page_blocked_sites.o
[750/3185] CXX obj/chrome/browser/supervised_user/impl/extension_icon_loader.o
[751/3185] CXX obj/chrome/browser/supervised_user/impl/supervised_user_extensions_delegate_impl.o
[752/3185] CXX obj/chrome/browser/supervised_user/impl/supervised_user_extensions_metrics_recorder.o
[753/3185] CXX obj/chrome/browser/supervised_user/impl/supervised_user_extensions_manager.o
[754/3185] CXX obj/chrome/browser/ui/ui/tab_helpers.o
[755/3185] CXX obj/chrome/browser/ui/ui/chrome_browser_interface_binders_webui_parts_desktop.o
[756/3185] CXX obj/chrome/browser/ui/ui/browser.o
FAILED: obj/chrome/browser/ui/ui/browser.o 
../../third_party/llvm-build/Release+Asserts/bin/clang++ -MMD -MF obj/chrome/browser/ui/ui/browser.o.d -D__STDC_CONSTANT_MACROS -D__STDC_FORMAT_MACROS -D_FORTIFY_SOURCE=3 -D__ARM_NEON__=1 -DCR_XCODE_BUILD=17F42 -DCR_CLANG_REVISION=\"llvmorg-24-init-3796-g20e97c4b-2\" -DCOMPONENT_BUILD -D_LIBCPP_HARDENING_MODE=_LIBCPP_HARDENING_MODE_EXTENSIVE -D_LIBCPP_INSTRUMENTED_WITH_ASAN=0 -DCR_LIBCXX_REVISION=97b436da4c33663581d394f4ee0a5977fc38c2f4 -DDCHECK_ALWAYS_ON=1 -DNDEBUG -DNVALGRIND -DDYNAMIC_ANNOTATIONS_ENABLED=0 -DSK_ENABLE_SKSL -DSK_UNTIL_CRBUG_1187654_IS_FIXED -DSK_USER_CONFIG_HEADER=\"../../skia/config/SkUserConfig.h\" -DSK_USE_PARTITION_ALLOC -DSK_WIN_FONTMGR_NO_SIMULATIONS -DSK_ENABLE_LEGACY_SHADERCONTEXT -DSK_LEGACY_DESERIAL_IMAGE_PROC -DSK_CODEC_DECODES_PNG -DSK_CODEC_DECODES_PNG_WITH_RUST -DSK_CODEC_ENCODES_PNG -DSK_CODEC_ENCODES_PNG_WITH_RUST -DSK_CODEC_DECODES_BMP_WITH_RUST -DSK_CODEC_DECODES_ICO_WITH_RUST -DSK_CODEC_COLOR_PROFILE_PARSE_WITH_RUST -DSK_EXIF_PARSE_WITH_RUST -DSK_ENABLE_AVX512_OPTS -DSK_CODEC_DECODES_JPEG -DSK_CODEC_ENCODES_JPEG -DSKIA_DLL -DSK_BUILD_FOR_MAC -DSK_GAMMA_SRGB -DSK_GAMMA_CONTRAST=0.0 -DSK_GANESH -DSK_GPU_WORKAROUNDS_HEADER=\"gpu/config/gpu_driver_bug_workaround_autogen.h\" -DSK_GL -DSK_GRAPHITE -DSK_DAWN -DSKCMS_DLL=1 -DCHROMIUM -DLIBYUV_DISABLE_SME -DLIBYUV_DISABLE_LSX -DLIBYUV_DISABLE_LASX -DTOOLKIT_VIEWS=1 -DON_FOCUS_PING_ENABLED -DABSL_CONSUME_DLL -DABSL_FLAGS_STRIP_NAMES=0 -DBORINGSSL_SHARED_LIBRARY -DWGPU_SHARED_LIBRARY -DSKCMS_IMPLEMENTATION=1 -DU_USING_ICU_NAMESPACE=0 -DU_ENABLE_DYLOAD=0 -DUSE_CHROMIUM_ICU=1 -DU_ENABLE_TRACING=1 -DU_ENABLE_RESOURCE_TRACING=0 -DICU_UTIL_DATA_IMPL=ICU_UTIL_DATA_FILE -DGOOGLE_PROTOBUF_NO_RTTI -DPROTOBUF_INTERNAL_BOUNDS_CHECK_MODE_ABORT -DHAVE_PTHREAD -DPROTOBUF_USE_DLLS -DPROTOBUF_ENABLE_DEBUG_LOGGING_MAY_LEAK_PII=0 -DWEBRTC_ENABLE_SYMBOL_EXPORT -DWEBRTC_ENABLE_AVX2 -DWEBRTC_DEPRECATE_PLAN_B -DWEBRTC_CHROMIUM_BUILD -DWEBRTC_POSIX -DWEBRTC_MAC -DABSL_ALLOCATOR_NOTHROW=1 -DLOGGING_INSIDE_WEBRTC -DLEVELDB_PLATFORM_CHROMIUM=1 -DLEVELDB_SHARED_LIBRARY -DCRASHPAD_ZLIB_SOURCE_EXTERNAL -DV8_USE_EXTERNAL_STARTUP_DATA -DUSING_V8_SHARED -DUSING_V8_SHARED_PRIVATE -DV8_ARRAY_BUFFER_INTERNAL_FIELD_COUNT=0 -DV8_ARRAY_BUFFER_VIEW_INTERNAL_FIELD_COUNT=0 -DV8_PROMISE_INTERNAL_FIELD_COUNT=0 -DV8_USE_DEFAULT_HASHER_SECRET=true -DV8_ENABLE_MEMORY_ACCOUNTING_CHECKS -DV8_COMPRESS_POINTERS -DV8_COMPRESS_POINTERS_IN_SHARED_CAGE -DV8_31BIT_SMIS_ON_64BIT_ARCH -DV8_ENABLE_SANDBOX -DV8_DEPRECATION_WARNINGS -DV8_DISALLOW_JS_IN_API_INTERRUPTS_IS_CHECKED -DV8_USE_PERFETTO -DV8_USE_PERFETTO_JSON_EXPORT -DV8_CPPGC_MICROTASK_QUEUE -DV8_HAVE_TARGET_OS -DV8_TARGET_OS_MACOS -DV8_TARGET_ARCH_ARM64 -DCPPGC_ENABLE_API_CHECKS -DCPPGC_SUPPORTS_OBJECT_NAMES -DCPPGC_CAGED_HEAP -DCPPGC_YOUNG_GENERATION -DCPPGC_POINTER_COMPRESSION -DCPPGC_ENABLE_LARGER_CAGE -DCPPGC_SLIM_WRITE_BARRIER -DFLATBUFFERS_LOCALE_INDEPENDENT=0 -DTFL_STATIC_LIBRARY_BUILD -DTF_MAJOR_VERSION=2 -DTF_MINOR_VERSION=22 -DTF_PATCH_VERSION=0 -DTF_VERSION_SUFFIX= -DEIGEN_MPL2_ONLY -DEIGEN_MAX_ALIGN_BYTES=64 -DEIGEN_HAS_TYPE_TRAITS=0 -DI18N_ADDRESS_VALIDATION_DATA_URL=\"https://chromium-i18n.appspot.com/ssl-aggregate-address/\" -DUSE_LIBCXX_MODULES -Igen/chrome/browser/ui -I../.. -Igen -I../../buildtools/third_party/libc++ -I../../third_party/perfetto/include -Igen/third_party/perfetto/build_config -Igen/third_party/perfetto -I../../third_party/skia -Igen/third_party/skia -I../../third_party/wuffs/src/release/c -Igen/third_party/dawn/include -I../../third_party/dawn/include -I../../net/third_party/quiche/overrides -I../../net/third_party/quiche/src/quiche/common/platform/default -I../../net/third_party/quiche/src -I../../third_party/khronos -I../../gpu -I../../third_party/libyuv/include -Igen/third_party/private_membership/src -Igen/third_party/shell-encryption/src -Igen/components/policy/proto -I../../base/allocator/partition_allocator/src -Igen/base/allocator/partition_allocator/src -I../../third_party/abseil-cpp -I../../third_party/boringssl/src/include -I../../third_party/protobuf/src -I../../third_party/ipcz/include -I../../third_party/icu/source/common -I../../third_party/icu/source/i18n -I../../third_party/ced/src -Igen/net/third_party/quiche/src -I../../third_party/re2/src -I../../third_party/webrtc_overrides -I../../third_party/webrtc -Igen/third_party/webrtc -I../../third_party/libwebm/source -I../../third_party/angle/include -I../../third_party/leveldatabase -I../../third_party/leveldatabase/src -I../../third_party/leveldatabase/src/include -I../../third_party/crashpad/crashpad -I../../third_party/crashpad/crashpad/compat/mac -I../../third_party/crashpad/crashpad/compat/non_win -I../../third_party/zlib -I../../third_party/libaom/source/libaom -I../../third_party/libaom/source/config/linux/arm64-cpu-detect -I../../v8/include -I../../third_party/flatbuffers/src/include -I../../third_party/flatbuffers/src/src -I../../third_party/flatbuffers/src -I../../third_party/flatbuffers/generated -Igen/components/reporting/proto/synced -Igen/components/optimization_guide/proto/features -Igen/third_party/omnibox_proto -Igen/third_party/metrics_proto -I../../third_party/ml_dtypes/src -I../../third_party/ml_dtypes/src/ml_dtypes -Igen/third_party/tflite/src -I../../third_party/tflite/shims -I../../third_party/tflite/src -I../../third_party/tflite/src/third_party/xla -I../../third_party/tflite/src/third_party/xla/third_party/tsl -I../../third_party/pthreadpool/src/include -I../../third_party/eigen3/src -I../../third_party/neon_2_sse/src -I../../third_party/ruy/src -I../../third_party/fp16/src/include -I../../third_party/tflite_support/src -I../../third_party/tflite_support/src/tensorflow_lite_support -Igen/third_party/tflite_support/src -I../../third_party/libaddressinput/src/cpp/include -Igen/third_party/content_analysis_sdk/src/proto -Igen/third_party/protobuf/lite/timestamp_proto/src -Igen/third_party/anonymous_tokens/src -Igen/third_party/protobuf/lite/any_proto/src -I../../third_party/anonymous_tokens/overrides -I../../third_party/anonymous_tokens/src -Igen/third_party/federated_compute/src -Igen/third_party/oak/chromium -Igen/third_party/protobuf/lite/duration_proto/src -I../../third_party/brotli/include -Wall -Wextra -Wimplicit-fallthrough -Wextra-semi -Wunreachable-code-aggressive -Wgnu -Wno-gnu-anonymous-struct -Wno-gnu-conditional-omitted-operand -Wno-gnu-include-next -Wno-gnu-label-as-value -Wno-gnu-redeclared-enum -Wno-gnu-statement-expression -Wno-gnu-zero-variadic-macro-arguments -Wno-zero-length-array -Wthread-safety -Wno-unused-template -Wunguarded-availability -Wno-missing-field-initializers -Wno-unused-parameter -Wno-psabi -Wno-stringop-overread -Wloop-analysis -Wno-unneeded-internal-declaration -Wno-cast-function-type -Wno-thread-safety-reference-return -Wno-nontrivial-memcall -Wno-uninitialized-const-pointer -Wno-unused-but-set-global -Wexit-time-destructors -Wshadow -Werror -Werror=\#pragma-messages -fno-delete-null-pointer-checks -fno-strict-overflow -fno-ident -fno-math-errno -fno-strict-aliasing -fstack-protector -fcolor-diagnostics -fdiagnostics-show-inlining-chain -fmerge-all-constants -fcrash-diagnostics-dir=../clang-crashreports -fno-lifetime-dse -mllvm -instcombine-lower-dbg-declare=0 -mllvm -split-threshold-for-reg-with-hint=0 -ffp-contract=off -fcomplete-member-pointers --target=arm64-apple-macos -mno-outline -Wno-builtin-macro-redefined -D__DATE__= -D__TIME__= -D__TIMESTAMP__= -ffile-compilation-dir=. -no-canonical-prefixes -Xclang -fmodule-file-home-is-cwd -Xclang -fmodules-cache-path=/not_exist_dummy_dir --warning-suppression-mappings=../../build/config/warning_suppression.txt -ftrivial-auto-var-init=pattern -O2 -fno-omit-frame-pointer -gdwarf-4 -g1 -gdwarf-aranges -isysroot sdk/xcode_links/MacOSX26.5.sdk -mmacos-version-min=13.0 -fsanitize=array-bounds -fsanitize-trap=array-bounds -fsanitize-ignore-for-ubsan-feature=array-bounds -Wno-unsafe-buffer-usage-in-static-sized-array -fsanitize=return -fsanitize-trap=return -fsanitize-ignore-for-ubsan-feature=return -fvisibility=hidden -Wheader-hygiene -Wstring-conversion -Wtautological-overlap-compare -Xclang -add-plugin -Xclang find-bad-constructs -Xclang -plugin-arg-find-bad-constructs -Xclang check-stack-allocated -Xclang -plugin-arg-find-bad-constructs -Xclang relax-ctor-checks-for-aggregates -Xclang -add-plugin -Xclang raw-ptr-plugin -Xclang -plugin-arg-raw-ptr-plugin -Xclang check-raw-ptr-to-stack-allocated -Xclang -plugin-arg-raw-ptr-plugin -Xclang disable-check-raw-ptr-to-stack-allocated-error -Xclang -plugin-arg-raw-ptr-plugin -Xclang raw-ptr-exclude-path=../../third_party/dawn/ -Xclang -plugin-arg-raw-ptr-plugin -Xclang raw-ptr-exclude-path=../../build/config/clang/chrome/test/fuzzing/webidl_fuzzing/ -Xclang -plugin-arg-raw-ptr-plugin -Xclang check-raw-ptr-fields -Xclang -plugin-arg-raw-ptr-plugin -Xclang check-span-fields -Xclang -plugin-arg-raw-ptr-plugin -Xclang check-raw-ref-fields -Xclang -plugin-arg-raw-ptr-plugin -Xclang no-special-treatment-for-oilpanized-paths -DUNSAFE_BUFFERS_BUILD -Wunsafe-buffer-usage -Wno-error=unsafe-buffer-usage -Xclang -add-plugin -Xclang unsafe-buffers -Xclang -plugin-arg-unsafe-buffers -Xclang ../../build/config/unsafe_buffers_paths.txt -Wno-invalid-offsetof -Wenum-compare-conditional -Wno-nullability-completeness -Wunique-object-duplication -std=c++23 -Wno-trigraphs -fno-exceptions -fno-rtti -nostdinc++ -isystem../../third_party/libc++/src/include -isystem../../third_party/libc++abi/src/include -fvisibility-inlines-hidden -fmodules -fno-implicit-module-maps -fno-implicit-modules -Xclang -fmodules-local-submodule-visibility -Wno-modules-ambiguous-internal-linkage -Wno-modules-import-nested-redundant -Xclang -fmodules-disable-diagnostic-validation -Wno-module-import-in-extern-c -fmodule-map-file=gen/build/modules/module.modulemap -fmodule-file=//build/modules:system=obj/build/modules/system/module.pcm -fmodule-name="//chrome/browser/ui:ui_Private" -c ../../chrome/browser/ui/browser.cc -o obj/chrome/browser/ui/ui/browser.o
../../chrome/browser/ui/browser.cc:626:34: error: member access into incomplete type 'BrowserView'
  626 |          window_->AsBrowserView()->IsAhoiBrowserSurface();
      |                                  ^
../../chrome/browser/ui/browser_window.h:42:7: note: forward declaration of 'BrowserView'
   42 | class BrowserView;
      |       ^
../../chrome/browser/ui/browser.cc:637:29: error: member access into incomplete type 'BrowserView'
  637 |     window_->AsBrowserView()->SetAhoiEmptyStateVisible(true);
      |                             ^
../../chrome/browser/ui/browser_window.h:42:7: note: forward declaration of 'BrowserView'
   42 | class BrowserView;
      |       ^
../../chrome/browser/ui/browser.cc:729:13: error: incomplete type 'BrowserView' named in nested name specifier
  729 |             BrowserView::GetBrowserViewForBrowser(this)) {
      |             ^~~~~~~~~~~~~
../../chrome/browser/ui/browser_window.h:42:7: note: forward declaration of 'BrowserView'
   42 | class BrowserView;
      |       ^
../../chrome/browser/ui/browser.cc:731:27: error: member access into incomplete type 'BrowserView'
  731 |               browser_view->ahoi_popup_overlay_controller()) {
      |                           ^
../../chrome/browser/ui/browser_window.h:42:7: note: forward declaration of 'BrowserView'
   42 | class BrowserView;
      |       ^
../../chrome/browser/ui/browser.cc:900:35: error: incomplete type 'BrowserView' named in nested name specifier
  900 |     if (BrowserView* const view = BrowserView::GetBrowserViewForBrowser(this)) {
      |                                   ^~~~~~~~~~~~~
../../chrome/browser/ui/browser_window.h:42:7: note: forward declaration of 'BrowserView'
   42 | class BrowserView;
      |       ^
../../chrome/browser/ui/browser.cc:901:35: error: member access into incomplete type 'BrowserView'
  901 |       if (auto* const popup = view->ahoi_popup_overlay_controller()) {
      |                                   ^
../../chrome/browser/ui/browser_window.h:42:7: note: forward declaration of 'BrowserView'
   42 | class BrowserView;
      |       ^
6 errors generated.
[757/3185] CXX obj/chrome/browser/ui/ui/browser_command_controller.o
FAILED: obj/chrome/browser/ui/ui/browser_command_controller.o 
../../third_party/llvm-build/Release+Asserts/bin/clang++ -MMD -MF obj/chrome/browser/ui/ui/browser_command_controller.o.d -D__STDC_CONSTANT_MACROS -D__STDC_FORMAT_MACROS -D_FORTIFY_SOURCE=3 -D__ARM_NEON__=1 -DCR_XCODE_BUILD=17F42 -DCR_CLANG_REVISION=\"llvmorg-24-init-3796-g20e97c4b-2\" -DCOMPONENT_BUILD -D_LIBCPP_HARDENING_MODE=_LIBCPP_HARDENING_MODE_EXTENSIVE -D_LIBCPP_INSTRUMENTED_WITH_ASAN=0 -DCR_LIBCXX_REVISION=97b436da4c33663581d394f4ee0a5977fc38c2f4 -DDCHECK_ALWAYS_ON=1 -DNDEBUG -DNVALGRIND -DDYNAMIC_ANNOTATIONS_ENABLED=0 -DSK_ENABLE_SKSL -DSK_UNTIL_CRBUG_1187654_IS_FIXED -DSK_USER_CONFIG_HEADER=\"../../skia/config/SkUserConfig.h\" -DSK_USE_PARTITION_ALLOC -DSK_WIN_FONTMGR_NO_SIMULATIONS -DSK_ENABLE_LEGACY_SHADERCONTEXT -DSK_LEGACY_DESERIAL_IMAGE_PROC -DSK_CODEC_DECODES_PNG -DSK_CODEC_DECODES_PNG_WITH_RUST -DSK_CODEC_ENCODES_PNG -DSK_CODEC_ENCODES_PNG_WITH_RUST -DSK_CODEC_DECODES_BMP_WITH_RUST -DSK_CODEC_DECODES_ICO_WITH_RUST -DSK_CODEC_COLOR_PROFILE_PARSE_WITH_RUST -DSK_EXIF_PARSE_WITH_RUST -DSK_ENABLE_AVX512_OPTS -DSK_CODEC_DECODES_JPEG -DSK_CODEC_ENCODES_JPEG -DSKIA_DLL -DSK_BUILD_FOR_MAC -DSK_GAMMA_SRGB -DSK_GAMMA_CONTRAST=0.0 -DSK_GANESH -DSK_GPU_WORKAROUNDS_HEADER=\"gpu/config/gpu_driver_bug_workaround_autogen.h\" -DSK_GL -DSK_GRAPHITE -DSK_DAWN -DSKCMS_DLL=1 -DCHROMIUM -DLIBYUV_DISABLE_SME -DLIBYUV_DISABLE_LSX -DLIBYUV_DISABLE_LASX -DTOOLKIT_VIEWS=1 -DON_FOCUS_PING_ENABLED -DABSL_CONSUME_DLL -DABSL_FLAGS_STRIP_NAMES=0 -DBORINGSSL_SHARED_LIBRARY -DWGPU_SHARED_LIBRARY -DSKCMS_IMPLEMENTATION=1 -DU_USING_ICU_NAMESPACE=0 -DU_ENABLE_DYLOAD=0 -DUSE_CHROMIUM_ICU=1 -DU_ENABLE_TRACING=1 -DU_ENABLE_RESOURCE_TRACING=0 -DICU_UTIL_DATA_IMPL=ICU_UTIL_DATA_FILE -DGOOGLE_PROTOBUF_NO_RTTI -DPROTOBUF_INTERNAL_BOUNDS_CHECK_MODE_ABORT -DHAVE_PTHREAD -DPROTOBUF_USE_DLLS -DPROTOBUF_ENABLE_DEBUG_LOGGING_MAY_LEAK_PII=0 -DWEBRTC_ENABLE_SYMBOL_EXPORT -DWEBRTC_ENABLE_AVX2 -DWEBRTC_DEPRECATE_PLAN_B -DWEBRTC_CHROMIUM_BUILD -DWEBRTC_POSIX -DWEBRTC_MAC -DABSL_ALLOCATOR_NOTHROW=1 -DLOGGING_INSIDE_WEBRTC -DLEVELDB_PLATFORM_CHROMIUM=1 -DLEVELDB_SHARED_LIBRARY -DCRASHPAD_ZLIB_SOURCE_EXTERNAL -DV8_USE_EXTERNAL_STARTUP_DATA -DUSING_V8_SHARED -DUSING_V8_SHARED_PRIVATE -DV8_ARRAY_BUFFER_INTERNAL_FIELD_COUNT=0 -DV8_ARRAY_BUFFER_VIEW_INTERNAL_FIELD_COUNT=0 -DV8_PROMISE_INTERNAL_FIELD_COUNT=0 -DV8_USE_DEFAULT_HASHER_SECRET=true -DV8_ENABLE_MEMORY_ACCOUNTING_CHECKS -DV8_COMPRESS_POINTERS -DV8_COMPRESS_POINTERS_IN_SHARED_CAGE -DV8_31BIT_SMIS_ON_64BIT_ARCH -DV8_ENABLE_SANDBOX -DV8_DEPRECATION_WARNINGS -DV8_DISALLOW_JS_IN_API_INTERRUPTS_IS_CHECKED -DV8_USE_PERFETTO -DV8_USE_PERFETTO_JSON_EXPORT -DV8_CPPGC_MICROTASK_QUEUE -DV8_HAVE_TARGET_OS -DV8_TARGET_OS_MACOS -DV8_TARGET_ARCH_ARM64 -DCPPGC_ENABLE_API_CHECKS -DCPPGC_SUPPORTS_OBJECT_NAMES -DCPPGC_CAGED_HEAP -DCPPGC_YOUNG_GENERATION -DCPPGC_POINTER_COMPRESSION -DCPPGC_ENABLE_LARGER_CAGE -DCPPGC_SLIM_WRITE_BARRIER -DFLATBUFFERS_LOCALE_INDEPENDENT=0 -DTFL_STATIC_LIBRARY_BUILD -DTF_MAJOR_VERSION=2 -DTF_MINOR_VERSION=22 -DTF_PATCH_VERSION=0 -DTF_VERSION_SUFFIX= -DEIGEN_MPL2_ONLY -DEIGEN_MAX_ALIGN_BYTES=64 -DEIGEN_HAS_TYPE_TRAITS=0 -DI18N_ADDRESS_VALIDATION_DATA_URL=\"https://chromium-i18n.appspot.com/ssl-aggregate-address/\" -DUSE_LIBCXX_MODULES -Igen/chrome/browser/ui -I../.. -Igen -I../../buildtools/third_party/libc++ -I../../third_party/perfetto/include -Igen/third_party/perfetto/build_config -Igen/third_party/perfetto -I../../third_party/skia -Igen/third_party/skia -I../../third_party/wuffs/src/release/c -Igen/third_party/dawn/include -I../../third_party/dawn/include -I../../net/third_party/quiche/overrides -I../../net/third_party/quiche/src/quiche/common/platform/default -I../../net/third_party/quiche/src -I../../third_party/khronos -I../../gpu -I../../third_party/libyuv/include -Igen/third_party/private_membership/src -Igen/third_party/shell-encryption/src -Igen/components/policy/proto -I../../base/allocator/partition_allocator/src -Igen/base/allocator/partition_allocator/src -I../../third_party/abseil-cpp -I../../third_party/boringssl/src/include -I../../third_party/protobuf/src -I../../third_party/ipcz/include -I../../third_party/icu/source/common -I../../third_party/icu/source/i18n -I../../third_party/ced/src -Igen/net/third_party/quiche/src -I../../third_party/re2/src -I../../third_party/webrtc_overrides -I../../third_party/webrtc -Igen/third_party/webrtc -I../../third_party/libwebm/source -I../../third_party/angle/include -I../../third_party/leveldatabase -I../../third_party/leveldatabase/src -I../../third_party/leveldatabase/src/include -I../../third_party/crashpad/crashpad -I../../third_party/crashpad/crashpad/compat/mac -I../../third_party/crashpad/crashpad/compat/non_win -I../../third_party/zlib -I../../third_party/libaom/source/libaom -I../../third_party/libaom/source/config/linux/arm64-cpu-detect -I../../v8/include -I../../third_party/flatbuffers/src/include -I../../third_party/flatbuffers/src/src -I../../third_party/flatbuffers/src -I../../third_party/flatbuffers/generated -Igen/components/reporting/proto/synced -Igen/components/optimization_guide/proto/features -Igen/third_party/omnibox_proto -Igen/third_party/metrics_proto -I../../third_party/ml_dtypes/src -I../../third_party/ml_dtypes/src/ml_dtypes -Igen/third_party/tflite/src -I../../third_party/tflite/shims -I../../third_party/tflite/src -I../../third_party/tflite/src/third_party/xla -I../../third_party/tflite/src/third_party/xla/third_party/tsl -I../../third_party/pthreadpool/src/include -I../../third_party/eigen3/src -I../../third_party/neon_2_sse/src -I../../third_party/ruy/src -I../../third_party/fp16/src/include -I../../third_party/tflite_support/src -I../../third_party/tflite_support/src/tensorflow_lite_support -Igen/third_party/tflite_support/src -I../../third_party/libaddressinput/src/cpp/include -Igen/third_party/content_analysis_sdk/src/proto -Igen/third_party/protobuf/lite/timestamp_proto/src -Igen/third_party/anonymous_tokens/src -Igen/third_party/protobuf/lite/any_proto/src -I../../third_party/anonymous_tokens/overrides -I../../third_party/anonymous_tokens/src -Igen/third_party/federated_compute/src -Igen/third_party/oak/chromium -Igen/third_party/protobuf/lite/duration_proto/src -I../../third_party/brotli/include -Wall -Wextra -Wimplicit-fallthrough -Wextra-semi -Wunreachable-code-aggressive -Wgnu -Wno-gnu-anonymous-struct -Wno-gnu-conditional-omitted-operand -Wno-gnu-include-next -Wno-gnu-label-as-value -Wno-gnu-redeclared-enum -Wno-gnu-statement-expression -Wno-gnu-zero-variadic-macro-arguments -Wno-zero-length-array -Wthread-safety -Wno-unused-template -Wunguarded-availability -Wno-missing-field-initializers -Wno-unused-parameter -Wno-psabi -Wno-stringop-overread -Wloop-analysis -Wno-unneeded-internal-declaration -Wno-cast-function-type -Wno-thread-safety-reference-return -Wno-nontrivial-memcall -Wno-uninitialized-const-pointer -Wno-unused-but-set-global -Wexit-time-destructors -Wshadow -Werror -Werror=\#pragma-messages -fno-delete-null-pointer-checks -fno-strict-overflow -fno-ident -fno-math-errno -fno-strict-aliasing -fstack-protector -fcolor-diagnostics -fdiagnostics-show-inlining-chain -fmerge-all-constants -fcrash-diagnostics-dir=../clang-crashreports -fno-lifetime-dse -mllvm -instcombine-lower-dbg-declare=0 -mllvm -split-threshold-for-reg-with-hint=0 -ffp-contract=off -fcomplete-member-pointers --target=arm64-apple-macos -mno-outline -Wno-builtin-macro-redefined -D__DATE__= -D__TIME__= -D__TIMESTAMP__= -ffile-compilation-dir=. -no-canonical-prefixes -Xclang -fmodule-file-home-is-cwd -Xclang -fmodules-cache-path=/not_exist_dummy_dir --warning-suppression-mappings=../../build/config/warning_suppression.txt -ftrivial-auto-var-init=pattern -O2 -fno-omit-frame-pointer -gdwarf-4 -g1 -gdwarf-aranges -isysroot sdk/xcode_links/MacOSX26.5.sdk -mmacos-version-min=13.0 -fsanitize=array-bounds -fsanitize-trap=array-bounds -fsanitize-ignore-for-ubsan-feature=array-bounds -Wno-unsafe-buffer-usage-in-static-sized-array -fsanitize=return -fsanitize-trap=return -fsanitize-ignore-for-ubsan-feature=return -fvisibility=hidden -Wheader-hygiene -Wstring-conversion -Wtautological-overlap-compare -Xclang -add-plugin -Xclang find-bad-constructs -Xclang -plugin-arg-find-bad-constructs -Xclang check-stack-allocated -Xclang -plugin-arg-find-bad-constructs -Xclang relax-ctor-checks-for-aggregates -Xclang -add-plugin -Xclang raw-ptr-plugin -Xclang -plugin-arg-raw-ptr-plugin -Xclang check-raw-ptr-to-stack-allocated -Xclang -plugin-arg-raw-ptr-plugin -Xclang disable-check-raw-ptr-to-stack-allocated-error -Xclang -plugin-arg-raw-ptr-plugin -Xclang raw-ptr-exclude-path=../../third_party/dawn/ -Xclang -plugin-arg-raw-ptr-plugin -Xclang raw-ptr-exclude-path=../../build/config/clang/chrome/test/fuzzing/webidl_fuzzing/ -Xclang -plugin-arg-raw-ptr-plugin -Xclang check-raw-ptr-fields -Xclang -plugin-arg-raw-ptr-plugin -Xclang check-span-fields -Xclang -plugin-arg-raw-ptr-plugin -Xclang check-raw-ref-fields -Xclang -plugin-arg-raw-ptr-plugin -Xclang no-special-treatment-for-oilpanized-paths -DUNSAFE_BUFFERS_BUILD -Wunsafe-buffer-usage -Wno-error=unsafe-buffer-usage -Xclang -add-plugin -Xclang unsafe-buffers -Xclang -plugin-arg-unsafe-buffers -Xclang ../../build/config/unsafe_buffers_paths.txt -Wno-invalid-offsetof -Wenum-compare-conditional -Wno-nullability-completeness -Wunique-object-duplication -std=c++23 -Wno-trigraphs -fno-exceptions -fno-rtti -nostdinc++ -isystem../../third_party/libc++/src/include -isystem../../third_party/libc++abi/src/include -fvisibility-inlines-hidden -fmodules -fno-implicit-module-maps -fno-implicit-modules -Xclang -fmodules-local-submodule-visibility -Wno-modules-ambiguous-internal-linkage -Wno-modules-import-nested-redundant -Xclang -fmodules-disable-diagnostic-validation -Wno-module-import-in-extern-c -fmodule-map-file=gen/build/modules/module.modulemap -fmodule-file=//build/modules:system=obj/build/modules/system/module.pcm -fmodule-name="//chrome/browser/ui:ui_Private" -c ../../chrome/browser/ui/browser_command_controller.cc -o obj/chrome/browser/ui/ui/browser_command_controller.o
../../chrome/browser/ui/browser_command_controller.cc:652:20: error: no member named 'is_type_normal' in 'Browser'
  652 |     if (!browser_->is_type_normal() || !browser_->GetWindow()) {
      |          ~~~~~~~~~~^
1 error generated.
[758/3185] CXX obj/chrome/browser/ui/ui/browser_content_setting_bubble_model_delegate.o
[759/3185] CXX obj/chrome/browser/ui/ui/browser_init_state.o
[760/3185] CXX obj/chrome/browser/ui/ui/browser_commands.o
[761/3185] CXX obj/chrome/browser/ui/ui/browser_live_tab_context.o
[762/3185] CXX obj/chrome/browser/ui/ui/browser_manager_service_factory.o
[763/3185] CXX obj/chrome/browser/ui/ui/browser_manager_service.o
[764/3185] CXX obj/chrome/browser/ui/ui/browser_tab_restorer.o
[765/3185] CXX obj/chrome/browser/ui/ui/browser_tab_menu_model_delegate.o
[766/3185] CXX obj/chrome/browser/ui/ui/browser_tabrestore.o
[767/3185] CXX obj/chrome/browser/ui/ui/browser_tab_strip_model_delegate.o
[768/3185] CXX obj/chrome/browser/ui/ui/browser_tabstrip.o
[769/3185] CXX obj/chrome/browser/ui/ui/browser_window_deleter.o
[770/3185] CXX obj/chrome/browser/ui/ui/browser_window_state.o
[771/3185] CXX obj/chrome/browser/ui/ui/browser_window_theme_observer.o
[772/3185] CXX obj/chrome/browser/ui/ui/chrome_pages.o
[773/3185] CXX obj/chrome/browser/ui/ui/intent_picker_tab_helper.o
[774/3185] CXX obj/chrome/browser/ui/ui/scoped_tabbed_browser_displayer.o
[775/3185] CXX obj/chrome/browser/ui/ui/singleton_tabs.o
[776/3185] CXX obj/chrome/browser/ui/ui/tab_ui_helper.o
[777/3185] CXX obj/chrome/browser/ui/ui/unload_controller.o
[778/3185] CXX obj/chrome/browser/ui/ui/webauthn_dialog_view.o
[779/3185] CXX obj/chrome/browser/ui/ui/search_engine_choice_dialog_view.o
[780/3185] CXX obj/chrome/browser/ui/ui/external_protocol_dialog.o
[781/3185] CXX obj/chrome/browser/ui/ui/incognito_menu_view.o
[782/3185] CXX obj/chrome/browser/ui/ui/profile_menu_view_base.o
[783/3185] CXX obj/chrome/browser/ui/ui/profile_menu_coordinator.o
[784/3185] CXX obj/chrome/browser/ui/ui/profile_customization_bubble_sync_controller.o
[785/3185] CXX obj/chrome/browser/ui/ui/signin_view_controller_delegate_views.o
[786/3185] CXX obj/chrome/browser/ui/ui/profile_management_flow_controller_impl.o
[787/3185] CXX obj/chrome/browser/ui/ui/profile_management_flow_controller.o
[788/3185] CXX obj/chrome/browser/ui/ui/profile_management_step_controller.o
[789/3185] CXX obj/chrome/browser/ui/ui/profile_picker_feature_promo_controller.o
[790/3185] CXX obj/chrome/browser/ui/ui/profile_menu_view.o
[791/3185] CXX obj/chrome/browser/ui/ui/profile_picker_flow_controller.o
[792/3185] CXX obj/chrome/browser/ui/ui/profile_picker_post_sign_in_adapter.o
[793/3185] CXX obj/chrome/browser/ui/ui/profile_picker_turn_sync_on_delegate.o
[794/3185] CXX obj/chrome/browser/ui/ui/profile_picker_view.o
[795/3185] CXX obj/chrome/browser/ui/ui/profile_picker_widget.o
[796/3185] CXX obj/chrome/browser/ui/ui/dice_web_signin_interception_bubble_view.o
[797/3185] CXX obj/chrome/browser/ui/ui/cross_device_signin_qr_bubble_views.o
[798/3185] CXX obj/chrome/browser/ui/ui/profile_picker_glic_flow_controller.o
[799/3185] CXX obj/chrome/browser/ui/ui/profile_picker_omnibox_everywhere_flow_controller.o
[800/3185] CXX obj/chrome/browser/ui/ui/first_run_flow_controller.o
[801/3185] CXX obj/chrome/browser/ui/ui/profile_picker_reauth_provider.o
[802/3185] CXX obj/chrome/browser/ui/ui/profile_picker_toolbar.o
[803/3185] CXX obj/chrome/browser/ui/ui/profile_picker_sign_in_provider.o
[804/3185] CXX obj/chrome/browser/ui/ui/profile_picker_utils.o
[805/3185] CXX obj/chrome/browser/ui/ui/batch_upload_dialog_view.o
[806/3185] CXX obj/chrome/browser/ui/ui/browser_mac.o
[807/3185] CXX obj/chrome/browser/ui/ui/fullscreen_util_mac.o
[808/3185] OBJCXX obj/chrome/browser/ui/ui/browser_commands_mac.o
[809/3185] OBJCXX obj/chrome/browser/ui/ui/certificate_viewer_mac_views.o
[810/3185] OBJCXX obj/chrome/browser/ui/ui/browser_frame_view_factory_mac.o
[811/3185] OBJCXX obj/chrome/browser/ui/ui/browser_native_widget_factory_mac.o
[812/3185] OBJCXX obj/chrome/browser/ui/ui/browser_frame_view_mac.o
[813/3185] OBJCXX obj/chrome/browser/ui/ui/browser_native_widget_mac.o
[814/3185] OBJCXX obj/chrome/browser/ui/ui/immersive_mode_controller_mac.o
[815/3185] CXX obj/chrome/browser/ui/ui/first_run_dialog.o
[816/3185] OBJCXX obj/chrome/browser/ui/ui/immersive_mode_overlay_views_mac.o
[817/3185] CXX obj/chrome/browser/ui/ui/certificate_dialogs.o
[818/3185] CXX obj/chrome/browser/ui/ui/address_bubble_base_view.o
[819/3185] CXX obj/chrome/browser/ui/ui/ubo_install_dialog.o
[820/3185] CXX obj/chrome/browser/ui/ui/address_editor_view.o
[821/3185] CXX obj/chrome/browser/ui/ui/at_memory_promo_bubble_view.o
[822/3185] CXX obj/chrome/browser/ui/ui/autofill_bubble_handler_impl.o
[823/3185] CXX obj/chrome/browser/ui/ui/edit_address_profile_view.o
[824/3185] CXX obj/chrome/browser/ui/ui/autofill_field_promo_view_impl.o
[825/3185] CXX obj/chrome/browser/ui/ui/bnpl_issuer_linked_pill.o
[826/3185] CXX obj/chrome/browser/ui/ui/bnpl_issuer_view.o
[827/3185] CXX obj/chrome/browser/ui/ui/card_unmask_authentication_selection_dialog_view.o
[828/3185] CXX obj/chrome/browser/ui/ui/card_unmask_otp_input_dialog_views.o
[829/3185] CXX obj/chrome/browser/ui/ui/card_unmask_prompt_views.o
[830/3185] CXX obj/chrome/browser/ui/ui/filled_card_information_bubble_views.o
[831/3185] CXX obj/chrome/browser/ui/ui/offer_notification_bubble_views.o
[832/3185] CXX obj/chrome/browser/ui/ui/omnibox_autofill_suggestion_view.o
[833/3185] CXX obj/chrome/browser/ui/ui/omnibox_autofill_bubble_view.o
[834/3185] CXX obj/chrome/browser/ui/ui/payments_churned_users_bubble_view.o
[835/3185] CXX obj/chrome/browser/ui/ui/save_and_fill_dialog.o
[836/3185] CXX obj/chrome/browser/ui/ui/save_and_fill_view_desktop.o
[837/3185] CXX obj/chrome/browser/ui/ui/save_card_bubble_views.o
[838/3185] CXX obj/chrome/browser/ui/ui/save_card_manage_cards_bubble_views.o
[839/3185] CXX obj/chrome/browser/ui/ui/save_card_offer_bubble_views.o
[840/3185] CXX obj/chrome/browser/ui/ui/save_payment_method_and_virtual_card_enroll_confirmation_bubble_views.o
[841/3185] CXX obj/chrome/browser/ui/ui/select_bnpl_issuer_dialog.o
[842/3185] CXX obj/chrome/browser/ui/ui/virtual_card_enroll_bubble_views.o
[843/3185] CXX obj/chrome/browser/ui/ui/custom_cursor_suppressor.o
[844/3185] CXX obj/chrome/browser/ui/ui/password_favicon_loader.o
[845/3185] CXX obj/chrome/browser/ui/ui/popup_at_memory_ai_disclosure_view.o
[846/3185] CXX obj/chrome/browser/ui/ui/popup_base_view.o
[847/3185] CXX obj/chrome/browser/ui/ui/popup_bnpl_footnote_view.o
[848/3185] CXX obj/chrome/browser/ui/ui/popup_interactive_row_view.o
[849/3185] CXX obj/chrome/browser/ui/ui/popup_cell_utils.o
[850/3185] CXX obj/chrome/browser/ui/ui/popup_loading_view.o
[851/3185] CXX obj/chrome/browser/ui/ui/popup_row_content_view.o
[852/3185] CXX obj/chrome/browser/ui/ui/popup_notice_view.o
[853/3185] CXX obj/chrome/browser/ui/ui/popup_row_view.o
[854/3185] CXX obj/chrome/browser/ui/ui/popup_row_factory_utils.o
[855/3185] CXX obj/chrome/browser/ui/ui/popup_search_bar_view.o
[856/3185] CXX obj/chrome/browser/ui/ui/popup_row_with_button_view.o
[857/3185] CXX obj/chrome/browser/ui/ui/popup_view_utils.o
[858/3185] CXX obj/chrome/browser/ui/ui/popup_view_views.o
[859/3185] CXX obj/chrome/browser/ui/ui/save_address_profile_view.o
[860/3185] CXX obj/chrome/browser/ui/ui/update_address_profile_view.o
[861/3185] CXX obj/chrome/browser/ui/ui/browser_commands_views.o
[862/3185] CXX obj/chrome/browser/ui/ui/browser_dialogs_views.o
[863/3185] CXX obj/chrome/browser/ui/ui/bubble_anchor_util_views.o
[864/3185] CXX obj/chrome/browser/ui/ui/certificate_selector.o
[865/3185] CXX obj/chrome/browser/ui/ui/chrome_constrained_window_views_client.o
[866/3185] CXX obj/chrome/browser/ui/ui/chrome_views_delegate.o
[867/3185] CXX obj/chrome/browser/ui/ui/chrome_browser_main_extra_parts_views.o
[868/3185] CXX obj/chrome/browser/ui/ui/chrome_web_dialog_view.o
[869/3185] CXX obj/chrome/browser/ui/ui/color_provider_browser_helper.o
[870/3185] CXX obj/chrome/browser/ui/ui/constrained_web_dialog_delegate_views.o
[871/3185] CXX obj/chrome/browser/ui/ui/content_setting_bubble_contents.o
[872/3185] CXX obj/chrome/browser/ui/ui/dotted_icon.o
[873/3185] CXX obj/chrome/browser/ui/ui/content_setting_site_row_view.o
[874/3185] CXX obj/chrome/browser/ui/ui/extension_install_dialog_view.o
[875/3185] CXX obj/chrome/browser/ui/ui/extension_view_utils.o
[876/3185] CXX obj/chrome/browser/ui/ui/extensions_menu_button.o
[877/3185] CXX obj/chrome/browser/ui/ui/extensions_menu_coordinator.o
[878/3185] CXX obj/chrome/browser/ui/ui/extensions_menu_delegate_desktop.o
[879/3185] CXX obj/chrome/browser/ui/ui/extensions_menu_entry_view.o
[880/3185] CXX obj/chrome/browser/ui/ui/extensions_menu_item_view.o
[881/3185] CXX obj/chrome/browser/ui/ui/extensions_menu_main_page_view.o
[882/3185] CXX obj/chrome/browser/ui/ui/extensions_menu_site_permissions_page_view.o
[883/3185] CXX obj/chrome/browser/ui/ui/extensions_menu_view.o
[884/3185] CXX obj/chrome/browser/ui/ui/extensions_request_access_button.o
[885/3185] CXX obj/chrome/browser/ui/ui/extensions_request_access_hover_card_coordinator.o
[886/3185] CXX obj/chrome/browser/ui/ui/extensions_toolbar_button.o
[887/3185] CXX obj/chrome/browser/ui/ui/extensions_toolbar_coordinator.o
[888/3185] CXX obj/chrome/browser/ui/ui/extensions_toolbar_desktop_view_controller.o
[889/3185] CXX obj/chrome/browser/ui/ui/security_dialog_tracker.o
[890/3185] CXX obj/chrome/browser/ui/ui/extensions_toolbar_desktop.o
[891/3185] CXX obj/chrome/browser/ui/ui/find_bar_host.o
[892/3185] CXX obj/chrome/browser/ui/ui/find_bar_view.o
[893/3185] CXX obj/chrome/browser/ui/ui/app_menu_button.o
[894/3185] CXX obj/chrome/browser/ui/ui/base_tab_strip_region_view.o
[895/3185] CXX obj/chrome/browser/ui/ui/browser_native_widget_factory.o
[896/3185] CXX obj/chrome/browser/ui/ui/browser_frame_view.o
[897/3185] CXX obj/chrome/browser/ui/ui/browser_root_view.o
[898/3185] CXX obj/chrome/browser/ui/ui/browser_widget.o
ninja: build stopped: interrupted by user.
