Command line invocation:
    /Applications/Xcode.app/Contents/Developer/usr/bin/xcodebuild -project apps/AhoiMobile/AhoiMobile.xcodeproj -scheme AhoiMobile -configuration DebugLocal -sdk iphonesimulator -destination "generic/platform=iOS Simulator" -derivedDataPath /Users/vossmedien/inhouse/scratch/ahoi-mobile-files-e664fc0d.fUBMTOwp/DerivedData -jobs 1 "OTHER_SWIFT_FLAGS=$(inherited) -j1" "-only-testing:AhoiMobileUITests/MobileWebExtensionSpikeUITests/testFilesPickerCancellationDoesNotLoadExtension" "-only-testing:AhoiMobileUITests/MobileWebExtensionSpikeUITests/testFilesPickerLoadsAndUnloadsReviewedFixture" AHOI_SOURCE_COMMIT=13423f52ced6744842dfd2fea16f9aadda1e5f3f build-for-testing

Build settings from command line:
    AHOI_SOURCE_COMMIT = 13423f52ced6744842dfd2fea16f9aadda1e5f3f
    OTHER_SWIFT_FLAGS = $(inherited) -j1
    SDKROOT = iphonesimulator27.0

Resolve Package Graph


Resolved source packages:
  AhoiCloudKitSpike: /Users/vossmedien/inhouse/scratch/ahoi-mobile-files-e664fc0d.fUBMTOwp/repo/spikes/cloudkit

Build Preparation
Build task concurrency set to 1 via user default IDEBuildOperationMaxNumberOfConcurrentCompileTasks

ComputePackagePrebuildTargetDependencyGraph

Prepare packages

CreateBuildRequest

SendProjectDescription

CreateBuildOperation

ComputeTargetDependencyGraph
note: Building targets in dependency order
note: Target dependency graph (6 targets)
    Target 'AhoiMobileUITests' in project 'AhoiMobile'
        ➜ Explicit dependency on target 'AhoiMobile' in project 'AhoiMobile'
    Target 'AhoiMobileCoreTests' in project 'AhoiMobile'
        ➜ Explicit dependency on target 'AhoiMobileCore' in project 'AhoiMobile'
        ➜ Explicit dependency on target 'AhoiCloudKitSpike-product' in project 'AhoiCloudKitSpike'
    Target 'AhoiMobile' in project 'AhoiMobile'
        ➜ Explicit dependency on target 'AhoiMobileCore' in project 'AhoiMobile'
        ➜ Explicit dependency on target 'AhoiCloudKitSpike-product' in project 'AhoiCloudKitSpike'
    Target 'AhoiMobileCore' in project 'AhoiMobile'
        ➜ Explicit dependency on target 'AhoiCloudKitSpike-product' in project 'AhoiCloudKitSpike'
    Target 'AhoiCloudKitSpike-product' in project 'AhoiCloudKitSpike'
        ➜ Explicit dependency on target 'AhoiCloudKitSpike' in project 'AhoiCloudKitSpike'
    Target 'AhoiCloudKitSpike' in project 'AhoiCloudKitSpike' (no dependencies)

GatherProvisioningInputs

CreateBuildDescription

ExecuteExternalTool /Applications/Xcode.app/Contents/Developer/Toolchains/XcodeDefault.xctoolchain/usr/bin/clang -v -E -dM -isysroot /Applications/Xcode.app/Contents/Developer/Platforms/iPhoneSimulator.platform/Developer/SDKs/iPhoneSimulator27.0.sdk -x c -c /dev/null

ExecuteExternalTool /Applications/Xcode.app/Contents/Developer/Toolchains/XcodeDefault.xctoolchain/usr/bin/swiftc --version

ExecuteExternalTool /Applications/Xcode.app/Contents/Developer/usr/bin/xcstringstool compile --dry-run --output-directory /Users/vossmedien/inhouse/scratch/ahoi-mobile-files-e664fc0d.fUBMTOwp/DerivedData/Build/Intermediates.noindex/AhoiMobile.build/DebugLocal-iphonesimulator/AhoiMobileCore.build /Users/vossmedien/inhouse/scratch/ahoi-mobile-files-e664fc0d.fUBMTOwp/repo/apps/AhoiMobile/Sources/AhoiMobileCore/Resources/Localizable.xcstrings

ExecuteExternalTool /Applications/Xcode.app/Contents/Developer/Toolchains/XcodeDefault.xctoolchain/usr/bin/clang -v -E -dM -arch arm64 -isysroot /Applications/Xcode.app/Contents/Developer/Platforms/iPhoneSimulator.platform/Developer/SDKs/iPhoneSimulator27.0.sdk -x c -c /dev/null

ExecuteExternalTool /Applications/Xcode.app/Contents/Developer/usr/bin/actool --print-asset-tag-combinations --output-format xml1 /Users/vossmedien/inhouse/scratch/ahoi-mobile-files-e664fc0d.fUBMTOwp/repo/apps/AhoiMobile/Sources/AhoiMobileApp/Assets.xcassets

ExecuteExternalTool /Applications/Xcode.app/Contents/Developer/Toolchains/XcodeDefault.xctoolchain/usr/bin/ld -version_details

ExecuteExternalTool /Applications/Xcode.app/Contents/Developer/Toolchains/XcodeDefault.xctoolchain/usr/bin/clang -v -E -dM -arch x86_64 -isysroot /Applications/Xcode.app/Contents/Developer/Platforms/iPhoneSimulator.platform/Developer/SDKs/iPhoneSimulator27.0.sdk -x c -c /dev/null

ExecuteExternalTool /Applications/Xcode.app/Contents/Developer/usr/bin/actool --version --output-format xml1

Build description signature: 10ae8c28858e37161d1c78962119b975
Build description path: /Users/vossmedien/inhouse/scratch/ahoi-mobile-files-e664fc0d.fUBMTOwp/DerivedData/Build/Intermediates.noindex/XCBuildData/10ae8c28858e37161d1c78962119b975.xcbuilddata
ClangStatCache /Applications/Xcode.app/Contents/Developer/Toolchains/XcodeDefault.xctoolchain/usr/bin/clang-stat-cache /Applications/Xcode.app/Contents/Developer/Platforms/iPhoneSimulator.platform/Developer/SDKs/iPhoneSimulator27.0.sdk /Users/vossmedien/inhouse/scratch/ahoi-mobile-files-e664fc0d.fUBMTOwp/DerivedData/SDKStatCaches.noindex/iphonesimulator27.0-24A430-e829b21a6f8c9b70876ba0858053c0448dc58220667be655e1bcc261a7455254.sdkstatcache
    cd /Users/vossmedien/inhouse/scratch/ahoi-mobile-files-e664fc0d.fUBMTOwp/repo/apps/AhoiMobile/AhoiMobile.xcodeproj
    /Applications/Xcode.app/Contents/Developer/Toolchains/XcodeDefault.xctoolchain/usr/bin/clang-stat-cache /Applications/Xcode.app/Contents/Developer/Platforms/iPhoneSimulator.platform/Developer/SDKs/iPhoneSimulator27.0.sdk -o /Users/vossmedien/inhouse/scratch/ahoi-mobile-files-e664fc0d.fUBMTOwp/DerivedData/SDKStatCaches.noindex/iphonesimulator27.0-24A430-e829b21a6f8c9b70876ba0858053c0448dc58220667be655e1bcc261a7455254.sdkstatcache

ProcessInfoPlistFile /Users/vossmedien/inhouse/scratch/ahoi-mobile-files-e664fc0d.fUBMTOwp/DerivedData/Build/Products/DebugLocal-iphonesimulator/PackageFrameworks/AhoiCloudKitSpike_58C48334F00BB1AD_PackageProduct.framework/Info.plist /Users/vossmedien/inhouse/scratch/ahoi-mobile-files-e664fc0d.fUBMTOwp/DerivedData/Build/Intermediates.noindex/AhoiCloudKitSpike.build/DebugLocal-iphonesimulator/AhoiCloudKitSpike-product-t.build/empty-AhoiCloudKitSpike_58C48334F00BB1AD_PackageProduct.plist (in target 'AhoiCloudKitSpikedynamic-product' from project 'AhoiCloudKitSpike')
    cd /Users/vossmedien/inhouse/scratch/ahoi-mobile-files-e664fc0d.fUBMTOwp/repo/spikes/cloudkit
    builtin-infoPlistUtility /Users/vossmedien/inhouse/scratch/ahoi-mobile-files-e664fc0d.fUBMTOwp/DerivedData/Build/Intermediates.noindex/AhoiCloudKitSpike.build/DebugLocal-iphonesimulator/AhoiCloudKitSpike-product-t.build/empty-AhoiCloudKitSpike_58C48334F00BB1AD_PackageProduct.plist -producttype com.apple.product-type.framework -expandbuildsettings -format binary -platform iphonesimulator -o /Users/vossmedien/inhouse/scratch/ahoi-mobile-files-e664fc0d.fUBMTOwp/DerivedData/Build/Products/DebugLocal-iphonesimulator/PackageFrameworks/AhoiCloudKitSpike_58C48334F00BB1AD_PackageProduct.framework/Info.plist

CpResource /Users/vossmedien/inhouse/scratch/ahoi-mobile-files-e664fc0d.fUBMTOwp/DerivedData/Build/Products/DebugLocal-iphonesimulator/AhoiMobileCore.framework/WebExtensionSpike /Users/vossmedien/inhouse/scratch/ahoi-mobile-files-e664fc0d.fUBMTOwp/repo/apps/AhoiMobile/Sources/AhoiMobileCore/WebExtensionSpike (in target 'AhoiMobileCore' from project 'AhoiMobile')
    cd /Users/vossmedien/inhouse/scratch/ahoi-mobile-files-e664fc0d.fUBMTOwp/repo/apps/AhoiMobile
    builtin-copy -exclude .DS_Store -exclude CVS -exclude .svn -exclude .git -exclude .hg -resolve-src-symlinks /Users/vossmedien/inhouse/scratch/ahoi-mobile-files-e664fc0d.fUBMTOwp/repo/apps/AhoiMobile/Sources/AhoiMobileCore/WebExtensionSpike /Users/vossmedien/inhouse/scratch/ahoi-mobile-files-e664fc0d.fUBMTOwp/DerivedData/Build/Products/DebugLocal-iphonesimulator/AhoiMobileCore.framework

ProcessInfoPlistFile /Users/vossmedien/inhouse/scratch/ahoi-mobile-files-e664fc0d.fUBMTOwp/DerivedData/Build/Products/DebugLocal-iphonesimulator/AhoiMobileCore.framework/Info.plist /Users/vossmedien/inhouse/scratch/ahoi-mobile-files-e664fc0d.fUBMTOwp/DerivedData/Build/Intermediates.noindex/AhoiMobile.build/DebugLocal-iphonesimulator/AhoiMobileCore.build/empty-AhoiMobileCore.plist (in target 'AhoiMobileCore' from project 'AhoiMobile')
    cd /Users/vossmedien/inhouse/scratch/ahoi-mobile-files-e664fc0d.fUBMTOwp/repo/apps/AhoiMobile
    builtin-infoPlistUtility /Users/vossmedien/inhouse/scratch/ahoi-mobile-files-e664fc0d.fUBMTOwp/DerivedData/Build/Intermediates.noindex/AhoiMobile.build/DebugLocal-iphonesimulator/AhoiMobileCore.build/empty-AhoiMobileCore.plist -producttype com.apple.product-type.framework -expandbuildsettings -format binary -platform iphonesimulator -o /Users/vossmedien/inhouse/scratch/ahoi-mobile-files-e664fc0d.fUBMTOwp/DerivedData/Build/Products/DebugLocal-iphonesimulator/AhoiMobileCore.framework/Info.plist

CodeSign /Users/vossmedien/inhouse/scratch/ahoi-mobile-files-e664fc0d.fUBMTOwp/DerivedData/Build/Products/DebugLocal-iphonesimulator/AhoiMobileCore.framework (in target 'AhoiMobileCore' from project 'AhoiMobile')
    cd /Users/vossmedien/inhouse/scratch/ahoi-mobile-files-e664fc0d.fUBMTOwp/repo/apps/AhoiMobile

    Signing Identity:     "Sign to Run Locally"

    /usr/bin/codesign --force --sign - --timestamp\=none --generate-entitlement-der /Users/vossmedien/inhouse/scratch/ahoi-mobile-files-e664fc0d.fUBMTOwp/DerivedData/Build/Products/DebugLocal-iphonesimulator/AhoiMobileCore.framework
/Users/vossmedien/inhouse/scratch/ahoi-mobile-files-e664fc0d.fUBMTOwp/DerivedData/Build/Products/DebugLocal-iphonesimulator/AhoiMobileCore.framework: replacing existing signature

note: Run script build phase 'Mobile signing mode preflight' will be run during every build because the option to run the script phase "Based on dependency analysis" is unchecked. (in target 'AhoiMobile' from project 'AhoiMobile')
PhaseScriptExecution Mobile\ signing\ mode\ preflight /Users/vossmedien/inhouse/scratch/ahoi-mobile-files-e664fc0d.fUBMTOwp/DerivedData/Build/Intermediates.noindex/AhoiMobile.build/DebugLocal-iphonesimulator/AhoiMobile.build/Script-A0DB4133886667C5D797053C.sh (in target 'AhoiMobile' from project 'AhoiMobile')
    cd /Users/vossmedien/inhouse/scratch/ahoi-mobile-files-e664fc0d.fUBMTOwp/repo/apps/AhoiMobile
    export ACTION\=build
    export AD_HOC_CODE_SIGNING_ALLOWED\=YES
    export AGGREGATE_TRACKED_DOMAINS\=YES
    export AHOI_APP_IDENTIFIER_PREFIX\=248AJ5BN47
    export AHOI_APP_USES_NON_EXEMPT_ENCRYPTION\=NO
    export AHOI_BUILD_MODE\=DebugLocal
    export AHOI_CLOUDKIT_E2E_REAL_MUTATION_OPT_IN\=NO
    export AHOI_CLOUDKIT_SUBSCRIPTION_ID\=AhoiBrowserSyncSubscription
    export AHOI_CLOUDKIT_ZONE_NAME\=AhoiBrowserSyncV3
    export AHOI_MANUAL_SIGNING_FALLBACK\=NO
    export AHOI_MOBILE_BUILD_NUMBER\=1
    export AHOI_MOBILE_BUNDLE_ID\=app.ahoibrowser.AhoiBrowser
    export AHOI_MOBILE_CORE_BUNDLE_ID\=app.ahoibrowser.AhoiBrowser.core
    export AHOI_MOBILE_MARKETING_VERSION\=0.1
    export AHOI_MOBILE_TEST_BUNDLE_ID\=app.ahoibrowser.AhoiBrowser.tests
    export AHOI_MOBILE_UI_TEST_BUNDLE_ID\=app.ahoibrowser.AhoiBrowser.uitests
    export AHOI_SOURCE_COMMIT\=13423f52ced6744842dfd2fea16f9aadda1e5f3f
    export ALLOW_BUILD_REQUEST_OVERRIDES\=NO
    export ALLOW_TARGET_PLATFORM_SPECIALIZATION\=NO
    export ALTERNATE_GROUP\=staff
    export ALTERNATE_MODE\=u+w,go-w,a+rX
    export ALTERNATE_OWNER\=vossmedien
    export ALTERNATIVE_DISTRIBUTION_WEB\=NO
    export ALWAYS_EMBED_SWIFT_STANDARD_LIBRARIES\=NO
    export ALWAYS_SEARCH_USER_PATHS\=NO
    export ALWAYS_USE_SEPARATE_HEADERMAPS\=NO
    export APPLICATION_EXTENSION_API_ONLY\=NO
    export APPLY_RULES_IN_COPY_FILES\=NO
    export APPLY_RULES_IN_COPY_HEADERS\=NO
    export APP_SHORTCUTS_ENABLE_FLEXIBLE_MATCHING\=YES
    export ARCHS\=arm64\ x86_64
    export ARCHS_BASE\=arm64\ x86_64
    export ARCHS_STANDARD\=arm64\ x86_64
    export ARCHS_STANDARD_32_64_BIT\=arm64\ x86_64
    export ARCHS_STANDARD_64_BIT\=arm64\ x86_64
    export ARCHS_STANDARD_INCLUDING_64_BIT\=arm64\ x86_64
    export ARCHS_UNIVERSAL_IPHONE_OS\=arm64\ x86_64
    export ASSETCATALOG_COMPILER_APPICON_NAME\=AppIcon
    export AUTOMATICALLY_MERGE_DEPENDENCIES\=NO
    export AUTOMATION_APPLE_EVENTS\=NO
    export AVAILABLE_PLATFORMS\=android\ appletvos\ appletvsimulator\ driverkit\ freebsd\ iphoneos\ iphonesimulator\ linux\ macosx\ none\ openbsd\ qnx\ staticlinux\ watchos\ watchsimulator\ webassembly\ xros\ xrsimulator
    export AppIdentifierPrefix\=248AJ5BN47.
    export BUILD_ACTIVE_RESOURCES_ONLY\=NO
    export BUILD_COMPONENTS\=headers\ build
    export BUILD_DIR\=/Users/vossmedien/inhouse/scratch/ahoi-mobile-files-e664fc0d.fUBMTOwp/DerivedData/Build/Products
    export BUILD_LIBRARY_FOR_DISTRIBUTION\=NO
    export BUILD_ONLY_KNOWN_LOCALIZATIONS\=NO
    export BUILD_ROOT\=/Users/vossmedien/inhouse/scratch/ahoi-mobile-files-e664fc0d.fUBMTOwp/DerivedData/Build/Products
    export BUILD_STYLE\=
    export BUILD_VARIANTS\=normal
    export BUILT_PRODUCTS_DIR\=/Users/vossmedien/inhouse/scratch/ahoi-mobile-files-e664fc0d.fUBMTOwp/DerivedData/Build/Products/DebugLocal-iphonesimulator
    export BUNDLE_CONTENTS_FOLDER_PATH_deep\=Contents/
    export BUNDLE_EXECUTABLE_FOLDER_NAME_deep\=MacOS
    export BUNDLE_EXTENSIONS_FOLDER_PATH\=Extensions
    export BUNDLE_FORMAT\=shallow
    export BUNDLE_FRAMEWORKS_FOLDER_PATH\=Frameworks
    export BUNDLE_PLUGINS_FOLDER_PATH\=PlugIns
    export BUNDLE_PRIVATE_HEADERS_FOLDER_PATH\=PrivateHeaders
    export BUNDLE_PUBLIC_HEADERS_FOLDER_PATH\=Headers
    export CACHE_ROOT\=/var/folders/mf/lzv22y597fgf2m8ns8fz14x80000gn/C/com.apple.DeveloperTools/27.0-27A266a/Xcode
    export CCHROOT\=/var/folders/mf/lzv22y597fgf2m8ns8fz14x80000gn/C/com.apple.DeveloperTools/27.0-27A266a/Xcode
    export CHMOD\=/bin/chmod
    export CHOWN\=chown
    export CLANG_ANALYZER_NONNULL\=YES
    export CLANG_ANALYZER_NUMBER_OBJECT_CONVERSION\=YES_AGGRESSIVE
    export CLANG_CACHE_FINE_GRAINED_OUTPUTS\=YES
    export CLANG_CXX_LANGUAGE_STANDARD\=gnu++14
    export CLANG_CXX_LIBRARY\=libc++
    export CLANG_ENABLE_EXPLICIT_MODULES\=YES
    export CLANG_ENABLE_MODULES\=YES
    export CLANG_ENABLE_OBJC_ARC\=YES
    export CLANG_ENABLE_OBJC_WEAK\=YES
    export CLANG_MODULES_BUILD_SESSION_FILE\=/Users/vossmedien/inhouse/scratch/ahoi-mobile-files-e664fc0d.fUBMTOwp/DerivedData/ModuleCache.noindex/Session.modulevalidation
    export CLANG_WARN_BLOCK_CAPTURE_AUTORELEASING\=YES
    export CLANG_WARN_BOOL_CONVERSION\=YES
    export CLANG_WARN_COMMA\=YES
    export CLANG_WARN_CONSTANT_CONVERSION\=YES
    export CLANG_WARN_DEPRECATED_OBJC_IMPLEMENTATIONS\=YES
    export CLANG_WARN_DIRECT_OBJC_ISA_USAGE\=YES_ERROR
    export CLANG_WARN_DOCUMENTATION_COMMENTS\=YES
    export CLANG_WARN_EMPTY_BODY\=YES
    export CLANG_WARN_ENUM_CONVERSION\=YES
    export CLANG_WARN_INFINITE_RECURSION\=YES
    export CLANG_WARN_INT_CONVERSION\=YES
    export CLANG_WARN_NON_LITERAL_NULL_CONVERSION\=YES
    export CLANG_WARN_OBJC_IMPLICIT_RETAIN_SELF\=YES
    export CLANG_WARN_OBJC_LITERAL_CONVERSION\=YES
    export CLANG_WARN_OBJC_ROOT_CLASS\=YES_ERROR
    export CLANG_WARN_QUOTED_INCLUDE_IN_FRAMEWORK_HEADER\=YES
    export CLANG_WARN_RANGE_LOOP_ANALYSIS\=YES
    export CLANG_WARN_STRICT_PROTOTYPES\=YES
    export CLANG_WARN_SUSPICIOUS_MOVE\=YES
    export CLANG_WARN_UNGUARDED_AVAILABILITY\=YES_AGGRESSIVE
    export CLANG_WARN_UNREACHABLE_CODE\=YES
    export CLANG_WARN__DUPLICATE_METHOD_MATCH\=YES
    export CLASS_FILE_DIR\=/Users/vossmedien/inhouse/scratch/ahoi-mobile-files-e664fc0d.fUBMTOwp/DerivedData/Build/Intermediates.noindex/AhoiMobile.build/DebugLocal-iphonesimulator/AhoiMobile.build/JavaClasses
    export CLEAN_PRECOMPS\=YES
    export CLONE_HEADERS\=NO
    export CODESIGNING_FOLDER_PATH\=/Users/vossmedien/inhouse/scratch/ahoi-mobile-files-e664fc0d.fUBMTOwp/DerivedData/Build/Products/DebugLocal-iphonesimulator/AhoiMobile.app
    export CODE_SIGNING_ALLOWED\=YES
    export CODE_SIGNING_REQUIRED\=YES
    export CODE_SIGN_CONTEXT_CLASS\=XCiPhoneSimulatorCodeSignContext
    export CODE_SIGN_IDENTITY\=iPhone\ Developer
    export CODE_SIGN_INJECT_BASE_ENTITLEMENTS\=YES
    export CODE_SIGN_STYLE\=Automatic
    export COLOR_DIAGNOSTICS\=NO
    export COMBINE_HIDPI_IMAGES\=NO
    export COMPILATION_CACHE_CAS_PATH\=/Users/vossmedien/inhouse/scratch/ahoi-mobile-files-e664fc0d.fUBMTOwp/DerivedData/CompilationCache.noindex
    export COMPILATION_CACHE_KEEP_CAS_DIRECTORY\=YES
    export COMPILER_INDEX_STORE_ENABLE\=Default
    export COMPOSITE_SDK_DIRS\=/Users/vossmedien/inhouse/scratch/ahoi-mobile-files-e664fc0d.fUBMTOwp/DerivedData/Build/Intermediates.noindex/CompositeSDKs
    export COMPRESS_PNG_FILES\=YES
    export CONFIGURATION\=DebugLocal
    export CONFIGURATION_BUILD_DIR\=/Users/vossmedien/inhouse/scratch/ahoi-mobile-files-e664fc0d.fUBMTOwp/DerivedData/Build/Products/DebugLocal-iphonesimulator
    export CONFIGURATION_TEMP_DIR\=/Users/vossmedien/inhouse/scratch/ahoi-mobile-files-e664fc0d.fUBMTOwp/DerivedData/Build/Intermediates.noindex/AhoiMobile.build/DebugLocal-iphonesimulator
    export CONTENTS_FOLDER_PATH\=AhoiMobile.app
    export CONTENTS_FOLDER_PATH_SHALLOW_BUNDLE_NO\=AhoiMobile.app/Contents
    export CONTENTS_FOLDER_PATH_SHALLOW_BUNDLE_YES\=AhoiMobile.app
    export COPYING_PRESERVES_HFS_DATA\=NO
    export COPY_HEADERS_RUN_UNIFDEF\=NO
    export COPY_PHASE_STRIP\=NO
    export CORRESPONDING_DEVICE_PLATFORM_DIR\=/Applications/Xcode.app/Contents/Developer/Platforms/iPhoneOS.platform
    export CORRESPONDING_DEVICE_PLATFORM_NAME\=iphoneos
    export CORRESPONDING_DEVICE_SDK_DIR\=/Applications/Xcode.app/Contents/Developer/Platforms/iPhoneOS.platform/Developer/SDKs/iPhoneOS27.0.sdk
    export CORRESPONDING_DEVICE_SDK_NAME\=iphoneos27.0
    export CP\=/bin/cp
    export CREATE_INFOPLIST_SECTION_IN_BINARY\=NO
    export CURRENT_ARCH\=undefined_arch
    export CURRENT_PROJECT_VERSION\=1
    export CURRENT_VARIANT\=normal
    export DEAD_CODE_STRIPPING\=YES
    export DEBUGGING_SYMBOLS\=YES
    export DEBUG_INFORMATION_FORMAT\=dwarf
    export DEBUG_INFORMATION_VERSION\=compiler-default
    export DEFAULT_COMPILER\=com.apple.compilers.llvm.clang.1_0
    export DEFAULT_DEXT_INSTALL_PATH\=/System/Library/DriverExtensions
    export DEFAULT_KEXT_INSTALL_PATH\=/System/Library/Extensions
    export DEFINES_MODULE\=NO
    export DEPLOYMENT_LOCATION\=NO
    export DEPLOYMENT_POSTPROCESSING\=NO
    export DEPLOYMENT_TARGET_SETTING_NAME\=IPHONEOS_DEPLOYMENT_TARGET
    export DEPLOYMENT_TARGET_SUGGESTED_VALUES\=15.0\ 15.1\ 15.2\ 15.3\ 15.4\ 15.5\ 15.6\ 16.0\ 16.1\ 16.2\ 16.3\ 16.4\ 16.5\ 16.6\ 17.0\ 17.1\ 17.2\ 17.3\ 17.4\ 17.5\ 17.6\ 18.0\ 18.1\ 18.2\ 18.3\ 18.4\ 18.5\ 18.6\ 26.0\ 26.2\ 26.3\ 26.4\ 26.5\ 26.6\ 27.0
    export DERIVED_FILES_DIR\=/Users/vossmedien/inhouse/scratch/ahoi-mobile-files-e664fc0d.fUBMTOwp/DerivedData/Build/Intermediates.noindex/AhoiMobile.build/DebugLocal-iphonesimulator/AhoiMobile.build/DerivedSources
    export DERIVED_FILE_DIR\=/Users/vossmedien/inhouse/scratch/ahoi-mobile-files-e664fc0d.fUBMTOwp/DerivedData/Build/Intermediates.noindex/AhoiMobile.build/DebugLocal-iphonesimulator/AhoiMobile.build/DerivedSources
    export DERIVED_SOURCES_DIR\=/Users/vossmedien/inhouse/scratch/ahoi-mobile-files-e664fc0d.fUBMTOwp/DerivedData/Build/Intermediates.noindex/AhoiMobile.build/DebugLocal-iphonesimulator/AhoiMobile.build/DerivedSources
    export DEVELOPER_APPLICATIONS_DIR\=/Applications/Xcode.app/Contents/Developer/Applications
    export DEVELOPER_BIN_DIR\=/Applications/Xcode.app/Contents/Developer/usr/bin
    export DEVELOPER_DIR\=/Applications/Xcode.app/Contents/Developer
    export DEVELOPER_FRAMEWORKS_DIR\=/Applications/Xcode.app/Contents/Developer/Library/Frameworks
    export DEVELOPER_FRAMEWORKS_DIR_QUOTED\=/Applications/Xcode.app/Contents/Developer/Library/Frameworks
    export DEVELOPER_LIBRARY_DIR\=/Applications/Xcode.app/Contents/Developer/Library
    export DEVELOPER_SDK_DIR\=/Applications/Xcode.app/Contents/Developer/Platforms/MacOSX.platform/Developer/SDKs
    export DEVELOPER_TOOLS_DIR\=/Applications/Xcode.app/Contents/Developer/Tools
    export DEVELOPER_USR_DIR\=/Applications/Xcode.app/Contents/Developer/usr
    export DEVELOPMENT_LANGUAGE\=en
    export DIAGNOSE_MISSING_TARGET_DEPENDENCIES\=YES
    export DIFF\=/usr/bin/diff
    export DOCUMENTATION_FOLDER_PATH\=AhoiMobile.app/en.lproj/Documentation
    export DONT_GENERATE_INFOPLIST_FILE\=NO
    export DSTROOT\=/tmp/AhoiMobile.dst
    export DT_TOOLCHAIN_DIR\=/Applications/Xcode.app/Contents/Developer/Toolchains/XcodeDefault.xctoolchain
    export DWARF_DSYM_FILE_NAME\=AhoiMobile.app.dSYM
    export DWARF_DSYM_FILE_SHOULD_ACCOMPANY_PRODUCT\=NO
    export DWARF_DSYM_FOLDER_PATH\=/Users/vossmedien/inhouse/scratch/ahoi-mobile-files-e664fc0d.fUBMTOwp/DerivedData/Build/Products/DebugLocal-iphonesimulator
    export DYNAMIC_LIBRARY_EXTENSION\=dylib
    export EAGER_COMPILATION_ALLOW_SCRIPTS\=NO
    export EAGER_LINKING\=NO
    export EFFECTIVE_PLATFORM_NAME\=-iphonesimulator
    export EFFECTIVE_SWIFT_VERSION\=6
    export EMBEDDED_CONTENT_CONTAINS_SWIFT\=NO
    export EMBED_ASSET_PACKS_IN_PRODUCT_BUNDLE\=NO
    export ENABLE_APP_SANDBOX\=NO
    export ENABLE_CODE_COVERAGE\=YES
    export ENABLE_COHORT_ARCHS\=YES
    export ENABLE_CPLUSPLUS_BOUNDS_SAFE_BUFFERS\=NO
    export ENABLE_C_BOUNDS_SAFETY\=NO
    export ENABLE_DEBUG_DYLIB\=YES
    export ENABLE_DEFAULT_HEADER_SEARCH_PATHS\=YES
    export ENABLE_DEFAULT_SEARCH_PATHS\=YES
    export ENABLE_ENHANCED_SECURITY\=NO
    export ENABLE_HARDENED_RUNTIME\=NO
    export ENABLE_HARDWARE_CHECKED_POINTER_ARITHMETIC_SLICE\=NO
    export ENABLE_HEADER_DEPENDENCIES\=YES
    export ENABLE_INCOMING_NETWORK_CONNECTIONS\=NO
    export ENABLE_ON_DEMAND_RESOURCES\=YES
    export ENABLE_OUTGOING_NETWORK_CONNECTIONS\=NO
    export ENABLE_POINTER_AUTHENTICATION\=NO
    export ENABLE_PREVIEWS\=NO
    export ENABLE_RESOURCE_ACCESS_AUDIO_INPUT\=NO
    export ENABLE_RESOURCE_ACCESS_BLUETOOTH\=NO
    export ENABLE_RESOURCE_ACCESS_CALENDARS\=NO
    export ENABLE_RESOURCE_ACCESS_CAMERA\=NO
    export ENABLE_RESOURCE_ACCESS_CONTACTS\=NO
    export ENABLE_RESOURCE_ACCESS_LOCATION\=NO
    export ENABLE_RESOURCE_ACCESS_PHOTO_LIBRARY\=NO
    export ENABLE_RESOURCE_ACCESS_PRINTING\=NO
    export ENABLE_RESOURCE_ACCESS_USB\=NO
    export ENABLE_SDK_IMPORTS\=NO
    export ENABLE_SECURITY_COMPILER_WARNINGS\=NO
    export ENABLE_STRICT_OBJC_MSGSEND\=YES
    export ENABLE_TESTABILITY\=YES
    export ENABLE_TESTING_SEARCH_PATHS\=NO
    export ENABLE_USER_SCRIPT_SANDBOXING\=NO
    export ENABLE_XOJIT_PREVIEWS\=YES
    export ENFORCE_VALID_ARCHS\=YES
    export ENTITLEMENTS_ALLOWED\=NO
    export ENTITLEMENTS_DESTINATION\=__entitlements
    export ENTITLEMENTS_REQUIRED\=NO
    export EXCLUDED_INSTALLSRC_SUBDIRECTORY_PATTERNS\=.DS_Store\ .svn\ .git\ .hg\ CVS
    export EXCLUDED_RECURSIVE_SEARCH_PATH_SUBDIRECTORIES\=\*.nib\ \*.lproj\ \*.framework\ \*.gch\ \*.xcode\*\ \*.xcassets\ \*.icon\ \(\*\)\ .DS_Store\ CVS\ .svn\ .git\ .hg\ \*.pbproj\ \*.pbxproj
    export EXECUTABLES_FOLDER_PATH\=AhoiMobile.app/Executables
    export EXECUTABLE_BLANK_INJECTION_DYLIB_PATH\=AhoiMobile.app/__preview.dylib
    export EXECUTABLE_DEBUG_DYLIB_INSTALL_NAME\=@rpath/AhoiMobile.debug.dylib
    export EXECUTABLE_DEBUG_DYLIB_PATH\=AhoiMobile.app/AhoiMobile.debug.dylib
    export EXECUTABLE_FOLDER_PATH\=AhoiMobile.app
    export EXECUTABLE_FOLDER_PATH_SHALLOW_BUNDLE_NO\=AhoiMobile.app/MacOS
    export EXECUTABLE_FOLDER_PATH_SHALLOW_BUNDLE_YES\=AhoiMobile.app
    export EXECUTABLE_NAME\=AhoiMobile
    export EXECUTABLE_PATH\=AhoiMobile.app/AhoiMobile
    export EXPANDED_CODE_SIGN_IDENTITY\=-
    export EXPANDED_CODE_SIGN_IDENTITY_NAME\=Sign\ to\ Run\ Locally
    export EXTENSIONS_FOLDER_PATH\=AhoiMobile.app/Extensions
    export FILE_LIST\=/Users/vossmedien/inhouse/scratch/ahoi-mobile-files-e664fc0d.fUBMTOwp/DerivedData/Build/Intermediates.noindex/AhoiMobile.build/DebugLocal-iphonesimulator/AhoiMobile.build/Objects/LinkFileList
    export FIXED_FILES_DIR\=/Users/vossmedien/inhouse/scratch/ahoi-mobile-files-e664fc0d.fUBMTOwp/DerivedData/Build/Intermediates.noindex/AhoiMobile.build/DebugLocal-iphonesimulator/AhoiMobile.build/FixedFiles
    export FRAMEWORKS_FOLDER_PATH\=AhoiMobile.app/Frameworks
    export FRAMEWORK_FLAG_PREFIX\=-framework
    export FRAMEWORK_SEARCH_PATHS\=/Users/vossmedien/inhouse/scratch/ahoi-mobile-files-e664fc0d.fUBMTOwp/DerivedData/Build/Products/DebugLocal-iphonesimulator/PackageFrameworks\ /Users/vossmedien/inhouse/scratch/ahoi-mobile-files-e664fc0d.fUBMTOwp/DerivedData/Build/Products/DebugLocal-iphonesimulator\
    export FRAMEWORK_VERSION\=A
    export FULL_PRODUCT_NAME\=AhoiMobile.app
    export FUSE_BUILD_PHASES\=YES
    export FUSE_BUILD_SCRIPT_PHASES\=NO
    export GCC3_VERSION\=3.3
    export GCC_C_LANGUAGE_STANDARD\=gnu11
    export GCC_DYNAMIC_NO_PIC\=NO
    export GCC_INLINES_ARE_PRIVATE_EXTERN\=YES
    export GCC_NO_COMMON_BLOCKS\=YES
    export GCC_OBJC_LEGACY_DISPATCH\=YES
    export GCC_OPTIMIZATION_LEVEL\=0
    export GCC_PFE_FILE_C_DIALECTS\=c\ objective-c\ c++\ objective-c++
    export GCC_PREPROCESSOR_DEFINITIONS\=\ DEBUG\=1
    export GCC_SYMBOLS_PRIVATE_EXTERN\=NO
    export GCC_TREAT_WARNINGS_AS_ERRORS\=NO
    export GCC_VERSION\=com.apple.compilers.llvm.clang.1_0
    export GCC_VERSION_IDENTIFIER\=com_apple_compilers_llvm_clang_1_0
    export GCC_WARN_64_TO_32_BIT_CONVERSION\=YES
    export GCC_WARN_ABOUT_RETURN_TYPE\=YES_ERROR
    export GCC_WARN_UNDECLARED_SELECTOR\=YES
    export GCC_WARN_UNINITIALIZED_AUTOS\=YES_AGGRESSIVE
    export GCC_WARN_UNUSED_FUNCTION\=YES
    export GCC_WARN_UNUSED_VARIABLE\=YES
    export GENERATED_MODULEMAP_DIR\=/Users/vossmedien/inhouse/scratch/ahoi-mobile-files-e664fc0d.fUBMTOwp/DerivedData/Build/Intermediates.noindex/GeneratedModuleMaps-iphonesimulator
    export GENERATE_INFOPLIST_FILE\=YES
    export GENERATE_INTERMEDIATE_TEXT_BASED_STUBS\=YES
    export GENERATE_PKGINFO_FILE\=YES
    export GENERATE_PRELINK_OBJECT_FILE\=NO
    export GENERATE_PROFILING_CODE\=NO
    export GENERATE_TEXT_BASED_STUBS\=NO
    export GID\=20
    export GROUP\=staff
    export HEADERMAP_INCLUDES_FLAT_ENTRIES_FOR_TARGET_BEING_BUILT\=YES
    export HEADERMAP_INCLUDES_FRAMEWORK_ENTRIES_FOR_ALL_PRODUCT_TYPES\=YES
    export HEADERMAP_INCLUDES_FRAMEWORK_ENTRIES_FOR_TARGETS_NOT_BEING_BUILT\=YES
    export HEADERMAP_INCLUDES_NONPUBLIC_NONPRIVATE_HEADERS\=YES
    export HEADERMAP_INCLUDES_PROJECT_HEADERS\=YES
    export HEADERMAP_USES_FRAMEWORK_PREFIX_ENTRIES\=YES
    export HEADERMAP_USES_VFS\=NO
    export HEADER_SEARCH_PATHS\=/Users/vossmedien/inhouse/scratch/ahoi-mobile-files-e664fc0d.fUBMTOwp/DerivedData/Build/Products/DebugLocal-iphonesimulator/include\
    export HOME\=/Users/vossmedien
    export HOST_ARCH\=arm64
    export HOST_PLATFORM\=macosx
    export ICONV\=/usr/bin/iconv
    export IMPLICIT_DEPENDENCY_DOMAIN\=default
    export INDEX_ENABLE_OPTIMIZATION_LEVEL_OVERRIDE\=YES
    export INDEX_STORE_COMPRESS\=NO
    export INDEX_STORE_ONLY_PROJECT_FILES\=NO
    export INFOPLIST_ENABLE_CFBUNDLEICONS_MERGE\=YES
    export INFOPLIST_EXPAND_BUILD_SETTINGS\=YES
    export INFOPLIST_FILE\=Info.plist
    export INFOPLIST_KEY_ITSAppUsesNonExemptEncryption\=NO
    export INFOPLIST_OUTPUT_FORMAT\=binary
    export INFOPLIST_PATH\=AhoiMobile.app/Info.plist
    export INFOPLIST_PREPROCESS\=NO
    export INFOSTRINGS_PATH\=AhoiMobile.app/en.lproj/InfoPlist.strings
    export INLINE_PRIVATE_FRAMEWORKS\=NO
    export INSTALLAPI_IGNORE_SKIP_INSTALL\=YES
    export INSTALLHDRS_COPY_PHASE\=NO
    export INSTALLHDRS_SCRIPT_PHASE\=NO
    export INSTALL_DIR\=/tmp/AhoiMobile.dst/Applications
    export INSTALL_GROUP\=staff
    export INSTALL_MODE_FLAG\=u+w,go-w,a+rX
    export INSTALL_OWNER\=vossmedien
    export INSTALL_PATH\=/Applications
    export INSTALL_ROOT\=/tmp/AhoiMobile.dst
    export IPHONEOS_DEPLOYMENT_TARGET\=26.0
    export IS_UNOPTIMIZED_BUILD\=YES
    export JAVAC_DEFAULT_FLAGS\=-J-Xms64m\ -J-XX:NewSize\=4M\ -J-Dfile.encoding\=UTF8
    export JAVA_APP_STUB\=/System/Library/Frameworks/JavaVM.framework/Resources/MacOS/JavaApplicationStub
    export JAVA_ARCHIVE_CLASSES\=YES
    export JAVA_ARCHIVE_TYPE\=JAR
    export JAVA_COMPILER\=/usr/bin/javac
    export JAVA_FOLDER_PATH\=AhoiMobile.app/Java
    export JAVA_FRAMEWORK_RESOURCES_DIRS\=Resources
    export JAVA_JAR_FLAGS\=cv
    export JAVA_SOURCE_SUBDIR\=.
    export JAVA_USE_DEPENDENCIES\=YES
    export JAVA_ZIP_FLAGS\=-urg
    export JIKES_DEFAULT_FLAGS\=+E\ +OLDCSO
    export KEEP_PRIVATE_EXTERNS\=NO
    export LD_DEPENDENCY_INFO_FILE\=/Users/vossmedien/inhouse/scratch/ahoi-mobile-files-e664fc0d.fUBMTOwp/DerivedData/Build/Intermediates.noindex/AhoiMobile.build/DebugLocal-iphonesimulator/AhoiMobile.build/Objects-normal/undefined_arch/AhoiMobile_dependency_info.dat
    export LD_ENTITLEMENTS_SECTION\=/Users/vossmedien/inhouse/scratch/ahoi-mobile-files-e664fc0d.fUBMTOwp/DerivedData/Build/Intermediates.noindex/AhoiMobile.build/DebugLocal-iphonesimulator/AhoiMobile.build/AhoiMobile.app-Simulated.xcent
    export LD_ENTITLEMENTS_SECTION_DER\=/Users/vossmedien/inhouse/scratch/ahoi-mobile-files-e664fc0d.fUBMTOwp/DerivedData/Build/Intermediates.noindex/AhoiMobile.build/DebugLocal-iphonesimulator/AhoiMobile.build/AhoiMobile.app-Simulated.xcent.der
    export LD_EXPORT_GLOBAL_SYMBOLS\=YES
    export LD_EXPORT_SYMBOLS\=YES
    export LD_GENERATE_MAP_FILE\=NO
    export LD_MAP_FILE_PATH\=/Users/vossmedien/inhouse/scratch/ahoi-mobile-files-e664fc0d.fUBMTOwp/DerivedData/Build/Intermediates.noindex/AhoiMobile.build/DebugLocal-iphonesimulator/AhoiMobile.build/AhoiMobile-LinkMap-normal-undefined_arch.txt
    export LD_NO_PIE\=NO
    export LD_QUOTE_LINKER_ARGUMENTS_FOR_COMPILER_DRIVER\=YES
    export LD_RUNPATH_SEARCH_PATHS\=\ @executable_path/Frameworks
    export LD_RUNPATH_SEARCH_PATHS_YES\=@loader_path/../Frameworks
    export LD_SHARED_CACHE_ELIGIBLE\=Automatic
    export LD_WARN_DUPLICATE_LIBRARIES\=NO
    export LD_WARN_UNUSED_DYLIBS\=NO
    export LEGACY_DEVELOPER_DIR\=/Applications/Xcode.app/Contents/PlugIns/Xcode3Core.ideplugin/Contents/SharedSupport/Developer
    export LEX\=lex
    export LIBRARY_DEXT_INSTALL_PATH\=/Library/DriverExtensions
    export LIBRARY_FLAG_NOSPACE\=YES
    export LIBRARY_FLAG_PREFIX\=-l
    export LIBRARY_KEXT_INSTALL_PATH\=/Library/Extensions
    export LIBRARY_SEARCH_PATHS\=/Users/vossmedien/inhouse/scratch/ahoi-mobile-files-e664fc0d.fUBMTOwp/DerivedData/Build/Products/DebugLocal-iphonesimulator\
    export LINKER_DISPLAYS_MANGLED_NAMES\=NO
    export LINK_FILE_LIST_normal_arm64\=/Users/vossmedien/inhouse/scratch/ahoi-mobile-files-e664fc0d.fUBMTOwp/DerivedData/Build/Intermediates.noindex/AhoiMobile.build/DebugLocal-iphonesimulator/AhoiMobile.build/Objects-normal/arm64/AhoiMobile.LinkFileList
    export LINK_FILE_LIST_normal_x86_64\=/Users/vossmedien/inhouse/scratch/ahoi-mobile-files-e664fc0d.fUBMTOwp/DerivedData/Build/Intermediates.noindex/AhoiMobile.build/DebugLocal-iphonesimulator/AhoiMobile.build/Objects-normal/x86_64/AhoiMobile.LinkFileList
    export LINK_OBJC_RUNTIME\=YES
    export LINK_WITH_STANDARD_LIBRARIES\=YES
    export LLVM_TARGET_TRIPLE_OS_VERSION\=ios26.0
    export LLVM_TARGET_TRIPLE_SUFFIX\=-simulator
    export LLVM_TARGET_TRIPLE_VENDOR\=apple
    export LM_AUX_CONST_METADATA_LIST_PATH_normal_arm64\=/Users/vossmedien/inhouse/scratch/ahoi-mobile-files-e664fc0d.fUBMTOwp/DerivedData/Build/Intermediates.noindex/AhoiMobile.build/DebugLocal-iphonesimulator/AhoiMobile.build/Objects-normal/arm64/AhoiMobile.SwiftConstValuesFileList
    export LM_AUX_CONST_METADATA_LIST_PATH_normal_x86_64\=/Users/vossmedien/inhouse/scratch/ahoi-mobile-files-e664fc0d.fUBMTOwp/DerivedData/Build/Intermediates.noindex/AhoiMobile.build/DebugLocal-iphonesimulator/AhoiMobile.build/Objects-normal/x86_64/AhoiMobile.SwiftConstValuesFileList
    export LOCALIZATION_EXPORT_SUPPORTED\=YES
    export LOCALIZATION_PREFERS_STRING_CATALOGS\=NO
    export LOCALIZED_RESOURCES_FOLDER_PATH\=AhoiMobile.app/en.lproj
    export LOCALIZED_STRING_CODE_COMMENTS\=NO
    export LOCALIZED_STRING_MACRO_NAMES\=NSLocalizedString\ CFCopyLocalizedString
    export LOCALIZED_STRING_SWIFTUI_SUPPORT\=YES
    export LOCAL_ADMIN_APPS_DIR\=/Applications/Utilities
    export LOCAL_APPS_DIR\=/Applications
    export LOCAL_DEVELOPER_DIR\=/Library/Developer
    export LOCAL_LIBRARY_DIR\=/Library
    export LOCROOT\=/Users/vossmedien/inhouse/scratch/ahoi-mobile-files-e664fc0d.fUBMTOwp/repo/apps/AhoiMobile
    export LOCSYMROOT\=/Users/vossmedien/inhouse/scratch/ahoi-mobile-files-e664fc0d.fUBMTOwp/repo/apps/AhoiMobile
    export MACH_O_TYPE\=mh_execute
    export MAC_OS_X_PRODUCT_BUILD_VERSION\=26A434
    export MAC_OS_X_VERSION_ACTUAL\=270001
    export MAC_OS_X_VERSION_MAJOR\=270000
    export MAC_OS_X_VERSION_MINOR\=270000
    export MAKE_MERGEABLE\=NO
    export MARKETING_VERSION\=0.1
    export MERGEABLE_LIBRARY\=NO
    export MERGED_BINARY_TYPE\=none
    export MERGE_LINKED_LIBRARIES\=NO
    export METAL_LIBRARY_FILE_BASE\=default
    export METAL_LIBRARY_OUTPUT_DIR\=/Users/vossmedien/inhouse/scratch/ahoi-mobile-files-e664fc0d.fUBMTOwp/DerivedData/Build/Products/DebugLocal-iphonesimulator/AhoiMobile.app
    export MODULES_FOLDER_PATH\=AhoiMobile.app/Modules
    export MODULE_CACHE_DIR\=/Users/vossmedien/inhouse/scratch/ahoi-mobile-files-e664fc0d.fUBMTOwp/DerivedData/ModuleCache.noindex
    export MTL_ENABLE_DEBUG_INFO\=INCLUDE_SOURCE
    export MTL_FAST_MATH\=YES
    export NATIVE_ARCH\=arm64
    export NATIVE_ARCH_32_BIT\=arm
    export NATIVE_ARCH_64_BIT\=arm64
    export NATIVE_ARCH_ACTUAL\=arm64
    export NO_COMMON\=YES
    export OBJC_ABI_VERSION\=2
    export OBJECT_FILE_DIR\=/Users/vossmedien/inhouse/scratch/ahoi-mobile-files-e664fc0d.fUBMTOwp/DerivedData/Build/Intermediates.noindex/AhoiMobile.build/DebugLocal-iphonesimulator/AhoiMobile.build/Objects
    export OBJECT_FILE_DIR_normal\=/Users/vossmedien/inhouse/scratch/ahoi-mobile-files-e664fc0d.fUBMTOwp/DerivedData/Build/Intermediates.noindex/AhoiMobile.build/DebugLocal-iphonesimulator/AhoiMobile.build/Objects-normal
    export OBJROOT\=/Users/vossmedien/inhouse/scratch/ahoi-mobile-files-e664fc0d.fUBMTOwp/DerivedData/Build/Intermediates.noindex
    export ONLY_ACTIVE_ARCH\=NO
    export ONLY_ARCH\=multiple_archs
    export OS\=MACOS
    export OSAC\=/usr/bin/osacompile
    export OTHER_CFLAGS\=-fmodule-map-file\=/Users/vossmedien/inhouse/scratch/ahoi-mobile-files-e664fc0d.fUBMTOwp/DerivedData/Build/Intermediates.noindex/GeneratedModuleMaps-iphonesimulator/AhoiCloudKitSpike.modulemap\
    export OTHER_CPLUSPLUSFLAGS\=-fmodule-map-file\=/Users/vossmedien/inhouse/scratch/ahoi-mobile-files-e664fc0d.fUBMTOwp/DerivedData/Build/Intermediates.noindex/GeneratedModuleMaps-iphonesimulator/AhoiCloudKitSpike.modulemap\
    export OTHER_SWIFT_FLAGS\=\ -j1
    export PACKAGE_TYPE\=com.apple.package-type.wrapper.application
    export PASCAL_STRINGS\=YES
    export PATH\=/Applications/Xcode.app/Contents/SharedFrameworks/SwiftBuild.framework/Versions/A/PlugIns/SWBBuildService.bundle/Contents/PlugIns/SWBUniversalPlatformPlugin.bundle/Contents/Frameworks/SWBUniversalPlatform.framework/Resources:/var/run/com.apple.security.cryptexd/mnt/com.apple.MobileAsset.MetalToolchain-v27.1.266.1.7Zimi4/Metal.xctoolchain/usr/bin:/var/run/com.apple.security.cryptexd/mnt/com.apple.MobileAsset.MetalToolchain-v27.1.266.1.7Zimi4/Metal.xctoolchain/usr/local/bin:/var/run/com.apple.security.cryptexd/mnt/com.apple.MobileAsset.MetalToolchain-v27.1.266.1.7Zimi4/Metal.xctoolchain/usr/libexec:/Applications/Xcode.app/Contents/Developer/Toolchains/XcodeDefault.xctoolchain/usr/bin:/Applications/Xcode.app/Contents/Developer/Toolchains/XcodeDefault.xctoolchain/usr/local/bin:/Applications/Xcode.app/Contents/Developer/Toolchains/XcodeDefault.xctoolchain/usr/libexec:/Applications/Xcode.app/Contents/Developer/Platforms/iPhoneSimulator.platform/usr/bin:/Applications/Xcode.app/Contents/Developer/Platforms/iPhoneSimulator.platform/usr/local/bin:/Applications/Xcode.app/Contents/Developer/Platforms/iPhoneSimulator.platform/Developer/usr/bin:/Applications/Xcode.app/Contents/Developer/Platforms/iPhoneSimulator.platform/Developer/usr/local/bin:/Applications/Xcode.app/Contents/Developer/usr/bin:/Applications/Xcode.app/Contents/Developer/usr/local/bin:/Users/vossmedien/.local/bin:/Users/vossmedien/inhouse/toolchains/node-v22.23.1-darwin-arm64/bin:/usr/bin:/bin:/usr/sbin:/sbin:/Users/vossmedien/.docker/bin
    export PATH_PREFIXES_EXCLUDED_FROM_HEADER_DEPENDENCIES\=/usr/include\ /usr/local/include\ /System/Library/Frameworks\ /System/Library/PrivateFrameworks\ /Applications/Xcode.app/Contents/Developer/Headers\ /Applications/Xcode.app/Contents/Developer/SDKs\ /Applications/Xcode.app/Contents/Developer/Platforms
    export PBDEVELOPMENTPLIST_PATH\=AhoiMobile.app/pbdevelopment.plist
    export PER_ARCH_MODULE_FILE_DIR\=/Users/vossmedien/inhouse/scratch/ahoi-mobile-files-e664fc0d.fUBMTOwp/DerivedData/Build/Intermediates.noindex/AhoiMobile.build/DebugLocal-iphonesimulator/AhoiMobile.build/Objects-normal/undefined_arch
    export PER_ARCH_OBJECT_FILE_DIR\=/Users/vossmedien/inhouse/scratch/ahoi-mobile-files-e664fc0d.fUBMTOwp/DerivedData/Build/Intermediates.noindex/AhoiMobile.build/DebugLocal-iphonesimulator/AhoiMobile.build/Objects-normal/undefined_arch
    export PER_VARIANT_OBJECT_FILE_DIR\=/Users/vossmedien/inhouse/scratch/ahoi-mobile-files-e664fc0d.fUBMTOwp/DerivedData/Build/Intermediates.noindex/AhoiMobile.build/DebugLocal-iphonesimulator/AhoiMobile.build/Objects-normal
    export PKGINFO_FILE_PATH\=/Users/vossmedien/inhouse/scratch/ahoi-mobile-files-e664fc0d.fUBMTOwp/DerivedData/Build/Intermediates.noindex/AhoiMobile.build/DebugLocal-iphonesimulator/AhoiMobile.build/PkgInfo
    export PKGINFO_PATH\=AhoiMobile.app/PkgInfo
    export PLATFORM_DEVELOPER_APPLICATIONS_DIR\=/Applications/Xcode.app/Contents/Developer/Platforms/iPhoneSimulator.platform/Developer/Applications
    export PLATFORM_DEVELOPER_BIN_DIR\=/Applications/Xcode.app/Contents/Developer/Platforms/iPhoneSimulator.platform/Developer/usr/bin
    export PLATFORM_DEVELOPER_LIBRARY_DIR\=/Applications/Xcode.app/Contents/Developer/Platforms/iPhoneSimulator.platform/Developer/Library
    export PLATFORM_DEVELOPER_SDK_DIR\=/Applications/Xcode.app/Contents/Developer/Platforms/iPhoneSimulator.platform/Developer/SDKs
    export PLATFORM_DEVELOPER_TOOLS_DIR\=/Applications/Xcode.app/Contents/Developer/Platforms/iPhoneSimulator.platform/Developer/Tools
    export PLATFORM_DEVELOPER_USR_DIR\=/Applications/Xcode.app/Contents/Developer/Platforms/iPhoneSimulator.platform/Developer/usr
    export PLATFORM_DIR\=/Applications/Xcode.app/Contents/Developer/Platforms/iPhoneSimulator.platform
    export PLATFORM_DISPLAY_NAME\=iOS\ Simulator
    export PLATFORM_FAMILY_NAME\=iOS
    export PLATFORM_NAME\=iphonesimulator
    export PLATFORM_PREFERRED_ARCH\=x86_64
    export PLATFORM_PRODUCT_BUILD_VERSION\=24A430
    export PLATFORM_REQUIRES_SWIFT_AUTOLINK_EXTRACT\=NO
    export PLATFORM_REQUIRES_SWIFT_MODULEWRAP\=NO
    export PLATFORM_USES_DSYMS\=YES
    export PLIST_FILE_OUTPUT_FORMAT\=binary
    export PLUGINS_FOLDER_PATH\=AhoiMobile.app/PlugIns
    export PRECOMPS_INCLUDE_HEADERS_FROM_BUILT_PRODUCTS_DIR\=YES
    export PRECOMP_DESTINATION_DIR\=/Users/vossmedien/inhouse/scratch/ahoi-mobile-files-e664fc0d.fUBMTOwp/DerivedData/Build/Intermediates.noindex/AhoiMobile.build/DebugLocal-iphonesimulator/AhoiMobile.build/PrefixHeaders
    export PRELINK_DEPENDENCY_INFO_FILE\=/Users/vossmedien/inhouse/scratch/ahoi-mobile-files-e664fc0d.fUBMTOwp/DerivedData/Build/Intermediates.noindex/AhoiMobile.build/DebugLocal-iphonesimulator/AhoiMobile.build/Objects-normal/undefined_arch/AhoiMobile_prelink_dependency_info.dat
    export PRIVATE_HEADERS_FOLDER_PATH\=AhoiMobile.app/PrivateHeaders
    export PROCESSED_INFOPLIST_PATH\=/Users/vossmedien/inhouse/scratch/ahoi-mobile-files-e664fc0d.fUBMTOwp/DerivedData/Build/Intermediates.noindex/AhoiMobile.build/DebugLocal-iphonesimulator/AhoiMobile.build/Objects-normal/undefined_arch/Processed-Info.plist
    export PRODUCT_BUNDLE_IDENTIFIER\=app.ahoibrowser.AhoiBrowser
    export PRODUCT_BUNDLE_PACKAGE_TYPE\=APPL
    export PRODUCT_MODULE_NAME\=AhoiMobile
    export PRODUCT_NAME\=AhoiMobile
    export PRODUCT_SETTINGS_PATH\=/Users/vossmedien/inhouse/scratch/ahoi-mobile-files-e664fc0d.fUBMTOwp/repo/apps/AhoiMobile/Info.plist
    export PRODUCT_TYPE\=com.apple.product-type.application
    export PROFILING_CODE\=NO
    export PROJECT\=AhoiMobile
    export PROJECT_DERIVED_FILE_DIR\=/Users/vossmedien/inhouse/scratch/ahoi-mobile-files-e664fc0d.fUBMTOwp/DerivedData/Build/Intermediates.noindex/AhoiMobile.build/DerivedSources
    export PROJECT_DIR\=/Users/vossmedien/inhouse/scratch/ahoi-mobile-files-e664fc0d.fUBMTOwp/repo/apps/AhoiMobile
    export PROJECT_FILE_PATH\=/Users/vossmedien/inhouse/scratch/ahoi-mobile-files-e664fc0d.fUBMTOwp/repo/apps/AhoiMobile/AhoiMobile.xcodeproj
    export PROJECT_GUID\=a44a3a976db28ace36eae5fb72a0335b
    export PROJECT_NAME\=AhoiMobile
    export PROJECT_TEMP_DIR\=/Users/vossmedien/inhouse/scratch/ahoi-mobile-files-e664fc0d.fUBMTOwp/DerivedData/Build/Intermediates.noindex/AhoiMobile.build
    export PROJECT_TEMP_ROOT\=/Users/vossmedien/inhouse/scratch/ahoi-mobile-files-e664fc0d.fUBMTOwp/DerivedData/Build/Intermediates.noindex
    export PROVISIONING_PROFILE_REQUIRED\=NO
    export PROVISIONING_PROFILE_REQUIRED_YES_YES\=YES
    export PROVISIONING_PROFILE_SUPPORTED\=YES
    export PUBLIC_HEADERS_FOLDER_PATH\=AhoiMobile.app/Headers
    export RECOMMENDED_IPHONEOS_DEPLOYMENT_TARGET\=17.0
    export RECURSIVE_SEARCH_PATHS_FOLLOW_SYMLINKS\=YES
    export REMOVE_CVS_FROM_RESOURCES\=YES
    export REMOVE_GIT_FROM_RESOURCES\=YES
    export REMOVE_HEADERS_FROM_EMBEDDED_BUNDLES\=YES
    export REMOVE_HG_FROM_RESOURCES\=YES
    export REMOVE_STATIC_EXECUTABLES_FROM_EMBEDDED_BUNDLES\=YES
    export REMOVE_SVN_FROM_RESOURCES\=YES
    export RESCHEDULE_INDEPENDENT_HEADERS_PHASES\=YES
    export REZ_COLLECTOR_DIR\=/Users/vossmedien/inhouse/scratch/ahoi-mobile-files-e664fc0d.fUBMTOwp/DerivedData/Build/Intermediates.noindex/AhoiMobile.build/DebugLocal-iphonesimulator/AhoiMobile.build/ResourceManagerResources
    export REZ_OBJECTS_DIR\=/Users/vossmedien/inhouse/scratch/ahoi-mobile-files-e664fc0d.fUBMTOwp/DerivedData/Build/Intermediates.noindex/AhoiMobile.build/DebugLocal-iphonesimulator/AhoiMobile.build/ResourceManagerResources/Objects
    export REZ_SEARCH_PATHS\=/Users/vossmedien/inhouse/scratch/ahoi-mobile-files-e664fc0d.fUBMTOwp/DerivedData/Build/Products/DebugLocal-iphonesimulator\
    export RPATH_ORIGIN\=@loader_path
    export RUNTIME_EXCEPTION_ALLOW_DYLD_ENVIRONMENT_VARIABLES\=NO
    export RUNTIME_EXCEPTION_ALLOW_JIT\=NO
    export RUNTIME_EXCEPTION_ALLOW_UNSIGNED_EXECUTABLE_MEMORY\=NO
    export RUNTIME_EXCEPTION_DEBUGGING_TOOL\=NO
    export RUNTIME_EXCEPTION_DISABLE_EXECUTABLE_PAGE_PROTECTION\=NO
    export RUNTIME_EXCEPTION_DISABLE_LIBRARY_VALIDATION\=NO
    export SCANNING_PCM_KEEP_CACHE_DIRECTORY\=YES
    export SCAN_ALL_SOURCE_FILES_FOR_INCLUDES\=NO
    export SCRIPTS_FOLDER_PATH\=AhoiMobile.app/Scripts
    export SCRIPT_INPUT_FILE_COUNT\=0
    export SCRIPT_INPUT_FILE_LIST_COUNT\=0
    export SCRIPT_OUTPUT_FILE_COUNT\=0
    export SCRIPT_OUTPUT_FILE_LIST_COUNT\=0
    export SDKROOT\=/Applications/Xcode.app/Contents/Developer/Platforms/iPhoneSimulator.platform/Developer/SDKs/iPhoneSimulator27.0.sdk
    export SDK_DIR\=/Applications/Xcode.app/Contents/Developer/Platforms/iPhoneSimulator.platform/Developer/SDKs/iPhoneSimulator27.0.sdk
    export SDK_DIR_iphonesimulator\=/Applications/Xcode.app/Contents/Developer/Platforms/iPhoneSimulator.platform/Developer/SDKs/iPhoneSimulator27.0.sdk
    export SDK_DIR_iphonesimulator27_0\=/Applications/Xcode.app/Contents/Developer/Platforms/iPhoneSimulator.platform/Developer/SDKs/iPhoneSimulator27.0.sdk
    export SDK_NAME\=iphonesimulator27.0
    export SDK_NAMES\=iphonesimulator27.0
    export SDK_PRODUCT_BUILD_VERSION\=24A430
    export SDK_STAT_CACHE_DIR\=/Users/vossmedien/inhouse/scratch/ahoi-mobile-files-e664fc0d.fUBMTOwp/DerivedData
    export SDK_STAT_CACHE_ENABLE\=YES
    export SDK_STAT_CACHE_PATH\=/Users/vossmedien/inhouse/scratch/ahoi-mobile-files-e664fc0d.fUBMTOwp/DerivedData/SDKStatCaches.noindex/iphonesimulator27.0-24A430-e829b21a6f8c9b70876ba0858053c0448dc58220667be655e1bcc261a7455254.sdkstatcache
    export SDK_VERSION\=27.0
    export SDK_VERSION_ACTUAL\=270000
    export SDK_VERSION_MAJOR\=270000
    export SDK_VERSION_MINOR\=270000
    export SED\=/usr/bin/sed
    export SEPARATE_STRIP\=NO
    export SEPARATE_SYMBOL_EDIT\=NO
    export SET_DIR_MODE_OWNER_GROUP\=YES
    export SET_FILE_MODE_OWNER_GROUP\=NO
    export SHALLOW_BUNDLE\=YES
    export SHALLOW_BUNDLE_TRIPLE\=ios-simulator
    export SHALLOW_BUNDLE_ios_macabi\=NO
    export SHALLOW_BUNDLE_macos\=NO
    export SHARED_DERIVED_FILE_DIR\=/Users/vossmedien/inhouse/scratch/ahoi-mobile-files-e664fc0d.fUBMTOwp/DerivedData/Build/Products/DebugLocal-iphonesimulator/DerivedSources
    export SHARED_FRAMEWORKS_FOLDER_PATH\=AhoiMobile.app/SharedFrameworks
    export SHARED_PRECOMPS_DIR\=/Users/vossmedien/inhouse/scratch/ahoi-mobile-files-e664fc0d.fUBMTOwp/DerivedData/Build/Intermediates.noindex/PrecompiledHeaders
    export SHARED_SUPPORT_FOLDER_PATH\=AhoiMobile.app/SharedSupport
    export SKIP_COPYING_TEST_FRAMEWORKS\=YES
    export SKIP_INSTALL\=NO
    export SKIP_MERGEABLE_LIBRARY_BUNDLE_HOOK\=NO
    export SOURCE_ROOT\=/Users/vossmedien/inhouse/scratch/ahoi-mobile-files-e664fc0d.fUBMTOwp/repo/apps/AhoiMobile
    export SRCROOT\=/Users/vossmedien/inhouse/scratch/ahoi-mobile-files-e664fc0d.fUBMTOwp/repo/apps/AhoiMobile
    export STRINGSDATA_DIR\=/Users/vossmedien/inhouse/scratch/ahoi-mobile-files-e664fc0d.fUBMTOwp/DerivedData/Build/Intermediates.noindex/AhoiMobile.build/DebugLocal-iphonesimulator/AhoiMobile.build/Objects-normal/undefined_arch
    export STRINGSDATA_ROOT\=/Users/vossmedien/inhouse/scratch/ahoi-mobile-files-e664fc0d.fUBMTOwp/DerivedData/Build/Intermediates.noindex/AhoiMobile.build/DebugLocal-iphonesimulator/AhoiMobile.build
    export STRINGS_FILE_INFOPLIST_RENAME\=YES
    export STRINGS_FILE_OUTPUT_ENCODING\=binary
    export STRING_CATALOG_GENERATE_SYMBOLS\=NO
    export STRIP_BITCODE_FROM_COPIED_FILES\=NO
    export STRIP_INSTALLED_PRODUCT\=NO
    export STRIP_STYLE\=all
    export STRIP_SWIFT_SYMBOLS\=YES
    export SUPPORTED_DEVICE_FAMILIES\=1,2
    export SUPPORTED_PLATFORMS\=iphoneos\ iphonesimulator
    export SUPPORTS_MACCATALYST\=NO
    export SUPPORTS_ON_DEMAND_RESOURCES\=YES
    export SUPPORTS_TEXT_BASED_API\=NO
    export SUPPRESS_WARNINGS\=NO
    export SWIFTC_PASS_SDKROOT\=YES
    export SWIFTC_PASS_SYSROOT\=NO
    export SWIFT_ACTIVE_COMPILATION_CONDITIONS\=DEBUG
    export SWIFT_COLOR_DIAGNOSTICS\=NO
    export SWIFT_EMIT_CONST_VALUE_PROTOCOLS\=AnyResolverProviding\ AppEntity\ AppEnum\ AppExtension\ AppIntent\ AppIntentsPackage\ AppShortcutProviding\ AppShortcutsProvider\ AppUnionValue\ AppUnionValueCasesProviding\ DynamicOptionsProvider\ EntityQuery\ ExtensionPointDefining\ IntentValueQuery\ Resolver\ TransientEntity\ _AssistantIntentsProvider\ _GenerativeFunctionExtractable\ _IntentValueRepresentable
    export SWIFT_EMIT_LOC_STRINGS\=NO
    export SWIFT_ENABLE_EXPLICIT_MODULES\=YES
    export SWIFT_ENABLE_TESTABILITY\=YES
    export SWIFT_OPTIMIZATION_LEVEL\=-Onone
    export SWIFT_PLATFORM_TARGET_PREFIX\=ios
    export SWIFT_RESPONSE_FILE_PATH_normal_arm64\=/Users/vossmedien/inhouse/scratch/ahoi-mobile-files-e664fc0d.fUBMTOwp/DerivedData/Build/Intermediates.noindex/AhoiMobile.build/DebugLocal-iphonesimulator/AhoiMobile.build/Objects-normal/arm64/AhoiMobile.SwiftFileList
    export SWIFT_RESPONSE_FILE_PATH_normal_x86_64\=/Users/vossmedien/inhouse/scratch/ahoi-mobile-files-e664fc0d.fUBMTOwp/DerivedData/Build/Intermediates.noindex/AhoiMobile.build/DebugLocal-iphonesimulator/AhoiMobile.build/Objects-normal/x86_64/AhoiMobile.SwiftFileList
    export SWIFT_STRICT_CONCURRENCY\=complete
    export SWIFT_VERSION\=6.0
    export SYMROOT\=/Users/vossmedien/inhouse/scratch/ahoi-mobile-files-e664fc0d.fUBMTOwp/DerivedData/Build/Products
    export SYSROOT\=/Applications/Xcode.app/Contents/Developer/Platforms/iPhoneSimulator.platform/Developer/SDKs/iPhoneSimulator27.0.sdk
    export SYSTEM_ADMIN_APPS_DIR\=/Applications/Utilities
    export SYSTEM_APPS_DIR\=/Applications
    export SYSTEM_CORE_SERVICES_DIR\=/System/Library/CoreServices
    export SYSTEM_DEMOS_DIR\=/Applications/Extras
    export SYSTEM_DEVELOPER_APPS_DIR\=/Applications/Xcode.app/Contents/Developer/Applications
    export SYSTEM_DEVELOPER_BIN_DIR\=/Applications/Xcode.app/Contents/Developer/usr/bin
    export SYSTEM_DEVELOPER_DEMOS_DIR\=/Applications/Xcode.app/Contents/Developer/Applications/Utilities/Built\ Examples
    export SYSTEM_DEVELOPER_DIR\=/Applications/Xcode.app/Contents/Developer
    export SYSTEM_DEVELOPER_DOC_DIR\=/Applications/Xcode.app/Contents/Developer/ADC\ Reference\ Library
    export SYSTEM_DEVELOPER_GRAPHICS_TOOLS_DIR\=/Applications/Xcode.app/Contents/Developer/Applications/Graphics\ Tools
    export SYSTEM_DEVELOPER_JAVA_TOOLS_DIR\=/Applications/Xcode.app/Contents/Developer/Applications/Java\ Tools
    export SYSTEM_DEVELOPER_PERFORMANCE_TOOLS_DIR\=/Applications/Xcode.app/Contents/Developer/Applications/Performance\ Tools
    export SYSTEM_DEVELOPER_RELEASENOTES_DIR\=/Applications/Xcode.app/Contents/Developer/ADC\ Reference\ Library/releasenotes
    export SYSTEM_DEVELOPER_TOOLS\=/Applications/Xcode.app/Contents/Developer/Tools
    export SYSTEM_DEVELOPER_TOOLS_DOC_DIR\=/Applications/Xcode.app/Contents/Developer/ADC\ Reference\ Library/documentation/DeveloperTools
    export SYSTEM_DEVELOPER_TOOLS_RELEASENOTES_DIR\=/Applications/Xcode.app/Contents/Developer/ADC\ Reference\ Library/releasenotes/DeveloperTools
    export SYSTEM_DEVELOPER_USR_DIR\=/Applications/Xcode.app/Contents/Developer/usr
    export SYSTEM_DEVELOPER_UTILITIES_DIR\=/Applications/Xcode.app/Contents/Developer/Applications/Utilities
    export SYSTEM_DEXT_INSTALL_PATH\=/System/Library/DriverExtensions
    export SYSTEM_DOCUMENTATION_DIR\=/Library/Documentation
    export SYSTEM_EXTENSIONS_FOLDER_PATH\=AhoiMobile.app/SystemExtensions
    export SYSTEM_EXTENSIONS_FOLDER_PATH_SHALLOW_BUNDLE_NO\=AhoiMobile.app/Library/SystemExtensions
    export SYSTEM_EXTENSIONS_FOLDER_PATH_SHALLOW_BUNDLE_YES\=AhoiMobile.app/SystemExtensions
    export SYSTEM_KEXT_INSTALL_PATH\=/System/Library/Extensions
    export SYSTEM_LIBRARY_DIR\=/System/Library
    export TAPI_DEMANGLE\=YES
    export TAPI_ENABLE_PROJECT_HEADERS\=NO
    export TAPI_LANGUAGE\=objective-c
    export TAPI_LANGUAGE_STANDARD\=compiler-default
    export TAPI_USE_SRCROOT\=YES
    export TAPI_VERIFY_MODE\=Pedantic
    export TARGETED_DEVICE_FAMILY\=1,2
    export TARGETNAME\=AhoiMobile
    export TARGET_BUILD_DIR\=/Users/vossmedien/inhouse/scratch/ahoi-mobile-files-e664fc0d.fUBMTOwp/DerivedData/Build/Products/DebugLocal-iphonesimulator
    export TARGET_NAME\=AhoiMobile
    export TARGET_TEMP_DIR\=/Users/vossmedien/inhouse/scratch/ahoi-mobile-files-e664fc0d.fUBMTOwp/DerivedData/Build/Intermediates.noindex/AhoiMobile.build/DebugLocal-iphonesimulator/AhoiMobile.build
    export TEMP_DIR\=/Users/vossmedien/inhouse/scratch/ahoi-mobile-files-e664fc0d.fUBMTOwp/DerivedData/Build/Intermediates.noindex/AhoiMobile.build/DebugLocal-iphonesimulator/AhoiMobile.build
    export TEMP_FILES_DIR\=/Users/vossmedien/inhouse/scratch/ahoi-mobile-files-e664fc0d.fUBMTOwp/DerivedData/Build/Intermediates.noindex/AhoiMobile.build/DebugLocal-iphonesimulator/AhoiMobile.build
    export TEMP_FILE_DIR\=/Users/vossmedien/inhouse/scratch/ahoi-mobile-files-e664fc0d.fUBMTOwp/DerivedData/Build/Intermediates.noindex/AhoiMobile.build/DebugLocal-iphonesimulator/AhoiMobile.build
    export TEMP_ROOT\=/Users/vossmedien/inhouse/scratch/ahoi-mobile-files-e664fc0d.fUBMTOwp/DerivedData/Build/Intermediates.noindex
    export TEMP_SANDBOX_DIR\=/Users/vossmedien/inhouse/scratch/ahoi-mobile-files-e664fc0d.fUBMTOwp/DerivedData/Build/Intermediates.noindex/TemporaryTaskSandboxes
    export TEST_FRAMEWORK_SEARCH_PATHS\=\ /Applications/Xcode.app/Contents/Developer/Platforms/iPhoneSimulator.platform/Developer/Library/Frameworks\ /Applications/Xcode.app/Contents/Developer/Platforms/iPhoneSimulator.platform/Developer/SDKs/iPhoneSimulator27.0.sdk/Developer/Library/Frameworks
    export TEST_LIBRARY_SEARCH_PATHS\=\ /Applications/Xcode.app/Contents/Developer/Platforms/iPhoneSimulator.platform/Developer/usr/lib
    export TOOLCHAINS\=com.apple.dt.toolchain.Metal.32023.921.5\ com.apple.dt.toolchain.XcodeDefault
    export TOOLCHAIN_DIR\=/var/run/com.apple.security.cryptexd/mnt/com.apple.MobileAsset.MetalToolchain-v27.1.266.1.7Zimi4/Metal.xctoolchain
    export TOOLCHAIN_VERSION\=32023.921.5
    export TREAT_MISSING_BASELINES_AS_TEST_FAILURES\=NO
    export TREAT_MISSING_SCRIPT_PHASE_OUTPUTS_AS_ERRORS\=NO
    export TeamIdentifierPrefix\=248AJ5BN47.
    export UID\=501
    export UNINSTALLED_PRODUCTS_DIR\=/Users/vossmedien/inhouse/scratch/ahoi-mobile-files-e664fc0d.fUBMTOwp/DerivedData/Build/Intermediates.noindex/UninstalledProducts
    export UNLOCALIZED_RESOURCES_FOLDER_PATH\=AhoiMobile.app
    export UNLOCALIZED_RESOURCES_FOLDER_PATH_SHALLOW_BUNDLE_NO\=AhoiMobile.app/Resources
    export UNLOCALIZED_RESOURCES_FOLDER_PATH_SHALLOW_BUNDLE_YES\=AhoiMobile.app
    export UNSTRIPPED_PRODUCT\=NO
    export USER\=vossmedien
    export USER_APPS_DIR\=/Users/vossmedien/Applications
    export USER_LIBRARY_DIR\=/Users/vossmedien/Library
    export USE_DYNAMIC_NO_PIC\=YES
    export USE_HEADERMAP\=YES
    export USE_HEADER_SYMLINKS\=NO
    export VALIDATE_DEVELOPMENT_ASSET_PATHS\=YES_ERROR
    export VALIDATE_PRODUCT\=NO
    export VALID_ARCHS\=arm64\ x86_64
    export VERBOSE_PBXCP\=NO
    export VERSIONING_SYSTEM\=apple-generic
    export VERSIONPLIST_PATH\=AhoiMobile.app/version.plist
    export VERSION_INFO_BUILDER\=vossmedien
    export VERSION_INFO_FILE\=AhoiMobile_vers.c
    export VERSION_INFO_STRING\=\"@\(\#\)PROGRAM:AhoiMobile\ \ PROJECT:AhoiMobile-1\"
    export WORKSPACE_DIR\=/Users/vossmedien/inhouse/scratch/ahoi-mobile-files-e664fc0d.fUBMTOwp/repo/apps/AhoiMobile/AhoiMobile.xcodeproj
    export WRAPPER_EXTENSION\=app
    export WRAPPER_NAME\=AhoiMobile.app
    export WRAPPER_SUFFIX\=.app
    export WRAP_ASSET_PACKS_IN_SEPARATE_DIRECTORIES\=NO
    export XCODE_APP_SUPPORT_DIR\=/Applications/Xcode.app/Contents/Developer/Library/Xcode
    export XCODE_PRODUCT_BUILD_VERSION\=27A266a
    export XCODE_VERSION_ACTUAL\=2700
    export XCODE_VERSION_MAJOR\=2700
    export XCODE_VERSION_MINOR\=2700
    export XPCSERVICES_FOLDER_PATH\=AhoiMobile.app/XPCServices
    export YACC\=yacc
    export _DISCOVER_COMMAND_LINE_LINKER_INPUTS\=YES
    export _DISCOVER_COMMAND_LINE_LINKER_INPUTS_INCLUDE_WL\=YES
    export _LD_MULTIARCH\=YES
    export _SWIFT_EXPLICIT_MODULES_ALLOW_CXX_INTEROP\=YES
    export _WRAPPER_CONTENTS_DIR_SHALLOW_BUNDLE_NO\=/Contents
    export _WRAPPER_PARENT_PATH_SHALLOW_BUNDLE_NO\=/..
    export _WRAPPER_RESOURCES_DIR_SHALLOW_BUNDLE_NO\=/Resources
    export __ARCHS__\=arm64\ x86_64
    export __DIAGNOSE_DEPRECATED_ARCHS\=YES
    export __DIAGNOSE_INVALID_DEPLOYMENT_TARGET_AS_ERROR\=YES
    export __IS_NOT_MACOS\=YES
    export __IS_NOT_MACOS_macosx\=NO
    export __IS_NOT_SIMULATOR\=NO
    export __IS_NOT_SIMULATOR_simulator\=NO
    export __ORIGINAL_SDK_DEFINED_LLVM_TARGET_TRIPLE_SYS\=ios
    export arch\=undefined_arch
    export variant\=normal
    /bin/sh -c /Users/vossmedien/inhouse/scratch/ahoi-mobile-files-e664fc0d.fUBMTOwp/DerivedData/Build/Intermediates.noindex/AhoiMobile.build/DebugLocal-iphonesimulator/AhoiMobile.build/Script-A0DB4133886667C5D797053C.sh
Ahoi Mobile signing preflight: DebugLocal is provider-free and contains no CloudKit, Push, Keychain-group or browser entitlement

Copy /Users/vossmedien/inhouse/scratch/ahoi-mobile-files-e664fc0d.fUBMTOwp/DerivedData/Build/Products/DebugLocal-iphonesimulator/AhoiMobile.app/Frameworks/AhoiMobileCore.framework /Users/vossmedien/inhouse/scratch/ahoi-mobile-files-e664fc0d.fUBMTOwp/DerivedData/Build/Products/DebugLocal-iphonesimulator/AhoiMobileCore.framework (in target 'AhoiMobile' from project 'AhoiMobile')
    cd /Users/vossmedien/inhouse/scratch/ahoi-mobile-files-e664fc0d.fUBMTOwp/repo/apps/AhoiMobile
    builtin-copy -exclude .DS_Store -exclude CVS -exclude .svn -exclude .git -exclude .hg -exclude Headers -exclude PrivateHeaders -exclude Modules -exclude \*.tbd -resolve-src-symlinks -remove-static-executable /Users/vossmedien/inhouse/scratch/ahoi-mobile-files-e664fc0d.fUBMTOwp/DerivedData/Build/Products/DebugLocal-iphonesimulator/AhoiMobileCore.framework /Users/vossmedien/inhouse/scratch/ahoi-mobile-files-e664fc0d.fUBMTOwp/DerivedData/Build/Products/DebugLocal-iphonesimulator/AhoiMobile.app/Frameworks

CodeSign /Users/vossmedien/inhouse/scratch/ahoi-mobile-files-e664fc0d.fUBMTOwp/DerivedData/Build/Products/DebugLocal-iphonesimulator/AhoiMobile.app/Frameworks/AhoiMobileCore.framework (in target 'AhoiMobile' from project 'AhoiMobile')
    cd /Users/vossmedien/inhouse/scratch/ahoi-mobile-files-e664fc0d.fUBMTOwp/repo/apps/AhoiMobile

    Signing Identity:     "Sign to Run Locally"

    /usr/bin/codesign --force --sign - --timestamp\=none --preserve-metadata\=identifier,entitlements,flags --generate-entitlement-der /Users/vossmedien/inhouse/scratch/ahoi-mobile-files-e664fc0d.fUBMTOwp/DerivedData/Build/Products/DebugLocal-iphonesimulator/AhoiMobile.app/Frameworks/AhoiMobileCore.framework
/Users/vossmedien/inhouse/scratch/ahoi-mobile-files-e664fc0d.fUBMTOwp/DerivedData/Build/Products/DebugLocal-iphonesimulator/AhoiMobile.app/Frameworks/AhoiMobileCore.framework: replacing existing signature

ProcessInfoPlistFile /Users/vossmedien/inhouse/scratch/ahoi-mobile-files-e664fc0d.fUBMTOwp/DerivedData/Build/Products/DebugLocal-iphonesimulator/AhoiMobileCoreTests.xctest/Info.plist /Users/vossmedien/inhouse/scratch/ahoi-mobile-files-e664fc0d.fUBMTOwp/DerivedData/Build/Intermediates.noindex/AhoiMobile.build/DebugLocal-iphonesimulator/AhoiMobileCoreTests.build/empty-AhoiMobileCoreTests.plist (in target 'AhoiMobileCoreTests' from project 'AhoiMobile')
    cd /Users/vossmedien/inhouse/scratch/ahoi-mobile-files-e664fc0d.fUBMTOwp/repo/apps/AhoiMobile
    builtin-infoPlistUtility /Users/vossmedien/inhouse/scratch/ahoi-mobile-files-e664fc0d.fUBMTOwp/DerivedData/Build/Intermediates.noindex/AhoiMobile.build/DebugLocal-iphonesimulator/AhoiMobileCoreTests.build/empty-AhoiMobileCoreTests.plist -producttype com.apple.product-type.bundle.unit-test -expandbuildsettings -format binary -platform iphonesimulator -o /Users/vossmedien/inhouse/scratch/ahoi-mobile-files-e664fc0d.fUBMTOwp/DerivedData/Build/Products/DebugLocal-iphonesimulator/AhoiMobileCoreTests.xctest/Info.plist

SwiftDriver AhoiMobileUITests normal x86_64 com.apple.xcode.tools.swift.compiler (in target 'AhoiMobileUITests' from project 'AhoiMobile')
    cd /Users/vossmedien/inhouse/scratch/ahoi-mobile-files-e664fc0d.fUBMTOwp/repo/apps/AhoiMobile
    builtin-SwiftDriver -- /Applications/Xcode.app/Contents/Developer/Toolchains/XcodeDefault.xctoolchain/usr/bin/swiftc -module-name AhoiMobileUITests -Onone @/Users/vossmedien/inhouse/scratch/ahoi-mobile-files-e664fc0d.fUBMTOwp/DerivedData/Build/Intermediates.noindex/AhoiMobile.build/DebugLocal-iphonesimulator/AhoiMobileUITests.build/Objects-normal/x86_64/AhoiMobileUITests.SwiftFileList -DDEBUG -module-alias Testing\=_Testing_Unavailable -j1 -plugin-path /Applications/Xcode.app/Contents/Developer/Toolchains/XcodeDefault.xctoolchain/usr/lib/swift/host/plugins/testing -enable-experimental-feature DebugDescriptionMacro -sdk /Applications/Xcode.app/Contents/Developer/Platforms/iPhoneSimulator.platform/Developer/SDKs/iPhoneSimulator27.0.sdk -target x86_64-apple-ios26.0-simulator -g -module-cache-path /Users/vossmedien/inhouse/scratch/ahoi-mobile-files-e664fc0d.fUBMTOwp/DerivedData/ModuleCache.noindex -Xfrontend -serialize-debugging-options -enable-testing -index-store-path /Users/vossmedien/inhouse/scratch/ahoi-mobile-files-e664fc0d.fUBMTOwp/DerivedData/Index.noindex/DataStore -Xcc -D_LIBCPP_HARDENING_MODE\=_LIBCPP_HARDENING_MODE_DEBUG -swift-version 6 -I /Users/vossmedien/inhouse/scratch/ahoi-mobile-files-e664fc0d.fUBMTOwp/DerivedData/Build/Products/DebugLocal-iphonesimulator -Isystem /Applications/Xcode.app/Contents/Developer/Platforms/iPhoneSimulator.platform/Developer/usr/lib -F /Users/vossmedien/inhouse/scratch/ahoi-mobile-files-e664fc0d.fUBMTOwp/DerivedData/Build/Products/DebugLocal-iphonesimulator -F /Applications/Xcode.app/Contents/Developer/Platforms/iPhoneSimulator.platform/Developer/Library/Frameworks -F /Applications/Xcode.app/Contents/Developer/Platforms/iPhoneSimulator.platform/Developer/SDKs/iPhoneSimulator27.0.sdk/Developer/Library/Frameworks -c -j14 -enable-batch-mode -incremental -Xcc -ivfsstatcache -Xcc /Users/vossmedien/inhouse/scratch/ahoi-mobile-files-e664fc0d.fUBMTOwp/DerivedData/SDKStatCaches.noindex/iphonesimulator27.0-24A430-e829b21a6f8c9b70876ba0858053c0448dc58220667be655e1bcc261a7455254.sdkstatcache -output-file-map /Users/vossmedien/inhouse/scratch/ahoi-mobile-files-e664fc0d.fUBMTOwp/DerivedData/Build/Intermediates.noindex/AhoiMobile.build/DebugLocal-iphonesimulator/AhoiMobileUITests.build/Objects-normal/x86_64/AhoiMobileUITests-OutputFileMap.json -save-temps -no-color-diagnostics -explicit-module-build -module-cache-path /Users/vossmedien/inhouse/scratch/ahoi-mobile-files-e664fc0d.fUBMTOwp/DerivedData/Build/Intermediates.noindex/SwiftExplicitPrecompiledModules -clang-scanner-module-cache-path /Users/vossmedien/inhouse/scratch/ahoi-mobile-files-e664fc0d.fUBMTOwp/DerivedData/ModuleCache.noindex -sdk-module-cache-path /Users/vossmedien/inhouse/scratch/ahoi-mobile-files-e664fc0d.fUBMTOwp/DerivedData/SDKExplicitPrecompiledModules -emit-dependencies -emit-module -emit-module-path /Users/vossmedien/inhouse/scratch/ahoi-mobile-files-e664fc0d.fUBMTOwp/DerivedData/Build/Intermediates.noindex/AhoiMobile.build/DebugLocal-iphonesimulator/AhoiMobileUITests.build/Objects-normal/x86_64/AhoiMobileUITests.swiftmodule -serialize-diagnostics -dependency-scan-serialize-diagnostics-path /Users/vossmedien/inhouse/scratch/ahoi-mobile-files-e664fc0d.fUBMTOwp/DerivedData/Build/Intermediates.noindex/AhoiMobile.build/DebugLocal-iphonesimulator/AhoiMobileUITests.build/Objects-normal/x86_64/AhoiMobileUITests-dependency-scan.dia -validate-clang-modules-once -clang-build-session-file /Users/vossmedien/inhouse/scratch/ahoi-mobile-files-e664fc0d.fUBMTOwp/DerivedData/ModuleCache.noindex/Session.modulevalidation -Xcc -fmodules-prune-interval\=86400 -Xcc -fmodules-prune-after\=345600 -emit-const-values -const-gather-protocols-list /Users/vossmedien/inhouse/scratch/ahoi-mobile-files-e664fc0d.fUBMTOwp/DerivedData/Build/Intermediates.noindex/AhoiMobile.build/DebugLocal-iphonesimulator/AhoiMobileUITests.build/Objects-normal/x86_64/AhoiMobileUITests_const_extract_protocols.json -Xcc -iquote -Xcc /Users/vossmedien/inhouse/scratch/ahoi-mobile-files-e664fc0d.fUBMTOwp/DerivedData/Build/Intermediates.noindex/AhoiMobile.build/DebugLocal-iphonesimulator/AhoiMobileUITests.build/AhoiMobileUITests-generated-files.hmap -Xcc -I/Users/vossmedien/inhouse/scratch/ahoi-mobile-files-e664fc0d.fUBMTOwp/DerivedData/Build/Intermediates.noindex/AhoiMobile.build/DebugLocal-iphonesimulator/AhoiMobileUITests.build/AhoiMobileUITests-own-target-headers.hmap -Xcc -I/Users/vossmedien/inhouse/scratch/ahoi-mobile-files-e664fc0d.fUBMTOwp/DerivedData/Build/Intermediates.noindex/AhoiMobile.build/DebugLocal-iphonesimulator/AhoiMobileUITests.build/AhoiMobileUITests-all-non-framework-target-headers.hmap -Xcc -ivfsoverlay -Xcc /Users/vossmedien/inhouse/scratch/ahoi-mobile-files-e664fc0d.fUBMTOwp/DerivedData/Build/Intermediates.noindex/AhoiMobile.build/DebugLocal-iphonesimulator/AhoiMobile-a44a3a976db28ace36eae5fb72a0335b-VFS-iphonesimulator/all-product-headers.yaml -Xcc -iquote -Xcc /Users/vossmedien/inhouse/scratch/ahoi-mobile-files-e664fc0d.fUBMTOwp/DerivedData/Build/Intermediates.noindex/AhoiMobile.build/DebugLocal-iphonesimulator/AhoiMobileUITests.build/AhoiMobileUITests-project-headers.hmap -Xcc -I/Users/vossmedien/inhouse/scratch/ahoi-mobile-files-e664fc0d.fUBMTOwp/DerivedData/Build/Products/DebugLocal-iphonesimulator/include -Xcc -I/Users/vossmedien/inhouse/scratch/ahoi-mobile-files-e664fc0d.fUBMTOwp/DerivedData/Build/Intermediates.noindex/AhoiMobile.build/DebugLocal-iphonesimulator/AhoiMobileUITests.build/DerivedSources-normal/x86_64 -Xcc -I/Users/vossmedien/inhouse/scratch/ahoi-mobile-files-e664fc0d.fUBMTOwp/DerivedData/Build/Intermediates.noindex/AhoiMobile.build/DebugLocal-iphonesimulator/AhoiMobileUITests.build/DerivedSources/x86_64 -Xcc -I/Users/vossmedien/inhouse/scratch/ahoi-mobile-files-e664fc0d.fUBMTOwp/DerivedData/Build/Intermediates.noindex/AhoiMobile.build/DebugLocal-iphonesimulator/AhoiMobileUITests.build/DerivedSources -Xcc -DDEBUG\=1 -emit-objc-header -emit-objc-header-path /Users/vossmedien/inhouse/scratch/ahoi-mobile-files-e664fc0d.fUBMTOwp/DerivedData/Build/Intermediates.noindex/AhoiMobile.build/DebugLocal-iphonesimulator/AhoiMobileUITests.build/Objects-normal/x86_64/AhoiMobileUITests-Swift.h -working-directory /Users/vossmedien/inhouse/scratch/ahoi-mobile-files-e664fc0d.fUBMTOwp/repo/apps/AhoiMobile -experimental-emit-module-separately -disable-cmo

SwiftDriver AhoiMobileUITests normal arm64 com.apple.xcode.tools.swift.compiler (in target 'AhoiMobileUITests' from project 'AhoiMobile')
    cd /Users/vossmedien/inhouse/scratch/ahoi-mobile-files-e664fc0d.fUBMTOwp/repo/apps/AhoiMobile
    builtin-SwiftDriver -- /Applications/Xcode.app/Contents/Developer/Toolchains/XcodeDefault.xctoolchain/usr/bin/swiftc -module-name AhoiMobileUITests -Onone @/Users/vossmedien/inhouse/scratch/ahoi-mobile-files-e664fc0d.fUBMTOwp/DerivedData/Build/Intermediates.noindex/AhoiMobile.build/DebugLocal-iphonesimulator/AhoiMobileUITests.build/Objects-normal/arm64/AhoiMobileUITests.SwiftFileList -DDEBUG -module-alias Testing\=_Testing_Unavailable -j1 -plugin-path /Applications/Xcode.app/Contents/Developer/Toolchains/XcodeDefault.xctoolchain/usr/lib/swift/host/plugins/testing -enable-experimental-feature DebugDescriptionMacro -sdk /Applications/Xcode.app/Contents/Developer/Platforms/iPhoneSimulator.platform/Developer/SDKs/iPhoneSimulator27.0.sdk -target arm64-apple-ios26.0-simulator -g -module-cache-path /Users/vossmedien/inhouse/scratch/ahoi-mobile-files-e664fc0d.fUBMTOwp/DerivedData/ModuleCache.noindex -Xfrontend -serialize-debugging-options -enable-testing -index-store-path /Users/vossmedien/inhouse/scratch/ahoi-mobile-files-e664fc0d.fUBMTOwp/DerivedData/Index.noindex/DataStore -Xcc -D_LIBCPP_HARDENING_MODE\=_LIBCPP_HARDENING_MODE_DEBUG -swift-version 6 -I /Users/vossmedien/inhouse/scratch/ahoi-mobile-files-e664fc0d.fUBMTOwp/DerivedData/Build/Products/DebugLocal-iphonesimulator -Isystem /Applications/Xcode.app/Contents/Developer/Platforms/iPhoneSimulator.platform/Developer/usr/lib -F /Users/vossmedien/inhouse/scratch/ahoi-mobile-files-e664fc0d.fUBMTOwp/DerivedData/Build/Products/DebugLocal-iphonesimulator -F /Applications/Xcode.app/Contents/Developer/Platforms/iPhoneSimulator.platform/Developer/Library/Frameworks -F /Applications/Xcode.app/Contents/Developer/Platforms/iPhoneSimulator.platform/Developer/SDKs/iPhoneSimulator27.0.sdk/Developer/Library/Frameworks -c -j14 -enable-batch-mode -incremental -Xcc -ivfsstatcache -Xcc /Users/vossmedien/inhouse/scratch/ahoi-mobile-files-e664fc0d.fUBMTOwp/DerivedData/SDKStatCaches.noindex/iphonesimulator27.0-24A430-e829b21a6f8c9b70876ba0858053c0448dc58220667be655e1bcc261a7455254.sdkstatcache -output-file-map /Users/vossmedien/inhouse/scratch/ahoi-mobile-files-e664fc0d.fUBMTOwp/DerivedData/Build/Intermediates.noindex/AhoiMobile.build/DebugLocal-iphonesimulator/AhoiMobileUITests.build/Objects-normal/arm64/AhoiMobileUITests-OutputFileMap.json -save-temps -no-color-diagnostics -explicit-module-build -module-cache-path /Users/vossmedien/inhouse/scratch/ahoi-mobile-files-e664fc0d.fUBMTOwp/DerivedData/Build/Intermediates.noindex/SwiftExplicitPrecompiledModules -clang-scanner-module-cache-path /Users/vossmedien/inhouse/scratch/ahoi-mobile-files-e664fc0d.fUBMTOwp/DerivedData/ModuleCache.noindex -sdk-module-cache-path /Users/vossmedien/inhouse/scratch/ahoi-mobile-files-e664fc0d.fUBMTOwp/DerivedData/SDKExplicitPrecompiledModules -emit-dependencies -emit-module -emit-module-path /Users/vossmedien/inhouse/scratch/ahoi-mobile-files-e664fc0d.fUBMTOwp/DerivedData/Build/Intermediates.noindex/AhoiMobile.build/DebugLocal-iphonesimulator/AhoiMobileUITests.build/Objects-normal/arm64/AhoiMobileUITests.swiftmodule -serialize-diagnostics -dependency-scan-serialize-diagnostics-path /Users/vossmedien/inhouse/scratch/ahoi-mobile-files-e664fc0d.fUBMTOwp/DerivedData/Build/Intermediates.noindex/AhoiMobile.build/DebugLocal-iphonesimulator/AhoiMobileUITests.build/Objects-normal/arm64/AhoiMobileUITests-dependency-scan.dia -validate-clang-modules-once -clang-build-session-file /Users/vossmedien/inhouse/scratch/ahoi-mobile-files-e664fc0d.fUBMTOwp/DerivedData/ModuleCache.noindex/Session.modulevalidation -Xcc -fmodules-prune-interval\=86400 -Xcc -fmodules-prune-after\=345600 -emit-const-values -const-gather-protocols-list /Users/vossmedien/inhouse/scratch/ahoi-mobile-files-e664fc0d.fUBMTOwp/DerivedData/Build/Intermediates.noindex/AhoiMobile.build/DebugLocal-iphonesimulator/AhoiMobileUITests.build/Objects-normal/arm64/AhoiMobileUITests_const_extract_protocols.json -Xcc -iquote -Xcc /Users/vossmedien/inhouse/scratch/ahoi-mobile-files-e664fc0d.fUBMTOwp/DerivedData/Build/Intermediates.noindex/AhoiMobile.build/DebugLocal-iphonesimulator/AhoiMobileUITests.build/AhoiMobileUITests-generated-files.hmap -Xcc -I/Users/vossmedien/inhouse/scratch/ahoi-mobile-files-e664fc0d.fUBMTOwp/DerivedData/Build/Intermediates.noindex/AhoiMobile.build/DebugLocal-iphonesimulator/AhoiMobileUITests.build/AhoiMobileUITests-own-target-headers.hmap -Xcc -I/Users/vossmedien/inhouse/scratch/ahoi-mobile-files-e664fc0d.fUBMTOwp/DerivedData/Build/Intermediates.noindex/AhoiMobile.build/DebugLocal-iphonesimulator/AhoiMobileUITests.build/AhoiMobileUITests-all-non-framework-target-headers.hmap -Xcc -ivfsoverlay -Xcc /Users/vossmedien/inhouse/scratch/ahoi-mobile-files-e664fc0d.fUBMTOwp/DerivedData/Build/Intermediates.noindex/AhoiMobile.build/DebugLocal-iphonesimulator/AhoiMobile-a44a3a976db28ace36eae5fb72a0335b-VFS-iphonesimulator/all-product-headers.yaml -Xcc -iquote -Xcc /Users/vossmedien/inhouse/scratch/ahoi-mobile-files-e664fc0d.fUBMTOwp/DerivedData/Build/Intermediates.noindex/AhoiMobile.build/DebugLocal-iphonesimulator/AhoiMobileUITests.build/AhoiMobileUITests-project-headers.hmap -Xcc -I/Users/vossmedien/inhouse/scratch/ahoi-mobile-files-e664fc0d.fUBMTOwp/DerivedData/Build/Products/DebugLocal-iphonesimulator/include -Xcc -I/Users/vossmedien/inhouse/scratch/ahoi-mobile-files-e664fc0d.fUBMTOwp/DerivedData/Build/Intermediates.noindex/AhoiMobile.build/DebugLocal-iphonesimulator/AhoiMobileUITests.build/DerivedSources-normal/arm64 -Xcc -I/Users/vossmedien/inhouse/scratch/ahoi-mobile-files-e664fc0d.fUBMTOwp/DerivedData/Build/Intermediates.noindex/AhoiMobile.build/DebugLocal-iphonesimulator/AhoiMobileUITests.build/DerivedSources/arm64 -Xcc -I/Users/vossmedien/inhouse/scratch/ahoi-mobile-files-e664fc0d.fUBMTOwp/DerivedData/Build/Intermediates.noindex/AhoiMobile.build/DebugLocal-iphonesimulator/AhoiMobileUITests.build/DerivedSources -Xcc -DDEBUG\=1 -emit-objc-header -emit-objc-header-path /Users/vossmedien/inhouse/scratch/ahoi-mobile-files-e664fc0d.fUBMTOwp/DerivedData/Build/Intermediates.noindex/AhoiMobile.build/DebugLocal-iphonesimulator/AhoiMobileUITests.build/Objects-normal/arm64/AhoiMobileUITests-Swift.h -working-directory /Users/vossmedien/inhouse/scratch/ahoi-mobile-files-e664fc0d.fUBMTOwp/repo/apps/AhoiMobile -experimental-emit-module-separately -disable-cmo

SwiftEmitModule normal x86_64 Emitting\ module\ for\ AhoiMobileUITests (in target 'AhoiMobileUITests' from project 'AhoiMobile')

SwiftCompile normal x86_64 (in target 'AhoiMobileUITests' from project 'AhoiMobile')
    cd /Users/vossmedien/inhouse/scratch/ahoi-mobile-files-e664fc0d.fUBMTOwp/repo/apps/AhoiMobile


SwiftEmitModule normal arm64 Emitting\ module\ for\ AhoiMobileUITests (in target 'AhoiMobileUITests' from project 'AhoiMobile')

SwiftCompile normal arm64 (in target 'AhoiMobileUITests' from project 'AhoiMobile')
    cd /Users/vossmedien/inhouse/scratch/ahoi-mobile-files-e664fc0d.fUBMTOwp/repo/apps/AhoiMobile


SwiftDriverJobDiscovery normal x86_64 Emitting module for AhoiMobileUITests (in target 'AhoiMobileUITests' from project 'AhoiMobile')

SwiftDriver\ Compilation\ Requirements AhoiMobileUITests normal x86_64 com.apple.xcode.tools.swift.compiler (in target 'AhoiMobileUITests' from project 'AhoiMobile')
    cd /Users/vossmedien/inhouse/scratch/ahoi-mobile-files-e664fc0d.fUBMTOwp/repo/apps/AhoiMobile
    builtin-Swift-Compilation-Requirements -- /Applications/Xcode.app/Contents/Developer/Toolchains/XcodeDefault.xctoolchain/usr/bin/swiftc -module-name AhoiMobileUITests -Onone @/Users/vossmedien/inhouse/scratch/ahoi-mobile-files-e664fc0d.fUBMTOwp/DerivedData/Build/Intermediates.noindex/AhoiMobile.build/DebugLocal-iphonesimulator/AhoiMobileUITests.build/Objects-normal/x86_64/AhoiMobileUITests.SwiftFileList -DDEBUG -module-alias Testing\=_Testing_Unavailable -j1 -plugin-path /Applications/Xcode.app/Contents/Developer/Toolchains/XcodeDefault.xctoolchain/usr/lib/swift/host/plugins/testing -enable-experimental-feature DebugDescriptionMacro -sdk /Applications/Xcode.app/Contents/Developer/Platforms/iPhoneSimulator.platform/Developer/SDKs/iPhoneSimulator27.0.sdk -target x86_64-apple-ios26.0-simulator -g -module-cache-path /Users/vossmedien/inhouse/scratch/ahoi-mobile-files-e664fc0d.fUBMTOwp/DerivedData/ModuleCache.noindex -Xfrontend -serialize-debugging-options -enable-testing -index-store-path /Users/vossmedien/inhouse/scratch/ahoi-mobile-files-e664fc0d.fUBMTOwp/DerivedData/Index.noindex/DataStore -Xcc -D_LIBCPP_HARDENING_MODE\=_LIBCPP_HARDENING_MODE_DEBUG -swift-version 6 -I /Users/vossmedien/inhouse/scratch/ahoi-mobile-files-e664fc0d.fUBMTOwp/DerivedData/Build/Products/DebugLocal-iphonesimulator -Isystem /Applications/Xcode.app/Contents/Developer/Platforms/iPhoneSimulator.platform/Developer/usr/lib -F /Users/vossmedien/inhouse/scratch/ahoi-mobile-files-e664fc0d.fUBMTOwp/DerivedData/Build/Products/DebugLocal-iphonesimulator -F /Applications/Xcode.app/Contents/Developer/Platforms/iPhoneSimulator.platform/Developer/Library/Frameworks -F /Applications/Xcode.app/Contents/Developer/Platforms/iPhoneSimulator.platform/Developer/SDKs/iPhoneSimulator27.0.sdk/Developer/Library/Frameworks -c -j14 -enable-batch-mode -incremental -Xcc -ivfsstatcache -Xcc /Users/vossmedien/inhouse/scratch/ahoi-mobile-files-e664fc0d.fUBMTOwp/DerivedData/SDKStatCaches.noindex/iphonesimulator27.0-24A430-e829b21a6f8c9b70876ba0858053c0448dc58220667be655e1bcc261a7455254.sdkstatcache -output-file-map /Users/vossmedien/inhouse/scratch/ahoi-mobile-files-e664fc0d.fUBMTOwp/DerivedData/Build/Intermediates.noindex/AhoiMobile.build/DebugLocal-iphonesimulator/AhoiMobileUITests.build/Objects-normal/x86_64/AhoiMobileUITests-OutputFileMap.json -save-temps -no-color-diagnostics -explicit-module-build -module-cache-path /Users/vossmedien/inhouse/scratch/ahoi-mobile-files-e664fc0d.fUBMTOwp/DerivedData/Build/Intermediates.noindex/SwiftExplicitPrecompiledModules -clang-scanner-module-cache-path /Users/vossmedien/inhouse/scratch/ahoi-mobile-files-e664fc0d.fUBMTOwp/DerivedData/ModuleCache.noindex -sdk-module-cache-path /Users/vossmedien/inhouse/scratch/ahoi-mobile-files-e664fc0d.fUBMTOwp/DerivedData/SDKExplicitPrecompiledModules -emit-dependencies -emit-module -emit-module-path /Users/vossmedien/inhouse/scratch/ahoi-mobile-files-e664fc0d.fUBMTOwp/DerivedData/Build/Intermediates.noindex/AhoiMobile.build/DebugLocal-iphonesimulator/AhoiMobileUITests.build/Objects-normal/x86_64/AhoiMobileUITests.swiftmodule -serialize-diagnostics -dependency-scan-serialize-diagnostics-path /Users/vossmedien/inhouse/scratch/ahoi-mobile-files-e664fc0d.fUBMTOwp/DerivedData/Build/Intermediates.noindex/AhoiMobile.build/DebugLocal-iphonesimulator/AhoiMobileUITests.build/Objects-normal/x86_64/AhoiMobileUITests-dependency-scan.dia -validate-clang-modules-once -clang-build-session-file /Users/vossmedien/inhouse/scratch/ahoi-mobile-files-e664fc0d.fUBMTOwp/DerivedData/ModuleCache.noindex/Session.modulevalidation -Xcc -fmodules-prune-interval\=86400 -Xcc -fmodules-prune-after\=345600 -emit-const-values -const-gather-protocols-list /Users/vossmedien/inhouse/scratch/ahoi-mobile-files-e664fc0d.fUBMTOwp/DerivedData/Build/Intermediates.noindex/AhoiMobile.build/DebugLocal-iphonesimulator/AhoiMobileUITests.build/Objects-normal/x86_64/AhoiMobileUITests_const_extract_protocols.json -Xcc -iquote -Xcc /Users/vossmedien/inhouse/scratch/ahoi-mobile-files-e664fc0d.fUBMTOwp/DerivedData/Build/Intermediates.noindex/AhoiMobile.build/DebugLocal-iphonesimulator/AhoiMobileUITests.build/AhoiMobileUITests-generated-files.hmap -Xcc -I/Users/vossmedien/inhouse/scratch/ahoi-mobile-files-e664fc0d.fUBMTOwp/DerivedData/Build/Intermediates.noindex/AhoiMobile.build/DebugLocal-iphonesimulator/AhoiMobileUITests.build/AhoiMobileUITests-own-target-headers.hmap -Xcc -I/Users/vossmedien/inhouse/scratch/ahoi-mobile-files-e664fc0d.fUBMTOwp/DerivedData/Build/Intermediates.noindex/AhoiMobile.build/DebugLocal-iphonesimulator/AhoiMobileUITests.build/AhoiMobileUITests-all-non-framework-target-headers.hmap -Xcc -ivfsoverlay -Xcc /Users/vossmedien/inhouse/scratch/ahoi-mobile-files-e664fc0d.fUBMTOwp/DerivedData/Build/Intermediates.noindex/AhoiMobile.build/DebugLocal-iphonesimulator/AhoiMobile-a44a3a976db28ace36eae5fb72a0335b-VFS-iphonesimulator/all-product-headers.yaml -Xcc -iquote -Xcc /Users/vossmedien/inhouse/scratch/ahoi-mobile-files-e664fc0d.fUBMTOwp/DerivedData/Build/Intermediates.noindex/AhoiMobile.build/DebugLocal-iphonesimulator/AhoiMobileUITests.build/AhoiMobileUITests-project-headers.hmap -Xcc -I/Users/vossmedien/inhouse/scratch/ahoi-mobile-files-e664fc0d.fUBMTOwp/DerivedData/Build/Products/DebugLocal-iphonesimulator/include -Xcc -I/Users/vossmedien/inhouse/scratch/ahoi-mobile-files-e664fc0d.fUBMTOwp/DerivedData/Build/Intermediates.noindex/AhoiMobile.build/DebugLocal-iphonesimulator/AhoiMobileUITests.build/DerivedSources-normal/x86_64 -Xcc -I/Users/vossmedien/inhouse/scratch/ahoi-mobile-files-e664fc0d.fUBMTOwp/DerivedData/Build/Intermediates.noindex/AhoiMobile.build/DebugLocal-iphonesimulator/AhoiMobileUITests.build/DerivedSources/x86_64 -Xcc -I/Users/vossmedien/inhouse/scratch/ahoi-mobile-files-e664fc0d.fUBMTOwp/DerivedData/Build/Intermediates.noindex/AhoiMobile.build/DebugLocal-iphonesimulator/AhoiMobileUITests.build/DerivedSources -Xcc -DDEBUG\=1 -emit-objc-header -emit-objc-header-path /Users/vossmedien/inhouse/scratch/ahoi-mobile-files-e664fc0d.fUBMTOwp/DerivedData/Build/Intermediates.noindex/AhoiMobile.build/DebugLocal-iphonesimulator/AhoiMobileUITests.build/Objects-normal/x86_64/AhoiMobileUITests-Swift.h -working-directory /Users/vossmedien/inhouse/scratch/ahoi-mobile-files-e664fc0d.fUBMTOwp/repo/apps/AhoiMobile -experimental-emit-module-separately -disable-cmo

SwiftDriverJobDiscovery normal arm64 Emitting module for AhoiMobileUITests (in target 'AhoiMobileUITests' from project 'AhoiMobile')

SwiftDriver\ Compilation\ Requirements AhoiMobileUITests normal arm64 com.apple.xcode.tools.swift.compiler (in target 'AhoiMobileUITests' from project 'AhoiMobile')
    cd /Users/vossmedien/inhouse/scratch/ahoi-mobile-files-e664fc0d.fUBMTOwp/repo/apps/AhoiMobile
    builtin-Swift-Compilation-Requirements -- /Applications/Xcode.app/Contents/Developer/Toolchains/XcodeDefault.xctoolchain/usr/bin/swiftc -module-name AhoiMobileUITests -Onone @/Users/vossmedien/inhouse/scratch/ahoi-mobile-files-e664fc0d.fUBMTOwp/DerivedData/Build/Intermediates.noindex/AhoiMobile.build/DebugLocal-iphonesimulator/AhoiMobileUITests.build/Objects-normal/arm64/AhoiMobileUITests.SwiftFileList -DDEBUG -module-alias Testing\=_Testing_Unavailable -j1 -plugin-path /Applications/Xcode.app/Contents/Developer/Toolchains/XcodeDefault.xctoolchain/usr/lib/swift/host/plugins/testing -enable-experimental-feature DebugDescriptionMacro -sdk /Applications/Xcode.app/Contents/Developer/Platforms/iPhoneSimulator.platform/Developer/SDKs/iPhoneSimulator27.0.sdk -target arm64-apple-ios26.0-simulator -g -module-cache-path /Users/vossmedien/inhouse/scratch/ahoi-mobile-files-e664fc0d.fUBMTOwp/DerivedData/ModuleCache.noindex -Xfrontend -serialize-debugging-options -enable-testing -index-store-path /Users/vossmedien/inhouse/scratch/ahoi-mobile-files-e664fc0d.fUBMTOwp/DerivedData/Index.noindex/DataStore -Xcc -D_LIBCPP_HARDENING_MODE\=_LIBCPP_HARDENING_MODE_DEBUG -swift-version 6 -I /Users/vossmedien/inhouse/scratch/ahoi-mobile-files-e664fc0d.fUBMTOwp/DerivedData/Build/Products/DebugLocal-iphonesimulator -Isystem /Applications/Xcode.app/Contents/Developer/Platforms/iPhoneSimulator.platform/Developer/usr/lib -F /Users/vossmedien/inhouse/scratch/ahoi-mobile-files-e664fc0d.fUBMTOwp/DerivedData/Build/Products/DebugLocal-iphonesimulator -F /Applications/Xcode.app/Contents/Developer/Platforms/iPhoneSimulator.platform/Developer/Library/Frameworks -F /Applications/Xcode.app/Contents/Developer/Platforms/iPhoneSimulator.platform/Developer/SDKs/iPhoneSimulator27.0.sdk/Developer/Library/Frameworks -c -j14 -enable-batch-mode -incremental -Xcc -ivfsstatcache -Xcc /Users/vossmedien/inhouse/scratch/ahoi-mobile-files-e664fc0d.fUBMTOwp/DerivedData/SDKStatCaches.noindex/iphonesimulator27.0-24A430-e829b21a6f8c9b70876ba0858053c0448dc58220667be655e1bcc261a7455254.sdkstatcache -output-file-map /Users/vossmedien/inhouse/scratch/ahoi-mobile-files-e664fc0d.fUBMTOwp/DerivedData/Build/Intermediates.noindex/AhoiMobile.build/DebugLocal-iphonesimulator/AhoiMobileUITests.build/Objects-normal/arm64/AhoiMobileUITests-OutputFileMap.json -save-temps -no-color-diagnostics -explicit-module-build -module-cache-path /Users/vossmedien/inhouse/scratch/ahoi-mobile-files-e664fc0d.fUBMTOwp/DerivedData/Build/Intermediates.noindex/SwiftExplicitPrecompiledModules -clang-scanner-module-cache-path /Users/vossmedien/inhouse/scratch/ahoi-mobile-files-e664fc0d.fUBMTOwp/DerivedData/ModuleCache.noindex -sdk-module-cache-path /Users/vossmedien/inhouse/scratch/ahoi-mobile-files-e664fc0d.fUBMTOwp/DerivedData/SDKExplicitPrecompiledModules -emit-dependencies -emit-module -emit-module-path /Users/vossmedien/inhouse/scratch/ahoi-mobile-files-e664fc0d.fUBMTOwp/DerivedData/Build/Intermediates.noindex/AhoiMobile.build/DebugLocal-iphonesimulator/AhoiMobileUITests.build/Objects-normal/arm64/AhoiMobileUITests.swiftmodule -serialize-diagnostics -dependency-scan-serialize-diagnostics-path /Users/vossmedien/inhouse/scratch/ahoi-mobile-files-e664fc0d.fUBMTOwp/DerivedData/Build/Intermediates.noindex/AhoiMobile.build/DebugLocal-iphonesimulator/AhoiMobileUITests.build/Objects-normal/arm64/AhoiMobileUITests-dependency-scan.dia -validate-clang-modules-once -clang-build-session-file /Users/vossmedien/inhouse/scratch/ahoi-mobile-files-e664fc0d.fUBMTOwp/DerivedData/ModuleCache.noindex/Session.modulevalidation -Xcc -fmodules-prune-interval\=86400 -Xcc -fmodules-prune-after\=345600 -emit-const-values -const-gather-protocols-list /Users/vossmedien/inhouse/scratch/ahoi-mobile-files-e664fc0d.fUBMTOwp/DerivedData/Build/Intermediates.noindex/AhoiMobile.build/DebugLocal-iphonesimulator/AhoiMobileUITests.build/Objects-normal/arm64/AhoiMobileUITests_const_extract_protocols.json -Xcc -iquote -Xcc /Users/vossmedien/inhouse/scratch/ahoi-mobile-files-e664fc0d.fUBMTOwp/DerivedData/Build/Intermediates.noindex/AhoiMobile.build/DebugLocal-iphonesimulator/AhoiMobileUITests.build/AhoiMobileUITests-generated-files.hmap -Xcc -I/Users/vossmedien/inhouse/scratch/ahoi-mobile-files-e664fc0d.fUBMTOwp/DerivedData/Build/Intermediates.noindex/AhoiMobile.build/DebugLocal-iphonesimulator/AhoiMobileUITests.build/AhoiMobileUITests-own-target-headers.hmap -Xcc -I/Users/vossmedien/inhouse/scratch/ahoi-mobile-files-e664fc0d.fUBMTOwp/DerivedData/Build/Intermediates.noindex/AhoiMobile.build/DebugLocal-iphonesimulator/AhoiMobileUITests.build/AhoiMobileUITests-all-non-framework-target-headers.hmap -Xcc -ivfsoverlay -Xcc /Users/vossmedien/inhouse/scratch/ahoi-mobile-files-e664fc0d.fUBMTOwp/DerivedData/Build/Intermediates.noindex/AhoiMobile.build/DebugLocal-iphonesimulator/AhoiMobile-a44a3a976db28ace36eae5fb72a0335b-VFS-iphonesimulator/all-product-headers.yaml -Xcc -iquote -Xcc /Users/vossmedien/inhouse/scratch/ahoi-mobile-files-e664fc0d.fUBMTOwp/DerivedData/Build/Intermediates.noindex/AhoiMobile.build/DebugLocal-iphonesimulator/AhoiMobileUITests.build/AhoiMobileUITests-project-headers.hmap -Xcc -I/Users/vossmedien/inhouse/scratch/ahoi-mobile-files-e664fc0d.fUBMTOwp/DerivedData/Build/Products/DebugLocal-iphonesimulator/include -Xcc -I/Users/vossmedien/inhouse/scratch/ahoi-mobile-files-e664fc0d.fUBMTOwp/DerivedData/Build/Intermediates.noindex/AhoiMobile.build/DebugLocal-iphonesimulator/AhoiMobileUITests.build/DerivedSources-normal/arm64 -Xcc -I/Users/vossmedien/inhouse/scratch/ahoi-mobile-files-e664fc0d.fUBMTOwp/DerivedData/Build/Intermediates.noindex/AhoiMobile.build/DebugLocal-iphonesimulator/AhoiMobileUITests.build/DerivedSources/arm64 -Xcc -I/Users/vossmedien/inhouse/scratch/ahoi-mobile-files-e664fc0d.fUBMTOwp/DerivedData/Build/Intermediates.noindex/AhoiMobile.build/DebugLocal-iphonesimulator/AhoiMobileUITests.build/DerivedSources -Xcc -DDEBUG\=1 -emit-objc-header -emit-objc-header-path /Users/vossmedien/inhouse/scratch/ahoi-mobile-files-e664fc0d.fUBMTOwp/DerivedData/Build/Intermediates.noindex/AhoiMobile.build/DebugLocal-iphonesimulator/AhoiMobileUITests.build/Objects-normal/arm64/AhoiMobileUITests-Swift.h -working-directory /Users/vossmedien/inhouse/scratch/ahoi-mobile-files-e664fc0d.fUBMTOwp/repo/apps/AhoiMobile -experimental-emit-module-separately -disable-cmo

SwiftCompile normal arm64 Compiling\ MobileWebExtensionSpikeUITests.swift /Users/vossmedien/inhouse/scratch/ahoi-mobile-files-e664fc0d.fUBMTOwp/repo/apps/AhoiMobile/Tests/AhoiMobileUITests/MobileWebExtensionSpikeUITests.swift (in target 'AhoiMobileUITests' from project 'AhoiMobile')

SwiftCompile normal arm64 /Users/vossmedien/inhouse/scratch/ahoi-mobile-files-e664fc0d.fUBMTOwp/repo/apps/AhoiMobile/Tests/AhoiMobileUITests/MobileWebExtensionSpikeUITests.swift (in target 'AhoiMobileUITests' from project 'AhoiMobile')
    cd /Users/vossmedien/inhouse/scratch/ahoi-mobile-files-e664fc0d.fUBMTOwp/repo/apps/AhoiMobile
    builtin-SwiftPerFileCompile MobileWebExtensionSpikeUITests.swift

Copy /Users/vossmedien/inhouse/scratch/ahoi-mobile-files-e664fc0d.fUBMTOwp/DerivedData/Build/Products/DebugLocal-iphonesimulator/AhoiMobileUITests.swiftmodule/x86_64-apple-ios-simulator.abi.json /Users/vossmedien/inhouse/scratch/ahoi-mobile-files-e664fc0d.fUBMTOwp/DerivedData/Build/Intermediates.noindex/AhoiMobile.build/DebugLocal-iphonesimulator/AhoiMobileUITests.build/Objects-normal/x86_64/AhoiMobileUITests.abi.json (in target 'AhoiMobileUITests' from project 'AhoiMobile')
    cd /Users/vossmedien/inhouse/scratch/ahoi-mobile-files-e664fc0d.fUBMTOwp/repo/apps/AhoiMobile
    builtin-copy -exclude .DS_Store -exclude CVS -exclude .svn -exclude .git -exclude .hg -resolve-src-symlinks -rename /Users/vossmedien/inhouse/scratch/ahoi-mobile-files-e664fc0d.fUBMTOwp/DerivedData/Build/Intermediates.noindex/AhoiMobile.build/DebugLocal-iphonesimulator/AhoiMobileUITests.build/Objects-normal/x86_64/AhoiMobileUITests.abi.json /Users/vossmedien/inhouse/scratch/ahoi-mobile-files-e664fc0d.fUBMTOwp/DerivedData/Build/Products/DebugLocal-iphonesimulator/AhoiMobileUITests.swiftmodule/x86_64-apple-ios-simulator.abi.json

SwiftDriverJobDiscovery normal arm64 Compiling MobileWebExtensionSpikeUITests.swift (in target 'AhoiMobileUITests' from project 'AhoiMobile')

Copy /Users/vossmedien/inhouse/scratch/ahoi-mobile-files-e664fc0d.fUBMTOwp/DerivedData/Build/Products/DebugLocal-iphonesimulator/AhoiMobileUITests.swiftmodule/arm64-apple-ios-simulator.abi.json /Users/vossmedien/inhouse/scratch/ahoi-mobile-files-e664fc0d.fUBMTOwp/DerivedData/Build/Intermediates.noindex/AhoiMobile.build/DebugLocal-iphonesimulator/AhoiMobileUITests.build/Objects-normal/arm64/AhoiMobileUITests.abi.json (in target 'AhoiMobileUITests' from project 'AhoiMobile')
    cd /Users/vossmedien/inhouse/scratch/ahoi-mobile-files-e664fc0d.fUBMTOwp/repo/apps/AhoiMobile
    builtin-copy -exclude .DS_Store -exclude CVS -exclude .svn -exclude .git -exclude .hg -resolve-src-symlinks -rename /Users/vossmedien/inhouse/scratch/ahoi-mobile-files-e664fc0d.fUBMTOwp/DerivedData/Build/Intermediates.noindex/AhoiMobile.build/DebugLocal-iphonesimulator/AhoiMobileUITests.build/Objects-normal/arm64/AhoiMobileUITests.abi.json /Users/vossmedien/inhouse/scratch/ahoi-mobile-files-e664fc0d.fUBMTOwp/DerivedData/Build/Products/DebugLocal-iphonesimulator/AhoiMobileUITests.swiftmodule/arm64-apple-ios-simulator.abi.json

Copy /Users/vossmedien/inhouse/scratch/ahoi-mobile-files-e664fc0d.fUBMTOwp/DerivedData/Build/Products/DebugLocal-iphonesimulator/AhoiMobileUITests.swiftmodule/Project/x86_64-apple-ios-simulator.swiftsourceinfo /Users/vossmedien/inhouse/scratch/ahoi-mobile-files-e664fc0d.fUBMTOwp/DerivedData/Build/Intermediates.noindex/AhoiMobile.build/DebugLocal-iphonesimulator/AhoiMobileUITests.build/Objects-normal/x86_64/AhoiMobileUITests.swiftsourceinfo (in target 'AhoiMobileUITests' from project 'AhoiMobile')
    cd /Users/vossmedien/inhouse/scratch/ahoi-mobile-files-e664fc0d.fUBMTOwp/repo/apps/AhoiMobile
    builtin-copy -exclude .DS_Store -exclude CVS -exclude .svn -exclude .git -exclude .hg -resolve-src-symlinks -rename /Users/vossmedien/inhouse/scratch/ahoi-mobile-files-e664fc0d.fUBMTOwp/DerivedData/Build/Intermediates.noindex/AhoiMobile.build/DebugLocal-iphonesimulator/AhoiMobileUITests.build/Objects-normal/x86_64/AhoiMobileUITests.swiftsourceinfo /Users/vossmedien/inhouse/scratch/ahoi-mobile-files-e664fc0d.fUBMTOwp/DerivedData/Build/Products/DebugLocal-iphonesimulator/AhoiMobileUITests.swiftmodule/Project/x86_64-apple-ios-simulator.swiftsourceinfo

Copy /Users/vossmedien/inhouse/scratch/ahoi-mobile-files-e664fc0d.fUBMTOwp/DerivedData/Build/Products/DebugLocal-iphonesimulator/AhoiMobileUITests.swiftmodule/Project/arm64-apple-ios-simulator.swiftsourceinfo /Users/vossmedien/inhouse/scratch/ahoi-mobile-files-e664fc0d.fUBMTOwp/DerivedData/Build/Intermediates.noindex/AhoiMobile.build/DebugLocal-iphonesimulator/AhoiMobileUITests.build/Objects-normal/arm64/AhoiMobileUITests.swiftsourceinfo (in target 'AhoiMobileUITests' from project 'AhoiMobile')
    cd /Users/vossmedien/inhouse/scratch/ahoi-mobile-files-e664fc0d.fUBMTOwp/repo/apps/AhoiMobile
    builtin-copy -exclude .DS_Store -exclude CVS -exclude .svn -exclude .git -exclude .hg -resolve-src-symlinks -rename /Users/vossmedien/inhouse/scratch/ahoi-mobile-files-e664fc0d.fUBMTOwp/DerivedData/Build/Intermediates.noindex/AhoiMobile.build/DebugLocal-iphonesimulator/AhoiMobileUITests.build/Objects-normal/arm64/AhoiMobileUITests.swiftsourceinfo /Users/vossmedien/inhouse/scratch/ahoi-mobile-files-e664fc0d.fUBMTOwp/DerivedData/Build/Products/DebugLocal-iphonesimulator/AhoiMobileUITests.swiftmodule/Project/arm64-apple-ios-simulator.swiftsourceinfo

SwiftDriver\ Compilation AhoiMobileUITests normal arm64 com.apple.xcode.tools.swift.compiler (in target 'AhoiMobileUITests' from project 'AhoiMobile')
    cd /Users/vossmedien/inhouse/scratch/ahoi-mobile-files-e664fc0d.fUBMTOwp/repo/apps/AhoiMobile
    builtin-Swift-Compilation -- /Applications/Xcode.app/Contents/Developer/Toolchains/XcodeDefault.xctoolchain/usr/bin/swiftc -module-name AhoiMobileUITests -Onone @/Users/vossmedien/inhouse/scratch/ahoi-mobile-files-e664fc0d.fUBMTOwp/DerivedData/Build/Intermediates.noindex/AhoiMobile.build/DebugLocal-iphonesimulator/AhoiMobileUITests.build/Objects-normal/arm64/AhoiMobileUITests.SwiftFileList -DDEBUG -module-alias Testing\=_Testing_Unavailable -j1 -plugin-path /Applications/Xcode.app/Contents/Developer/Toolchains/XcodeDefault.xctoolchain/usr/lib/swift/host/plugins/testing -enable-experimental-feature DebugDescriptionMacro -sdk /Applications/Xcode.app/Contents/Developer/Platforms/iPhoneSimulator.platform/Developer/SDKs/iPhoneSimulator27.0.sdk -target arm64-apple-ios26.0-simulator -g -module-cache-path /Users/vossmedien/inhouse/scratch/ahoi-mobile-files-e664fc0d.fUBMTOwp/DerivedData/ModuleCache.noindex -Xfrontend -serialize-debugging-options -enable-testing -index-store-path /Users/vossmedien/inhouse/scratch/ahoi-mobile-files-e664fc0d.fUBMTOwp/DerivedData/Index.noindex/DataStore -Xcc -D_LIBCPP_HARDENING_MODE\=_LIBCPP_HARDENING_MODE_DEBUG -swift-version 6 -I /Users/vossmedien/inhouse/scratch/ahoi-mobile-files-e664fc0d.fUBMTOwp/DerivedData/Build/Products/DebugLocal-iphonesimulator -Isystem /Applications/Xcode.app/Contents/Developer/Platforms/iPhoneSimulator.platform/Developer/usr/lib -F /Users/vossmedien/inhouse/scratch/ahoi-mobile-files-e664fc0d.fUBMTOwp/DerivedData/Build/Products/DebugLocal-iphonesimulator -F /Applications/Xcode.app/Contents/Developer/Platforms/iPhoneSimulator.platform/Developer/Library/Frameworks -F /Applications/Xcode.app/Contents/Developer/Platforms/iPhoneSimulator.platform/Developer/SDKs/iPhoneSimulator27.0.sdk/Developer/Library/Frameworks -c -j14 -enable-batch-mode -incremental -Xcc -ivfsstatcache -Xcc /Users/vossmedien/inhouse/scratch/ahoi-mobile-files-e664fc0d.fUBMTOwp/DerivedData/SDKStatCaches.noindex/iphonesimulator27.0-24A430-e829b21a6f8c9b70876ba0858053c0448dc58220667be655e1bcc261a7455254.sdkstatcache -output-file-map /Users/vossmedien/inhouse/scratch/ahoi-mobile-files-e664fc0d.fUBMTOwp/DerivedData/Build/Intermediates.noindex/AhoiMobile.build/DebugLocal-iphonesimulator/AhoiMobileUITests.build/Objects-normal/arm64/AhoiMobileUITests-OutputFileMap.json -save-temps -no-color-diagnostics -explicit-module-build -module-cache-path /Users/vossmedien/inhouse/scratch/ahoi-mobile-files-e664fc0d.fUBMTOwp/DerivedData/Build/Intermediates.noindex/SwiftExplicitPrecompiledModules -clang-scanner-module-cache-path /Users/vossmedien/inhouse/scratch/ahoi-mobile-files-e664fc0d.fUBMTOwp/DerivedData/ModuleCache.noindex -sdk-module-cache-path /Users/vossmedien/inhouse/scratch/ahoi-mobile-files-e664fc0d.fUBMTOwp/DerivedData/SDKExplicitPrecompiledModules -emit-dependencies -emit-module -emit-module-path /Users/vossmedien/inhouse/scratch/ahoi-mobile-files-e664fc0d.fUBMTOwp/DerivedData/Build/Intermediates.noindex/AhoiMobile.build/DebugLocal-iphonesimulator/AhoiMobileUITests.build/Objects-normal/arm64/AhoiMobileUITests.swiftmodule -serialize-diagnostics -dependency-scan-serialize-diagnostics-path /Users/vossmedien/inhouse/scratch/ahoi-mobile-files-e664fc0d.fUBMTOwp/DerivedData/Build/Intermediates.noindex/AhoiMobile.build/DebugLocal-iphonesimulator/AhoiMobileUITests.build/Objects-normal/arm64/AhoiMobileUITests-dependency-scan.dia -validate-clang-modules-once -clang-build-session-file /Users/vossmedien/inhouse/scratch/ahoi-mobile-files-e664fc0d.fUBMTOwp/DerivedData/ModuleCache.noindex/Session.modulevalidation -Xcc -fmodules-prune-interval\=86400 -Xcc -fmodules-prune-after\=345600 -emit-const-values -const-gather-protocols-list /Users/vossmedien/inhouse/scratch/ahoi-mobile-files-e664fc0d.fUBMTOwp/DerivedData/Build/Intermediates.noindex/AhoiMobile.build/DebugLocal-iphonesimulator/AhoiMobileUITests.build/Objects-normal/arm64/AhoiMobileUITests_const_extract_protocols.json -Xcc -iquote -Xcc /Users/vossmedien/inhouse/scratch/ahoi-mobile-files-e664fc0d.fUBMTOwp/DerivedData/Build/Intermediates.noindex/AhoiMobile.build/DebugLocal-iphonesimulator/AhoiMobileUITests.build/AhoiMobileUITests-generated-files.hmap -Xcc -I/Users/vossmedien/inhouse/scratch/ahoi-mobile-files-e664fc0d.fUBMTOwp/DerivedData/Build/Intermediates.noindex/AhoiMobile.build/DebugLocal-iphonesimulator/AhoiMobileUITests.build/AhoiMobileUITests-own-target-headers.hmap -Xcc -I/Users/vossmedien/inhouse/scratch/ahoi-mobile-files-e664fc0d.fUBMTOwp/DerivedData/Build/Intermediates.noindex/AhoiMobile.build/DebugLocal-iphonesimulator/AhoiMobileUITests.build/AhoiMobileUITests-all-non-framework-target-headers.hmap -Xcc -ivfsoverlay -Xcc /Users/vossmedien/inhouse/scratch/ahoi-mobile-files-e664fc0d.fUBMTOwp/DerivedData/Build/Intermediates.noindex/AhoiMobile.build/DebugLocal-iphonesimulator/AhoiMobile-a44a3a976db28ace36eae5fb72a0335b-VFS-iphonesimulator/all-product-headers.yaml -Xcc -iquote -Xcc /Users/vossmedien/inhouse/scratch/ahoi-mobile-files-e664fc0d.fUBMTOwp/DerivedData/Build/Intermediates.noindex/AhoiMobile.build/DebugLocal-iphonesimulator/AhoiMobileUITests.build/AhoiMobileUITests-project-headers.hmap -Xcc -I/Users/vossmedien/inhouse/scratch/ahoi-mobile-files-e664fc0d.fUBMTOwp/DerivedData/Build/Products/DebugLocal-iphonesimulator/include -Xcc -I/Users/vossmedien/inhouse/scratch/ahoi-mobile-files-e664fc0d.fUBMTOwp/DerivedData/Build/Intermediates.noindex/AhoiMobile.build/DebugLocal-iphonesimulator/AhoiMobileUITests.build/DerivedSources-normal/arm64 -Xcc -I/Users/vossmedien/inhouse/scratch/ahoi-mobile-files-e664fc0d.fUBMTOwp/DerivedData/Build/Intermediates.noindex/AhoiMobile.build/DebugLocal-iphonesimulator/AhoiMobileUITests.build/DerivedSources/arm64 -Xcc -I/Users/vossmedien/inhouse/scratch/ahoi-mobile-files-e664fc0d.fUBMTOwp/DerivedData/Build/Intermediates.noindex/AhoiMobile.build/DebugLocal-iphonesimulator/AhoiMobileUITests.build/DerivedSources -Xcc -DDEBUG\=1 -emit-objc-header -emit-objc-header-path /Users/vossmedien/inhouse/scratch/ahoi-mobile-files-e664fc0d.fUBMTOwp/DerivedData/Build/Intermediates.noindex/AhoiMobile.build/DebugLocal-iphonesimulator/AhoiMobileUITests.build/Objects-normal/arm64/AhoiMobileUITests-Swift.h -working-directory /Users/vossmedien/inhouse/scratch/ahoi-mobile-files-e664fc0d.fUBMTOwp/repo/apps/AhoiMobile -experimental-emit-module-separately -disable-cmo

SwiftCompile normal x86_64 Compiling\ MobileWebExtensionSpikeUITests.swift /Users/vossmedien/inhouse/scratch/ahoi-mobile-files-e664fc0d.fUBMTOwp/repo/apps/AhoiMobile/Tests/AhoiMobileUITests/MobileWebExtensionSpikeUITests.swift (in target 'AhoiMobileUITests' from project 'AhoiMobile')

SwiftCompile normal x86_64 /Users/vossmedien/inhouse/scratch/ahoi-mobile-files-e664fc0d.fUBMTOwp/repo/apps/AhoiMobile/Tests/AhoiMobileUITests/MobileWebExtensionSpikeUITests.swift (in target 'AhoiMobileUITests' from project 'AhoiMobile')
    cd /Users/vossmedien/inhouse/scratch/ahoi-mobile-files-e664fc0d.fUBMTOwp/repo/apps/AhoiMobile
    builtin-SwiftPerFileCompile MobileWebExtensionSpikeUITests.swift

Copy /Users/vossmedien/inhouse/scratch/ahoi-mobile-files-e664fc0d.fUBMTOwp/DerivedData/Build/Products/DebugLocal-iphonesimulator/AhoiMobileCoreTests.xctest/Frameworks/AhoiMobileCore.framework /Users/vossmedien/inhouse/scratch/ahoi-mobile-files-e664fc0d.fUBMTOwp/DerivedData/Build/Products/DebugLocal-iphonesimulator/AhoiMobileCore.framework (in target 'AhoiMobileCoreTests' from project 'AhoiMobile')
    cd /Users/vossmedien/inhouse/scratch/ahoi-mobile-files-e664fc0d.fUBMTOwp/repo/apps/AhoiMobile
    builtin-copy -exclude .DS_Store -exclude CVS -exclude .svn -exclude .git -exclude .hg -exclude Headers -exclude PrivateHeaders -exclude Modules -exclude \*.tbd -resolve-src-symlinks -remove-static-executable /Users/vossmedien/inhouse/scratch/ahoi-mobile-files-e664fc0d.fUBMTOwp/DerivedData/Build/Products/DebugLocal-iphonesimulator/AhoiMobileCore.framework /Users/vossmedien/inhouse/scratch/ahoi-mobile-files-e664fc0d.fUBMTOwp/DerivedData/Build/Products/DebugLocal-iphonesimulator/AhoiMobileCoreTests.xctest/Frameworks

SwiftDriverJobDiscovery normal x86_64 Compiling MobileWebExtensionSpikeUITests.swift (in target 'AhoiMobileUITests' from project 'AhoiMobile')

SwiftDriver\ Compilation AhoiMobileUITests normal x86_64 com.apple.xcode.tools.swift.compiler (in target 'AhoiMobileUITests' from project 'AhoiMobile')
    cd /Users/vossmedien/inhouse/scratch/ahoi-mobile-files-e664fc0d.fUBMTOwp/repo/apps/AhoiMobile
    builtin-Swift-Compilation -- /Applications/Xcode.app/Contents/Developer/Toolchains/XcodeDefault.xctoolchain/usr/bin/swiftc -module-name AhoiMobileUITests -Onone @/Users/vossmedien/inhouse/scratch/ahoi-mobile-files-e664fc0d.fUBMTOwp/DerivedData/Build/Intermediates.noindex/AhoiMobile.build/DebugLocal-iphonesimulator/AhoiMobileUITests.build/Objects-normal/x86_64/AhoiMobileUITests.SwiftFileList -DDEBUG -module-alias Testing\=_Testing_Unavailable -j1 -plugin-path /Applications/Xcode.app/Contents/Developer/Toolchains/XcodeDefault.xctoolchain/usr/lib/swift/host/plugins/testing -enable-experimental-feature DebugDescriptionMacro -sdk /Applications/Xcode.app/Contents/Developer/Platforms/iPhoneSimulator.platform/Developer/SDKs/iPhoneSimulator27.0.sdk -target x86_64-apple-ios26.0-simulator -g -module-cache-path /Users/vossmedien/inhouse/scratch/ahoi-mobile-files-e664fc0d.fUBMTOwp/DerivedData/ModuleCache.noindex -Xfrontend -serialize-debugging-options -enable-testing -index-store-path /Users/vossmedien/inhouse/scratch/ahoi-mobile-files-e664fc0d.fUBMTOwp/DerivedData/Index.noindex/DataStore -Xcc -D_LIBCPP_HARDENING_MODE\=_LIBCPP_HARDENING_MODE_DEBUG -swift-version 6 -I /Users/vossmedien/inhouse/scratch/ahoi-mobile-files-e664fc0d.fUBMTOwp/DerivedData/Build/Products/DebugLocal-iphonesimulator -Isystem /Applications/Xcode.app/Contents/Developer/Platforms/iPhoneSimulator.platform/Developer/usr/lib -F /Users/vossmedien/inhouse/scratch/ahoi-mobile-files-e664fc0d.fUBMTOwp/DerivedData/Build/Products/DebugLocal-iphonesimulator -F /Applications/Xcode.app/Contents/Developer/Platforms/iPhoneSimulator.platform/Developer/Library/Frameworks -F /Applications/Xcode.app/Contents/Developer/Platforms/iPhoneSimulator.platform/Developer/SDKs/iPhoneSimulator27.0.sdk/Developer/Library/Frameworks -c -j14 -enable-batch-mode -incremental -Xcc -ivfsstatcache -Xcc /Users/vossmedien/inhouse/scratch/ahoi-mobile-files-e664fc0d.fUBMTOwp/DerivedData/SDKStatCaches.noindex/iphonesimulator27.0-24A430-e829b21a6f8c9b70876ba0858053c0448dc58220667be655e1bcc261a7455254.sdkstatcache -output-file-map /Users/vossmedien/inhouse/scratch/ahoi-mobile-files-e664fc0d.fUBMTOwp/DerivedData/Build/Intermediates.noindex/AhoiMobile.build/DebugLocal-iphonesimulator/AhoiMobileUITests.build/Objects-normal/x86_64/AhoiMobileUITests-OutputFileMap.json -save-temps -no-color-diagnostics -explicit-module-build -module-cache-path /Users/vossmedien/inhouse/scratch/ahoi-mobile-files-e664fc0d.fUBMTOwp/DerivedData/Build/Intermediates.noindex/SwiftExplicitPrecompiledModules -clang-scanner-module-cache-path /Users/vossmedien/inhouse/scratch/ahoi-mobile-files-e664fc0d.fUBMTOwp/DerivedData/ModuleCache.noindex -sdk-module-cache-path /Users/vossmedien/inhouse/scratch/ahoi-mobile-files-e664fc0d.fUBMTOwp/DerivedData/SDKExplicitPrecompiledModules -emit-dependencies -emit-module -emit-module-path /Users/vossmedien/inhouse/scratch/ahoi-mobile-files-e664fc0d.fUBMTOwp/DerivedData/Build/Intermediates.noindex/AhoiMobile.build/DebugLocal-iphonesimulator/AhoiMobileUITests.build/Objects-normal/x86_64/AhoiMobileUITests.swiftmodule -serialize-diagnostics -dependency-scan-serialize-diagnostics-path /Users/vossmedien/inhouse/scratch/ahoi-mobile-files-e664fc0d.fUBMTOwp/DerivedData/Build/Intermediates.noindex/AhoiMobile.build/DebugLocal-iphonesimulator/AhoiMobileUITests.build/Objects-normal/x86_64/AhoiMobileUITests-dependency-scan.dia -validate-clang-modules-once -clang-build-session-file /Users/vossmedien/inhouse/scratch/ahoi-mobile-files-e664fc0d.fUBMTOwp/DerivedData/ModuleCache.noindex/Session.modulevalidation -Xcc -fmodules-prune-interval\=86400 -Xcc -fmodules-prune-after\=345600 -emit-const-values -const-gather-protocols-list /Users/vossmedien/inhouse/scratch/ahoi-mobile-files-e664fc0d.fUBMTOwp/DerivedData/Build/Intermediates.noindex/AhoiMobile.build/DebugLocal-iphonesimulator/AhoiMobileUITests.build/Objects-normal/x86_64/AhoiMobileUITests_const_extract_protocols.json -Xcc -iquote -Xcc /Users/vossmedien/inhouse/scratch/ahoi-mobile-files-e664fc0d.fUBMTOwp/DerivedData/Build/Intermediates.noindex/AhoiMobile.build/DebugLocal-iphonesimulator/AhoiMobileUITests.build/AhoiMobileUITests-generated-files.hmap -Xcc -I/Users/vossmedien/inhouse/scratch/ahoi-mobile-files-e664fc0d.fUBMTOwp/DerivedData/Build/Intermediates.noindex/AhoiMobile.build/DebugLocal-iphonesimulator/AhoiMobileUITests.build/AhoiMobileUITests-own-target-headers.hmap -Xcc -I/Users/vossmedien/inhouse/scratch/ahoi-mobile-files-e664fc0d.fUBMTOwp/DerivedData/Build/Intermediates.noindex/AhoiMobile.build/DebugLocal-iphonesimulator/AhoiMobileUITests.build/AhoiMobileUITests-all-non-framework-target-headers.hmap -Xcc -ivfsoverlay -Xcc /Users/vossmedien/inhouse/scratch/ahoi-mobile-files-e664fc0d.fUBMTOwp/DerivedData/Build/Intermediates.noindex/AhoiMobile.build/DebugLocal-iphonesimulator/AhoiMobile-a44a3a976db28ace36eae5fb72a0335b-VFS-iphonesimulator/all-product-headers.yaml -Xcc -iquote -Xcc /Users/vossmedien/inhouse/scratch/ahoi-mobile-files-e664fc0d.fUBMTOwp/DerivedData/Build/Intermediates.noindex/AhoiMobile.build/DebugLocal-iphonesimulator/AhoiMobileUITests.build/AhoiMobileUITests-project-headers.hmap -Xcc -I/Users/vossmedien/inhouse/scratch/ahoi-mobile-files-e664fc0d.fUBMTOwp/DerivedData/Build/Products/DebugLocal-iphonesimulator/include -Xcc -I/Users/vossmedien/inhouse/scratch/ahoi-mobile-files-e664fc0d.fUBMTOwp/DerivedData/Build/Intermediates.noindex/AhoiMobile.build/DebugLocal-iphonesimulator/AhoiMobileUITests.build/DerivedSources-normal/x86_64 -Xcc -I/Users/vossmedien/inhouse/scratch/ahoi-mobile-files-e664fc0d.fUBMTOwp/DerivedData/Build/Intermediates.noindex/AhoiMobile.build/DebugLocal-iphonesimulator/AhoiMobileUITests.build/DerivedSources/x86_64 -Xcc -I/Users/vossmedien/inhouse/scratch/ahoi-mobile-files-e664fc0d.fUBMTOwp/DerivedData/Build/Intermediates.noindex/AhoiMobile.build/DebugLocal-iphonesimulator/AhoiMobileUITests.build/DerivedSources -Xcc -DDEBUG\=1 -emit-objc-header -emit-objc-header-path /Users/vossmedien/inhouse/scratch/ahoi-mobile-files-e664fc0d.fUBMTOwp/DerivedData/Build/Intermediates.noindex/AhoiMobile.build/DebugLocal-iphonesimulator/AhoiMobileUITests.build/Objects-normal/x86_64/AhoiMobileUITests-Swift.h -working-directory /Users/vossmedien/inhouse/scratch/ahoi-mobile-files-e664fc0d.fUBMTOwp/repo/apps/AhoiMobile -experimental-emit-module-separately -disable-cmo

CodeSign /Users/vossmedien/inhouse/scratch/ahoi-mobile-files-e664fc0d.fUBMTOwp/DerivedData/Build/Products/DebugLocal-iphonesimulator/AhoiMobileCoreTests.xctest/Frameworks/AhoiMobileCore.framework (in target 'AhoiMobileCoreTests' from project 'AhoiMobile')
    cd /Users/vossmedien/inhouse/scratch/ahoi-mobile-files-e664fc0d.fUBMTOwp/repo/apps/AhoiMobile

    Signing Identity:     "Sign to Run Locally"

    /usr/bin/codesign --force --sign - --timestamp\=none --preserve-metadata\=identifier,entitlements,flags --generate-entitlement-der /Users/vossmedien/inhouse/scratch/ahoi-mobile-files-e664fc0d.fUBMTOwp/DerivedData/Build/Products/DebugLocal-iphonesimulator/AhoiMobileCoreTests.xctest/Frameworks/AhoiMobileCore.framework
/Users/vossmedien/inhouse/scratch/ahoi-mobile-files-e664fc0d.fUBMTOwp/DerivedData/Build/Products/DebugLocal-iphonesimulator/AhoiMobileCoreTests.xctest/Frameworks/AhoiMobileCore.framework: replacing existing signature

ProcessInfoPlistFile /Users/vossmedien/inhouse/scratch/ahoi-mobile-files-e664fc0d.fUBMTOwp/DerivedData/Build/Products/DebugLocal-iphonesimulator/AhoiMobile.app/Info.plist /Users/vossmedien/inhouse/scratch/ahoi-mobile-files-e664fc0d.fUBMTOwp/repo/apps/AhoiMobile/Info.plist (in target 'AhoiMobile' from project 'AhoiMobile')
    cd /Users/vossmedien/inhouse/scratch/ahoi-mobile-files-e664fc0d.fUBMTOwp/repo/apps/AhoiMobile
    builtin-infoPlistUtility /Users/vossmedien/inhouse/scratch/ahoi-mobile-files-e664fc0d.fUBMTOwp/repo/apps/AhoiMobile/Info.plist -producttype com.apple.product-type.application -genpkginfo /Users/vossmedien/inhouse/scratch/ahoi-mobile-files-e664fc0d.fUBMTOwp/DerivedData/Build/Products/DebugLocal-iphonesimulator/AhoiMobile.app/PkgInfo -expandbuildsettings -format binary -platform iphonesimulator -additionalcontentfile /Users/vossmedien/inhouse/scratch/ahoi-mobile-files-e664fc0d.fUBMTOwp/DerivedData/Build/Intermediates.noindex/AhoiMobile.build/DebugLocal-iphonesimulator/AhoiMobile.build/assetcatalog_generated_info.plist -scanforprivacyfile /Users/vossmedien/inhouse/scratch/ahoi-mobile-files-e664fc0d.fUBMTOwp/DerivedData/Build/Products/DebugLocal-iphonesimulator/AhoiMobile.app/Frameworks/AhoiCloudKitSpike_58C48334F00BB1AD_PackageProduct.framework -scanforprivacyfile /Users/vossmedien/inhouse/scratch/ahoi-mobile-files-e664fc0d.fUBMTOwp/DerivedData/Build/Products/DebugLocal-iphonesimulator/AhoiMobile.app/Frameworks/AhoiMobileCore.framework -o /Users/vossmedien/inhouse/scratch/ahoi-mobile-files-e664fc0d.fUBMTOwp/DerivedData/Build/Products/DebugLocal-iphonesimulator/AhoiMobile.app/Info.plist

CopySwiftLibs /Users/vossmedien/inhouse/scratch/ahoi-mobile-files-e664fc0d.fUBMTOwp/DerivedData/Build/Products/DebugLocal-iphonesimulator/AhoiMobileCoreTests.xctest (in target 'AhoiMobileCoreTests' from project 'AhoiMobile')
    cd /Users/vossmedien/inhouse/scratch/ahoi-mobile-files-e664fc0d.fUBMTOwp/repo/apps/AhoiMobile
    builtin-swiftStdLibTool --copy --verbose --sign - --scan-executable /Users/vossmedien/inhouse/scratch/ahoi-mobile-files-e664fc0d.fUBMTOwp/DerivedData/Build/Products/DebugLocal-iphonesimulator/AhoiMobileCoreTests.xctest/AhoiMobileCoreTests --scan-folder /Users/vossmedien/inhouse/scratch/ahoi-mobile-files-e664fc0d.fUBMTOwp/DerivedData/Build/Products/DebugLocal-iphonesimulator/AhoiMobileCoreTests.xctest/Frameworks --scan-folder /Users/vossmedien/inhouse/scratch/ahoi-mobile-files-e664fc0d.fUBMTOwp/DerivedData/Build/Products/DebugLocal-iphonesimulator/AhoiMobileCoreTests.xctest/PlugIns --scan-folder /Users/vossmedien/inhouse/scratch/ahoi-mobile-files-e664fc0d.fUBMTOwp/DerivedData/Build/Products/DebugLocal-iphonesimulator/AhoiMobileCoreTests.xctest/SystemExtensions --scan-folder /Users/vossmedien/inhouse/scratch/ahoi-mobile-files-e664fc0d.fUBMTOwp/DerivedData/Build/Products/DebugLocal-iphonesimulator/AhoiMobileCoreTests.xctest/Extensions --scan-folder /Users/vossmedien/inhouse/scratch/ahoi-mobile-files-e664fc0d.fUBMTOwp/DerivedData/Build/Products/DebugLocal-iphonesimulator/AhoiMobileCore.framework --scan-folder /Users/vossmedien/inhouse/scratch/ahoi-mobile-files-e664fc0d.fUBMTOwp/DerivedData/Build/Products/DebugLocal-iphonesimulator/PackageFrameworks/AhoiCloudKitSpike_58C48334F00BB1AD_PackageProduct.framework --platform iphonesimulator --toolchain /var/run/com.apple.security.cryptexd/mnt/com.apple.MobileAsset.MetalToolchain-v27.1.266.1.7Zimi4/Metal.xctoolchain --toolchain /Applications/Xcode.app/Contents/Developer/Toolchains/XcodeDefault.xctoolchain --destination /Users/vossmedien/inhouse/scratch/ahoi-mobile-files-e664fc0d.fUBMTOwp/DerivedData/Build/Products/DebugLocal-iphonesimulator/AhoiMobileCoreTests.xctest/Frameworks --strip-bitcode --scan-executable /Applications/Xcode.app/Contents/Developer/Platforms/iPhoneSimulator.platform/Developer/usr/lib/libXCTestSwiftSupport.dylib --strip-bitcode-tool /Applications/Xcode.app/Contents/Developer/Toolchains/XcodeDefault.xctoolchain/usr/bin/bitcode_strip --emit-dependency-info /Users/vossmedien/inhouse/scratch/ahoi-mobile-files-e664fc0d.fUBMTOwp/DerivedData/Build/Intermediates.noindex/AhoiMobile.build/DebugLocal-iphonesimulator/AhoiMobileCoreTests.build/SwiftStdLibToolInputDependencies.dep --filter-for-swift-os

AppIntentsSSUTraining (in target 'AhoiMobile' from project 'AhoiMobile')
    cd /Users/vossmedien/inhouse/scratch/ahoi-mobile-files-e664fc0d.fUBMTOwp/repo/apps/AhoiMobile
    /Applications/Xcode.app/Contents/Developer/Toolchains/XcodeDefault.xctoolchain/usr/bin/appintentsnltrainingprocessor --infoplist-path /Users/vossmedien/inhouse/scratch/ahoi-mobile-files-e664fc0d.fUBMTOwp/DerivedData/Build/Products/DebugLocal-iphonesimulator/AhoiMobile.app/Info.plist --temp-dir-path /Users/vossmedien/inhouse/scratch/ahoi-mobile-files-e664fc0d.fUBMTOwp/DerivedData/Build/Intermediates.noindex/AhoiMobile.build/DebugLocal-iphonesimulator/AhoiMobile.build/ssu --bundle-id app.ahoibrowser.AhoiBrowser --product-path /Users/vossmedien/inhouse/scratch/ahoi-mobile-files-e664fc0d.fUBMTOwp/DerivedData/Build/Products/DebugLocal-iphonesimulator/AhoiMobile.app --extracted-metadata-path /Users/vossmedien/inhouse/scratch/ahoi-mobile-files-e664fc0d.fUBMTOwp/DerivedData/Build/Products/DebugLocal-iphonesimulator/AhoiMobile.app/Metadata.appintents --metadata-file-list /Users/vossmedien/inhouse/scratch/ahoi-mobile-files-e664fc0d.fUBMTOwp/DerivedData/Build/Intermediates.noindex/AhoiMobile.build/DebugLocal-iphonesimulator/AhoiMobile.build/AhoiMobile.DependencyMetadataFileList --source-file /Users/vossmedien/inhouse/scratch/ahoi-mobile-files-e664fc0d.fUBMTOwp/DerivedData/Build/Products/DebugLocal-iphonesimulator/AhoiMobile.app/Info.plist --archive-ssu-assets
2026-10-06 22:27:47.444 appintentsnltrainingprocessor[94249:20605197] Parsing options for appintentsnltrainingprocessor
2026-10-06 22:27:47.444 appintentsnltrainingprocessor[94249:20605197] Starting AppIntents SSU YAML Generation
2026-10-06 22:27:47.445 appintentsnltrainingprocessor[94249:20605197] No AppShortcuts found - Skipping.

CodeSign /Users/vossmedien/inhouse/scratch/ahoi-mobile-files-e664fc0d.fUBMTOwp/DerivedData/Build/Products/DebugLocal-iphonesimulator/AhoiMobileCoreTests.xctest (in target 'AhoiMobileCoreTests' from project 'AhoiMobile')
    cd /Users/vossmedien/inhouse/scratch/ahoi-mobile-files-e664fc0d.fUBMTOwp/repo/apps/AhoiMobile

    Signing Identity:     "Sign to Run Locally"

    /usr/bin/codesign --force --sign - --timestamp\=none --generate-entitlement-der /Users/vossmedien/inhouse/scratch/ahoi-mobile-files-e664fc0d.fUBMTOwp/DerivedData/Build/Products/DebugLocal-iphonesimulator/AhoiMobileCoreTests.xctest
/Users/vossmedien/inhouse/scratch/ahoi-mobile-files-e664fc0d.fUBMTOwp/DerivedData/Build/Products/DebugLocal-iphonesimulator/AhoiMobileCoreTests.xctest: replacing existing signature

CopySwiftLibs /Users/vossmedien/inhouse/scratch/ahoi-mobile-files-e664fc0d.fUBMTOwp/DerivedData/Build/Products/DebugLocal-iphonesimulator/AhoiMobile.app (in target 'AhoiMobile' from project 'AhoiMobile')
    cd /Users/vossmedien/inhouse/scratch/ahoi-mobile-files-e664fc0d.fUBMTOwp/repo/apps/AhoiMobile
    builtin-swiftStdLibTool --copy --verbose --sign - --scan-executable /Users/vossmedien/inhouse/scratch/ahoi-mobile-files-e664fc0d.fUBMTOwp/DerivedData/Build/Products/DebugLocal-iphonesimulator/AhoiMobile.app/AhoiMobile.debug.dylib --scan-folder /Users/vossmedien/inhouse/scratch/ahoi-mobile-files-e664fc0d.fUBMTOwp/DerivedData/Build/Products/DebugLocal-iphonesimulator/AhoiMobile.app/Frameworks --scan-folder /Users/vossmedien/inhouse/scratch/ahoi-mobile-files-e664fc0d.fUBMTOwp/DerivedData/Build/Products/DebugLocal-iphonesimulator/AhoiMobile.app/PlugIns --scan-folder /Users/vossmedien/inhouse/scratch/ahoi-mobile-files-e664fc0d.fUBMTOwp/DerivedData/Build/Products/DebugLocal-iphonesimulator/AhoiMobile.app/SystemExtensions --scan-folder /Users/vossmedien/inhouse/scratch/ahoi-mobile-files-e664fc0d.fUBMTOwp/DerivedData/Build/Products/DebugLocal-iphonesimulator/AhoiMobile.app/Extensions --scan-folder /Users/vossmedien/inhouse/scratch/ahoi-mobile-files-e664fc0d.fUBMTOwp/DerivedData/Build/Products/DebugLocal-iphonesimulator/AhoiMobileCore.framework --scan-folder /Users/vossmedien/inhouse/scratch/ahoi-mobile-files-e664fc0d.fUBMTOwp/DerivedData/Build/Products/DebugLocal-iphonesimulator/PackageFrameworks/AhoiCloudKitSpike_58C48334F00BB1AD_PackageProduct.framework --platform iphonesimulator --toolchain /var/run/com.apple.security.cryptexd/mnt/com.apple.MobileAsset.MetalToolchain-v27.1.266.1.7Zimi4/Metal.xctoolchain --toolchain /Applications/Xcode.app/Contents/Developer/Toolchains/XcodeDefault.xctoolchain --destination /Users/vossmedien/inhouse/scratch/ahoi-mobile-files-e664fc0d.fUBMTOwp/DerivedData/Build/Products/DebugLocal-iphonesimulator/AhoiMobile.app/Frameworks --strip-bitcode --strip-bitcode-tool /Applications/Xcode.app/Contents/Developer/Toolchains/XcodeDefault.xctoolchain/usr/bin/bitcode_strip --emit-dependency-info /Users/vossmedien/inhouse/scratch/ahoi-mobile-files-e664fc0d.fUBMTOwp/DerivedData/Build/Intermediates.noindex/AhoiMobile.build/DebugLocal-iphonesimulator/AhoiMobile.build/SwiftStdLibToolInputDependencies.dep --filter-for-swift-os

CodeSign /Users/vossmedien/inhouse/scratch/ahoi-mobile-files-e664fc0d.fUBMTOwp/DerivedData/Build/Products/DebugLocal-iphonesimulator/AhoiMobile.app/AhoiMobile.debug.dylib (in target 'AhoiMobile' from project 'AhoiMobile')
    cd /Users/vossmedien/inhouse/scratch/ahoi-mobile-files-e664fc0d.fUBMTOwp/repo/apps/AhoiMobile

    Signing Identity:     "Sign to Run Locally"

    /usr/bin/codesign --force --sign - --timestamp\=none --generate-entitlement-der /Users/vossmedien/inhouse/scratch/ahoi-mobile-files-e664fc0d.fUBMTOwp/DerivedData/Build/Products/DebugLocal-iphonesimulator/AhoiMobile.app/AhoiMobile.debug.dylib
/Users/vossmedien/inhouse/scratch/ahoi-mobile-files-e664fc0d.fUBMTOwp/DerivedData/Build/Products/DebugLocal-iphonesimulator/AhoiMobile.app/AhoiMobile.debug.dylib: replacing existing signature

CodeSign /Users/vossmedien/inhouse/scratch/ahoi-mobile-files-e664fc0d.fUBMTOwp/DerivedData/Build/Products/DebugLocal-iphonesimulator/AhoiMobile.app/__preview.dylib (in target 'AhoiMobile' from project 'AhoiMobile')
    cd /Users/vossmedien/inhouse/scratch/ahoi-mobile-files-e664fc0d.fUBMTOwp/repo/apps/AhoiMobile

    Signing Identity:     "Sign to Run Locally"

    /usr/bin/codesign --force --sign - --timestamp\=none --generate-entitlement-der /Users/vossmedien/inhouse/scratch/ahoi-mobile-files-e664fc0d.fUBMTOwp/DerivedData/Build/Products/DebugLocal-iphonesimulator/AhoiMobile.app/__preview.dylib
/Users/vossmedien/inhouse/scratch/ahoi-mobile-files-e664fc0d.fUBMTOwp/DerivedData/Build/Products/DebugLocal-iphonesimulator/AhoiMobile.app/__preview.dylib: replacing existing signature

CodeSign /Users/vossmedien/inhouse/scratch/ahoi-mobile-files-e664fc0d.fUBMTOwp/DerivedData/Build/Products/DebugLocal-iphonesimulator/AhoiMobile.app (in target 'AhoiMobile' from project 'AhoiMobile')
    cd /Users/vossmedien/inhouse/scratch/ahoi-mobile-files-e664fc0d.fUBMTOwp/repo/apps/AhoiMobile

    Signing Identity:     "Sign to Run Locally"

    /usr/bin/codesign --force --sign - --timestamp\=none --generate-entitlement-der /Users/vossmedien/inhouse/scratch/ahoi-mobile-files-e664fc0d.fUBMTOwp/DerivedData/Build/Products/DebugLocal-iphonesimulator/AhoiMobile.app
/Users/vossmedien/inhouse/scratch/ahoi-mobile-files-e664fc0d.fUBMTOwp/DerivedData/Build/Products/DebugLocal-iphonesimulator/AhoiMobile.app: replacing existing signature

Validate /Users/vossmedien/inhouse/scratch/ahoi-mobile-files-e664fc0d.fUBMTOwp/DerivedData/Build/Products/DebugLocal-iphonesimulator/AhoiMobile.app (in target 'AhoiMobile' from project 'AhoiMobile')
    cd /Users/vossmedien/inhouse/scratch/ahoi-mobile-files-e664fc0d.fUBMTOwp/repo/apps/AhoiMobile
    builtin-validationUtility /Users/vossmedien/inhouse/scratch/ahoi-mobile-files-e664fc0d.fUBMTOwp/DerivedData/Build/Products/DebugLocal-iphonesimulator/AhoiMobile.app -shallow-bundle -infoplist-subpath Info.plist

Ld /Users/vossmedien/inhouse/scratch/ahoi-mobile-files-e664fc0d.fUBMTOwp/DerivedData/Build/Intermediates.noindex/AhoiMobile.build/DebugLocal-iphonesimulator/AhoiMobileUITests.build/Objects-normal/x86_64/Binary/AhoiMobileUITests normal x86_64 (in target 'AhoiMobileUITests' from project 'AhoiMobile')
    cd /Users/vossmedien/inhouse/scratch/ahoi-mobile-files-e664fc0d.fUBMTOwp/repo/apps/AhoiMobile
    /Applications/Xcode.app/Contents/Developer/Toolchains/XcodeDefault.xctoolchain/usr/bin/clang -Xlinker -reproducible -target x86_64-apple-ios26.0-simulator -bundle -isysroot /Applications/Xcode.app/Contents/Developer/Platforms/iPhoneSimulator.platform/Developer/SDKs/iPhoneSimulator27.0.sdk -O0 -Xlinker -no_warn_duplicate_libraries -L/Users/vossmedien/inhouse/scratch/ahoi-mobile-files-e664fc0d.fUBMTOwp/DerivedData/Build/Intermediates.noindex/EagerLinkingTBDs/DebugLocal-iphonesimulator -L/Users/vossmedien/inhouse/scratch/ahoi-mobile-files-e664fc0d.fUBMTOwp/DerivedData/Build/Products/DebugLocal-iphonesimulator -L/Applications/Xcode.app/Contents/Developer/Platforms/iPhoneSimulator.platform/Developer/usr/lib -F/Users/vossmedien/inhouse/scratch/ahoi-mobile-files-e664fc0d.fUBMTOwp/DerivedData/Build/Intermediates.noindex/EagerLinkingTBDs/DebugLocal-iphonesimulator -F/Users/vossmedien/inhouse/scratch/ahoi-mobile-files-e664fc0d.fUBMTOwp/DerivedData/Build/Products/DebugLocal-iphonesimulator -iframework /Applications/Xcode.app/Contents/Developer/Platforms/iPhoneSimulator.platform/Developer/Library/Frameworks -iframework /Applications/Xcode.app/Contents/Developer/Platforms/iPhoneSimulator.platform/Developer/SDKs/iPhoneSimulator27.0.sdk/Developer/Library/Frameworks -filelist /Users/vossmedien/inhouse/scratch/ahoi-mobile-files-e664fc0d.fUBMTOwp/DerivedData/Build/Intermediates.noindex/AhoiMobile.build/DebugLocal-iphonesimulator/AhoiMobileUITests.build/Objects-normal/x86_64/AhoiMobileUITests.LinkFileList -Xlinker -rpath -Xlinker @loader_path/Frameworks -Xlinker -rpath -Xlinker @executable_path/Frameworks -Xlinker -dead_strip -Xlinker -object_path_lto -Xlinker /Users/vossmedien/inhouse/scratch/ahoi-mobile-files-e664fc0d.fUBMTOwp/DerivedData/Build/Intermediates.noindex/AhoiMobile.build/DebugLocal-iphonesimulator/AhoiMobileUITests.build/Objects-normal/x86_64/AhoiMobileUITests_lto.o -rdynamic -Xlinker -no_deduplicate -Xlinker -objc_abi_version -Xlinker 2 -Xlinker -dependency_info -Xlinker /Users/vossmedien/inhouse/scratch/ahoi-mobile-files-e664fc0d.fUBMTOwp/DerivedData/Build/Intermediates.noindex/AhoiMobile.build/DebugLocal-iphonesimulator/AhoiMobileUITests.build/Objects-normal/x86_64/AhoiMobileUITests_dependency_info.dat -fobjc-link-runtime -L/Applications/Xcode.app/Contents/Developer/Toolchains/XcodeDefault.xctoolchain/usr/lib/swift/iphonesimulator -L/usr/lib/swift -Xlinker -add_ast_path -Xlinker /Users/vossmedien/inhouse/scratch/ahoi-mobile-files-e664fc0d.fUBMTOwp/DerivedData/Build/Intermediates.noindex/AhoiMobile.build/DebugLocal-iphonesimulator/AhoiMobileUITests.build/Objects-normal/x86_64/AhoiMobileUITests.swiftmodule -Xlinker -needed_framework -Xlinker XCTest -framework XCTest -Xlinker -needed-lXCTestSwiftSupport -lXCTestSwiftSupport -Xlinker -sectcreate -Xlinker __TEXT -Xlinker __entitlements -Xlinker /Users/vossmedien/inhouse/scratch/ahoi-mobile-files-e664fc0d.fUBMTOwp/DerivedData/Build/Intermediates.noindex/AhoiMobile.build/DebugLocal-iphonesimulator/AhoiMobileUITests.build/AhoiMobileUITests.xctest-Simulated.xcent -Xlinker -sectcreate -Xlinker __TEXT -Xlinker __ents_der -Xlinker /Users/vossmedien/inhouse/scratch/ahoi-mobile-files-e664fc0d.fUBMTOwp/DerivedData/Build/Intermediates.noindex/AhoiMobile.build/DebugLocal-iphonesimulator/AhoiMobileUITests.build/AhoiMobileUITests.xctest-Simulated.xcent.der -Xlinker -no_adhoc_codesign -o /Users/vossmedien/inhouse/scratch/ahoi-mobile-files-e664fc0d.fUBMTOwp/DerivedData/Build/Intermediates.noindex/AhoiMobile.build/DebugLocal-iphonesimulator/AhoiMobileUITests.build/Objects-normal/x86_64/Binary/AhoiMobileUITests

Ld /Users/vossmedien/inhouse/scratch/ahoi-mobile-files-e664fc0d.fUBMTOwp/DerivedData/Build/Intermediates.noindex/AhoiMobile.build/DebugLocal-iphonesimulator/AhoiMobileUITests.build/Objects-normal/arm64/Binary/AhoiMobileUITests normal arm64 (in target 'AhoiMobileUITests' from project 'AhoiMobile')
    cd /Users/vossmedien/inhouse/scratch/ahoi-mobile-files-e664fc0d.fUBMTOwp/repo/apps/AhoiMobile
    /Applications/Xcode.app/Contents/Developer/Toolchains/XcodeDefault.xctoolchain/usr/bin/clang -Xlinker -reproducible -target arm64-apple-ios26.0-simulator -bundle -isysroot /Applications/Xcode.app/Contents/Developer/Platforms/iPhoneSimulator.platform/Developer/SDKs/iPhoneSimulator27.0.sdk -O0 -Xlinker -no_warn_duplicate_libraries -L/Users/vossmedien/inhouse/scratch/ahoi-mobile-files-e664fc0d.fUBMTOwp/DerivedData/Build/Intermediates.noindex/EagerLinkingTBDs/DebugLocal-iphonesimulator -L/Users/vossmedien/inhouse/scratch/ahoi-mobile-files-e664fc0d.fUBMTOwp/DerivedData/Build/Products/DebugLocal-iphonesimulator -L/Applications/Xcode.app/Contents/Developer/Platforms/iPhoneSimulator.platform/Developer/usr/lib -F/Users/vossmedien/inhouse/scratch/ahoi-mobile-files-e664fc0d.fUBMTOwp/DerivedData/Build/Intermediates.noindex/EagerLinkingTBDs/DebugLocal-iphonesimulator -F/Users/vossmedien/inhouse/scratch/ahoi-mobile-files-e664fc0d.fUBMTOwp/DerivedData/Build/Products/DebugLocal-iphonesimulator -iframework /Applications/Xcode.app/Contents/Developer/Platforms/iPhoneSimulator.platform/Developer/Library/Frameworks -iframework /Applications/Xcode.app/Contents/Developer/Platforms/iPhoneSimulator.platform/Developer/SDKs/iPhoneSimulator27.0.sdk/Developer/Library/Frameworks -filelist /Users/vossmedien/inhouse/scratch/ahoi-mobile-files-e664fc0d.fUBMTOwp/DerivedData/Build/Intermediates.noindex/AhoiMobile.build/DebugLocal-iphonesimulator/AhoiMobileUITests.build/Objects-normal/arm64/AhoiMobileUITests.LinkFileList -Xlinker -rpath -Xlinker @loader_path/Frameworks -Xlinker -rpath -Xlinker @executable_path/Frameworks -Xlinker -dead_strip -Xlinker -object_path_lto -Xlinker /Users/vossmedien/inhouse/scratch/ahoi-mobile-files-e664fc0d.fUBMTOwp/DerivedData/Build/Intermediates.noindex/AhoiMobile.build/DebugLocal-iphonesimulator/AhoiMobileUITests.build/Objects-normal/arm64/AhoiMobileUITests_lto.o -rdynamic -Xlinker -no_deduplicate -Xlinker -objc_abi_version -Xlinker 2 -Xlinker -dependency_info -Xlinker /Users/vossmedien/inhouse/scratch/ahoi-mobile-files-e664fc0d.fUBMTOwp/DerivedData/Build/Intermediates.noindex/AhoiMobile.build/DebugLocal-iphonesimulator/AhoiMobileUITests.build/Objects-normal/arm64/AhoiMobileUITests_dependency_info.dat -fobjc-link-runtime -L/Applications/Xcode.app/Contents/Developer/Toolchains/XcodeDefault.xctoolchain/usr/lib/swift/iphonesimulator -L/usr/lib/swift -Xlinker -add_ast_path -Xlinker /Users/vossmedien/inhouse/scratch/ahoi-mobile-files-e664fc0d.fUBMTOwp/DerivedData/Build/Intermediates.noindex/AhoiMobile.build/DebugLocal-iphonesimulator/AhoiMobileUITests.build/Objects-normal/arm64/AhoiMobileUITests.swiftmodule -Xlinker -needed_framework -Xlinker XCTest -framework XCTest -Xlinker -needed-lXCTestSwiftSupport -lXCTestSwiftSupport -Xlinker -sectcreate -Xlinker __TEXT -Xlinker __entitlements -Xlinker /Users/vossmedien/inhouse/scratch/ahoi-mobile-files-e664fc0d.fUBMTOwp/DerivedData/Build/Intermediates.noindex/AhoiMobile.build/DebugLocal-iphonesimulator/AhoiMobileUITests.build/AhoiMobileUITests.xctest-Simulated.xcent -Xlinker -sectcreate -Xlinker __TEXT -Xlinker __ents_der -Xlinker /Users/vossmedien/inhouse/scratch/ahoi-mobile-files-e664fc0d.fUBMTOwp/DerivedData/Build/Intermediates.noindex/AhoiMobile.build/DebugLocal-iphonesimulator/AhoiMobileUITests.build/AhoiMobileUITests.xctest-Simulated.xcent.der -Xlinker -no_adhoc_codesign -o /Users/vossmedien/inhouse/scratch/ahoi-mobile-files-e664fc0d.fUBMTOwp/DerivedData/Build/Intermediates.noindex/AhoiMobile.build/DebugLocal-iphonesimulator/AhoiMobileUITests.build/Objects-normal/arm64/Binary/AhoiMobileUITests

ProcessInfoPlistFile /Users/vossmedien/inhouse/scratch/ahoi-mobile-files-e664fc0d.fUBMTOwp/DerivedData/Build/Products/DebugLocal-iphonesimulator/AhoiMobileUITests-Runner.app/PlugIns/AhoiMobileUITests.xctest/Info.plist /Users/vossmedien/inhouse/scratch/ahoi-mobile-files-e664fc0d.fUBMTOwp/DerivedData/Build/Intermediates.noindex/AhoiMobile.build/DebugLocal-iphonesimulator/AhoiMobileUITests.build/empty-AhoiMobileUITests.plist (in target 'AhoiMobileUITests' from project 'AhoiMobile')
    cd /Users/vossmedien/inhouse/scratch/ahoi-mobile-files-e664fc0d.fUBMTOwp/repo/apps/AhoiMobile
    builtin-infoPlistUtility /Users/vossmedien/inhouse/scratch/ahoi-mobile-files-e664fc0d.fUBMTOwp/DerivedData/Build/Intermediates.noindex/AhoiMobile.build/DebugLocal-iphonesimulator/AhoiMobileUITests.build/empty-AhoiMobileUITests.plist -producttype com.apple.product-type.bundle.ui-testing -expandbuildsettings -format binary -platform iphonesimulator -additionalcontentfile /Users/vossmedien/inhouse/scratch/ahoi-mobile-files-e664fc0d.fUBMTOwp/DerivedData/Build/Intermediates.noindex/AhoiMobile.build/DebugLocal-iphonesimulator/AhoiMobileUITests.build/ProductTypeInfoPlistAdditions.plist -o /Users/vossmedien/inhouse/scratch/ahoi-mobile-files-e664fc0d.fUBMTOwp/DerivedData/Build/Products/DebugLocal-iphonesimulator/AhoiMobileUITests-Runner.app/PlugIns/AhoiMobileUITests.xctest/Info.plist

CreateUniversalBinary /Users/vossmedien/inhouse/scratch/ahoi-mobile-files-e664fc0d.fUBMTOwp/DerivedData/Build/Products/DebugLocal-iphonesimulator/AhoiMobileUITests-Runner.app/PlugIns/AhoiMobileUITests.xctest/AhoiMobileUITests normal arm64\ x86_64 (in target 'AhoiMobileUITests' from project 'AhoiMobile')
    cd /Users/vossmedien/inhouse/scratch/ahoi-mobile-files-e664fc0d.fUBMTOwp/repo/apps/AhoiMobile
    /Applications/Xcode.app/Contents/Developer/Toolchains/XcodeDefault.xctoolchain/usr/bin/lipo -create /Users/vossmedien/inhouse/scratch/ahoi-mobile-files-e664fc0d.fUBMTOwp/DerivedData/Build/Intermediates.noindex/AhoiMobile.build/DebugLocal-iphonesimulator/AhoiMobileUITests.build/Objects-normal/arm64/Binary/AhoiMobileUITests /Users/vossmedien/inhouse/scratch/ahoi-mobile-files-e664fc0d.fUBMTOwp/DerivedData/Build/Intermediates.noindex/AhoiMobile.build/DebugLocal-iphonesimulator/AhoiMobileUITests.build/Objects-normal/x86_64/Binary/AhoiMobileUITests -output /Users/vossmedien/inhouse/scratch/ahoi-mobile-files-e664fc0d.fUBMTOwp/DerivedData/Build/Products/DebugLocal-iphonesimulator/AhoiMobileUITests-Runner.app/PlugIns/AhoiMobileUITests.xctest/AhoiMobileUITests

ExtractAppIntentsMetadata (in target 'AhoiMobileUITests' from project 'AhoiMobile')
    cd /Users/vossmedien/inhouse/scratch/ahoi-mobile-files-e664fc0d.fUBMTOwp/repo/apps/AhoiMobile
    /Applications/Xcode.app/Contents/Developer/Toolchains/XcodeDefault.xctoolchain/usr/bin/appintentsmetadataprocessor --toolchain-dir /var/run/com.apple.security.cryptexd/mnt/com.apple.MobileAsset.MetalToolchain-v27.1.266.1.7Zimi4/Metal.xctoolchain --module-name AhoiMobileUITests --sdk-root /Applications/Xcode.app/Contents/Developer/Platforms/iPhoneSimulator.platform/Developer/SDKs/iPhoneSimulator27.0.sdk --xcode-version 27A266a --platform-family iOS --deployment-target 26.0 --bundle-identifier app.ahoibrowser.AhoiBrowser.uitests --output /Users/vossmedien/inhouse/scratch/ahoi-mobile-files-e664fc0d.fUBMTOwp/DerivedData/Build/Products/DebugLocal-iphonesimulator/AhoiMobileUITests-Runner.app/PlugIns/AhoiMobileUITests.xctest --target-triple arm64-apple-ios26.0-simulator --target-triple x86_64-apple-ios26.0-simulator --binary-file /Users/vossmedien/inhouse/scratch/ahoi-mobile-files-e664fc0d.fUBMTOwp/DerivedData/Build/Products/DebugLocal-iphonesimulator/AhoiMobileUITests-Runner.app/PlugIns/AhoiMobileUITests.xctest/AhoiMobileUITests --dependency-file /Users/vossmedien/inhouse/scratch/ahoi-mobile-files-e664fc0d.fUBMTOwp/DerivedData/Build/Intermediates.noindex/AhoiMobile.build/DebugLocal-iphonesimulator/AhoiMobileUITests.build/Objects-normal/arm64/AhoiMobileUITests_dependency_info.dat --dependency-file /Users/vossmedien/inhouse/scratch/ahoi-mobile-files-e664fc0d.fUBMTOwp/DerivedData/Build/Intermediates.noindex/AhoiMobile.build/DebugLocal-iphonesimulator/AhoiMobileUITests.build/Objects-normal/x86_64/AhoiMobileUITests_dependency_info.dat --stringsdata-file /Users/vossmedien/inhouse/scratch/ahoi-mobile-files-e664fc0d.fUBMTOwp/DerivedData/Build/Intermediates.noindex/AhoiMobile.build/DebugLocal-iphonesimulator/AhoiMobileUITests.build/Objects-normal/arm64/ExtractedAppShortcutsMetadata.stringsdata --stringsdata-file /Users/vossmedien/inhouse/scratch/ahoi-mobile-files-e664fc0d.fUBMTOwp/DerivedData/Build/Intermediates.noindex/AhoiMobile.build/DebugLocal-iphonesimulator/AhoiMobileUITests.build/Objects-normal/x86_64/ExtractedAppShortcutsMetadata.stringsdata --source-file-list /Users/vossmedien/inhouse/scratch/ahoi-mobile-files-e664fc0d.fUBMTOwp/DerivedData/Build/Intermediates.noindex/AhoiMobile.build/DebugLocal-iphonesimulator/AhoiMobileUITests.build/Objects-normal/arm64/AhoiMobileUITests.SwiftFileList --source-file-list /Users/vossmedien/inhouse/scratch/ahoi-mobile-files-e664fc0d.fUBMTOwp/DerivedData/Build/Intermediates.noindex/AhoiMobile.build/DebugLocal-iphonesimulator/AhoiMobileUITests.build/Objects-normal/x86_64/AhoiMobileUITests.SwiftFileList --metadata-file-list /Users/vossmedien/inhouse/scratch/ahoi-mobile-files-e664fc0d.fUBMTOwp/DerivedData/Build/Intermediates.noindex/AhoiMobile.build/DebugLocal-iphonesimulator/AhoiMobileUITests.build/AhoiMobileUITests.DependencyMetadataFileList --static-metadata-file-list /Users/vossmedien/inhouse/scratch/ahoi-mobile-files-e664fc0d.fUBMTOwp/DerivedData/Build/Intermediates.noindex/AhoiMobile.build/DebugLocal-iphonesimulator/AhoiMobileUITests.build/AhoiMobileUITests.DependencyStaticMetadataFileList --swift-const-vals-list /Users/vossmedien/inhouse/scratch/ahoi-mobile-files-e664fc0d.fUBMTOwp/DerivedData/Build/Intermediates.noindex/AhoiMobile.build/DebugLocal-iphonesimulator/AhoiMobileUITests.build/Objects-normal/arm64/AhoiMobileUITests.SwiftConstValuesFileList --swift-const-vals-list /Users/vossmedien/inhouse/scratch/ahoi-mobile-files-e664fc0d.fUBMTOwp/DerivedData/Build/Intermediates.noindex/AhoiMobile.build/DebugLocal-iphonesimulator/AhoiMobileUITests.build/Objects-normal/x86_64/AhoiMobileUITests.SwiftConstValuesFileList --compile-time-extraction --deployment-aware-processing --no-app-shortcuts-localization
2026-10-06 22:27:47.948 appintentsmetadataprocessor[94269:20605308] Starting appintentsmetadataprocessor export
2026-10-06 22:27:47.954 appintentsmetadataprocessor[94269:20605308] warning: Metadata extraction skipped, no AppIntents.framework dependency found

CopySwiftLibs /Users/vossmedien/inhouse/scratch/ahoi-mobile-files-e664fc0d.fUBMTOwp/DerivedData/Build/Products/DebugLocal-iphonesimulator/AhoiMobileUITests-Runner.app/PlugIns/AhoiMobileUITests.xctest (in target 'AhoiMobileUITests' from project 'AhoiMobile')
    cd /Users/vossmedien/inhouse/scratch/ahoi-mobile-files-e664fc0d.fUBMTOwp/repo/apps/AhoiMobile
    builtin-swiftStdLibTool --copy --verbose --sign - --scan-executable /Users/vossmedien/inhouse/scratch/ahoi-mobile-files-e664fc0d.fUBMTOwp/DerivedData/Build/Products/DebugLocal-iphonesimulator/AhoiMobileUITests-Runner.app/PlugIns/AhoiMobileUITests.xctest/AhoiMobileUITests --scan-folder /Users/vossmedien/inhouse/scratch/ahoi-mobile-files-e664fc0d.fUBMTOwp/DerivedData/Build/Products/DebugLocal-iphonesimulator/AhoiMobileUITests-Runner.app/PlugIns/AhoiMobileUITests.xctest/Frameworks --scan-folder /Users/vossmedien/inhouse/scratch/ahoi-mobile-files-e664fc0d.fUBMTOwp/DerivedData/Build/Products/DebugLocal-iphonesimulator/AhoiMobileUITests-Runner.app/PlugIns/AhoiMobileUITests.xctest/PlugIns --scan-folder /Users/vossmedien/inhouse/scratch/ahoi-mobile-files-e664fc0d.fUBMTOwp/DerivedData/Build/Products/DebugLocal-iphonesimulator/AhoiMobileUITests-Runner.app/PlugIns/AhoiMobileUITests.xctest/SystemExtensions --scan-folder /Users/vossmedien/inhouse/scratch/ahoi-mobile-files-e664fc0d.fUBMTOwp/DerivedData/Build/Products/DebugLocal-iphonesimulator/AhoiMobileUITests-Runner.app/PlugIns/AhoiMobileUITests.xctest/Extensions --platform iphonesimulator --toolchain /var/run/com.apple.security.cryptexd/mnt/com.apple.MobileAsset.MetalToolchain-v27.1.266.1.7Zimi4/Metal.xctoolchain --toolchain /Applications/Xcode.app/Contents/Developer/Toolchains/XcodeDefault.xctoolchain --destination /Users/vossmedien/inhouse/scratch/ahoi-mobile-files-e664fc0d.fUBMTOwp/DerivedData/Build/Products/DebugLocal-iphonesimulator/AhoiMobileUITests-Runner.app/PlugIns/AhoiMobileUITests.xctest/Frameworks --strip-bitcode --scan-executable /Applications/Xcode.app/Contents/Developer/Platforms/iPhoneSimulator.platform/Developer/usr/lib/libXCTestSwiftSupport.dylib --strip-bitcode-tool /Applications/Xcode.app/Contents/Developer/Toolchains/XcodeDefault.xctoolchain/usr/bin/bitcode_strip --emit-dependency-info /Users/vossmedien/inhouse/scratch/ahoi-mobile-files-e664fc0d.fUBMTOwp/DerivedData/Build/Intermediates.noindex/AhoiMobile.build/DebugLocal-iphonesimulator/AhoiMobileUITests.build/SwiftStdLibToolInputDependencies.dep --filter-for-swift-os

CodeSign /Users/vossmedien/inhouse/scratch/ahoi-mobile-files-e664fc0d.fUBMTOwp/DerivedData/Build/Products/DebugLocal-iphonesimulator/AhoiMobileUITests-Runner.app/PlugIns/AhoiMobileUITests.xctest (in target 'AhoiMobileUITests' from project 'AhoiMobile')
    cd /Users/vossmedien/inhouse/scratch/ahoi-mobile-files-e664fc0d.fUBMTOwp/repo/apps/AhoiMobile

    Signing Identity:     "Sign to Run Locally"

    /usr/bin/codesign --force --sign - --timestamp\=none --generate-entitlement-der /Users/vossmedien/inhouse/scratch/ahoi-mobile-files-e664fc0d.fUBMTOwp/DerivedData/Build/Products/DebugLocal-iphonesimulator/AhoiMobileUITests-Runner.app/PlugIns/AhoiMobileUITests.xctest

CodeSign /Users/vossmedien/inhouse/scratch/ahoi-mobile-files-e664fc0d.fUBMTOwp/DerivedData/Build/Products/DebugLocal-iphonesimulator/AhoiMobileUITests-Runner.app (in target 'AhoiMobileUITests' from project 'AhoiMobile')
    cd /Users/vossmedien/inhouse/scratch/ahoi-mobile-files-e664fc0d.fUBMTOwp/repo/apps/AhoiMobile

    Signing Identity:     "Sign to Run Locally"

    /usr/bin/codesign --force --sign - --timestamp\=none --generate-entitlement-der /Users/vossmedien/inhouse/scratch/ahoi-mobile-files-e664fc0d.fUBMTOwp/DerivedData/Build/Products/DebugLocal-iphonesimulator/AhoiMobileUITests-Runner.app
/Users/vossmedien/inhouse/scratch/ahoi-mobile-files-e664fc0d.fUBMTOwp/DerivedData/Build/Products/DebugLocal-iphonesimulator/AhoiMobileUITests-Runner.app: replacing existing signature

PruneExplicitPrecompiledModules /Users/vossmedien/inhouse/scratch/ahoi-mobile-files-e664fc0d.fUBMTOwp/DerivedData/SDKExplicitPrecompiledModules

PruneExplicitPrecompiledModules /Users/vossmedien/inhouse/scratch/ahoi-mobile-files-e664fc0d.fUBMTOwp/DerivedData/Build/Intermediates.noindex/ExplicitPrecompiledModules

PruneExplicitPrecompiledModules /Users/vossmedien/inhouse/scratch/ahoi-mobile-files-e664fc0d.fUBMTOwp/DerivedData/Build/Intermediates.noindex/SwiftExplicitPrecompiledModules

** TEST BUILD SUCCEEDED **

