Command line invocation:
    /Applications/Xcode.app/Contents/Developer/usr/bin/xcodebuild test-without-building -xctestrun /Volumes/Daten/Inhouse/Scratch/ahoi-mobile-focus-e27dd243/DerivedData/Build/Products/AhoiMobile_c5bf8_exact_candidate.xctestrun -destination "platform=iOS Simulator,id=A058D204-F3CB-44B7-963C-1F785132EF8B" -parallel-testing-enabled NO "-only-testing:AhoiMobileUITests/MobileBrowserAccessibilityAppearanceUITests/testHardwareEscapeDismissesFocusedAddressPresentationWhenXCUIDeliversIt" "-only-testing:AhoiMobileUITests/MobileSavedPageHomeUITests" -resultBundlePath /Volumes/Daten/Inhouse/Scratch/ahoi-mobile-focus-e27dd243/c5bf8.xcresult -test-timeouts-enabled YES -default-test-execution-time-allowance 300 -collect-test-diagnostics never

Writing result bundle at path:
	/Volumes/Daten/Inhouse/Scratch/ahoi-mobile-focus-e27dd243/c5bf8.xcresult

2026-10-05 11:18:48.424640+0200 AhoiMobileUITests-Runner[64103:10616918] [Default] Running tests...
    t =      nans Interface orientation changed to Portrait
Test Suite 'Selected tests' started at 2026-10-05 11:18:51.215.
Test Suite 'AhoiMobileUITests.xctest' started at 2026-10-05 11:18:51.215.
Test Suite 'MobileBrowserAccessibilityAppearanceUITests' started at 2026-10-05 11:18:51.216.
Test Case '-[AhoiMobileUITests.MobileBrowserAccessibilityAppearanceUITests testHardwareEscapeDismissesFocusedAddressPresentationWhenXCUIDeliversIt]' started.
    t =     0.01s Start Test at 2026-10-05 11:18:51.221
    t =     0.02s Set Up
    t =     0.03s Terminate app.ahoibrowser.AhoiBrowser:0
    t =     0.03s Open app.ahoibrowser.AhoiBrowser
    t =     0.03s     Launch app.ahoibrowser.AhoiBrowser
2026-10-05 11:18:51.543 xcodebuild[64078:10616631] [MT] IDELaunchParametersSnapshot: debugger version lookup failed for path '<nil>': noURL
2026-10-05 11:18:51.543 xcodebuild[64078:10616631] [MT] IDELaunchParametersSnapshot: no debugger version
objc[64103]: Class UIAccessibilityLoaderWebShared is implemented in both /private/var/run/com.apple.security.cryptexd/mnt/com.apple.iPhoneOS.SimulatorRuntime-v24.1.434.0.BFpCaZ/Library/Developer/CoreSimulator/Profiles/Runtimes/iOS 27.0.simruntime/Contents/Resources/RuntimeRoot/System/Library/AccessibilityBundles/WebKit.axbundle/WebKit (0x10a440398) and /private/var/run/com.apple.security.cryptexd/mnt/com.apple.iPhoneOS.SimulatorRuntime-v24.1.434.0.BFpCaZ/Library/Developer/CoreSimulator/Profiles/Runtimes/iOS 27.0.simruntime/Contents/Resources/RuntimeRoot/System/Library/AccessibilityBundles/WebCore.axbundle/WebCore (0x10a600310). This may cause spurious casting failures and mysterious crashes. One of the duplicates must be removed or renamed.
    t =     0.73s         Setting up automation session
    t =     3.16s         Wait for app.ahoibrowser.AhoiBrowser to idle
    t =     5.47s Waiting 8.0s for Button (First Match) to exist
    t =     6.49s     Checking `Expect predicate `existsNoRetry == 1` for object Button (First Match)`
    t =     6.49s         Checking existence of `Button (First Match)`
    t =     6.54s Waiting 5.0s for "browser.e2e.candidate-binding" Any to exist
    t =     7.62s     Checking `Expect predicate `existsNoRetry == 1` for object "browser.e2e.candidate-binding" Any`
    t =     7.62s         Checking existence of `"browser.e2e.candidate-binding" Any`
    t =     7.65s Find the "browser.e2e.candidate-binding" Any
    t =     7.67s Waiting 8.0s for "browser.address" Button to exist
    t =     8.69s     Checking `Expect predicate `existsNoRetry == 1` for object "browser.address" Button`
    t =     8.69s         Checking existence of `"browser.address" Button`
    t =     8.71s Tap "browser.address" Button
    t =     8.71s     Wait for app.ahoibrowser.AhoiBrowser to idle
    t =     8.71s     Find the "browser.address" Button
    t =     8.73s     Check for interrupting elements affecting "browser.address" Button
    t =     8.75s     Synthesize event
    t =     9.08s     Wait for app.ahoibrowser.AhoiBrowser to idle
    t =     9.89s Waiting 3.0s for "browser.address.field" TextField to exist
    t =    10.92s     Checking `Expect predicate `existsNoRetry == 1` for object "browser.address.field" TextField`
    t =    10.92s         Checking existence of `"browser.address.field" TextField`
    t =    10.99s Find the "browser.address.field" TextField
    t =    11.04s Find the "browser.address.field" TextField
    t =    11.09s Type '⎋' key (XCUIKeyboardKeyEscape) with no modifiers
    t =    11.09s     Wait for app.ahoibrowser.AhoiBrowser to idle
    t =    11.09s     Find the Target Application 'app.ahoibrowser.AhoiBrowser'
    t =    11.12s     Check for interrupting elements affecting "AhoiBrowser" Application
    t =    11.15s     Synthesize event
    t =    11.81s     Wait for app.ahoibrowser.AhoiBrowser to idle
    t =    12.09s Waiting 3.0s for "browser.address.field" TextField to not exist
    t =    13.17s     Checking `Expect predicate `existsNoRetry == 0` for object "browser.address.field" TextField`
    t =    13.17s         Checking existence of `"browser.address.field" TextField`
    t =    13.26s         Capturing element debug description
    t =    13.27s             Requesting snapshot of accessibility hierarchy for app with pid 64192
    t =    13.36s             Find: Descendants matching type TextField
    t =    13.36s             Find: Elements matching predicate '"browser.address.field" IN identifiers'
    t =    13.37s             Requesting snapshot of accessibility hierarchy for app with pid 64192
    t =    13.42s             Find: Descendants matching type TextField
    t =    13.43s             Requesting snapshot of accessibility hierarchy for app with pid 64192
    t =    14.09s     Checking `Expect predicate `existsNoRetry == 0` for object "browser.address.field" TextField`
    t =    14.10s         Checking existence of `"browser.address.field" TextField`
    t =    14.14s         Capturing element debug description
    t =    14.14s             Requesting snapshot of accessibility hierarchy for app with pid 64192
    t =    14.19s             Find: Descendants matching type TextField
    t =    14.19s             Find: Elements matching predicate '"browser.address.field" IN identifiers'
    t =    14.19s             Requesting snapshot of accessibility hierarchy for app with pid 64192
    t =    14.23s             Find: Descendants matching type TextField
    t =    14.24s             Requesting snapshot of accessibility hierarchy for app with pid 64192
    t =    15.10s     Checking `Expect predicate `existsNoRetry == 0` for object "browser.address.field" TextField`
    t =    15.10s         Checking existence of `"browser.address.field" TextField`
    t =    15.14s         Capturing element debug description
    t =    15.14s             Requesting snapshot of accessibility hierarchy for app with pid 64192
    t =    15.19s             Find: Descendants matching type TextField
    t =    15.19s             Find: Elements matching predicate '"browser.address.field" IN identifiers'
    t =    15.19s             Requesting snapshot of accessibility hierarchy for app with pid 64192
    t =    15.24s             Find: Descendants matching type TextField
    t =    15.25s             Requesting snapshot of accessibility hierarchy for app with pid 64192
    t =    15.30s     Checking existence of `"browser.address.field" TextField`
    t =    15.34s Collecting debug information to assist test failure triage
    t =    15.34s     Requesting snapshot of accessibility hierarchy for app with pid 64192
/Users/vossmedien/inhouse/Projekte/Apps/Plattformuebergreifend/AhoiBrowser/.work/agent-queue/repo81-mobile-focus-e27dd243/apps/AhoiMobile/Tests/AhoiMobileUITests/MobileBrowserAccessibilityAppearanceUITests.swift:122: error: -[AhoiMobileUITests.MobileBrowserAccessibilityAppearanceUITests testHardwareEscapeDismissesFocusedAddressPresentationWhenXCUIDeliversIt] : XCTAssertTrue failed - Escape must dismiss the address presentation on the selected candidate.
    t =    15.50s Tear Down
Test Case '-[AhoiMobileUITests.MobileBrowserAccessibilityAppearanceUITests testHardwareEscapeDismissesFocusedAddressPresentationWhenXCUIDeliversIt]' failed (15.725 seconds).
Test Suite 'MobileBrowserAccessibilityAppearanceUITests' failed at 2026-10-05 11:19:06.946.
	 Executed 1 test, with 1 failure (0 unexpected) in 15.725 (15.731) seconds
Test Suite 'MobileSavedPageHomeUITests' started at 2026-10-05 11:19:06.947.
Test Case '-[AhoiMobileUITests.MobileSavedPageHomeUITests testSavedPageHomeAddressReturnSetAndRestore]' started.
    t =     0.00s Start Test at 2026-10-05 11:19:06.947
    t =     0.02s Set Up
    t =     0.02s Terminate app.ahoibrowser.AhoiBrowser:64192
    t =     1.03s Open app.ahoibrowser.AhoiBrowser
    t =     1.03s     Launch app.ahoibrowser.AhoiBrowser
2026-10-05 11:19:07.981 xcodebuild[64078:10616631] [MT] IDELaunchParametersSnapshot: debugger version lookup failed for path '<nil>': noURL
2026-10-05 11:19:07.981 xcodebuild[64078:10616631] [MT] IDELaunchParametersSnapshot: no debugger version
    t =     1.25s         Setting up automation session
    t =     3.51s         Wait for app.ahoibrowser.AhoiBrowser to idle
    t =     5.47s Waiting 8.0s for Button (First Match) to exist
    t =     6.50s     Checking `Expect predicate `existsNoRetry == 1` for object Button (First Match)`
    t =     6.50s         Checking existence of `Button (First Match)`
    t =     6.54s Waiting 5.0s for "browser.e2e.candidate-binding" Any to exist
    t =     7.56s     Checking `Expect predicate `existsNoRetry == 1` for object "browser.e2e.candidate-binding" Any`
    t =     7.56s         Checking existence of `"browser.e2e.candidate-binding" Any`
    t =     7.59s Find the "browser.e2e.candidate-binding" Any
    t =     7.60s Waiting 10.0s for "browser.more" Button to exist
    t =     8.63s     Checking `Expect predicate `existsNoRetry == 1` for object "browser.more" Button`
    t =     8.63s         Checking existence of `"browser.more" Button`
    t =     9.68s Checking `Expect predicate `hittable == 1` for object "browser.more" Button`
    t =     9.68s     Find the "browser.more" Button
    t =     9.70s Tap "browser.more" Button
    t =     9.70s     Wait for app.ahoibrowser.AhoiBrowser to idle
    t =     9.70s     Find the "browser.more" Button
    t =     9.71s     Check for interrupting elements affecting "browser.more" Button
    t =     9.73s     Synthesize event
    t =    10.01s     Wait for app.ahoibrowser.AhoiBrowser to idle
    t =    10.09s Waiting 10.0s for "browser.actions.new-tab" Button to exist
    t =    11.11s     Checking `Expect predicate `existsNoRetry == 1` for object "browser.actions.new-tab" Button`
    t =    11.11s         Checking existence of `"browser.actions.new-tab" Button`
    t =    12.20s Checking `Expect predicate `hittable == 1` for object "browser.actions.new-tab" Button`
    t =    12.20s     Find the "browser.actions.new-tab" Button
    t =    12.24s Tap "browser.actions.new-tab" Button
    t =    12.24s     Wait for app.ahoibrowser.AhoiBrowser to idle
    t =    12.25s     Find the "browser.actions.new-tab" Button
    t =    12.28s     Check for interrupting elements affecting "browser.actions.new-tab" Button
    t =    12.31s     Synthesize event
    t =    12.60s     Wait for app.ahoibrowser.AhoiBrowser to idle
    t =    13.04s Waiting 10.0s for "browser.focus-voyage.header" Any to exist
    t =    14.07s     Checking `Expect predicate `existsNoRetry == 1` for object "browser.focus-voyage.header" Any`
    t =    14.07s         Checking existence of `"browser.focus-voyage.header" Any`
    t =    14.10s Waiting 10.0s for "browser.address" Button to exist
    t =    15.11s     Checking `Expect predicate `existsNoRetry == 1` for object "browser.address" Button`
    t =    15.11s         Checking existence of `"browser.address" Button`
    t =    15.14s Tap "browser.address" Button
    t =    15.14s     Wait for app.ahoibrowser.AhoiBrowser to idle
    t =    15.14s     Find the "browser.address" Button
    t =    15.16s     Check for interrupting elements affecting "browser.address" Button
    t =    15.18s     Synthesize event
    t =    15.47s     Wait for app.ahoibrowser.AhoiBrowser to idle
    t =    16.21s Waiting 10.0s for "browser.address.field" TextField to exist
    t =    17.23s     Checking `Expect predicate `existsNoRetry == 1` for object "browser.address.field" TextField`
    t =    17.23s         Checking existence of `"browser.address.field" TextField`
    t =    18.32s Checking `Expect predicate `hittable == 1` for object "browser.address.field" TextField`
    t =    18.32s     Find the "browser.address.field" TextField
    t =    18.38s Waiting 1.0s for "browser.address.clear" Button to exist
    t =    19.38s     Checking `Expect predicate `existsNoRetry == 1` for object "browser.address.clear" Button`
    t =    19.38s         Checking existence of `"browser.address.clear" Button`
    t =    19.43s         Capturing element debug description
    t =    19.43s     Checking existence of `"browser.address.clear" Button`
    t =    19.47s Collecting debug information to assist test failure triage
    t =    19.47s     Requesting snapshot of accessibility hierarchy for app with pid 64462
    t =    19.54s Waiting 2.0s for "browser.address.field" TextField to exist
    t =    20.55s     Checking `Expect predicate `existsNoRetry == 1` for object "browser.address.field" TextField`
    t =    20.55s         Checking existence of `"browser.address.field" TextField`
    t =    21.61s Checking `Expect predicate `hittable == 1` for object "browser.address.field" TextField`
    t =    21.61s     Find the "browser.address.field" TextField
    t =    21.67s Find the "browser.address.field" TextField
    t =    21.71s Find the "browser.address.field" TextField
    t =    21.75s Waiting 2.0s for "browser.address.field" TextField to exist
    t =    22.77s     Checking `Expect predicate `existsNoRetry == 1` for object "browser.address.field" TextField`
    t =    22.77s         Checking existence of `"browser.address.field" TextField`
    t =    23.83s Checking `Expect predicate `hittable == 1` for object "browser.address.field" TextField`
    t =    23.83s     Find the "browser.address.field" TextField
    t =    23.90s Tap "browser.address.field" TextField
    t =    23.90s     Wait for app.ahoibrowser.AhoiBrowser to idle
    t =    23.90s     Find the "browser.address.field" TextField
    t =    23.94s     Check for interrupting elements affecting "browser.address.field" TextField
    t =    23.98s     Synthesize event
    t =    24.28s     Wait for app.ahoibrowser.AhoiBrowser to idle
    t =    24.39s Type 'https://example.co...' into "browser.address.field" TextField
    t =    24.39s     Wait for app.ahoibrowser.AhoiBrowser to idle
    t =    24.78s     Find the "browser.address.field" TextField
    t =    24.82s     Check for interrupting elements affecting "browser.address.field" TextField
    t =    24.86s     Synthesize event
    t =    25.72s     Wait for app.ahoibrowser.AhoiBrowser to idle
    t =    25.72s Checking existence of `"browser.address.field" TextField`
    t =    25.76s Find the "browser.address.field" TextField
    t =    25.80s Find the "browser.address.field" TextField
    t =    25.84s Checking existence of `"browser.address.field" TextField`
    t =    25.88s Find the "browser.address.field" TextField
    t =    25.92s Find the "browser.address.field" TextField
    t =    25.95s Find the "browser.address.field" TextField
    t =    25.99s Find the "browser.address.field" TextField
    t =    26.03s Waiting 10.0s for "browser.search.navigate" Button to exist
    t =    27.05s     Checking `Expect predicate `existsNoRetry == 1` for object "browser.search.navigate" Button`
    t =    27.05s         Checking existence of `"browser.search.navigate" Button`
    t =    28.11s Checking `Expect predicate `hittable == 1` for object "browser.search.navigate" Button`
    t =    28.11s     Find the "browser.search.navigate" Button
    t =    28.17s Tap "browser.search.navigate" Button
    t =    28.17s     Wait for app.ahoibrowser.AhoiBrowser to idle
    t =    28.18s     Find the "browser.search.navigate" Button
    t =    28.22s     Check for interrupting elements affecting "browser.search.navigate" Button
    t =    28.25s     Synthesize event
    t =    28.55s     Wait for app.ahoibrowser.AhoiBrowser to idle
    t =    29.01s Waiting 10.0s for "browser.address.field" TextField to not exist
    t =    30.03s     Checking `Expect predicate `existsNoRetry == 0` for object "browser.address.field" TextField`
    t =    30.03s         Checking existence of `"browser.address.field" TextField`
    t =    30.04s Ignoring failure to get hierarchy for remote element in process 64910 (Error getting main window kAXErrorServerNotFound)
    t =    30.04s Waiting 5.0s for "browser.address" Button to exist
    t =    31.06s     Checking `Expect predicate `existsNoRetry == 1` for object "browser.address" Button`
    t =    31.06s         Checking existence of `"browser.address" Button`
    t =    32.12s Checking `Expect predicate `value == "https://example.com/?ahoi-home=197d1b39"` for object "browser.address" Button`
    t =    32.12s     Find the "browser.address" Button
    t =    32.15s Find the "browser.address" Button
    t =    32.17s Find the "browser.address" Button
    t =    32.19s Waiting 20.0s for Any (First Match) to exist
    t =    33.21s     Checking `Expect predicate `existsNoRetry == 1` for object Any (First Match)`
    t =    33.21s         Checking existence of `Any (First Match)`
    t =    33.25s Waiting 1.0s for "browser.actions.done" Button to exist
    t =    34.26s     Checking `Expect predicate `existsNoRetry == 1` for object "browser.actions.done" Button`
    t =    34.26s         Checking existence of `"browser.actions.done" Button`
    t =    34.28s         Capturing element debug description
    t =    34.28s     Checking existence of `"browser.actions.done" Button`
    t =    34.30s Collecting debug information to assist test failure triage
    t =    34.30s     Requesting snapshot of accessibility hierarchy for app with pid 64462
    t =    34.32s Waiting 10.0s for "browser.more" Button to exist
    t =    35.35s     Checking `Expect predicate `existsNoRetry == 1` for object "browser.more" Button`
    t =    35.35s         Checking existence of `"browser.more" Button`
    t =    36.40s Checking `Expect predicate `hittable == 1` for object "browser.more" Button`
    t =    36.40s     Find the "browser.more" Button
    t =    36.44s Tap "browser.more" Button
    t =    36.44s     Wait for app.ahoibrowser.AhoiBrowser to idle
    t =    36.44s     Find the "browser.more" Button
    t =    36.46s     Check for interrupting elements affecting "browser.more" Button
    t =    36.48s     Synthesize event
    t =    36.77s     Wait for app.ahoibrowser.AhoiBrowser to idle
    t =    37.23s Waiting 10.0s for "browser.actions.done" Button to exist
    t =    38.25s     Checking `Expect predicate `existsNoRetry == 1` for object "browser.actions.done" Button`
    t =    38.25s         Checking existence of `"browser.actions.done" Button`
    t =    38.57s Waiting 2.0s for "browser.actions.save-to-workspace" Button to exist
    t =    39.59s     Checking `Expect predicate `existsNoRetry == 1` for object "browser.actions.save-to-workspace" Button`
    t =    39.59s         Checking existence of `"browser.actions.save-to-workspace" Button`
    t =    39.74s         Capturing element debug description
    t =    40.57s     Checking `Expect predicate `existsNoRetry == 1` for object "browser.actions.save-to-workspace" Button`
    t =    40.57s         Checking existence of `"browser.actions.save-to-workspace" Button`
    t =    40.63s         Capturing element debug description
    t =    40.63s     Checking existence of `"browser.actions.save-to-workspace" Button`
    t =    40.68s Collecting debug information to assist test failure triage
    t =    40.68s     Requesting snapshot of accessibility hierarchy for app with pid 64462
    t =    40.74s Waiting 10.0s for "browser.actions.list" CollectionView to exist
    t =    41.76s     Checking `Expect predicate `existsNoRetry == 1` for object "browser.actions.list" CollectionView`
    t =    41.76s         Checking existence of `"browser.actions.list" CollectionView`
    t =    41.81s Find the "browser.actions.list" CollectionView
    t =    41.86s Press Target Application 'app.ahoibrowser.AhoiBrowser'[0.00, 0.00] -> (386.0, 775.8) for 0.1 seconds, then drag to Target Application 'app.ahoibrowser.AhoiBrowser'[0.00, 0.00] -> (386.0, 550.3) with velocity of 500.00 pixels per second, and then hold for 0.0 seconds 
    t =    41.86s     Wait for app.ahoibrowser.AhoiBrowser to idle
    t =    41.87s     Find the Target Application 'app.ahoibrowser.AhoiBrowser'
    t =    41.92s     Check for interrupting elements affecting "AhoiBrowser" Application
    t =    41.97s     Synthesize event
    t =    41.97s         Find the Target Application 'app.ahoibrowser.AhoiBrowser'
    t =    42.03s         Find the Target Application 'app.ahoibrowser.AhoiBrowser'
    t =    42.06s         Find the Target Application 'app.ahoibrowser.AhoiBrowser'
    t =    42.09s         Find the Target Application 'app.ahoibrowser.AhoiBrowser'
    t =    42.12s         Find the Target Application 'app.ahoibrowser.AhoiBrowser'
    t =    42.90s     Wait for app.ahoibrowser.AhoiBrowser to idle
    t =    43.61s Waiting 1.0s for "browser.actions.save-to-workspace" Button to exist
    t =    44.61s     Checking `Expect predicate `existsNoRetry == 1` for object "browser.actions.save-to-workspace" Button`
    t =    44.61s         Checking existence of `"browser.actions.save-to-workspace" Button`
    t =    44.67s         Capturing element debug description
    t =    44.67s     Checking existence of `"browser.actions.save-to-workspace" Button`
    t =    44.71s Collecting debug information to assist test failure triage
    t =    44.71s     Requesting snapshot of accessibility hierarchy for app with pid 64462
    t =    44.78s Press Target Application 'app.ahoibrowser.AhoiBrowser'[0.00, 0.00] -> (386.0, 775.8) for 0.1 seconds, then drag to Target Application 'app.ahoibrowser.AhoiBrowser'[0.00, 0.00] -> (386.0, 550.3) with velocity of 500.00 pixels per second, and then hold for 0.0 seconds 
    t =    44.78s     Wait for app.ahoibrowser.AhoiBrowser to idle
    t =    44.79s     Find the Target Application 'app.ahoibrowser.AhoiBrowser'
    t =    44.82s     Check for interrupting elements affecting "AhoiBrowser" Application
    t =    44.86s     Synthesize event
    t =    44.86s         Find the Target Application 'app.ahoibrowser.AhoiBrowser'
    t =    44.89s         Find the Target Application 'app.ahoibrowser.AhoiBrowser'
    t =    44.92s         Find the Target Application 'app.ahoibrowser.AhoiBrowser'
    t =    44.95s         Find the Target Application 'app.ahoibrowser.AhoiBrowser'
    t =    44.98s         Find the Target Application 'app.ahoibrowser.AhoiBrowser'
    t =    45.76s     Wait for app.ahoibrowser.AhoiBrowser to idle
    t =    45.77s Waiting 1.0s for "browser.actions.save-to-workspace" Button to exist
    t =    46.77s     Checking `Expect predicate `existsNoRetry == 1` for object "browser.actions.save-to-workspace" Button`
    t =    46.77s         Checking existence of `"browser.actions.save-to-workspace" Button`
    t =    46.84s     Checking existence of `"browser.actions.save-to-workspace" Button`
    t =    46.89s Find the "browser.actions.save-to-workspace" Button
    t =    46.95s Find the "browser.actions.save-to-workspace" Button
    t =    47.31s Find the "browser.actions.save-to-workspace" Button
    t =    47.37s Tap "browser.actions.save-to-workspace" Button
    t =    47.37s     Wait for app.ahoibrowser.AhoiBrowser to idle
    t =    47.38s     Find the "browser.actions.save-to-workspace" Button
    t =    47.43s     Check for interrupting elements affecting "browser.actions.save-to-workspace" Button
    t =    47.47s     Synthesize event
    t =    47.76s     Wait for app.ahoibrowser.AhoiBrowser to idle
    t =    48.87s Waiting 5.0s for Button (First Match) to exist
    t =    49.88s     Checking `Expect predicate `existsNoRetry == 1` for object Button (First Match)`
    t =    49.88s         Checking existence of `Button (First Match)`
    t =    49.93s Find the Button (First Match)
    t =    50.28s Find the "browser.actions.save-to-workspace.83699047-edf8-580d-948d-9c37acc35cb6" Button
    t =    50.34s Tap "browser.actions.save-to-workspace.83699047-edf8-580d-948d-9c37acc35cb6" Button
    t =    50.34s     Wait for app.ahoibrowser.AhoiBrowser to idle
    t =    50.34s     Find the "browser.actions.save-to-workspace.83699047-edf8-580d-948d-9c37acc35cb6" Button
    t =    50.38s     Check for interrupting elements affecting "browser.actions.save-to-workspace.83699047-edf8-580d-948d-9c37acc35cb6" Button
    t =    50.42s     Synthesize event
    t =    50.72s     Wait for app.ahoibrowser.AhoiBrowser to idle
    t =    52.13s Waiting 10.0s for "browser.actions.save-to-workspace.83699047-edf8-580d-948d-9c37acc35cb6" Button to not exist
    t =    53.15s     Checking `Expect predicate `existsNoRetry == 0` for object "browser.actions.save-to-workspace.83699047-edf8-580d-948d-9c37acc35cb6" Button`
    t =    53.15s         Checking existence of `"browser.actions.save-to-workspace.83699047-edf8-580d-948d-9c37acc35cb6" Button`
    t =    53.26s Waiting 1.0s for "browser.actions.done" Button to exist
    t =    54.26s     Checking `Expect predicate `existsNoRetry == 1` for object "browser.actions.done" Button`
    t =    54.26s         Checking existence of `"browser.actions.done" Button`
    t =    54.33s     Checking existence of `"browser.actions.done" Button`
    t =    54.38s Waiting 10.0s for "browser.actions.done" Button to exist
    t =    55.40s     Checking `Expect predicate `existsNoRetry == 1` for object "browser.actions.done" Button`
    t =    55.40s         Checking existence of `"browser.actions.done" Button`
    t =    56.47s Checking `Expect predicate `hittable == 1` for object "browser.actions.done" Button`
    t =    56.47s     Find the "browser.actions.done" Button
    t =    56.54s Tap "browser.actions.done" Button
    t =    56.54s     Wait for app.ahoibrowser.AhoiBrowser to idle
    t =    56.54s     Find the "browser.actions.done" Button
    t =    56.59s     Check for interrupting elements affecting "browser.actions.done" Button
    t =    56.63s     Synthesize event
    t =    56.92s     Wait for app.ahoibrowser.AhoiBrowser to idle
    t =    57.32s Waiting 10.0s for "browser.actions.done" Button to not exist
    t =    58.34s     Checking `Expect predicate `existsNoRetry == 0` for object "browser.actions.done" Button`
    t =    58.34s         Checking existence of `"browser.actions.done" Button`
    t =    58.37s Waiting 1.0s for "browser.actions.done" Button to exist
    t =    59.37s     Checking `Expect predicate `existsNoRetry == 1` for object "browser.actions.done" Button`
    t =    59.37s         Checking existence of `"browser.actions.done" Button`
    t =    59.40s         Capturing element debug description
    t =    59.40s     Checking existence of `"browser.actions.done" Button`
    t =    59.42s Collecting debug information to assist test failure triage
    t =    59.42s     Requesting snapshot of accessibility hierarchy for app with pid 64462
    t =    59.44s Waiting 10.0s for "browser.more" Button to exist
    t =    60.46s     Checking `Expect predicate `existsNoRetry == 1` for object "browser.more" Button`
    t =    60.46s         Checking existence of `"browser.more" Button`
    t =    61.50s Checking `Expect predicate `hittable == 1` for object "browser.more" Button`
    t =    61.50s     Find the "browser.more" Button
    t =    61.53s Tap "browser.more" Button
    t =    61.53s     Wait for app.ahoibrowser.AhoiBrowser to idle
    t =    61.54s     Find the "browser.more" Button
    t =    61.55s     Check for interrupting elements affecting "browser.more" Button
    t =    61.57s     Synthesize event
    t =    61.86s     Wait for app.ahoibrowser.AhoiBrowser to idle
    t =    62.24s Waiting 10.0s for "browser.actions.done" Button to exist
    t =    63.26s     Checking `Expect predicate `existsNoRetry == 1` for object "browser.actions.done" Button`
    t =    63.26s         Checking existence of `"browser.actions.done" Button`
    t =    63.32s Waiting 2.0s for "browser.actions.home-state" StaticText to exist
    t =    64.33s     Checking `Expect predicate `existsNoRetry == 1` for object "browser.actions.home-state" StaticText`
    t =    64.34s         Checking existence of `"browser.actions.home-state" StaticText`
    t =    64.38s         Capturing element debug description
    t =    65.33s     Checking `Expect predicate `existsNoRetry == 1` for object "browser.actions.home-state" StaticText`
    t =    65.33s         Checking existence of `"browser.actions.home-state" StaticText`
    t =    65.37s         Capturing element debug description
    t =    65.37s     Checking existence of `"browser.actions.home-state" StaticText`
    t =    65.41s Collecting debug information to assist test failure triage
    t =    65.41s     Requesting snapshot of accessibility hierarchy for app with pid 64462
    t =    65.46s Waiting 10.0s for "browser.actions.list" CollectionView to exist
    t =    66.48s     Checking `Expect predicate `existsNoRetry == 1` for object "browser.actions.list" CollectionView`
    t =    66.48s         Checking existence of `"browser.actions.list" CollectionView`
    t =    66.53s Find the "browser.actions.list" CollectionView
    t =    66.57s Press Target Application 'app.ahoibrowser.AhoiBrowser'[0.00, 0.00] -> (386.0, 775.8) for 0.1 seconds, then drag to Target Application 'app.ahoibrowser.AhoiBrowser'[0.00, 0.00] -> (386.0, 550.3) with velocity of 500.00 pixels per second, and then hold for 0.0 seconds 
    t =    66.57s     Wait for app.ahoibrowser.AhoiBrowser to idle
    t =    66.58s     Find the Target Application 'app.ahoibrowser.AhoiBrowser'
    t =    66.60s     Check for interrupting elements affecting "AhoiBrowser" Application
    t =    66.63s     Synthesize event
    t =    66.64s         Find the Target Application 'app.ahoibrowser.AhoiBrowser'
    t =    66.66s         Find the Target Application 'app.ahoibrowser.AhoiBrowser'
    t =    66.69s         Find the Target Application 'app.ahoibrowser.AhoiBrowser'
    t =    66.71s         Find the Target Application 'app.ahoibrowser.AhoiBrowser'
    t =    66.73s         Find the Target Application 'app.ahoibrowser.AhoiBrowser'
    t =    67.51s     Wait for app.ahoibrowser.AhoiBrowser to idle
    t =    68.19s Waiting 1.0s for "browser.actions.home-state" StaticText to exist
    t =    69.19s     Checking `Expect predicate `existsNoRetry == 1` for object "browser.actions.home-state" StaticText`
    t =    69.19s         Checking existence of `"browser.actions.home-state" StaticText`
    t =    69.25s     Checking existence of `"browser.actions.home-state" StaticText`
    t =    69.31s Find the "browser.actions.home-state" StaticText
    t =    70.37s Checking `Expect predicate `label IN {"An der Ausgangsadresse", "At Home Address"}` for object "browser.actions.home-state" StaticText`
    t =    70.38s     Find the "browser.actions.home-state" StaticText
    t =    70.43s Checking existence of `"browser.actions.home-help" StaticText`
    t =    70.48s Find the "browser.actions.home-help" StaticText
    t =    70.52s Find the "browser.actions.home-return" Button
    t =    70.57s Find the Target Application 'app.ahoibrowser.AhoiBrowser'
    t =    70.67s Added attachment named 'home-at-home-after-save'
    t =    70.67s Waiting 1.0s for "browser.actions.done" Button to exist
    t =    71.67s     Checking `Expect predicate `existsNoRetry == 1` for object "browser.actions.done" Button`
    t =    71.67s         Checking existence of `"browser.actions.done" Button`
    t =    71.73s     Checking existence of `"browser.actions.done" Button`
    t =    71.77s Waiting 10.0s for "browser.actions.done" Button to exist
    t =    72.78s     Checking `Expect predicate `existsNoRetry == 1` for object "browser.actions.done" Button`
    t =    72.78s         Checking existence of `"browser.actions.done" Button`
    t =    73.85s Checking `Expect predicate `hittable == 1` for object "browser.actions.done" Button`
    t =    73.85s     Find the "browser.actions.done" Button
    t =    73.91s Tap "browser.actions.done" Button
    t =    73.91s     Wait for app.ahoibrowser.AhoiBrowser to idle
    t =    73.91s     Find the "browser.actions.done" Button
    t =    73.96s     Check for interrupting elements affecting "browser.actions.done" Button
    t =    73.99s     Synthesize event
    t =    74.28s     Wait for app.ahoibrowser.AhoiBrowser to idle
    t =    74.66s Waiting 10.0s for "browser.actions.done" Button to not exist
    t =    75.66s     Checking `Expect predicate `existsNoRetry == 0` for object "browser.actions.done" Button`
    t =    75.66s         Checking existence of `"browser.actions.done" Button`
    t =    75.69s Waiting 10.0s for "browser.address" Button to exist
    t =    76.71s     Checking `Expect predicate `existsNoRetry == 1` for object "browser.address" Button`
    t =    76.71s         Checking existence of `"browser.address" Button`
    t =    76.74s Tap "browser.address" Button
    t =    76.74s     Wait for app.ahoibrowser.AhoiBrowser to idle
    t =    76.74s     Find the "browser.address" Button
    t =    76.76s     Check for interrupting elements affecting "browser.address" Button
    t =    76.78s     Synthesize event
    t =    76.80s         Scroll element to visible
    t =    76.80s         Find the "browser.address" Button
    t =    76.83s         Computed hit point {-1, -1} after scrolling to visible
    t =    77.12s     Wait for app.ahoibrowser.AhoiBrowser to idle
    t =    77.64s Waiting 10.0s for "browser.address.field" TextField to exist
    t =    78.66s     Checking `Expect predicate `existsNoRetry == 1` for object "browser.address.field" TextField`
    t =    78.66s         Checking existence of `"browser.address.field" TextField`
    t =    79.75s Checking `Expect predicate `hittable == 1` for object "browser.address.field" TextField`
    t =    79.75s     Find the "browser.address.field" TextField
    t =    79.80s Waiting 1.0s for "browser.address.clear" Button to exist
    t =    80.81s     Checking `Expect predicate `existsNoRetry == 1` for object "browser.address.clear" Button`
    t =    80.81s         Checking existence of `"browser.address.clear" Button`
    t =    80.86s     Checking existence of `"browser.address.clear" Button`
    t =    80.91s Waiting 2.0s for "browser.address.clear" Button to exist
    t =    81.93s     Checking `Expect predicate `existsNoRetry == 1` for object "browser.address.clear" Button`
    t =    81.93s         Checking existence of `"browser.address.clear" Button`
    t =    83.01s Checking `Expect predicate `hittable == 1` for object "browser.address.clear" Button`
    t =    83.01s     Find the "browser.address.clear" Button
    t =    83.06s Tap "browser.address.clear" Button
    t =    83.06s     Wait for app.ahoibrowser.AhoiBrowser to idle
    t =    83.06s     Find the "browser.address.clear" Button
    t =    83.11s     Check for interrupting elements affecting "browser.address.clear" Button
    t =    83.14s     Synthesize event
    t =    83.43s     Wait for app.ahoibrowser.AhoiBrowser to idle
    t =    83.43s Waiting 2.0s for "browser.address.clear" Button to not exist
    t =    84.46s     Checking `Expect predicate `existsNoRetry == 0` for object "browser.address.clear" Button`
    t =    84.46s         Checking existence of `"browser.address.clear" Button`
    t =    84.51s Waiting 2.0s for "browser.address.field" TextField to exist
    t =    85.53s     Checking `Expect predicate `existsNoRetry == 1` for object "browser.address.field" TextField`
    t =    85.53s         Checking existence of `"browser.address.field" TextField`
    t =    86.60s Checking `Expect predicate `hittable == 1` for object "browser.address.field" TextField`
    t =    86.60s     Find the "browser.address.field" TextField
    t =    86.65s Find the "browser.address.field" TextField
    t =    86.69s Find the "browser.address.field" TextField
    t =    86.73s Waiting 2.0s for "browser.address.field" TextField to exist
    t =    87.75s     Checking `Expect predicate `existsNoRetry == 1` for object "browser.address.field" TextField`
    t =    87.75s         Checking existence of `"browser.address.field" TextField`
    t =    88.81s Checking `Expect predicate `hittable == 1` for object "browser.address.field" TextField`
    t =    88.82s     Find the "browser.address.field" TextField
    t =    88.88s Tap "browser.address.field" TextField
    t =    88.88s     Wait for app.ahoibrowser.AhoiBrowser to idle
    t =    88.88s     Find the "browser.address.field" TextField
    t =    88.93s     Check for interrupting elements affecting "browser.address.field" TextField
    t =    88.97s     Synthesize event
    t =    89.26s     Wait for app.ahoibrowser.AhoiBrowser to idle
    t =    89.26s Type 'https://example.co...' into "browser.address.field" TextField
    t =    89.26s     Wait for app.ahoibrowser.AhoiBrowser to idle
    t =    89.26s     Find the "browser.address.field" TextField
    t =    89.33s     Check for interrupting elements affecting "browser.address.field" TextField
    t =    89.37s     Synthesize event
    t =    90.22s     Wait for app.ahoibrowser.AhoiBrowser to idle
    t =    90.22s Checking existence of `"browser.address.field" TextField`
    t =    90.26s Find the "browser.address.field" TextField
    t =    90.30s Find the "browser.address.field" TextField
    t =    90.34s Checking existence of `"browser.address.field" TextField`
    t =    90.38s Find the "browser.address.field" TextField
    t =    90.42s Find the "browser.address.field" TextField
    t =    90.46s Find the "browser.address.field" TextField
    t =    90.50s Find the "browser.address.field" TextField
    t =    90.54s Waiting 10.0s for "browser.search.navigate" Button to exist
    t =    91.56s     Checking `Expect predicate `existsNoRetry == 1` for object "browser.search.navigate" Button`
    t =    91.56s         Checking existence of `"browser.search.navigate" Button`
    t =    92.65s Checking `Expect predicate `hittable == 1` for object "browser.search.navigate" Button`
    t =    92.65s     Find the "browser.search.navigate" Button
    t =    92.71s Tap "browser.search.navigate" Button
    t =    92.71s     Wait for app.ahoibrowser.AhoiBrowser to idle
    t =    92.71s     Find the "browser.search.navigate" Button
    t =    92.75s     Check for interrupting elements affecting "browser.search.navigate" Button
    t =    92.79s     Synthesize event
    t =    93.07s     Wait for app.ahoibrowser.AhoiBrowser to idle
    t =    93.51s Waiting 10.0s for "browser.address.field" TextField to not exist
    t =    94.53s     Checking `Expect predicate `existsNoRetry == 0` for object "browser.address.field" TextField`
    t =    94.53s         Checking existence of `"browser.address.field" TextField`
    t =    94.55s Waiting 5.0s for "browser.address" Button to exist
    t =    95.56s     Checking `Expect predicate `existsNoRetry == 1` for object "browser.address" Button`
    t =    95.56s         Checking existence of `"browser.address" Button`
    t =    96.60s Checking `Expect predicate `value == "https://example.com/?ahoi-away=197d1b39"` for object "browser.address" Button`
    t =    96.61s     Find the "browser.address" Button
    t =    96.63s Find the "browser.address" Button
    t =    96.65s Find the "browser.address" Button
    t =    96.67s Waiting 20.0s for Any (First Match) to exist
    t =    97.68s     Checking `Expect predicate `existsNoRetry == 1` for object Any (First Match)`
    t =    97.68s         Checking existence of `Any (First Match)`
    t =    97.72s Waiting 1.0s for "browser.actions.done" Button to exist
    t =    98.72s     Checking `Expect predicate `existsNoRetry == 1` for object "browser.actions.done" Button`
    t =    98.72s         Checking existence of `"browser.actions.done" Button`
    t =    98.75s         Capturing element debug description
    t =    98.75s     Checking existence of `"browser.actions.done" Button`
    t =    98.77s Collecting debug information to assist test failure triage
    t =    98.77s     Requesting snapshot of accessibility hierarchy for app with pid 64462
    t =    98.80s Waiting 10.0s for "browser.more" Button to exist
    t =    99.81s     Checking `Expect predicate `existsNoRetry == 1` for object "browser.more" Button`
    t =    99.81s         Checking existence of `"browser.more" Button`
    t =   100.85s Checking `Expect predicate `hittable == 1` for object "browser.more" Button`
    t =   100.85s     Find the "browser.more" Button
    t =   100.89s Tap "browser.more" Button
    t =   100.89s     Wait for app.ahoibrowser.AhoiBrowser to idle
    t =   100.89s     Find the "browser.more" Button
    t =   100.91s     Check for interrupting elements affecting "browser.more" Button
    t =   100.93s     Synthesize event
    t =   101.22s     Wait for app.ahoibrowser.AhoiBrowser to idle
    t =   101.62s Waiting 10.0s for "browser.actions.done" Button to exist
    t =   102.63s     Checking `Expect predicate `existsNoRetry == 1` for object "browser.actions.done" Button`
    t =   102.63s         Checking existence of `"browser.actions.done" Button`
    t =   102.70s Waiting 2.0s for "browser.actions.home-state" StaticText to exist
    t =   103.71s     Checking `Expect predicate `existsNoRetry == 1` for object "browser.actions.home-state" StaticText`
    t =   103.71s         Checking existence of `"browser.actions.home-state" StaticText`
    t =   103.75s         Capturing element debug description
    t =   103.75s             Requesting snapshot of accessibility hierarchy for app with pid 64462
    t =   103.80s             Find: Descendants matching type StaticText
    t =   103.80s             Find: Elements matching predicate '"browser.actions.home-state" IN identifiers'
    t =   103.81s             Requesting snapshot of accessibility hierarchy for app with pid 64462
    t =   103.86s             Find: Descendants matching type StaticText
    t =   103.86s             Requesting snapshot of accessibility hierarchy for app with pid 64462
    t =   104.70s     Checking `Expect predicate `existsNoRetry == 1` for object "browser.actions.home-state" StaticText`
    t =   104.70s         Checking existence of `"browser.actions.home-state" StaticText`
    t =   104.76s         Capturing element debug description
    t =   104.76s             Requesting snapshot of accessibility hierarchy for app with pid 64462
    t =   104.81s             Find: Descendants matching type StaticText
    t =   104.81s             Find: Elements matching predicate '"browser.actions.home-state" IN identifiers'
    t =   104.81s             Requesting snapshot of accessibility hierarchy for app with pid 64462
    t =   104.87s             Find: Descendants matching type StaticText
    t =   104.88s             Requesting snapshot of accessibility hierarchy for app with pid 64462
    t =   105.12s     Checking existence of `"browser.actions.home-state" StaticText`
    t =   105.17s Collecting debug information to assist test failure triage
    t =   105.17s     Requesting snapshot of accessibility hierarchy for app with pid 64462
    t =   105.24s Waiting 10.0s for "browser.actions.list" CollectionView to exist
    t =   106.26s     Checking `Expect predicate `existsNoRetry == 1` for object "browser.actions.list" CollectionView`
    t =   106.26s         Checking existence of `"browser.actions.list" CollectionView`
    t =   106.31s Find the "browser.actions.list" CollectionView
    t =   106.35s Press Target Application 'app.ahoibrowser.AhoiBrowser'[0.00, 0.00] -> (386.0, 775.8) for 0.1 seconds, then drag to Target Application 'app.ahoibrowser.AhoiBrowser'[0.00, 0.00] -> (386.0, 550.3) with velocity of 500.00 pixels per second, and then hold for 0.0 seconds 
    t =   106.35s     Wait for app.ahoibrowser.AhoiBrowser to idle
    t =   106.36s     Find the Target Application 'app.ahoibrowser.AhoiBrowser'
    t =   106.38s     Check for interrupting elements affecting "AhoiBrowser" Application
    t =   106.42s     Synthesize event
    t =   106.42s         Find the Target Application 'app.ahoibrowser.AhoiBrowser'
    t =   106.44s         Find the Target Application 'app.ahoibrowser.AhoiBrowser'
    t =   106.47s         Find the Target Application 'app.ahoibrowser.AhoiBrowser'
    t =   106.50s         Find the Target Application 'app.ahoibrowser.AhoiBrowser'
    t =   106.53s         Find the Target Application 'app.ahoibrowser.AhoiBrowser'
    t =   107.30s     Wait for app.ahoibrowser.AhoiBrowser to idle
    t =   107.97s Waiting 1.0s for "browser.actions.home-state" StaticText to exist
    t =   108.97s     Checking `Expect predicate `existsNoRetry == 1` for object "browser.actions.home-state" StaticText`
    t =   108.97s         Checking existence of `"browser.actions.home-state" StaticText`
    t =   109.04s     Checking existence of `"browser.actions.home-state" StaticText`
    t =   109.08s Find the "browser.actions.home-state" StaticText
    t =   110.15s Checking `Expect predicate `label IN {"Nicht an der Ausgangsadresse", "Away from Home Address"}` for object "browser.actions.home-state" StaticText`
    t =   110.15s     Find the "browser.actions.home-state" StaticText
    t =   110.20s Find the Target Application 'app.ahoibrowser.AhoiBrowser'
    t =   110.31s Added attachment named 'home-away'
    t =   110.31s Waiting 10.0s for "browser.actions.home-return" Button to exist
    t =   111.36s     Checking `Expect predicate `existsNoRetry == 1` for object "browser.actions.home-return" Button`
    t =   111.36s         Checking existence of `"browser.actions.home-return" Button`
    t =   112.51s Checking `Expect predicate `hittable == 1` for object "browser.actions.home-return" Button`
    t =   112.51s     Find the "browser.actions.home-return" Button
    t =   112.57s Find the "browser.actions.home-return" Button
    t =   112.62s Find the "browser.actions.home-return" Button
    t =   112.96s Find the "browser.actions.home-return" Button
    t =   113.02s Tap "browser.actions.home-return" Button
    t =   113.02s     Wait for app.ahoibrowser.AhoiBrowser to idle
    t =   113.02s     Find the "browser.actions.home-return" Button
    t =   113.07s     Check for interrupting elements affecting "browser.actions.home-return" Button
    t =   113.10s     Synthesize event
    t =   113.39s     Wait for app.ahoibrowser.AhoiBrowser to idle
    t =   113.77s Waiting 5.0s for "browser.address" Button to exist
    t =   114.80s     Checking `Expect predicate `existsNoRetry == 1` for object "browser.address" Button`
    t =   114.80s         Checking existence of `"browser.address" Button`
    t =   115.83s Checking `Expect predicate `value == "https://example.com/?ahoi-home=197d1b39"` for object "browser.address" Button`
    t =   115.83s     Find the "browser.address" Button
    t =   115.86s Find the "browser.address" Button
    t =   115.88s Find the "browser.address" Button
    t =   115.89s Waiting 1.0s for "browser.actions.done" Button to exist
    t =   116.89s     Checking `Expect predicate `existsNoRetry == 1` for object "browser.actions.done" Button`
    t =   116.89s         Checking existence of `"browser.actions.done" Button`
    t =   116.92s         Capturing element debug description
    t =   116.92s     Checking existence of `"browser.actions.done" Button`
    t =   116.94s Collecting debug information to assist test failure triage
    t =   116.94s     Requesting snapshot of accessibility hierarchy for app with pid 64462
    t =   116.96s Waiting 10.0s for "browser.more" Button to exist
    t =   117.96s     Checking `Expect predicate `existsNoRetry == 1` for object "browser.more" Button`
    t =   117.96s         Checking existence of `"browser.more" Button`
    t =   119.01s Checking `Expect predicate `hittable == 1` for object "browser.more" Button`
    t =   119.01s     Find the "browser.more" Button
    t =   119.05s Tap "browser.more" Button
    t =   119.05s     Wait for app.ahoibrowser.AhoiBrowser to idle
    t =   119.05s     Find the "browser.more" Button
    t =   119.07s     Check for interrupting elements affecting "browser.more" Button
    t =   119.09s     Synthesize event
    t =   119.38s     Wait for app.ahoibrowser.AhoiBrowser to idle
    t =   119.74s Waiting 10.0s for "browser.actions.done" Button to exist
    t =   120.76s     Checking `Expect predicate `existsNoRetry == 1` for object "browser.actions.done" Button`
    t =   120.76s         Checking existence of `"browser.actions.done" Button`
    t =   120.82s Waiting 2.0s for "browser.actions.home-state" StaticText to exist
    t =   121.84s     Checking `Expect predicate `existsNoRetry == 1` for object "browser.actions.home-state" StaticText`
    t =   121.84s         Checking existence of `"browser.actions.home-state" StaticText`
    t =   121.88s         Capturing element debug description
    t =   121.88s             Requesting snapshot of accessibility hierarchy for app with pid 64462
    t =   121.92s             Find: Descendants matching type StaticText
    t =   121.92s             Find: Elements matching predicate '"browser.actions.home-state" IN identifiers'
    t =   121.93s             Requesting snapshot of accessibility hierarchy for app with pid 64462
    t =   121.97s             Find: Descendants matching type StaticText
    t =   121.97s             Requesting snapshot of accessibility hierarchy for app with pid 64462
    t =   122.82s     Checking `Expect predicate `existsNoRetry == 1` for object "browser.actions.home-state" StaticText`
    t =   122.82s         Checking existence of `"browser.actions.home-state" StaticText`
    t =   122.87s         Capturing element debug description
    t =   122.87s             Requesting snapshot of accessibility hierarchy for app with pid 64462
    t =   122.91s             Find: Descendants matching type StaticText
    t =   122.91s             Find: Elements matching predicate '"browser.actions.home-state" IN identifiers'
    t =   122.91s             Requesting snapshot of accessibility hierarchy for app with pid 64462
    t =   122.96s             Find: Descendants matching type StaticText
    t =   122.96s             Requesting snapshot of accessibility hierarchy for app with pid 64462
    t =   123.08s     Checking existence of `"browser.actions.home-state" StaticText`
    t =   123.12s Collecting debug information to assist test failure triage
    t =   123.12s     Requesting snapshot of accessibility hierarchy for app with pid 64462
    t =   123.17s Waiting 10.0s for "browser.actions.list" CollectionView to exist
    t =   124.20s     Checking `Expect predicate `existsNoRetry == 1` for object "browser.actions.list" CollectionView`
    t =   124.20s         Checking existence of `"browser.actions.list" CollectionView`
    t =   124.24s Find the "browser.actions.list" CollectionView
    t =   124.27s Press Target Application 'app.ahoibrowser.AhoiBrowser'[0.00, 0.00] -> (386.0, 775.8) for 0.1 seconds, then drag to Target Application 'app.ahoibrowser.AhoiBrowser'[0.00, 0.00] -> (386.0, 550.3) with velocity of 500.00 pixels per second, and then hold for 0.0 seconds 
    t =   124.28s     Wait for app.ahoibrowser.AhoiBrowser to idle
    t =   124.28s     Find the Target Application 'app.ahoibrowser.AhoiBrowser'
    t =   124.30s     Check for interrupting elements affecting "AhoiBrowser" Application
    t =   124.33s     Synthesize event
    t =   124.34s         Find the Target Application 'app.ahoibrowser.AhoiBrowser'
    t =   124.36s         Find the Target Application 'app.ahoibrowser.AhoiBrowser'
    t =   124.38s         Find the Target Application 'app.ahoibrowser.AhoiBrowser'
    t =   124.41s         Find the Target Application 'app.ahoibrowser.AhoiBrowser'
    t =   124.43s         Find the Target Application 'app.ahoibrowser.AhoiBrowser'
    t =   125.20s     Wait for app.ahoibrowser.AhoiBrowser to idle
    t =   125.87s Waiting 1.0s for "browser.actions.home-state" StaticText to exist
    t =   126.87s     Checking `Expect predicate `existsNoRetry == 1` for object "browser.actions.home-state" StaticText`
    t =   126.87s         Checking existence of `"browser.actions.home-state" StaticText`
    t =   126.93s     Checking existence of `"browser.actions.home-state" StaticText`
    t =   126.98s Find the "browser.actions.home-state" StaticText
    t =   128.04s Checking `Expect predicate `label IN {"An der Ausgangsadresse", "At Home Address"}` for object "browser.actions.home-state" StaticText`
    t =   128.04s     Find the "browser.actions.home-state" StaticText
    t =   128.10s Waiting 1.0s for "browser.actions.done" Button to exist
    t =   129.10s     Checking `Expect predicate `existsNoRetry == 1` for object "browser.actions.done" Button`
    t =   129.10s         Checking existence of `"browser.actions.done" Button`
    t =   129.16s     Checking existence of `"browser.actions.done" Button`
    t =   129.20s Waiting 10.0s for "browser.actions.done" Button to exist
    t =   130.22s     Checking `Expect predicate `existsNoRetry == 1` for object "browser.actions.done" Button`
    t =   130.22s         Checking existence of `"browser.actions.done" Button`
    t =   131.28s Checking `Expect predicate `hittable == 1` for object "browser.actions.done" Button`
    t =   131.28s     Find the "browser.actions.done" Button
    t =   131.35s Tap "browser.actions.done" Button
    t =   131.35s     Wait for app.ahoibrowser.AhoiBrowser to idle
    t =   131.35s     Find the "browser.actions.done" Button
    t =   131.39s     Check for interrupting elements affecting "browser.actions.done" Button
    t =   131.43s     Synthesize event
    t =   131.72s     Wait for app.ahoibrowser.AhoiBrowser to idle
    t =   132.10s Waiting 10.0s for "browser.actions.done" Button to not exist
    t =   133.11s     Checking `Expect predicate `existsNoRetry == 0` for object "browser.actions.done" Button`
    t =   133.12s         Checking existence of `"browser.actions.done" Button`
    t =   133.14s Waiting 10.0s for "browser.address" Button to exist
    t =   134.16s     Checking `Expect predicate `existsNoRetry == 1` for object "browser.address" Button`
    t =   134.16s         Checking existence of `"browser.address" Button`
    t =   134.19s Tap "browser.address" Button
    t =   134.19s     Wait for app.ahoibrowser.AhoiBrowser to idle
    t =   134.19s     Find the "browser.address" Button
    t =   134.21s     Check for interrupting elements affecting "browser.address" Button
    t =   134.23s     Synthesize event
    t =   134.24s         Scroll element to visible
    t =   134.24s         Find the "browser.address" Button
    t =   134.28s         Computed hit point {-1, -1} after scrolling to visible
    t =   134.56s     Wait for app.ahoibrowser.AhoiBrowser to idle
    t =   135.06s Waiting 10.0s for "browser.address.field" TextField to exist
    t =   136.06s     Checking `Expect predicate `existsNoRetry == 1` for object "browser.address.field" TextField`
    t =   136.06s         Checking existence of `"browser.address.field" TextField`
    t =   137.13s Checking `Expect predicate `hittable == 1` for object "browser.address.field" TextField`
    t =   137.13s     Find the "browser.address.field" TextField
    t =   137.19s Waiting 1.0s for "browser.address.clear" Button to exist
    t =   138.19s     Checking `Expect predicate `existsNoRetry == 1` for object "browser.address.clear" Button`
    t =   138.19s         Checking existence of `"browser.address.clear" Button`
    t =   138.24s     Checking existence of `"browser.address.clear" Button`
    t =   138.28s Waiting 2.0s for "browser.address.clear" Button to exist
    t =   139.30s     Checking `Expect predicate `existsNoRetry == 1` for object "browser.address.clear" Button`
    t =   139.30s         Checking existence of `"browser.address.clear" Button`
    t =   140.36s Checking `Expect predicate `hittable == 1` for object "browser.address.clear" Button`
    t =   140.36s     Find the "browser.address.clear" Button
    t =   140.42s Tap "browser.address.clear" Button
    t =   140.42s     Wait for app.ahoibrowser.AhoiBrowser to idle
    t =   140.42s     Find the "browser.address.clear" Button
    t =   140.47s     Check for interrupting elements affecting "browser.address.clear" Button
    t =   140.50s     Synthesize event
    t =   140.79s     Wait for app.ahoibrowser.AhoiBrowser to idle
    t =   140.79s Waiting 2.0s for "browser.address.clear" Button to not exist
    t =   141.81s     Checking `Expect predicate `existsNoRetry == 0` for object "browser.address.clear" Button`
    t =   141.81s         Checking existence of `"browser.address.clear" Button`
    t =   141.86s Waiting 2.0s for "browser.address.field" TextField to exist
    t =   142.88s     Checking `Expect predicate `existsNoRetry == 1` for object "browser.address.field" TextField`
    t =   142.88s         Checking existence of `"browser.address.field" TextField`
    t =   143.94s Checking `Expect predicate `hittable == 1` for object "browser.address.field" TextField`
    t =   143.95s     Find the "browser.address.field" TextField
    t =   144.01s Find the "browser.address.field" TextField
    t =   144.05s Find the "browser.address.field" TextField
    t =   144.10s Waiting 2.0s for "browser.address.field" TextField to exist
    t =   145.11s     Checking `Expect predicate `existsNoRetry == 1` for object "browser.address.field" TextField`
    t =   145.11s         Checking existence of `"browser.address.field" TextField`
    t =   146.18s Checking `Expect predicate `hittable == 1` for object "browser.address.field" TextField`
    t =   146.19s     Find the "browser.address.field" TextField
    t =   146.25s Tap "browser.address.field" TextField
    t =   146.25s     Wait for app.ahoibrowser.AhoiBrowser to idle
    t =   146.25s     Find the "browser.address.field" TextField
    t =   146.30s     Check for interrupting elements affecting "browser.address.field" TextField
    t =   146.34s     Synthesize event
    t =   146.63s     Wait for app.ahoibrowser.AhoiBrowser to idle
    t =   146.65s Type 'https://example.co...' into "browser.address.field" TextField
    t =   146.65s     Wait for app.ahoibrowser.AhoiBrowser to idle
    t =   147.04s     Find the "browser.address.field" TextField
    t =   147.09s     Check for interrupting elements affecting "browser.address.field" TextField
    t =   147.14s     Synthesize event
    t =   147.99s     Wait for app.ahoibrowser.AhoiBrowser to idle
    t =   147.99s Checking existence of `"browser.address.field" TextField`
    t =   148.04s Find the "browser.address.field" TextField
    t =   148.08s Find the "browser.address.field" TextField
    t =   148.12s Checking existence of `"browser.address.field" TextField`
    t =   148.17s Find the "browser.address.field" TextField
    t =   148.21s Find the "browser.address.field" TextField
    t =   148.25s Find the "browser.address.field" TextField
    t =   148.29s Find the "browser.address.field" TextField
    t =   148.33s Waiting 10.0s for "browser.search.navigate" Button to exist
    t =   149.34s     Checking `Expect predicate `existsNoRetry == 1` for object "browser.search.navigate" Button`
    t =   149.34s         Checking existence of `"browser.search.navigate" Button`
    t =   150.41s Checking `Expect predicate `hittable == 1` for object "browser.search.navigate" Button`
    t =   150.41s     Find the "browser.search.navigate" Button
    t =   150.47s Tap "browser.search.navigate" Button
    t =   150.47s     Wait for app.ahoibrowser.AhoiBrowser to idle
    t =   150.47s     Find the "browser.search.navigate" Button
    t =   150.52s     Check for interrupting elements affecting "browser.search.navigate" Button
    t =   150.56s     Synthesize event
    t =   150.85s     Wait for app.ahoibrowser.AhoiBrowser to idle
    t =   151.27s Waiting 10.0s for "browser.address.field" TextField to not exist
    t =   152.30s     Checking `Expect predicate `existsNoRetry == 0` for object "browser.address.field" TextField`
    t =   152.30s         Checking existence of `"browser.address.field" TextField`
    t =   152.32s Waiting 5.0s for "browser.address" Button to exist
    t =   153.33s     Checking `Expect predicate `existsNoRetry == 1` for object "browser.address" Button`
    t =   153.33s         Checking existence of `"browser.address" Button`
    t =   154.38s Checking `Expect predicate `value == "https://example.com/?ahoi-away=197d1b39"` for object "browser.address" Button`
    t =   154.38s     Find the "browser.address" Button
    t =   154.41s Find the "browser.address" Button
    t =   154.43s Find the "browser.address" Button
    t =   154.45s Waiting 20.0s for Any (First Match) to exist
    t =   155.46s     Checking `Expect predicate `existsNoRetry == 1` for object Any (First Match)`
    t =   155.46s         Checking existence of `Any (First Match)`
    t =   155.50s Waiting 20.0s for Any (First Match) to exist
    t =   156.51s     Checking `Expect predicate `existsNoRetry == 1` for object Any (First Match)`
    t =   156.51s         Checking existence of `Any (First Match)`
    t =   156.54s Waiting 1.0s for "browser.actions.done" Button to exist
    t =   157.54s     Checking `Expect predicate `existsNoRetry == 1` for object "browser.actions.done" Button`
    t =   157.55s         Checking existence of `"browser.actions.done" Button`
    t =   157.57s         Capturing element debug description
    t =   157.57s     Checking existence of `"browser.actions.done" Button`
    t =   157.59s Collecting debug information to assist test failure triage
    t =   157.59s     Requesting snapshot of accessibility hierarchy for app with pid 64462
    t =   157.61s Waiting 10.0s for "browser.more" Button to exist
    t =   158.63s     Checking `Expect predicate `existsNoRetry == 1` for object "browser.more" Button`
    t =   158.63s         Checking existence of `"browser.more" Button`
    t =   159.68s Checking `Expect predicate `hittable == 1` for object "browser.more" Button`
    t =   159.68s     Find the "browser.more" Button
    t =   159.72s Tap "browser.more" Button
    t =   159.72s     Wait for app.ahoibrowser.AhoiBrowser to idle
    t =   159.72s     Find the "browser.more" Button
    t =   159.74s     Check for interrupting elements affecting "browser.more" Button
    t =   159.75s     Synthesize event
    t =   160.04s     Wait for app.ahoibrowser.AhoiBrowser to idle
    t =   160.42s Waiting 10.0s for "browser.actions.done" Button to exist
    t =   161.44s     Checking `Expect predicate `existsNoRetry == 1` for object "browser.actions.done" Button`
    t =   161.44s         Checking existence of `"browser.actions.done" Button`
    t =   161.50s Waiting 2.0s for "browser.actions.home-state" StaticText to exist
    t =   162.51s     Checking `Expect predicate `existsNoRetry == 1` for object "browser.actions.home-state" StaticText`
    t =   162.51s         Checking existence of `"browser.actions.home-state" StaticText`
    t =   162.55s         Capturing element debug description
    t =   162.55s             Requesting snapshot of accessibility hierarchy for app with pid 64462
    t =   162.60s             Find: Descendants matching type StaticText
    t =   162.60s             Find: Elements matching predicate '"browser.actions.home-state" IN identifiers'
    t =   162.60s             Requesting snapshot of accessibility hierarchy for app with pid 64462
    t =   162.66s             Find: Descendants matching type StaticText
    t =   162.66s             Requesting snapshot of accessibility hierarchy for app with pid 64462
    t =   163.50s     Checking `Expect predicate `existsNoRetry == 1` for object "browser.actions.home-state" StaticText`
    t =   163.50s         Checking existence of `"browser.actions.home-state" StaticText`
    t =   163.55s         Capturing element debug description
    t =   163.55s             Requesting snapshot of accessibility hierarchy for app with pid 64462
    t =   163.60s             Find: Descendants matching type StaticText
    t =   163.60s             Find: Elements matching predicate '"browser.actions.home-state" IN identifiers'
    t =   163.60s             Requesting snapshot of accessibility hierarchy for app with pid 64462
    t =   163.65s             Find: Descendants matching type StaticText
    t =   163.65s             Requesting snapshot of accessibility hierarchy for app with pid 64462
    t =   163.77s     Checking existence of `"browser.actions.home-state" StaticText`
    t =   163.81s Collecting debug information to assist test failure triage
    t =   163.81s     Requesting snapshot of accessibility hierarchy for app with pid 64462
    t =   163.87s Waiting 10.0s for "browser.actions.list" CollectionView to exist
    t =   164.90s     Checking `Expect predicate `existsNoRetry == 1` for object "browser.actions.list" CollectionView`
    t =   164.90s         Checking existence of `"browser.actions.list" CollectionView`
    t =   164.94s Find the "browser.actions.list" CollectionView
    t =   164.99s Press Target Application 'app.ahoibrowser.AhoiBrowser'[0.00, 0.00] -> (386.0, 775.8) for 0.1 seconds, then drag to Target Application 'app.ahoibrowser.AhoiBrowser'[0.00, 0.00] -> (386.0, 550.3) with velocity of 500.00 pixels per second, and then hold for 0.0 seconds 
    t =   164.99s     Wait for app.ahoibrowser.AhoiBrowser to idle
    t =   164.99s     Find the Target Application 'app.ahoibrowser.AhoiBrowser'
    t =   165.02s     Check for interrupting elements affecting "AhoiBrowser" Application
    t =   165.05s     Synthesize event
    t =   165.05s         Find the Target Application 'app.ahoibrowser.AhoiBrowser'
    t =   165.08s         Find the Target Application 'app.ahoibrowser.AhoiBrowser'
    t =   165.10s         Find the Target Application 'app.ahoibrowser.AhoiBrowser'
    t =   165.13s         Find the Target Application 'app.ahoibrowser.AhoiBrowser'
    t =   165.16s         Find the Target Application 'app.ahoibrowser.AhoiBrowser'
    t =   165.93s     Wait for app.ahoibrowser.AhoiBrowser to idle
    t =   166.60s Waiting 1.0s for "browser.actions.home-state" StaticText to exist
    t =   167.61s     Checking `Expect predicate `existsNoRetry == 1` for object "browser.actions.home-state" StaticText`
    t =   167.61s         Checking existence of `"browser.actions.home-state" StaticText`
    t =   167.67s     Checking existence of `"browser.actions.home-state" StaticText`
    t =   167.71s Find the "browser.actions.home-state" StaticText
    t =   168.78s Checking `Expect predicate `label IN {"Nicht an der Ausgangsadresse", "Away from Home Address"}` for object "browser.actions.home-state" StaticText`
    t =   168.78s     Find the "browser.actions.home-state" StaticText
    t =   168.85s Waiting 10.0s for "browser.actions.home-set" Button to exist
    t =   169.85s     Checking `Expect predicate `existsNoRetry == 1` for object "browser.actions.home-set" Button`
    t =   169.85s         Checking existence of `"browser.actions.home-set" Button`
    t =   170.91s Checking `Expect predicate `hittable == 1` for object "browser.actions.home-set" Button`
    t =   170.91s     Find the "browser.actions.home-set" Button
    t =   171.98s Checking `Expect predicate `enabled == 1` for object "browser.actions.home-set" Button`
    t =   171.98s     Find the "browser.actions.home-set" Button
    t =   172.04s Find the "browser.actions.home-set" Button
    t =   172.38s Find the "browser.actions.home-set" Button
    t =   172.44s Tap "browser.actions.home-set" Button
    t =   172.44s     Wait for app.ahoibrowser.AhoiBrowser to idle
    t =   172.44s     Find the "browser.actions.home-set" Button
    t =   172.49s     Check for interrupting elements affecting "browser.actions.home-set" Button
    t =   172.53s     Synthesize event
    t =   172.81s     Wait for app.ahoibrowser.AhoiBrowser to idle
    t =   174.08s Checking `Expect predicate `label IN {"An der Ausgangsadresse", "At Home Address"}` for object "browser.actions.home-state" StaticText`
    t =   174.08s     Find the "browser.actions.home-state" StaticText
    t =   174.13s Find the Target Application 'app.ahoibrowser.AhoiBrowser'
    t =   174.24s Added attachment named 'home-set-to-current'
    t =   174.24s Waiting 1.0s for "browser.actions.done" Button to exist
    t =   175.24s     Checking `Expect predicate `existsNoRetry == 1` for object "browser.actions.done" Button`
    t =   175.24s         Checking existence of `"browser.actions.done" Button`
    t =   175.29s     Checking existence of `"browser.actions.done" Button`
    t =   175.34s Waiting 10.0s for "browser.actions.done" Button to exist
    t =   176.35s     Checking `Expect predicate `existsNoRetry == 1` for object "browser.actions.done" Button`
    t =   176.35s         Checking existence of `"browser.actions.done" Button`
    t =   177.41s Checking `Expect predicate `hittable == 1` for object "browser.actions.done" Button`
    t =   177.41s     Find the "browser.actions.done" Button
    t =   177.48s Tap "browser.actions.done" Button
    t =   177.48s     Wait for app.ahoibrowser.AhoiBrowser to idle
    t =   177.48s     Find the "browser.actions.done" Button
    t =   177.53s     Check for interrupting elements affecting "browser.actions.done" Button
    t =   177.57s     Synthesize event
    t =   177.86s     Wait for app.ahoibrowser.AhoiBrowser to idle
    t =   178.24s Waiting 10.0s for "browser.actions.done" Button to not exist
    t =   179.25s     Checking `Expect predicate `existsNoRetry == 0` for object "browser.actions.done" Button`
    t =   179.25s         Checking existence of `"browser.actions.done" Button`
    t =   179.27s Waiting 10.0s for "browser.address" Button to exist
    t =   180.30s     Checking `Expect predicate `existsNoRetry == 1` for object "browser.address" Button`
    t =   180.30s         Checking existence of `"browser.address" Button`
    t =   180.32s Tap "browser.address" Button
    t =   180.32s     Wait for app.ahoibrowser.AhoiBrowser to idle
    t =   180.32s     Find the "browser.address" Button
    t =   180.34s     Check for interrupting elements affecting "browser.address" Button
    t =   180.35s     Synthesize event
    t =   180.37s         Scroll element to visible
    t =   180.37s         Find the "browser.address" Button
    t =   180.40s         Computed hit point {-1, -1} after scrolling to visible
    t =   180.68s     Wait for app.ahoibrowser.AhoiBrowser to idle
    t =   181.18s Waiting 10.0s for "browser.address.field" TextField to exist
    t =   182.20s     Checking `Expect predicate `existsNoRetry == 1` for object "browser.address.field" TextField`
    t =   182.20s         Checking existence of `"browser.address.field" TextField`
    t =   183.29s Checking `Expect predicate `hittable == 1` for object "browser.address.field" TextField`
    t =   183.29s     Find the "browser.address.field" TextField
    t =   183.35s Waiting 1.0s for "browser.address.clear" Button to exist
    t =   184.35s     Checking `Expect predicate `existsNoRetry == 1` for object "browser.address.clear" Button`
    t =   184.35s         Checking existence of `"browser.address.clear" Button`
    t =   184.40s     Checking existence of `"browser.address.clear" Button`
    t =   184.45s Waiting 2.0s for "browser.address.clear" Button to exist
    t =   185.46s     Checking `Expect predicate `existsNoRetry == 1` for object "browser.address.clear" Button`
    t =   185.46s         Checking existence of `"browser.address.clear" Button`
    t =   186.54s Checking `Expect predicate `hittable == 1` for object "browser.address.clear" Button`
    t =   186.54s     Find the "browser.address.clear" Button
    t =   186.60s Tap "browser.address.clear" Button
    t =   186.60s     Wait for app.ahoibrowser.AhoiBrowser to idle
    t =   186.60s     Find the "browser.address.clear" Button
    t =   186.65s     Check for interrupting elements affecting "browser.address.clear" Button
    t =   186.68s     Synthesize event
    t =   186.97s     Wait for app.ahoibrowser.AhoiBrowser to idle
    t =   186.97s Waiting 2.0s for "browser.address.clear" Button to not exist
    t =   187.98s     Checking `Expect predicate `existsNoRetry == 0` for object "browser.address.clear" Button`
    t =   187.99s         Checking existence of `"browser.address.clear" Button`
    t =   188.03s Waiting 2.0s for "browser.address.field" TextField to exist
    t =   189.03s     Checking `Expect predicate `existsNoRetry == 1` for object "browser.address.field" TextField`
    t =   189.03s         Checking existence of `"browser.address.field" TextField`
    t =   190.10s Checking `Expect predicate `hittable == 1` for object "browser.address.field" TextField`
    t =   190.10s     Find the "browser.address.field" TextField
    t =   190.16s Find the "browser.address.field" TextField
    t =   190.20s Find the "browser.address.field" TextField
    t =   190.24s Waiting 2.0s for "browser.address.field" TextField to exist
    t =   191.24s     Checking `Expect predicate `existsNoRetry == 1` for object "browser.address.field" TextField`
    t =   191.24s         Checking existence of `"browser.address.field" TextField`
    t =   192.30s Checking `Expect predicate `hittable == 1` for object "browser.address.field" TextField`
    t =   192.30s     Find the "browser.address.field" TextField
    t =   192.36s Tap "browser.address.field" TextField
    t =   192.36s     Wait for app.ahoibrowser.AhoiBrowser to idle
    t =   192.36s     Find the "browser.address.field" TextField
    t =   192.40s     Check for interrupting elements affecting "browser.address.field" TextField
    t =   192.44s     Synthesize event
    t =   192.72s     Wait for app.ahoibrowser.AhoiBrowser to idle
    t =   192.73s Type 'https://example.co...' into "browser.address.field" TextField
    t =   192.73s     Wait for app.ahoibrowser.AhoiBrowser to idle
    t =   192.75s     Find the "browser.address.field" TextField
    t =   192.79s     Check for interrupting elements affecting "browser.address.field" TextField
    t =   192.83s     Synthesize event
    t =   193.69s     Wait for app.ahoibrowser.AhoiBrowser to idle
    t =   193.69s Checking existence of `"browser.address.field" TextField`
    t =   193.73s Find the "browser.address.field" TextField
    t =   193.77s Find the "browser.address.field" TextField
    t =   193.81s Checking existence of `"browser.address.field" TextField`
    t =   193.85s Find the "browser.address.field" TextField
    t =   193.89s Find the "browser.address.field" TextField
    t =   193.93s Find the "browser.address.field" TextField
    t =   193.97s Find the "browser.address.field" TextField
    t =   194.01s Waiting 10.0s for "browser.search.navigate" Button to exist
    t =   195.02s     Checking `Expect predicate `existsNoRetry == 1` for object "browser.search.navigate" Button`
    t =   195.02s         Checking existence of `"browser.search.navigate" Button`
    t =   196.10s Checking `Expect predicate `hittable == 1` for object "browser.search.navigate" Button`
    t =   196.10s     Find the "browser.search.navigate" Button
    t =   196.16s Tap "browser.search.navigate" Button
    t =   196.16s     Wait for app.ahoibrowser.AhoiBrowser to idle
    t =   196.17s     Find the "browser.search.navigate" Button
    t =   196.21s     Check for interrupting elements affecting "browser.search.navigate" Button
    t =   196.25s     Synthesize event
    t =   196.54s     Wait for app.ahoibrowser.AhoiBrowser to idle
    t =   196.97s Waiting 10.0s for "browser.address.field" TextField to not exist
    t =   198.02s     Checking `Expect predicate `existsNoRetry == 0` for object "browser.address.field" TextField`
    t =   198.02s         Checking existence of `"browser.address.field" TextField`
    t =   198.04s Waiting 5.0s for "browser.address" Button to exist
    t =   199.08s     Checking `Expect predicate `existsNoRetry == 1` for object "browser.address" Button`
    t =   199.08s         Checking existence of `"browser.address" Button`
    t =   200.17s Checking `Expect predicate `value == "https://example.com/?ahoi-home=197d1b39"` for object "browser.address" Button`
    t =   200.17s     Find the "browser.address" Button
    t =   200.21s Find the "browser.address" Button
    t =   200.22s Find the "browser.address" Button
    t =   200.24s Waiting 20.0s for Any (First Match) to exist
    t =   201.26s     Checking `Expect predicate `existsNoRetry == 1` for object Any (First Match)`
    t =   201.26s         Checking existence of `Any (First Match)`
    t =   201.30s Waiting 1.0s for "browser.actions.done" Button to exist
    t =   202.30s     Checking `Expect predicate `existsNoRetry == 1` for object "browser.actions.done" Button`
    t =   202.30s         Checking existence of `"browser.actions.done" Button`
    t =   202.33s         Capturing element debug description
    t =   202.33s     Checking existence of `"browser.actions.done" Button`
    t =   202.34s Collecting debug information to assist test failure triage
    t =   202.35s     Requesting snapshot of accessibility hierarchy for app with pid 64462
    t =   202.37s Waiting 10.0s for "browser.more" Button to exist
    t =   203.40s     Checking `Expect predicate `existsNoRetry == 1` for object "browser.more" Button`
    t =   203.40s         Checking existence of `"browser.more" Button`
    t =   204.44s Checking `Expect predicate `hittable == 1` for object "browser.more" Button`
    t =   204.45s     Find the "browser.more" Button
    t =   204.48s Tap "browser.more" Button
    t =   204.48s     Wait for app.ahoibrowser.AhoiBrowser to idle
    t =   204.49s     Find the "browser.more" Button
    t =   204.50s     Check for interrupting elements affecting "browser.more" Button
    t =   204.52s     Synthesize event
    t =   204.81s     Wait for app.ahoibrowser.AhoiBrowser to idle
    t =   205.22s Waiting 10.0s for "browser.actions.done" Button to exist
    t =   206.24s     Checking `Expect predicate `existsNoRetry == 1` for object "browser.actions.done" Button`
    t =   206.25s         Checking existence of `"browser.actions.done" Button`
    t =   206.30s Waiting 2.0s for "browser.actions.home-state" StaticText to exist
    t =   207.33s     Checking `Expect predicate `existsNoRetry == 1` for object "browser.actions.home-state" StaticText`
    t =   207.33s         Checking existence of `"browser.actions.home-state" StaticText`
    t =   207.37s         Capturing element debug description
    t =   207.37s             Requesting snapshot of accessibility hierarchy for app with pid 64462
    t =   207.42s             Find: Descendants matching type StaticText
    t =   207.43s             Find: Elements matching predicate '"browser.actions.home-state" IN identifiers'
    t =   207.43s             Requesting snapshot of accessibility hierarchy for app with pid 64462
    t =   207.48s             Find: Descendants matching type StaticText
    t =   207.48s             Requesting snapshot of accessibility hierarchy for app with pid 64462
    t =   208.30s     Checking `Expect predicate `existsNoRetry == 1` for object "browser.actions.home-state" StaticText`
    t =   208.30s         Checking existence of `"browser.actions.home-state" StaticText`
    t =   208.34s         Capturing element debug description
    t =   208.34s             Requesting snapshot of accessibility hierarchy for app with pid 64462
    t =   208.39s             Find: Descendants matching type StaticText
    t =   208.39s             Find: Elements matching predicate '"browser.actions.home-state" IN identifiers'
    t =   208.40s             Requesting snapshot of accessibility hierarchy for app with pid 64462
    t =   208.44s             Find: Descendants matching type StaticText
    t =   208.45s             Requesting snapshot of accessibility hierarchy for app with pid 64462
    t =   208.56s     Checking existence of `"browser.actions.home-state" StaticText`
    t =   208.60s Collecting debug information to assist test failure triage
    t =   208.60s     Requesting snapshot of accessibility hierarchy for app with pid 64462
    t =   208.66s Waiting 10.0s for "browser.actions.list" CollectionView to exist
    t =   209.68s     Checking `Expect predicate `existsNoRetry == 1` for object "browser.actions.list" CollectionView`
    t =   209.68s         Checking existence of `"browser.actions.list" CollectionView`
    t =   209.72s Find the "browser.actions.list" CollectionView
    t =   209.77s Press Target Application 'app.ahoibrowser.AhoiBrowser'[0.00, 0.00] -> (386.0, 775.8) for 0.1 seconds, then drag to Target Application 'app.ahoibrowser.AhoiBrowser'[0.00, 0.00] -> (386.0, 550.3) with velocity of 500.00 pixels per second, and then hold for 0.0 seconds 
    t =   209.77s     Wait for app.ahoibrowser.AhoiBrowser to idle
    t =   209.77s     Find the Target Application 'app.ahoibrowser.AhoiBrowser'
    t =   209.80s     Check for interrupting elements affecting "AhoiBrowser" Application
    t =   209.83s     Synthesize event
    t =   209.83s         Find the Target Application 'app.ahoibrowser.AhoiBrowser'
    t =   209.86s         Find the Target Application 'app.ahoibrowser.AhoiBrowser'
    t =   209.89s         Find the Target Application 'app.ahoibrowser.AhoiBrowser'
    t =   209.91s         Find the Target Application 'app.ahoibrowser.AhoiBrowser'
    t =   209.94s         Find the Target Application 'app.ahoibrowser.AhoiBrowser'
    t =   210.71s     Wait for app.ahoibrowser.AhoiBrowser to idle
    t =   211.39s Waiting 1.0s for "browser.actions.home-state" StaticText to exist
    t =   212.39s     Checking `Expect predicate `existsNoRetry == 1` for object "browser.actions.home-state" StaticText`
    t =   212.39s         Checking existence of `"browser.actions.home-state" StaticText`
    t =   212.45s     Checking existence of `"browser.actions.home-state" StaticText`
    t =   212.49s Find the "browser.actions.home-state" StaticText
    t =   213.58s Checking `Expect predicate `label IN {"Nicht an der Ausgangsadresse", "Away from Home Address"}` for object "browser.actions.home-state" StaticText`
    t =   213.58s     Find the "browser.actions.home-state" StaticText
    t =   213.63s Waiting 1.0s for "browser.actions.done" Button to exist
    t =   214.63s     Checking `Expect predicate `existsNoRetry == 1` for object "browser.actions.done" Button`
    t =   214.63s         Checking existence of `"browser.actions.done" Button`
    t =   214.68s     Checking existence of `"browser.actions.done" Button`
    t =   214.73s Waiting 10.0s for "browser.actions.done" Button to exist
    t =   215.78s     Checking `Expect predicate `existsNoRetry == 1` for object "browser.actions.done" Button`
    t =   215.79s         Checking existence of `"browser.actions.done" Button`
    t =   216.90s Checking `Expect predicate `hittable == 1` for object "browser.actions.done" Button`
    t =   216.90s     Find the "browser.actions.done" Button
    t =   216.95s Tap "browser.actions.done" Button
    t =   216.95s     Wait for app.ahoibrowser.AhoiBrowser to idle
    t =   216.96s     Find the "browser.actions.done" Button
    t =   217.00s     Check for interrupting elements affecting "browser.actions.done" Button
    t =   217.04s     Synthesize event
    t =   217.32s     Wait for app.ahoibrowser.AhoiBrowser to idle
    t =   217.70s Waiting 10.0s for "browser.actions.done" Button to not exist
    t =   218.73s     Checking `Expect predicate `existsNoRetry == 0` for object "browser.actions.done" Button`
    t =   218.73s         Checking existence of `"browser.actions.done" Button`
    t =   218.75s Terminate app.ahoibrowser.AhoiBrowser:64462
    t =   219.81s Open app.ahoibrowser.AhoiBrowser
    t =   219.81s     Launch app.ahoibrowser.AhoiBrowser
2026-10-05 11:22:46.760 xcodebuild[64078:10616631] [MT] IDELaunchParametersSnapshot: debugger version lookup failed for path '<nil>': noURL
2026-10-05 11:22:46.760 xcodebuild[64078:10616631] [MT] IDELaunchParametersSnapshot: no debugger version
    t =   220.02s         Setting up automation session
    t =   223.67s         Wait for app.ahoibrowser.AhoiBrowser to idle
    t =   225.68s Waiting 8.0s for Button (First Match) to exist
    t =   226.70s     Checking `Expect predicate `existsNoRetry == 1` for object Button (First Match)`
    t =   226.70s         Checking existence of `Button (First Match)`
    t =   226.74s Waiting 5.0s for "browser.e2e.candidate-binding" Any to exist
    t =   227.78s     Checking `Expect predicate `existsNoRetry == 1` for object "browser.e2e.candidate-binding" Any`
    t =   227.78s         Checking existence of `"browser.e2e.candidate-binding" Any`
    t =   227.89s Find the "browser.e2e.candidate-binding" Any
    t =   227.93s Waiting 5.0s for "browser.address" Button to exist
    t =   228.96s     Checking `Expect predicate `existsNoRetry == 1` for object "browser.address" Button`
    t =   228.96s         Checking existence of `"browser.address" Button`
    t =   230.01s Checking `Expect predicate `value == "https://example.com/?ahoi-home=197d1b39"` for object "browser.address" Button`
    t =   230.01s     Find the "browser.address" Button
    t =   230.04s Find the "browser.address" Button
    t =   230.06s Find the "browser.address" Button
    t =   230.08s Waiting 1.0s for "browser.actions.done" Button to exist
    t =   231.08s     Checking `Expect predicate `existsNoRetry == 1` for object "browser.actions.done" Button`
    t =   231.08s         Checking existence of `"browser.actions.done" Button`
    t =   231.11s         Capturing element debug description
    t =   231.11s     Checking existence of `"browser.actions.done" Button`
    t =   231.12s Collecting debug information to assist test failure triage
    t =   231.12s     Requesting snapshot of accessibility hierarchy for app with pid 66697
    t =   231.14s Waiting 10.0s for "browser.more" Button to exist
    t =   232.15s     Checking `Expect predicate `existsNoRetry == 1` for object "browser.more" Button`
    t =   232.15s         Checking existence of `"browser.more" Button`
    t =   233.20s Checking `Expect predicate `hittable == 1` for object "browser.more" Button`
    t =   233.20s     Find the "browser.more" Button
    t =   233.24s Tap "browser.more" Button
    t =   233.24s     Wait for app.ahoibrowser.AhoiBrowser to idle
    t =   233.24s     Find the "browser.more" Button
    t =   233.26s     Check for interrupting elements affecting "browser.more" Button
    t =   233.27s     Synthesize event
    t =   233.56s     Wait for app.ahoibrowser.AhoiBrowser to idle
    t =   233.59s Waiting 10.0s for "browser.actions.done" Button to exist
    t =   234.63s     Checking `Expect predicate `existsNoRetry == 1` for object "browser.actions.done" Button`
    t =   234.63s         Checking existence of `"browser.actions.done" Button`
    t =   234.69s Waiting 2.0s for "browser.actions.home-state" StaticText to exist
    t =   235.71s     Checking `Expect predicate `existsNoRetry == 1` for object "browser.actions.home-state" StaticText`
    t =   235.71s         Checking existence of `"browser.actions.home-state" StaticText`
    t =   235.76s         Capturing element debug description
    t =   235.76s             Requesting snapshot of accessibility hierarchy for app with pid 66697
    t =   235.81s             Find: Descendants matching type StaticText
    t =   235.81s             Find: Elements matching predicate '"browser.actions.home-state" IN identifiers'
    t =   235.81s             Requesting snapshot of accessibility hierarchy for app with pid 66697
    t =   235.86s             Find: Descendants matching type StaticText
    t =   235.86s             Requesting snapshot of accessibility hierarchy for app with pid 66697
    t =   236.70s     Checking `Expect predicate `existsNoRetry == 1` for object "browser.actions.home-state" StaticText`
    t =   236.70s         Checking existence of `"browser.actions.home-state" StaticText`
    t =   236.75s         Capturing element debug description
    t =   236.75s             Requesting snapshot of accessibility hierarchy for app with pid 66697
    t =   236.79s             Find: Descendants matching type StaticText
    t =   236.79s             Find: Elements matching predicate '"browser.actions.home-state" IN identifiers'
    t =   236.80s             Requesting snapshot of accessibility hierarchy for app with pid 66697
    t =   236.84s             Find: Descendants matching type StaticText
    t =   236.84s             Requesting snapshot of accessibility hierarchy for app with pid 66697
    t =   236.99s     Checking existence of `"browser.actions.home-state" StaticText`
    t =   237.02s Collecting debug information to assist test failure triage
    t =   237.02s     Requesting snapshot of accessibility hierarchy for app with pid 66697
    t =   237.08s Waiting 10.0s for "browser.actions.list" CollectionView to exist
    t =   238.10s     Checking `Expect predicate `existsNoRetry == 1` for object "browser.actions.list" CollectionView`
    t =   238.10s         Checking existence of `"browser.actions.list" CollectionView`
    t =   238.14s Find the "browser.actions.list" CollectionView
    t =   238.19s Press Target Application 'app.ahoibrowser.AhoiBrowser'[0.00, 0.00] -> (386.0, 775.8) for 0.1 seconds, then drag to Target Application 'app.ahoibrowser.AhoiBrowser'[0.00, 0.00] -> (386.0, 550.3) with velocity of 500.00 pixels per second, and then hold for 0.0 seconds 
    t =   238.19s     Wait for app.ahoibrowser.AhoiBrowser to idle
    t =   238.19s     Find the Target Application 'app.ahoibrowser.AhoiBrowser'
    t =   238.21s     Check for interrupting elements affecting "AhoiBrowser" Application
    t =   238.24s     Synthesize event
    t =   238.25s         Find the Target Application 'app.ahoibrowser.AhoiBrowser'
    t =   238.27s         Find the Target Application 'app.ahoibrowser.AhoiBrowser'
    t =   238.30s         Find the Target Application 'app.ahoibrowser.AhoiBrowser'
    t =   238.32s         Find the Target Application 'app.ahoibrowser.AhoiBrowser'
    t =   238.34s         Find the Target Application 'app.ahoibrowser.AhoiBrowser'
    t =   239.12s     Wait for app.ahoibrowser.AhoiBrowser to idle
    t =   239.82s Waiting 1.0s for "browser.actions.home-state" StaticText to exist
    t =   240.83s     Checking `Expect predicate `existsNoRetry == 1` for object "browser.actions.home-state" StaticText`
    t =   240.83s         Checking existence of `"browser.actions.home-state" StaticText`
    t =   240.90s     Checking existence of `"browser.actions.home-state" StaticText`
    t =   240.94s Find the "browser.actions.home-state" StaticText
    t =   242.01s Checking `Expect predicate `label IN {"Nicht an der Ausgangsadresse", "Away from Home Address"}` for object "browser.actions.home-state" StaticText`
    t =   242.01s     Find the "browser.actions.home-state" StaticText
    t =   242.06s Find the Target Application 'app.ahoibrowser.AhoiBrowser'
    t =   242.16s Added attachment named 'home-away-after-relaunch'
    t =   242.16s Waiting 10.0s for "browser.actions.home-return" Button to exist
    t =   243.18s     Checking `Expect predicate `existsNoRetry == 1` for object "browser.actions.home-return" Button`
    t =   243.18s         Checking existence of `"browser.actions.home-return" Button`
    t =   244.28s Checking `Expect predicate `hittable == 1` for object "browser.actions.home-return" Button`
    t =   244.28s     Find the "browser.actions.home-return" Button
    t =   244.34s Find the "browser.actions.home-return" Button
    t =   244.68s Find the "browser.actions.home-return" Button
    t =   244.74s Tap "browser.actions.home-return" Button
    t =   244.74s     Wait for app.ahoibrowser.AhoiBrowser to idle
    t =   244.74s     Find the "browser.actions.home-return" Button
    t =   244.79s     Check for interrupting elements affecting "browser.actions.home-return" Button
    t =   244.83s     Synthesize event
    t =   245.12s     Wait for app.ahoibrowser.AhoiBrowser to idle
    t =   245.49s Waiting 5.0s for "browser.address" Button to exist
    t =   246.51s     Checking `Expect predicate `existsNoRetry == 1` for object "browser.address" Button`
    t =   246.51s         Checking existence of `"browser.address" Button`
    t =   247.54s Checking `Expect predicate `value == "https://example.com/?ahoi-away=197d1b39"` for object "browser.address" Button`
    t =   247.55s     Find the "browser.address" Button
    t =   247.57s Find the "browser.address" Button
    t =   247.59s Find the "browser.address" Button
    t =   247.61s Waiting 1.0s for "browser.actions.done" Button to exist
    t =   248.61s     Checking `Expect predicate `existsNoRetry == 1` for object "browser.actions.done" Button`
    t =   248.61s         Checking existence of `"browser.actions.done" Button`
    t =   248.63s         Capturing element debug description
    t =   248.63s     Checking existence of `"browser.actions.done" Button`
    t =   248.65s Collecting debug information to assist test failure triage
    t =   248.65s     Requesting snapshot of accessibility hierarchy for app with pid 66697
    t =   248.67s Waiting 10.0s for "browser.more" Button to exist
    t =   249.71s     Checking `Expect predicate `existsNoRetry == 1` for object "browser.more" Button`
    t =   249.71s         Checking existence of `"browser.more" Button`
    t =   250.78s Checking `Expect predicate `hittable == 1` for object "browser.more" Button`
    t =   250.78s     Find the "browser.more" Button
    t =   250.82s Tap "browser.more" Button
    t =   250.82s     Wait for app.ahoibrowser.AhoiBrowser to idle
    t =   250.82s     Find the "browser.more" Button
    t =   250.84s     Check for interrupting elements affecting "browser.more" Button
    t =   250.86s     Synthesize event
    t =   251.15s     Wait for app.ahoibrowser.AhoiBrowser to idle
    t =   251.52s Waiting 10.0s for "browser.actions.done" Button to exist
    t =   252.55s     Checking `Expect predicate `existsNoRetry == 1` for object "browser.actions.done" Button`
    t =   252.55s         Checking existence of `"browser.actions.done" Button`
    t =   252.61s Waiting 2.0s for "browser.actions.home-state" StaticText to exist
    t =   253.61s     Checking `Expect predicate `existsNoRetry == 1` for object "browser.actions.home-state" StaticText`
    t =   253.61s         Checking existence of `"browser.actions.home-state" StaticText`
    t =   253.66s         Capturing element debug description
    t =   253.66s             Requesting snapshot of accessibility hierarchy for app with pid 66697
    t =   253.71s             Find: Descendants matching type StaticText
    t =   253.71s             Find: Elements matching predicate '"browser.actions.home-state" IN identifiers'
    t =   253.71s             Requesting snapshot of accessibility hierarchy for app with pid 66697
    t =   253.76s             Find: Descendants matching type StaticText
    t =   253.76s             Requesting snapshot of accessibility hierarchy for app with pid 66697
    t =   254.62s     Checking `Expect predicate `existsNoRetry == 1` for object "browser.actions.home-state" StaticText`
    t =   254.62s         Checking existence of `"browser.actions.home-state" StaticText`
    t =   254.66s         Capturing element debug description
    t =   254.66s             Requesting snapshot of accessibility hierarchy for app with pid 66697
    t =   254.71s             Find: Descendants matching type StaticText
    t =   254.71s             Find: Elements matching predicate '"browser.actions.home-state" IN identifiers'
    t =   254.72s             Requesting snapshot of accessibility hierarchy for app with pid 66697
    t =   254.77s             Find: Descendants matching type StaticText
    t =   254.77s             Requesting snapshot of accessibility hierarchy for app with pid 66697
    t =   254.94s     Checking existence of `"browser.actions.home-state" StaticText`
    t =   254.97s Collecting debug information to assist test failure triage
    t =   254.98s     Requesting snapshot of accessibility hierarchy for app with pid 66697
    t =   255.03s Waiting 10.0s for "browser.actions.list" CollectionView to exist
    t =   256.07s     Checking `Expect predicate `existsNoRetry == 1` for object "browser.actions.list" CollectionView`
    t =   256.07s         Checking existence of `"browser.actions.list" CollectionView`
    t =   256.12s Find the "browser.actions.list" CollectionView
    t =   256.16s Press Target Application 'app.ahoibrowser.AhoiBrowser'[0.00, 0.00] -> (386.0, 775.8) for 0.1 seconds, then drag to Target Application 'app.ahoibrowser.AhoiBrowser'[0.00, 0.00] -> (386.0, 550.3) with velocity of 500.00 pixels per second, and then hold for 0.0 seconds 
    t =   256.16s     Wait for app.ahoibrowser.AhoiBrowser to idle
    t =   256.17s     Find the Target Application 'app.ahoibrowser.AhoiBrowser'
    t =   256.19s     Check for interrupting elements affecting "AhoiBrowser" Application
    t =   256.22s     Synthesize event
    t =   256.23s         Find the Target Application 'app.ahoibrowser.AhoiBrowser'
    t =   256.25s         Find the Target Application 'app.ahoibrowser.AhoiBrowser'
    t =   256.28s         Find the Target Application 'app.ahoibrowser.AhoiBrowser'
    t =   256.30s         Find the Target Application 'app.ahoibrowser.AhoiBrowser'
    t =   256.33s         Find the Target Application 'app.ahoibrowser.AhoiBrowser'
    t =   257.10s     Wait for app.ahoibrowser.AhoiBrowser to idle
    t =   257.79s Waiting 1.0s for "browser.actions.home-state" StaticText to exist
    t =   258.80s     Checking `Expect predicate `existsNoRetry == 1` for object "browser.actions.home-state" StaticText`
    t =   258.80s         Checking existence of `"browser.actions.home-state" StaticText`
    t =   258.86s     Checking existence of `"browser.actions.home-state" StaticText`
    t =   258.91s Find the "browser.actions.home-state" StaticText
    t =   260.00s Checking `Expect predicate `label IN {"An der Ausgangsadresse", "At Home Address"}` for object "browser.actions.home-state" StaticText`
    t =   260.00s     Find the "browser.actions.home-state" StaticText
    t =   260.05s Find the Target Application 'app.ahoibrowser.AhoiBrowser'
    t =   260.15s Added attachment named 'home-returned-after-relaunch'
    t =   260.15s Waiting 1.0s for "browser.actions.done" Button to exist
    t =   261.15s     Checking `Expect predicate `existsNoRetry == 1` for object "browser.actions.done" Button`
    t =   261.15s         Checking existence of `"browser.actions.done" Button`
    t =   261.20s     Checking existence of `"browser.actions.done" Button`
    t =   261.25s Waiting 10.0s for "browser.actions.done" Button to exist
    t =   262.28s     Checking `Expect predicate `existsNoRetry == 1` for object "browser.actions.done" Button`
    t =   262.28s         Checking existence of `"browser.actions.done" Button`
    t =   263.36s Checking `Expect predicate `hittable == 1` for object "browser.actions.done" Button`
    t =   263.36s     Find the "browser.actions.done" Button
    t =   263.43s Tap "browser.actions.done" Button
    t =   263.43s     Wait for app.ahoibrowser.AhoiBrowser to idle
    t =   263.43s     Find the "browser.actions.done" Button
    t =   263.47s     Check for interrupting elements affecting "browser.actions.done" Button
    t =   263.52s     Synthesize event
    t =   263.81s     Wait for app.ahoibrowser.AhoiBrowser to idle
    t =   264.19s Waiting 10.0s for "browser.actions.done" Button to not exist
    t =   265.21s     Checking `Expect predicate `existsNoRetry == 0` for object "browser.actions.done" Button`
    t =   265.21s         Checking existence of `"browser.actions.done" Button`
    t =   265.24s Terminate app.ahoibrowser.AhoiBrowser:66697
    t =   266.32s Tear Down
Test Case '-[AhoiMobileUITests.MobileSavedPageHomeUITests testSavedPageHomeAddressReturnSetAndRestore]' passed (266.702 seconds).
Test Suite 'MobileSavedPageHomeUITests' passed at 2026-10-05 11:23:33.650.
	 Executed 1 test, with 0 failures (0 unexpected) in 266.702 (266.703) seconds
Test Suite 'AhoiMobileUITests.xctest' failed at 2026-10-05 11:23:33.651.
	 Executed 2 tests, with 1 failure (0 unexpected) in 282.428 (282.435) seconds
Test Suite 'Selected tests' failed at 2026-10-05 11:23:33.651.
	 Executed 2 tests, with 1 failure (0 unexpected) in 282.428 (282.436) seconds
2026-10-05 11:23:33.962 xcodebuild[64078:10616631] [MT] IDETestOperationsObserverDebug: 286.673 elapsed -- Testing started completed.
2026-10-05 11:23:33.962 xcodebuild[64078:10616631] [MT] IDETestOperationsObserverDebug: 0.000 sec, +0.000 sec -- start
2026-10-05 11:23:33.962 xcodebuild[64078:10616631] [MT] IDETestOperationsObserverDebug: 286.673 sec, +286.673 sec -- end

Test session results, code coverage, and logs:
	/Volumes/Daten/Inhouse/Scratch/ahoi-mobile-focus-e27dd243/c5bf8.xcresult

Failing tests:
	MobileBrowserAccessibilityAppearanceUITests.testHardwareEscapeDismissesFocusedAddressPresentationWhenXCUIDeliversIt()

** TEST EXECUTE FAILED **

Testing started
