Command line invocation:
    /Applications/Xcode.app/Contents/Developer/usr/bin/xcodebuild -project apps/AhoiMobile/AhoiMobile.xcodeproj -scheme AhoiMobile -configuration DebugLocal -destination "platform=iOS Simulator,id=712F0CD5-D7F9-4B4B-8254-CFBCA4D138F9" -derivedDataPath /private/tmp/ahoi-mobile-4113c14-ipad-derived -resultBundlePath /private/tmp/ahoi-mobile-4113c14-ipad-build-01.xcresult -parallel-testing-enabled NO AHOI_SOURCE_COMMIT=4113c14c1e0d21061a1c5927e25ab55663d547a7 AHOI_MOBILE_MARKETING_VERSION=0.1 AHOI_MOBILE_BUILD_NUMBER=1 AHOI_APP_USES_NON_EXEMPT_ENCRYPTION=NO build-for-testing

Build settings from command line:
    AHOI_APP_USES_NON_EXEMPT_ENCRYPTION = NO
    AHOI_MOBILE_BUILD_NUMBER = 1
    AHOI_MOBILE_MARKETING_VERSION = 0.1
    AHOI_SOURCE_COMMIT = 4113c14c1e0d21061a1c5927e25ab55663d547a7

Resolve Package Graph


Resolved source packages:
  AhoiCloudKitSpike: /Volumes/Macintosh HD - Daten/Cloud/Projekte/Apps/Plattformuebergreifend/AhoiBrowser/spikes/cloudkit

Writing result bundle at path:
	/private/tmp/ahoi-mobile-4113c14-ipad-build-01.xcresult

ComputePackagePrebuildTargetDependencyGraph

Prepare packages

CreateBuildRequest

SendProjectDescription

CreateBuildOperation

ComputeTargetDependencyGraph
note: Building targets in dependency order
note: Target dependency graph (6 targets)
    Target 'AhoiMobileUITests' in project 'AhoiMobile'
        ➜ Explicit dependency on target 'AhoiMobile' in project 'AhoiMobile'
    Target 'AhoiMobileCoreTests' in project 'AhoiMobile'
        ➜ Explicit dependency on target 'AhoiMobileCore' in project 'AhoiMobile'
        ➜ Explicit dependency on target 'AhoiCloudKitSpike' in project 'AhoiCloudKitSpike'
    Target 'AhoiMobile' in project 'AhoiMobile'
        ➜ Explicit dependency on target 'AhoiMobileCore' in project 'AhoiMobile'
        ➜ Explicit dependency on target 'AhoiCloudKitSpike' in project 'AhoiCloudKitSpike'
    Target 'AhoiMobileCore' in project 'AhoiMobile'
        ➜ Explicit dependency on target 'AhoiCloudKitSpike' in project 'AhoiCloudKitSpike'
    Target 'AhoiCloudKitSpike' in project 'AhoiCloudKitSpike'
        ➜ Explicit dependency on target 'AhoiCloudKitSpike' in project 'AhoiCloudKitSpike'
    Target 'AhoiCloudKitSpike' in project 'AhoiCloudKitSpike' (no dependencies)

GatherProvisioningInputs

CreateBuildDescription

ExecuteExternalTool /Applications/Xcode.app/Contents/Developer/usr/bin/xcstringstool compile --dry-run --output-directory /tmp/ahoi-mobile-4113c14-ipad-derived/Build/Intermediates.noindex/AhoiMobile.build/DebugLocal-iphonesimulator/AhoiMobileCore.build /Volumes/Macintosh HD - Daten/Cloud/Projekte/Apps/Plattformuebergreifend/AhoiBrowser/apps/AhoiMobile/Sources/AhoiMobileCore/Resources/Localizable.xcstrings

ExecuteExternalTool /Applications/Xcode.app/Contents/Developer/Toolchains/XcodeDefault.xctoolchain/usr/bin/swiftc --version

ExecuteExternalTool /Applications/Xcode.app/Contents/Developer/Toolchains/XcodeDefault.xctoolchain/usr/bin/clang -v -E -dM -isysroot /Applications/Xcode.app/Contents/Developer/Platforms/iPhoneSimulator.platform/Developer/SDKs/iPhoneSimulator26.5.sdk -x c -c /dev/null

ExecuteExternalTool /Applications/Xcode.app/Contents/Developer/Toolchains/XcodeDefault.xctoolchain/usr/bin/clang -v -E -dM -arch arm64 -isysroot /Applications/Xcode.app/Contents/Developer/Platforms/iPhoneSimulator.platform/Developer/SDKs/iPhoneSimulator26.5.sdk -x c -c /dev/null

ExecuteExternalTool /Applications/Xcode.app/Contents/Developer/Toolchains/XcodeDefault.xctoolchain/usr/bin/ld -version_details

ExecuteExternalTool /Applications/Xcode.app/Contents/Developer/usr/bin/actool --print-asset-tag-combinations --output-format xml1 /Volumes/Macintosh HD - Daten/Cloud/Projekte/Apps/Plattformuebergreifend/AhoiBrowser/apps/AhoiMobile/Sources/AhoiMobileApp/Assets.xcassets

ExecuteExternalTool /Applications/Xcode.app/Contents/Developer/usr/bin/actool --version --output-format xml1

Build description signature: 6eb2395d23e486cd5f78ce2b7dbf5e83
Build description path: /tmp/ahoi-mobile-4113c14-ipad-derived/Build/Intermediates.noindex/XCBuildData/6eb2395d23e486cd5f78ce2b7dbf5e83.xcbuilddata
ClangStatCache /Applications/Xcode.app/Contents/Developer/Toolchains/XcodeDefault.xctoolchain/usr/bin/clang-stat-cache /Applications/Xcode.app/Contents/Developer/Platforms/iPhoneSimulator.platform/Developer/SDKs/iPhoneSimulator26.5.sdk /tmp/ahoi-mobile-4113c14-ipad-derived/SDKStatCaches.noindex/iphonesimulator26.5-23F81a-688ef53f1462e2c8f657fdc38a81448f6cfe768891a92b912361537c460fe42b.sdkstatcache
    cd /Volumes/Macintosh\ HD\ -\ Daten/Cloud/Projekte/Apps/Plattformuebergreifend/AhoiBrowser/apps/AhoiMobile/AhoiMobile.xcodeproj
    /Applications/Xcode.app/Contents/Developer/Toolchains/XcodeDefault.xctoolchain/usr/bin/clang-stat-cache /Applications/Xcode.app/Contents/Developer/Platforms/iPhoneSimulator.platform/Developer/SDKs/iPhoneSimulator26.5.sdk -o /tmp/ahoi-mobile-4113c14-ipad-derived/SDKStatCaches.noindex/iphonesimulator26.5-23F81a-688ef53f1462e2c8f657fdc38a81448f6cfe768891a92b912361537c460fe42b.sdkstatcache

CreateBuildDirectory /tmp/ahoi-mobile-4113c14-ipad-derived/Build/Products
    cd /Volumes/Macintosh\ HD\ -\ Daten/Cloud/Projekte/Apps/Plattformuebergreifend/AhoiBrowser/apps/AhoiMobile/AhoiMobile.xcodeproj
    builtin-create-build-directory /tmp/ahoi-mobile-4113c14-ipad-derived/Build/Products

CreateBuildDirectory /tmp/ahoi-mobile-4113c14-ipad-derived/Build/Intermediates.noindex
    cd /Volumes/Macintosh\ HD\ -\ Daten/Cloud/Projekte/Apps/Plattformuebergreifend/AhoiBrowser/apps/AhoiMobile/AhoiMobile.xcodeproj
    builtin-create-build-directory /tmp/ahoi-mobile-4113c14-ipad-derived/Build/Intermediates.noindex

CreateBuildDirectory /tmp/ahoi-mobile-4113c14-ipad-derived/Build/Products/DebugLocal-iphonesimulator
    cd /Volumes/Macintosh\ HD\ -\ Daten/Cloud/Projekte/Apps/Plattformuebergreifend/AhoiBrowser/apps/AhoiMobile/AhoiMobile.xcodeproj
    builtin-create-build-directory /tmp/ahoi-mobile-4113c14-ipad-derived/Build/Products/DebugLocal-iphonesimulator

CreateBuildDirectory /tmp/ahoi-mobile-4113c14-ipad-derived/Build/Intermediates.noindex/ExplicitPrecompiledModules
    cd /Volumes/Macintosh\ HD\ -\ Daten/Cloud/Projekte/Apps/Plattformuebergreifend/AhoiBrowser/apps/AhoiMobile/AhoiMobile.xcodeproj
    builtin-create-build-directory /tmp/ahoi-mobile-4113c14-ipad-derived/Build/Intermediates.noindex/ExplicitPrecompiledModules

CreateBuildDirectory /tmp/ahoi-mobile-4113c14-ipad-derived/Build/Intermediates.noindex/SwiftExplicitPrecompiledModules
    cd /Volumes/Macintosh\ HD\ -\ Daten/Cloud/Projekte/Apps/Plattformuebergreifend/AhoiBrowser/apps/AhoiMobile/AhoiMobile.xcodeproj
    builtin-create-build-directory /tmp/ahoi-mobile-4113c14-ipad-derived/Build/Intermediates.noindex/SwiftExplicitPrecompiledModules

CreateBuildDirectory /tmp/ahoi-mobile-4113c14-ipad-derived/Build/Intermediates.noindex/EagerLinkingTBDs/DebugLocal-iphonesimulator
    cd /Volumes/Macintosh\ HD\ -\ Daten/Cloud/Projekte/Apps/Plattformuebergreifend/AhoiBrowser/apps/AhoiMobile/AhoiMobile.xcodeproj
    builtin-create-build-directory /tmp/ahoi-mobile-4113c14-ipad-derived/Build/Intermediates.noindex/EagerLinkingTBDs/DebugLocal-iphonesimulator

WriteAuxiliaryFile /tmp/ahoi-mobile-4113c14-ipad-derived/Build/Intermediates.noindex/AhoiMobile.build/DebugLocal-iphonesimulator/AhoiMobile-a44a3a976db28ace36eae5fb72a0335b-VFS-iphonesimulator/all-product-headers.yaml
    cd /Volumes/Macintosh\ HD\ -\ Daten/Cloud/Projekte/Apps/Plattformuebergreifend/AhoiBrowser/apps/AhoiMobile/AhoiMobile.xcodeproj
    write-file /tmp/ahoi-mobile-4113c14-ipad-derived/Build/Intermediates.noindex/AhoiMobile.build/DebugLocal-iphonesimulator/AhoiMobile-a44a3a976db28ace36eae5fb72a0335b-VFS-iphonesimulator/all-product-headers.yaml

CreateBuildDirectory /tmp/ahoi-mobile-4113c14-ipad-derived/Build/Products/DebugLocal-iphonesimulator/PackageFrameworks
    cd /Volumes/Macintosh\ HD\ -\ Daten/Cloud/Projekte/Apps/Plattformuebergreifend/AhoiBrowser/apps/AhoiMobile/AhoiMobile.xcodeproj
    builtin-create-build-directory /tmp/ahoi-mobile-4113c14-ipad-derived/Build/Products/DebugLocal-iphonesimulator/PackageFrameworks

MkDir /tmp/ahoi-mobile-4113c14-ipad-derived/Build/Products/DebugLocal-iphonesimulator/PackageFrameworks/AhoiCloudKitSpike_58C48334F00BB1AD_PackageProduct.framework (in target 'AhoiCloudKitSpike' from project 'AhoiCloudKitSpike')
    cd /Volumes/Macintosh\ HD\ -\ Daten/Cloud/Projekte/Apps/Plattformuebergreifend/AhoiBrowser/spikes/cloudkit
    /bin/mkdir -p /tmp/ahoi-mobile-4113c14-ipad-derived/Build/Products/DebugLocal-iphonesimulator/PackageFrameworks/AhoiCloudKitSpike_58C48334F00BB1AD_PackageProduct.framework

WriteAuxiliaryFile /tmp/ahoi-mobile-4113c14-ipad-derived/Build/Intermediates.noindex/AhoiMobile.build/DebugLocal-iphonesimulator/AhoiMobileUITests.build/ProductTypeInfoPlistAdditions.plist (in target 'AhoiMobileUITests' from project 'AhoiMobile')
    cd /Volumes/Macintosh\ HD\ -\ Daten/Cloud/Projekte/Apps/Plattformuebergreifend/AhoiBrowser/apps/AhoiMobile
    write-file /tmp/ahoi-mobile-4113c14-ipad-derived/Build/Intermediates.noindex/AhoiMobile.build/DebugLocal-iphonesimulator/AhoiMobileUITests.build/ProductTypeInfoPlistAdditions.plist

WriteAuxiliaryFile /tmp/ahoi-mobile-4113c14-ipad-derived/Build/Intermediates.noindex/AhoiMobile.build/DebugLocal-iphonesimulator/AhoiMobileUITests.build/AhoiMobileUITests.hmap (in target 'AhoiMobileUITests' from project 'AhoiMobile')
    cd /Volumes/Macintosh\ HD\ -\ Daten/Cloud/Projekte/Apps/Plattformuebergreifend/AhoiBrowser/apps/AhoiMobile
    write-file /tmp/ahoi-mobile-4113c14-ipad-derived/Build/Intermediates.noindex/AhoiMobile.build/DebugLocal-iphonesimulator/AhoiMobileUITests.build/AhoiMobileUITests.hmap

WriteAuxiliaryFile /tmp/ahoi-mobile-4113c14-ipad-derived/Build/Intermediates.noindex/AhoiMobile.build/DebugLocal-iphonesimulator/AhoiMobileUITests.build/AhoiMobileUITests-project-headers.hmap (in target 'AhoiMobileUITests' from project 'AhoiMobile')
    cd /Volumes/Macintosh\ HD\ -\ Daten/Cloud/Projekte/Apps/Plattformuebergreifend/AhoiBrowser/apps/AhoiMobile
    write-file /tmp/ahoi-mobile-4113c14-ipad-derived/Build/Intermediates.noindex/AhoiMobile.build/DebugLocal-iphonesimulator/AhoiMobileUITests.build/AhoiMobileUITests-project-headers.hmap

WriteAuxiliaryFile /tmp/ahoi-mobile-4113c14-ipad-derived/Build/Intermediates.noindex/AhoiMobile.build/DebugLocal-iphonesimulator/AhoiMobileUITests.build/DerivedSources/Entitlements-Simulated.plist (in target 'AhoiMobileUITests' from project 'AhoiMobile')
    cd /Volumes/Macintosh\ HD\ -\ Daten/Cloud/Projekte/Apps/Plattformuebergreifend/AhoiBrowser/apps/AhoiMobile
    write-file /tmp/ahoi-mobile-4113c14-ipad-derived/Build/Intermediates.noindex/AhoiMobile.build/DebugLocal-iphonesimulator/AhoiMobileUITests.build/DerivedSources/Entitlements-Simulated.plist

WriteAuxiliaryFile /tmp/ahoi-mobile-4113c14-ipad-derived/Build/Intermediates.noindex/AhoiCloudKitSpike.build/DebugLocal-iphonesimulator/AhoiCloudKitSpike\ product.build/empty-AhoiCloudKitSpike_58C48334F00BB1AD_PackageProduct.plist (in target 'AhoiCloudKitSpike' from project 'AhoiCloudKitSpike')
    cd /Volumes/Macintosh\ HD\ -\ Daten/Cloud/Projekte/Apps/Plattformuebergreifend/AhoiBrowser/spikes/cloudkit
    write-file /tmp/ahoi-mobile-4113c14-ipad-derived/Build/Intermediates.noindex/AhoiCloudKitSpike.build/DebugLocal-iphonesimulator/AhoiCloudKitSpike\ product.build/empty-AhoiCloudKitSpike_58C48334F00BB1AD_PackageProduct.plist

WriteAuxiliaryFile /tmp/ahoi-mobile-4113c14-ipad-derived/Build/Intermediates.noindex/AhoiCloudKitSpike.build/DebugLocal-iphonesimulator/AhoiCloudKitSpike\ product.build/AhoiCloudKitSpike_58C48334F00BB1AD_PackageProduct.DependencyMetadataFileList (in target 'AhoiCloudKitSpike' from project 'AhoiCloudKitSpike')
    cd /Volumes/Macintosh\ HD\ -\ Daten/Cloud/Projekte/Apps/Plattformuebergreifend/AhoiBrowser/spikes/cloudkit
    write-file /tmp/ahoi-mobile-4113c14-ipad-derived/Build/Intermediates.noindex/AhoiCloudKitSpike.build/DebugLocal-iphonesimulator/AhoiCloudKitSpike\ product.build/AhoiCloudKitSpike_58C48334F00BB1AD_PackageProduct.DependencyMetadataFileList

WriteAuxiliaryFile /tmp/ahoi-mobile-4113c14-ipad-derived/Build/Intermediates.noindex/AhoiMobile.build/DebugLocal-iphonesimulator/AhoiMobileUITests.build/empty-AhoiMobileUITests.plist (in target 'AhoiMobileUITests' from project 'AhoiMobile')
    cd /Volumes/Macintosh\ HD\ -\ Daten/Cloud/Projekte/Apps/Plattformuebergreifend/AhoiBrowser/apps/AhoiMobile
    write-file /tmp/ahoi-mobile-4113c14-ipad-derived/Build/Intermediates.noindex/AhoiMobile.build/DebugLocal-iphonesimulator/AhoiMobileUITests.build/empty-AhoiMobileUITests.plist

WriteAuxiliaryFile /tmp/ahoi-mobile-4113c14-ipad-derived/Build/Intermediates.noindex/AhoiCloudKitSpike.build/DebugLocal-iphonesimulator/AhoiCloudKitSpike\ product.build/AhoiCloudKitSpike_58C48334F00BB1AD_PackageProduct.DependencyStaticMetadataFileList (in target 'AhoiCloudKitSpike' from project 'AhoiCloudKitSpike')
    cd /Volumes/Macintosh\ HD\ -\ Daten/Cloud/Projekte/Apps/Plattformuebergreifend/AhoiBrowser/spikes/cloudkit
    write-file /tmp/ahoi-mobile-4113c14-ipad-derived/Build/Intermediates.noindex/AhoiCloudKitSpike.build/DebugLocal-iphonesimulator/AhoiCloudKitSpike\ product.build/AhoiCloudKitSpike_58C48334F00BB1AD_PackageProduct.DependencyStaticMetadataFileList

WriteAuxiliaryFile /tmp/ahoi-mobile-4113c14-ipad-derived/Build/Intermediates.noindex/AhoiMobile.build/DebugLocal-iphonesimulator/AhoiMobileUITests.build/Objects-normal/arm64/AhoiMobileUITests-OutputFileMap.json (in target 'AhoiMobileUITests' from project 'AhoiMobile')
    cd /Volumes/Macintosh\ HD\ -\ Daten/Cloud/Projekte/Apps/Plattformuebergreifend/AhoiBrowser/apps/AhoiMobile
    write-file /tmp/ahoi-mobile-4113c14-ipad-derived/Build/Intermediates.noindex/AhoiMobile.build/DebugLocal-iphonesimulator/AhoiMobileUITests.build/Objects-normal/arm64/AhoiMobileUITests-OutputFileMap.json

WriteAuxiliaryFile /tmp/ahoi-mobile-4113c14-ipad-derived/Build/Intermediates.noindex/AhoiMobile.build/DebugLocal-iphonesimulator/AhoiMobileUITests.build/Objects-normal/arm64/AhoiMobileUITests_const_extract_protocols.json (in target 'AhoiMobileUITests' from project 'AhoiMobile')
    cd /Volumes/Macintosh\ HD\ -\ Daten/Cloud/Projekte/Apps/Plattformuebergreifend/AhoiBrowser/apps/AhoiMobile
    write-file /tmp/ahoi-mobile-4113c14-ipad-derived/Build/Intermediates.noindex/AhoiMobile.build/DebugLocal-iphonesimulator/AhoiMobileUITests.build/Objects-normal/arm64/AhoiMobileUITests_const_extract_protocols.json

WriteAuxiliaryFile /tmp/ahoi-mobile-4113c14-ipad-derived/Build/Intermediates.noindex/AhoiMobile.build/DebugLocal-iphonesimulator/AhoiMobileUITests.build/Objects-normal/arm64/AhoiMobileUITests.SwiftFileList (in target 'AhoiMobileUITests' from project 'AhoiMobile')
    cd /Volumes/Macintosh\ HD\ -\ Daten/Cloud/Projekte/Apps/Plattformuebergreifend/AhoiBrowser/apps/AhoiMobile
    write-file /tmp/ahoi-mobile-4113c14-ipad-derived/Build/Intermediates.noindex/AhoiMobile.build/DebugLocal-iphonesimulator/AhoiMobileUITests.build/Objects-normal/arm64/AhoiMobileUITests.SwiftFileList

WriteAuxiliaryFile /tmp/ahoi-mobile-4113c14-ipad-derived/Build/Intermediates.noindex/AhoiMobile.build/DebugLocal-iphonesimulator/AhoiMobileUITests.build/Objects-normal/arm64/AhoiMobileUITests.SwiftConstValuesFileList (in target 'AhoiMobileUITests' from project 'AhoiMobile')
    cd /Volumes/Macintosh\ HD\ -\ Daten/Cloud/Projekte/Apps/Plattformuebergreifend/AhoiBrowser/apps/AhoiMobile
    write-file /tmp/ahoi-mobile-4113c14-ipad-derived/Build/Intermediates.noindex/AhoiMobile.build/DebugLocal-iphonesimulator/AhoiMobileUITests.build/Objects-normal/arm64/AhoiMobileUITests.SwiftConstValuesFileList

WriteAuxiliaryFile /tmp/ahoi-mobile-4113c14-ipad-derived/Build/Intermediates.noindex/AhoiMobile.build/DebugLocal-iphonesimulator/AhoiMobileUITests.build/Objects-normal/arm64/AhoiMobileUITests.LinkFileList (in target 'AhoiMobileUITests' from project 'AhoiMobile')
    cd /Volumes/Macintosh\ HD\ -\ Daten/Cloud/Projekte/Apps/Plattformuebergreifend/AhoiBrowser/apps/AhoiMobile
    write-file /tmp/ahoi-mobile-4113c14-ipad-derived/Build/Intermediates.noindex/AhoiMobile.build/DebugLocal-iphonesimulator/AhoiMobileUITests.build/Objects-normal/arm64/AhoiMobileUITests.LinkFileList

WriteAuxiliaryFile /tmp/ahoi-mobile-4113c14-ipad-derived/Build/Intermediates.noindex/AhoiMobile.build/DebugLocal-iphonesimulator/AhoiMobileUITests.build/AhoiMobileUITests.DependencyStaticMetadataFileList (in target 'AhoiMobileUITests' from project 'AhoiMobile')
    cd /Volumes/Macintosh\ HD\ -\ Daten/Cloud/Projekte/Apps/Plattformuebergreifend/AhoiBrowser/apps/AhoiMobile
    write-file /tmp/ahoi-mobile-4113c14-ipad-derived/Build/Intermediates.noindex/AhoiMobile.build/DebugLocal-iphonesimulator/AhoiMobileUITests.build/AhoiMobileUITests.DependencyStaticMetadataFileList

WriteAuxiliaryFile /tmp/ahoi-mobile-4113c14-ipad-derived/Build/Intermediates.noindex/AhoiMobile.build/DebugLocal-iphonesimulator/AhoiMobileUITests.build/AhoiMobileUITests.DependencyMetadataFileList (in target 'AhoiMobileUITests' from project 'AhoiMobile')
    cd /Volumes/Macintosh\ HD\ -\ Daten/Cloud/Projekte/Apps/Plattformuebergreifend/AhoiBrowser/apps/AhoiMobile
    write-file /tmp/ahoi-mobile-4113c14-ipad-derived/Build/Intermediates.noindex/AhoiMobile.build/DebugLocal-iphonesimulator/AhoiMobileUITests.build/AhoiMobileUITests.DependencyMetadataFileList

WriteAuxiliaryFile /tmp/ahoi-mobile-4113c14-ipad-derived/Build/Intermediates.noindex/AhoiMobile.build/DebugLocal-iphonesimulator/AhoiMobileUITests.build/AhoiMobileUITests-own-target-headers.hmap (in target 'AhoiMobileUITests' from project 'AhoiMobile')
    cd /Volumes/Macintosh\ HD\ -\ Daten/Cloud/Projekte/Apps/Plattformuebergreifend/AhoiBrowser/apps/AhoiMobile
    write-file /tmp/ahoi-mobile-4113c14-ipad-derived/Build/Intermediates.noindex/AhoiMobile.build/DebugLocal-iphonesimulator/AhoiMobileUITests.build/AhoiMobileUITests-own-target-headers.hmap

WriteAuxiliaryFile /tmp/ahoi-mobile-4113c14-ipad-derived/Build/Intermediates.noindex/AhoiMobile.build/DebugLocal-iphonesimulator/AhoiMobileUITests.build/AhoiMobileUITests-generated-files.hmap (in target 'AhoiMobileUITests' from project 'AhoiMobile')
    cd /Volumes/Macintosh\ HD\ -\ Daten/Cloud/Projekte/Apps/Plattformuebergreifend/AhoiBrowser/apps/AhoiMobile
    write-file /tmp/ahoi-mobile-4113c14-ipad-derived/Build/Intermediates.noindex/AhoiMobile.build/DebugLocal-iphonesimulator/AhoiMobileUITests.build/AhoiMobileUITests-generated-files.hmap

WriteAuxiliaryFile /tmp/ahoi-mobile-4113c14-ipad-derived/Build/Intermediates.noindex/AhoiMobile.build/DebugLocal-iphonesimulator/AhoiMobileUITests.build/AhoiMobileUITests-all-target-headers.hmap (in target 'AhoiMobileUITests' from project 'AhoiMobile')
    cd /Volumes/Macintosh\ HD\ -\ Daten/Cloud/Projekte/Apps/Plattformuebergreifend/AhoiBrowser/apps/AhoiMobile
    write-file /tmp/ahoi-mobile-4113c14-ipad-derived/Build/Intermediates.noindex/AhoiMobile.build/DebugLocal-iphonesimulator/AhoiMobileUITests.build/AhoiMobileUITests-all-target-headers.hmap

WriteAuxiliaryFile /tmp/ahoi-mobile-4113c14-ipad-derived/Build/Intermediates.noindex/AhoiMobile.build/DebugLocal-iphonesimulator/AhoiMobileUITests.build/AhoiMobileUITests-all-non-framework-target-headers.hmap (in target 'AhoiMobileUITests' from project 'AhoiMobile')
    cd /Volumes/Macintosh\ HD\ -\ Daten/Cloud/Projekte/Apps/Plattformuebergreifend/AhoiBrowser/apps/AhoiMobile
    write-file /tmp/ahoi-mobile-4113c14-ipad-derived/Build/Intermediates.noindex/AhoiMobile.build/DebugLocal-iphonesimulator/AhoiMobileUITests.build/AhoiMobileUITests-all-non-framework-target-headers.hmap

WriteAuxiliaryFile /tmp/ahoi-mobile-4113c14-ipad-derived/Build/Intermediates.noindex/AhoiMobile.build/DebugLocal-iphonesimulator/AhoiMobileCoreTests.build/empty-AhoiMobileCoreTests.plist (in target 'AhoiMobileCoreTests' from project 'AhoiMobile')
    cd /Volumes/Macintosh\ HD\ -\ Daten/Cloud/Projekte/Apps/Plattformuebergreifend/AhoiBrowser/apps/AhoiMobile
    write-file /tmp/ahoi-mobile-4113c14-ipad-derived/Build/Intermediates.noindex/AhoiMobile.build/DebugLocal-iphonesimulator/AhoiMobileCoreTests.build/empty-AhoiMobileCoreTests.plist

WriteAuxiliaryFile /tmp/ahoi-mobile-4113c14-ipad-derived/Build/Intermediates.noindex/AhoiMobile.build/DebugLocal-iphonesimulator/AhoiMobileCoreTests.build/Objects-normal/arm64/AhoiMobileCoreTests_const_extract_protocols.json (in target 'AhoiMobileCoreTests' from project 'AhoiMobile')
    cd /Volumes/Macintosh\ HD\ -\ Daten/Cloud/Projekte/Apps/Plattformuebergreifend/AhoiBrowser/apps/AhoiMobile
    write-file /tmp/ahoi-mobile-4113c14-ipad-derived/Build/Intermediates.noindex/AhoiMobile.build/DebugLocal-iphonesimulator/AhoiMobileCoreTests.build/Objects-normal/arm64/AhoiMobileCoreTests_const_extract_protocols.json

WriteAuxiliaryFile /tmp/ahoi-mobile-4113c14-ipad-derived/Build/Intermediates.noindex/AhoiMobile.build/DebugLocal-iphonesimulator/AhoiMobileCoreTests.build/Objects-normal/arm64/AhoiMobileCoreTests.SwiftFileList (in target 'AhoiMobileCoreTests' from project 'AhoiMobile')
    cd /Volumes/Macintosh\ HD\ -\ Daten/Cloud/Projekte/Apps/Plattformuebergreifend/AhoiBrowser/apps/AhoiMobile
    write-file /tmp/ahoi-mobile-4113c14-ipad-derived/Build/Intermediates.noindex/AhoiMobile.build/DebugLocal-iphonesimulator/AhoiMobileCoreTests.build/Objects-normal/arm64/AhoiMobileCoreTests.SwiftFileList

WriteAuxiliaryFile /tmp/ahoi-mobile-4113c14-ipad-derived/Build/Intermediates.noindex/AhoiMobile.build/DebugLocal-iphonesimulator/AhoiMobileCoreTests.build/Objects-normal/arm64/AhoiMobileCoreTests.SwiftConstValuesFileList (in target 'AhoiMobileCoreTests' from project 'AhoiMobile')
    cd /Volumes/Macintosh\ HD\ -\ Daten/Cloud/Projekte/Apps/Plattformuebergreifend/AhoiBrowser/apps/AhoiMobile
    write-file /tmp/ahoi-mobile-4113c14-ipad-derived/Build/Intermediates.noindex/AhoiMobile.build/DebugLocal-iphonesimulator/AhoiMobileCoreTests.build/Objects-normal/arm64/AhoiMobileCoreTests.SwiftConstValuesFileList

WriteAuxiliaryFile /tmp/ahoi-mobile-4113c14-ipad-derived/Build/Intermediates.noindex/AhoiMobile.build/DebugLocal-iphonesimulator/AhoiMobileCoreTests.build/Objects-normal/arm64/AhoiMobileCoreTests.LinkFileList (in target 'AhoiMobileCoreTests' from project 'AhoiMobile')
    cd /Volumes/Macintosh\ HD\ -\ Daten/Cloud/Projekte/Apps/Plattformuebergreifend/AhoiBrowser/apps/AhoiMobile
    write-file /tmp/ahoi-mobile-4113c14-ipad-derived/Build/Intermediates.noindex/AhoiMobile.build/DebugLocal-iphonesimulator/AhoiMobileCoreTests.build/Objects-normal/arm64/AhoiMobileCoreTests.LinkFileList

WriteAuxiliaryFile /tmp/ahoi-mobile-4113c14-ipad-derived/Build/Intermediates.noindex/AhoiMobile.build/DebugLocal-iphonesimulator/AhoiMobileCoreTests.build/Objects-normal/arm64/AhoiMobileCoreTests-OutputFileMap.json (in target 'AhoiMobileCoreTests' from project 'AhoiMobile')
    cd /Volumes/Macintosh\ HD\ -\ Daten/Cloud/Projekte/Apps/Plattformuebergreifend/AhoiBrowser/apps/AhoiMobile
    write-file /tmp/ahoi-mobile-4113c14-ipad-derived/Build/Intermediates.noindex/AhoiMobile.build/DebugLocal-iphonesimulator/AhoiMobileCoreTests.build/Objects-normal/arm64/AhoiMobileCoreTests-OutputFileMap.json

WriteAuxiliaryFile /tmp/ahoi-mobile-4113c14-ipad-derived/Build/Intermediates.noindex/AhoiMobile.build/DebugLocal-iphonesimulator/AhoiMobileCoreTests.build/AhoiMobileCoreTests.hmap (in target 'AhoiMobileCoreTests' from project 'AhoiMobile')
    cd /Volumes/Macintosh\ HD\ -\ Daten/Cloud/Projekte/Apps/Plattformuebergreifend/AhoiBrowser/apps/AhoiMobile
    write-file /tmp/ahoi-mobile-4113c14-ipad-derived/Build/Intermediates.noindex/AhoiMobile.build/DebugLocal-iphonesimulator/AhoiMobileCoreTests.build/AhoiMobileCoreTests.hmap

WriteAuxiliaryFile /tmp/ahoi-mobile-4113c14-ipad-derived/Build/Intermediates.noindex/AhoiMobile.build/DebugLocal-iphonesimulator/AhoiMobileCoreTests.build/AhoiMobileCoreTests.DependencyStaticMetadataFileList (in target 'AhoiMobileCoreTests' from project 'AhoiMobile')
    cd /Volumes/Macintosh\ HD\ -\ Daten/Cloud/Projekte/Apps/Plattformuebergreifend/AhoiBrowser/apps/AhoiMobile
    write-file /tmp/ahoi-mobile-4113c14-ipad-derived/Build/Intermediates.noindex/AhoiMobile.build/DebugLocal-iphonesimulator/AhoiMobileCoreTests.build/AhoiMobileCoreTests.DependencyStaticMetadataFileList

WriteAuxiliaryFile /tmp/ahoi-mobile-4113c14-ipad-derived/Build/Intermediates.noindex/AhoiMobile.build/DebugLocal-iphonesimulator/AhoiMobileCoreTests.build/AhoiMobileCoreTests.DependencyMetadataFileList (in target 'AhoiMobileCoreTests' from project 'AhoiMobile')
    cd /Volumes/Macintosh\ HD\ -\ Daten/Cloud/Projekte/Apps/Plattformuebergreifend/AhoiBrowser/apps/AhoiMobile
    write-file /tmp/ahoi-mobile-4113c14-ipad-derived/Build/Intermediates.noindex/AhoiMobile.build/DebugLocal-iphonesimulator/AhoiMobileCoreTests.build/AhoiMobileCoreTests.DependencyMetadataFileList

WriteAuxiliaryFile /tmp/ahoi-mobile-4113c14-ipad-derived/Build/Intermediates.noindex/AhoiMobile.build/DebugLocal-iphonesimulator/AhoiMobileCoreTests.build/AhoiMobileCoreTests-project-headers.hmap (in target 'AhoiMobileCoreTests' from project 'AhoiMobile')
    cd /Volumes/Macintosh\ HD\ -\ Daten/Cloud/Projekte/Apps/Plattformuebergreifend/AhoiBrowser/apps/AhoiMobile
    write-file /tmp/ahoi-mobile-4113c14-ipad-derived/Build/Intermediates.noindex/AhoiMobile.build/DebugLocal-iphonesimulator/AhoiMobileCoreTests.build/AhoiMobileCoreTests-project-headers.hmap

WriteAuxiliaryFile /tmp/ahoi-mobile-4113c14-ipad-derived/Build/Intermediates.noindex/AhoiMobile.build/DebugLocal-iphonesimulator/AhoiMobileCoreTests.build/AhoiMobileCoreTests-own-target-headers.hmap (in target 'AhoiMobileCoreTests' from project 'AhoiMobile')
    cd /Volumes/Macintosh\ HD\ -\ Daten/Cloud/Projekte/Apps/Plattformuebergreifend/AhoiBrowser/apps/AhoiMobile
    write-file /tmp/ahoi-mobile-4113c14-ipad-derived/Build/Intermediates.noindex/AhoiMobile.build/DebugLocal-iphonesimulator/AhoiMobileCoreTests.build/AhoiMobileCoreTests-own-target-headers.hmap

WriteAuxiliaryFile /tmp/ahoi-mobile-4113c14-ipad-derived/Build/Intermediates.noindex/AhoiMobile.build/DebugLocal-iphonesimulator/AhoiMobileCoreTests.build/AhoiMobileCoreTests-generated-files.hmap (in target 'AhoiMobileCoreTests' from project 'AhoiMobile')
    cd /Volumes/Macintosh\ HD\ -\ Daten/Cloud/Projekte/Apps/Plattformuebergreifend/AhoiBrowser/apps/AhoiMobile
    write-file /tmp/ahoi-mobile-4113c14-ipad-derived/Build/Intermediates.noindex/AhoiMobile.build/DebugLocal-iphonesimulator/AhoiMobileCoreTests.build/AhoiMobileCoreTests-generated-files.hmap

WriteAuxiliaryFile /tmp/ahoi-mobile-4113c14-ipad-derived/Build/Intermediates.noindex/AhoiMobile.build/DebugLocal-iphonesimulator/AhoiMobileCoreTests.build/AhoiMobileCoreTests-all-target-headers.hmap (in target 'AhoiMobileCoreTests' from project 'AhoiMobile')
    cd /Volumes/Macintosh\ HD\ -\ Daten/Cloud/Projekte/Apps/Plattformuebergreifend/AhoiBrowser/apps/AhoiMobile
    write-file /tmp/ahoi-mobile-4113c14-ipad-derived/Build/Intermediates.noindex/AhoiMobile.build/DebugLocal-iphonesimulator/AhoiMobileCoreTests.build/AhoiMobileCoreTests-all-target-headers.hmap

WriteAuxiliaryFile /tmp/ahoi-mobile-4113c14-ipad-derived/Build/Intermediates.noindex/AhoiMobile.build/DebugLocal-iphonesimulator/AhoiMobileCoreTests.build/AhoiMobileCoreTests-all-non-framework-target-headers.hmap (in target 'AhoiMobileCoreTests' from project 'AhoiMobile')
    cd /Volumes/Macintosh\ HD\ -\ Daten/Cloud/Projekte/Apps/Plattformuebergreifend/AhoiBrowser/apps/AhoiMobile
    write-file /tmp/ahoi-mobile-4113c14-ipad-derived/Build/Intermediates.noindex/AhoiMobile.build/DebugLocal-iphonesimulator/AhoiMobileCoreTests.build/AhoiMobileCoreTests-all-non-framework-target-headers.hmap

WriteAuxiliaryFile /tmp/ahoi-mobile-4113c14-ipad-derived/Build/Intermediates.noindex/AhoiMobile.build/DebugLocal-iphonesimulator/AhoiMobileCore.build/module.modulemap (in target 'AhoiMobileCore' from project 'AhoiMobile')
    cd /Volumes/Macintosh\ HD\ -\ Daten/Cloud/Projekte/Apps/Plattformuebergreifend/AhoiBrowser/apps/AhoiMobile
    write-file /tmp/ahoi-mobile-4113c14-ipad-derived/Build/Intermediates.noindex/AhoiMobile.build/DebugLocal-iphonesimulator/AhoiMobileCore.build/module.modulemap

WriteAuxiliaryFile /tmp/ahoi-mobile-4113c14-ipad-derived/Build/Intermediates.noindex/AhoiMobile.build/DebugLocal-iphonesimulator/AhoiMobileCore.build/empty-AhoiMobileCore.plist (in target 'AhoiMobileCore' from project 'AhoiMobile')
    cd /Volumes/Macintosh\ HD\ -\ Daten/Cloud/Projekte/Apps/Plattformuebergreifend/AhoiBrowser/apps/AhoiMobile
    write-file /tmp/ahoi-mobile-4113c14-ipad-derived/Build/Intermediates.noindex/AhoiMobile.build/DebugLocal-iphonesimulator/AhoiMobileCore.build/empty-AhoiMobileCore.plist

WriteAuxiliaryFile /tmp/ahoi-mobile-4113c14-ipad-derived/Build/Intermediates.noindex/AhoiMobile.build/DebugLocal-iphonesimulator/AhoiMobileCore.build/Objects-normal/arm64/AhoiMobileCore_const_extract_protocols.json (in target 'AhoiMobileCore' from project 'AhoiMobile')
    cd /Volumes/Macintosh\ HD\ -\ Daten/Cloud/Projekte/Apps/Plattformuebergreifend/AhoiBrowser/apps/AhoiMobile
    write-file /tmp/ahoi-mobile-4113c14-ipad-derived/Build/Intermediates.noindex/AhoiMobile.build/DebugLocal-iphonesimulator/AhoiMobileCore.build/Objects-normal/arm64/AhoiMobileCore_const_extract_protocols.json

WriteAuxiliaryFile /tmp/ahoi-mobile-4113c14-ipad-derived/Build/Intermediates.noindex/AhoiMobile.build/DebugLocal-iphonesimulator/AhoiMobileCore.build/Objects-normal/arm64/AhoiMobileCore.SwiftFileList (in target 'AhoiMobileCore' from project 'AhoiMobile')
    cd /Volumes/Macintosh\ HD\ -\ Daten/Cloud/Projekte/Apps/Plattformuebergreifend/AhoiBrowser/apps/AhoiMobile
    write-file /tmp/ahoi-mobile-4113c14-ipad-derived/Build/Intermediates.noindex/AhoiMobile.build/DebugLocal-iphonesimulator/AhoiMobileCore.build/Objects-normal/arm64/AhoiMobileCore.SwiftFileList

WriteAuxiliaryFile /tmp/ahoi-mobile-4113c14-ipad-derived/Build/Intermediates.noindex/AhoiMobile.build/DebugLocal-iphonesimulator/AhoiMobileCore.build/Objects-normal/arm64/AhoiMobileCore.SwiftConstValuesFileList (in target 'AhoiMobileCore' from project 'AhoiMobile')
    cd /Volumes/Macintosh\ HD\ -\ Daten/Cloud/Projekte/Apps/Plattformuebergreifend/AhoiBrowser/apps/AhoiMobile
    write-file /tmp/ahoi-mobile-4113c14-ipad-derived/Build/Intermediates.noindex/AhoiMobile.build/DebugLocal-iphonesimulator/AhoiMobileCore.build/Objects-normal/arm64/AhoiMobileCore.SwiftConstValuesFileList

WriteAuxiliaryFile /tmp/ahoi-mobile-4113c14-ipad-derived/Build/Intermediates.noindex/AhoiMobile.build/DebugLocal-iphonesimulator/AhoiMobileCore.build/Objects-normal/arm64/AhoiMobileCore.LinkFileList (in target 'AhoiMobileCore' from project 'AhoiMobile')
    cd /Volumes/Macintosh\ HD\ -\ Daten/Cloud/Projekte/Apps/Plattformuebergreifend/AhoiBrowser/apps/AhoiMobile
    write-file /tmp/ahoi-mobile-4113c14-ipad-derived/Build/Intermediates.noindex/AhoiMobile.build/DebugLocal-iphonesimulator/AhoiMobileCore.build/Objects-normal/arm64/AhoiMobileCore.LinkFileList

WriteAuxiliaryFile /tmp/ahoi-mobile-4113c14-ipad-derived/Build/Intermediates.noindex/AhoiMobile.build/DebugLocal-iphonesimulator/AhoiMobileCore.build/Objects-normal/arm64/AhoiMobileCore-OutputFileMap.json (in target 'AhoiMobileCore' from project 'AhoiMobile')
    cd /Volumes/Macintosh\ HD\ -\ Daten/Cloud/Projekte/Apps/Plattformuebergreifend/AhoiBrowser/apps/AhoiMobile
    write-file /tmp/ahoi-mobile-4113c14-ipad-derived/Build/Intermediates.noindex/AhoiMobile.build/DebugLocal-iphonesimulator/AhoiMobileCore.build/Objects-normal/arm64/AhoiMobileCore-OutputFileMap.json

WriteAuxiliaryFile /tmp/ahoi-mobile-4113c14-ipad-derived/Build/Intermediates.noindex/AhoiMobile.build/DebugLocal-iphonesimulator/AhoiMobileCore.build/Objects-normal/arm64/7187679823f38a2a940e0043cdf9d637-common-args.resp (in target 'AhoiMobileCore' from project 'AhoiMobile')
    cd /Volumes/Macintosh\ HD\ -\ Daten/Cloud/Projekte/Apps/Plattformuebergreifend/AhoiBrowser/apps/AhoiMobile
    write-file /tmp/ahoi-mobile-4113c14-ipad-derived/Build/Intermediates.noindex/AhoiMobile.build/DebugLocal-iphonesimulator/AhoiMobileCore.build/Objects-normal/arm64/7187679823f38a2a940e0043cdf9d637-common-args.resp
'-std=gnu11' -fmodules -gmodules '-fmodules-cache-path=/tmp/ahoi-mobile-4113c14-ipad-derived/ModuleCache.noindex' '-fmodule-name=AhoiMobileCore' -fpascal-strings -O0 -fno-common '-DDEBUG=1' -g -iquote /tmp/ahoi-mobile-4113c14-ipad-derived/Build/Intermediates.noindex/AhoiMobile.build/DebugLocal-iphonesimulator/AhoiMobileCore.build/AhoiMobileCore-generated-files.hmap -I/tmp/ahoi-mobile-4113c14-ipad-derived/Build/Intermediates.noindex/AhoiMobile.build/DebugLocal-iphonesimulator/AhoiMobileCore.build/AhoiMobileCore-own-target-headers.hmap -I/tmp/ahoi-mobile-4113c14-ipad-derived/Build/Intermediates.noindex/AhoiMobile.build/DebugLocal-iphonesimulator/AhoiMobileCore.build/AhoiMobileCore-all-non-framework-target-headers.hmap -ivfsoverlay /tmp/ahoi-mobile-4113c14-ipad-derived/Build/Intermediates.noindex/AhoiMobile.build/DebugLocal-iphonesimulator/AhoiMobile-a44a3a976db28ace36eae5fb72a0335b-VFS-iphonesimulator/all-product-headers.yaml -iquote /tmp/ahoi-mobile-4113c14-ipad-derived/Build/Intermediates.noindex/AhoiMobile.build/DebugLocal-iphonesimulator/AhoiMobileCore.build/AhoiMobileCore-project-headers.hmap -I/tmp/ahoi-mobile-4113c14-ipad-derived/Build/Products/DebugLocal-iphonesimulator/include -I/tmp/ahoi-mobile-4113c14-ipad-derived/Build/Intermediates.noindex/AhoiMobile.build/DebugLocal-iphonesimulator/AhoiMobileCore.build/DerivedSources-normal/arm64 -I/tmp/ahoi-mobile-4113c14-ipad-derived/Build/Intermediates.noindex/AhoiMobile.build/DebugLocal-iphonesimulator/AhoiMobileCore.build/DerivedSources/arm64 -I/tmp/ahoi-mobile-4113c14-ipad-derived/Build/Intermediates.noindex/AhoiMobile.build/DebugLocal-iphonesimulator/AhoiMobileCore.build/DerivedSources -F/tmp/ahoi-mobile-4113c14-ipad-derived/Build/Products/DebugLocal-iphonesimulator/PackageFrameworks -F/tmp/ahoi-mobile-4113c14-ipad-derived/Build/Products/DebugLocal-iphonesimulator '-fmodule-map-file=/tmp/ahoi-mobile-4113c14-ipad-derived/Build/Intermediates.noindex/GeneratedModuleMaps-iphonesimulator/AhoiCloudKitSpike.modulemap'

WriteAuxiliaryFile /tmp/ahoi-mobile-4113c14-ipad-derived/Build/Intermediates.noindex/AhoiMobile.build/DebugLocal-iphonesimulator/AhoiMobileCore.build/DerivedSources/AhoiMobileCore_vers.c (in target 'AhoiMobileCore' from project 'AhoiMobile')
    cd /Volumes/Macintosh\ HD\ -\ Daten/Cloud/Projekte/Apps/Plattformuebergreifend/AhoiBrowser/apps/AhoiMobile
    write-file /tmp/ahoi-mobile-4113c14-ipad-derived/Build/Intermediates.noindex/AhoiMobile.build/DebugLocal-iphonesimulator/AhoiMobileCore.build/DerivedSources/AhoiMobileCore_vers.c

WriteAuxiliaryFile /tmp/ahoi-mobile-4113c14-ipad-derived/Build/Intermediates.noindex/AhoiMobile.build/DebugLocal-iphonesimulator/AhoiMobileCore.build/AhoiMobileCore.hmap (in target 'AhoiMobileCore' from project 'AhoiMobile')
    cd /Volumes/Macintosh\ HD\ -\ Daten/Cloud/Projekte/Apps/Plattformuebergreifend/AhoiBrowser/apps/AhoiMobile
    write-file /tmp/ahoi-mobile-4113c14-ipad-derived/Build/Intermediates.noindex/AhoiMobile.build/DebugLocal-iphonesimulator/AhoiMobileCore.build/AhoiMobileCore.hmap

WriteAuxiliaryFile /tmp/ahoi-mobile-4113c14-ipad-derived/Build/Intermediates.noindex/AhoiMobile.build/DebugLocal-iphonesimulator/AhoiMobileCore.build/AhoiMobileCore.DependencyStaticMetadataFileList (in target 'AhoiMobileCore' from project 'AhoiMobile')
    cd /Volumes/Macintosh\ HD\ -\ Daten/Cloud/Projekte/Apps/Plattformuebergreifend/AhoiBrowser/apps/AhoiMobile
    write-file /tmp/ahoi-mobile-4113c14-ipad-derived/Build/Intermediates.noindex/AhoiMobile.build/DebugLocal-iphonesimulator/AhoiMobileCore.build/AhoiMobileCore.DependencyStaticMetadataFileList

WriteAuxiliaryFile /tmp/ahoi-mobile-4113c14-ipad-derived/Build/Intermediates.noindex/AhoiMobile.build/DebugLocal-iphonesimulator/AhoiMobileCore.build/AhoiMobileCore.DependencyMetadataFileList (in target 'AhoiMobileCore' from project 'AhoiMobile')
    cd /Volumes/Macintosh\ HD\ -\ Daten/Cloud/Projekte/Apps/Plattformuebergreifend/AhoiBrowser/apps/AhoiMobile
    write-file /tmp/ahoi-mobile-4113c14-ipad-derived/Build/Intermediates.noindex/AhoiMobile.build/DebugLocal-iphonesimulator/AhoiMobileCore.build/AhoiMobileCore.DependencyMetadataFileList

WriteAuxiliaryFile /tmp/ahoi-mobile-4113c14-ipad-derived/Build/Intermediates.noindex/AhoiMobile.build/DebugLocal-iphonesimulator/AhoiMobileCore.build/AhoiMobileCore-project-headers.hmap (in target 'AhoiMobileCore' from project 'AhoiMobile')
    cd /Volumes/Macintosh\ HD\ -\ Daten/Cloud/Projekte/Apps/Plattformuebergreifend/AhoiBrowser/apps/AhoiMobile
    write-file /tmp/ahoi-mobile-4113c14-ipad-derived/Build/Intermediates.noindex/AhoiMobile.build/DebugLocal-iphonesimulator/AhoiMobileCore.build/AhoiMobileCore-project-headers.hmap

WriteAuxiliaryFile /tmp/ahoi-mobile-4113c14-ipad-derived/Build/Intermediates.noindex/AhoiMobile.build/DebugLocal-iphonesimulator/AhoiMobileCore.build/AhoiMobileCore-own-target-headers.hmap (in target 'AhoiMobileCore' from project 'AhoiMobile')
    cd /Volumes/Macintosh\ HD\ -\ Daten/Cloud/Projekte/Apps/Plattformuebergreifend/AhoiBrowser/apps/AhoiMobile
    write-file /tmp/ahoi-mobile-4113c14-ipad-derived/Build/Intermediates.noindex/AhoiMobile.build/DebugLocal-iphonesimulator/AhoiMobileCore.build/AhoiMobileCore-own-target-headers.hmap

WriteAuxiliaryFile /tmp/ahoi-mobile-4113c14-ipad-derived/Build/Intermediates.noindex/AhoiMobile.build/DebugLocal-iphonesimulator/AhoiMobileCore.build/AhoiMobileCore-generated-files.hmap (in target 'AhoiMobileCore' from project 'AhoiMobile')
    cd /Volumes/Macintosh\ HD\ -\ Daten/Cloud/Projekte/Apps/Plattformuebergreifend/AhoiBrowser/apps/AhoiMobile
    write-file /tmp/ahoi-mobile-4113c14-ipad-derived/Build/Intermediates.noindex/AhoiMobile.build/DebugLocal-iphonesimulator/AhoiMobileCore.build/AhoiMobileCore-generated-files.hmap

WriteAuxiliaryFile /tmp/ahoi-mobile-4113c14-ipad-derived/Build/Intermediates.noindex/AhoiMobile.build/DebugLocal-iphonesimulator/AhoiMobileCore.build/AhoiMobileCore-all-target-headers.hmap (in target 'AhoiMobileCore' from project 'AhoiMobile')
    cd /Volumes/Macintosh\ HD\ -\ Daten/Cloud/Projekte/Apps/Plattformuebergreifend/AhoiBrowser/apps/AhoiMobile
    write-file /tmp/ahoi-mobile-4113c14-ipad-derived/Build/Intermediates.noindex/AhoiMobile.build/DebugLocal-iphonesimulator/AhoiMobileCore.build/AhoiMobileCore-all-target-headers.hmap

WriteAuxiliaryFile /tmp/ahoi-mobile-4113c14-ipad-derived/Build/Intermediates.noindex/AhoiMobile.build/DebugLocal-iphonesimulator/AhoiMobileCore.build/AhoiMobileCore-all-non-framework-target-headers.hmap (in target 'AhoiMobileCore' from project 'AhoiMobile')
    cd /Volumes/Macintosh\ HD\ -\ Daten/Cloud/Projekte/Apps/Plattformuebergreifend/AhoiBrowser/apps/AhoiMobile
    write-file /tmp/ahoi-mobile-4113c14-ipad-derived/Build/Intermediates.noindex/AhoiMobile.build/DebugLocal-iphonesimulator/AhoiMobileCore.build/AhoiMobileCore-all-non-framework-target-headers.hmap

WriteAuxiliaryFile /tmp/ahoi-mobile-4113c14-ipad-derived/Build/Intermediates.noindex/AhoiMobile.build/DebugLocal-iphonesimulator/AhoiMobile.build/Script-A0DB4133886667C5D797053C.sh (in target 'AhoiMobile' from project 'AhoiMobile')
    cd /Volumes/Macintosh\ HD\ -\ Daten/Cloud/Projekte/Apps/Plattformuebergreifend/AhoiBrowser/apps/AhoiMobile
    write-file /tmp/ahoi-mobile-4113c14-ipad-derived/Build/Intermediates.noindex/AhoiMobile.build/DebugLocal-iphonesimulator/AhoiMobile.build/Script-A0DB4133886667C5D797053C.sh

Copy /tmp/ahoi-mobile-4113c14-ipad-derived/Build/Products/DebugLocal-iphonesimulator/AhoiMobileCore.framework/Modules/module.modulemap /tmp/ahoi-mobile-4113c14-ipad-derived/Build/Intermediates.noindex/AhoiMobile.build/DebugLocal-iphonesimulator/AhoiMobileCore.build/module.modulemap (in target 'AhoiMobileCore' from project 'AhoiMobile')
    cd /Volumes/Macintosh\ HD\ -\ Daten/Cloud/Projekte/Apps/Plattformuebergreifend/AhoiBrowser/apps/AhoiMobile
    builtin-copy -exclude .DS_Store -exclude CVS -exclude .svn -exclude .git -exclude .hg -resolve-src-symlinks /tmp/ahoi-mobile-4113c14-ipad-derived/Build/Intermediates.noindex/AhoiMobile.build/DebugLocal-iphonesimulator/AhoiMobileCore.build/module.modulemap /tmp/ahoi-mobile-4113c14-ipad-derived/Build/Products/DebugLocal-iphonesimulator/AhoiMobileCore.framework/Modules

WriteAuxiliaryFile /tmp/ahoi-mobile-4113c14-ipad-derived/Build/Intermediates.noindex/AhoiMobile.build/DebugLocal-iphonesimulator/AhoiMobile.build/Objects-normal/arm64/AhoiMobile_const_extract_protocols.json (in target 'AhoiMobile' from project 'AhoiMobile')
    cd /Volumes/Macintosh\ HD\ -\ Daten/Cloud/Projekte/Apps/Plattformuebergreifend/AhoiBrowser/apps/AhoiMobile
    write-file /tmp/ahoi-mobile-4113c14-ipad-derived/Build/Intermediates.noindex/AhoiMobile.build/DebugLocal-iphonesimulator/AhoiMobile.build/Objects-normal/arm64/AhoiMobile_const_extract_protocols.json

WriteAuxiliaryFile /tmp/ahoi-mobile-4113c14-ipad-derived/Build/Intermediates.noindex/AhoiMobile.build/DebugLocal-iphonesimulator/AhoiMobile.build/Objects-normal/arm64/AhoiMobile.SwiftFileList (in target 'AhoiMobile' from project 'AhoiMobile')
    cd /Volumes/Macintosh\ HD\ -\ Daten/Cloud/Projekte/Apps/Plattformuebergreifend/AhoiBrowser/apps/AhoiMobile
    write-file /tmp/ahoi-mobile-4113c14-ipad-derived/Build/Intermediates.noindex/AhoiMobile.build/DebugLocal-iphonesimulator/AhoiMobile.build/Objects-normal/arm64/AhoiMobile.SwiftFileList

WriteAuxiliaryFile /tmp/ahoi-mobile-4113c14-ipad-derived/Build/Intermediates.noindex/AhoiMobile.build/DebugLocal-iphonesimulator/AhoiMobile.build/Objects-normal/arm64/AhoiMobile.SwiftConstValuesFileList (in target 'AhoiMobile' from project 'AhoiMobile')
    cd /Volumes/Macintosh\ HD\ -\ Daten/Cloud/Projekte/Apps/Plattformuebergreifend/AhoiBrowser/apps/AhoiMobile
    write-file /tmp/ahoi-mobile-4113c14-ipad-derived/Build/Intermediates.noindex/AhoiMobile.build/DebugLocal-iphonesimulator/AhoiMobile.build/Objects-normal/arm64/AhoiMobile.SwiftConstValuesFileList

WriteAuxiliaryFile /tmp/ahoi-mobile-4113c14-ipad-derived/Build/Intermediates.noindex/AhoiMobile.build/DebugLocal-iphonesimulator/AhoiMobile.build/Objects-normal/arm64/AhoiMobile.LinkFileList (in target 'AhoiMobile' from project 'AhoiMobile')
    cd /Volumes/Macintosh\ HD\ -\ Daten/Cloud/Projekte/Apps/Plattformuebergreifend/AhoiBrowser/apps/AhoiMobile
    write-file /tmp/ahoi-mobile-4113c14-ipad-derived/Build/Intermediates.noindex/AhoiMobile.build/DebugLocal-iphonesimulator/AhoiMobile.build/Objects-normal/arm64/AhoiMobile.LinkFileList

WriteAuxiliaryFile /tmp/ahoi-mobile-4113c14-ipad-derived/Build/Intermediates.noindex/AhoiMobile.build/DebugLocal-iphonesimulator/AhoiMobile.build/Objects-normal/arm64/AhoiMobile-OutputFileMap.json (in target 'AhoiMobile' from project 'AhoiMobile')
    cd /Volumes/Macintosh\ HD\ -\ Daten/Cloud/Projekte/Apps/Plattformuebergreifend/AhoiBrowser/apps/AhoiMobile
    write-file /tmp/ahoi-mobile-4113c14-ipad-derived/Build/Intermediates.noindex/AhoiMobile.build/DebugLocal-iphonesimulator/AhoiMobile.build/Objects-normal/arm64/AhoiMobile-OutputFileMap.json

WriteAuxiliaryFile /tmp/ahoi-mobile-4113c14-ipad-derived/Build/Intermediates.noindex/AhoiMobile.build/DebugLocal-iphonesimulator/AhoiMobile.build/Objects-normal/arm64/7187679823f38a2a940e0043cdf9d637-common-args.resp (in target 'AhoiMobile' from project 'AhoiMobile')
    cd /Volumes/Macintosh\ HD\ -\ Daten/Cloud/Projekte/Apps/Plattformuebergreifend/AhoiBrowser/apps/AhoiMobile
    write-file /tmp/ahoi-mobile-4113c14-ipad-derived/Build/Intermediates.noindex/AhoiMobile.build/DebugLocal-iphonesimulator/AhoiMobile.build/Objects-normal/arm64/7187679823f38a2a940e0043cdf9d637-common-args.resp
'-std=gnu11' -fmodules -gmodules '-fmodules-cache-path=/tmp/ahoi-mobile-4113c14-ipad-derived/ModuleCache.noindex' -fpascal-strings -O0 -fno-common '-DDEBUG=1' -g -iquote /tmp/ahoi-mobile-4113c14-ipad-derived/Build/Intermediates.noindex/AhoiMobile.build/DebugLocal-iphonesimulator/AhoiMobile.build/AhoiMobile-generated-files.hmap -I/tmp/ahoi-mobile-4113c14-ipad-derived/Build/Intermediates.noindex/AhoiMobile.build/DebugLocal-iphonesimulator/AhoiMobile.build/AhoiMobile-own-target-headers.hmap -I/tmp/ahoi-mobile-4113c14-ipad-derived/Build/Intermediates.noindex/AhoiMobile.build/DebugLocal-iphonesimulator/AhoiMobile.build/AhoiMobile-all-non-framework-target-headers.hmap -ivfsoverlay /tmp/ahoi-mobile-4113c14-ipad-derived/Build/Intermediates.noindex/AhoiMobile.build/DebugLocal-iphonesimulator/AhoiMobile-a44a3a976db28ace36eae5fb72a0335b-VFS-iphonesimulator/all-product-headers.yaml -iquote /tmp/ahoi-mobile-4113c14-ipad-derived/Build/Intermediates.noindex/AhoiMobile.build/DebugLocal-iphonesimulator/AhoiMobile.build/AhoiMobile-project-headers.hmap -I/tmp/ahoi-mobile-4113c14-ipad-derived/Build/Products/DebugLocal-iphonesimulator/include -I/tmp/ahoi-mobile-4113c14-ipad-derived/Build/Intermediates.noindex/AhoiMobile.build/DebugLocal-iphonesimulator/AhoiMobile.build/DerivedSources-normal/arm64 -I/tmp/ahoi-mobile-4113c14-ipad-derived/Build/Intermediates.noindex/AhoiMobile.build/DebugLocal-iphonesimulator/AhoiMobile.build/DerivedSources/arm64 -I/tmp/ahoi-mobile-4113c14-ipad-derived/Build/Intermediates.noindex/AhoiMobile.build/DebugLocal-iphonesimulator/AhoiMobile.build/DerivedSources -F/tmp/ahoi-mobile-4113c14-ipad-derived/Build/Products/DebugLocal-iphonesimulator/PackageFrameworks -F/tmp/ahoi-mobile-4113c14-ipad-derived/Build/Products/DebugLocal-iphonesimulator '-fmodule-map-file=/tmp/ahoi-mobile-4113c14-ipad-derived/Build/Intermediates.noindex/GeneratedModuleMaps-iphonesimulator/AhoiCloudKitSpike.modulemap'

WriteAuxiliaryFile /tmp/ahoi-mobile-4113c14-ipad-derived/Build/Intermediates.noindex/AhoiMobile.build/DebugLocal-iphonesimulator/AhoiMobile.build/AhoiMobile.hmap (in target 'AhoiMobile' from project 'AhoiMobile')
    cd /Volumes/Macintosh\ HD\ -\ Daten/Cloud/Projekte/Apps/Plattformuebergreifend/AhoiBrowser/apps/AhoiMobile
    write-file /tmp/ahoi-mobile-4113c14-ipad-derived/Build/Intermediates.noindex/AhoiMobile.build/DebugLocal-iphonesimulator/AhoiMobile.build/AhoiMobile.hmap

WriteAuxiliaryFile /tmp/ahoi-mobile-4113c14-ipad-derived/Build/Intermediates.noindex/AhoiMobile.build/DebugLocal-iphonesimulator/AhoiMobile.build/DerivedSources/AhoiMobile_vers.c (in target 'AhoiMobile' from project 'AhoiMobile')
    cd /Volumes/Macintosh\ HD\ -\ Daten/Cloud/Projekte/Apps/Plattformuebergreifend/AhoiBrowser/apps/AhoiMobile
    write-file /tmp/ahoi-mobile-4113c14-ipad-derived/Build/Intermediates.noindex/AhoiMobile.build/DebugLocal-iphonesimulator/AhoiMobile.build/DerivedSources/AhoiMobile_vers.c

WriteAuxiliaryFile /tmp/ahoi-mobile-4113c14-ipad-derived/Build/Intermediates.noindex/AhoiMobile.build/DebugLocal-iphonesimulator/AhoiMobile.build/DerivedSources/Entitlements-Simulated.plist (in target 'AhoiMobile' from project 'AhoiMobile')
    cd /Volumes/Macintosh\ HD\ -\ Daten/Cloud/Projekte/Apps/Plattformuebergreifend/AhoiBrowser/apps/AhoiMobile
    write-file /tmp/ahoi-mobile-4113c14-ipad-derived/Build/Intermediates.noindex/AhoiMobile.build/DebugLocal-iphonesimulator/AhoiMobile.build/DerivedSources/Entitlements-Simulated.plist

WriteAuxiliaryFile /tmp/ahoi-mobile-4113c14-ipad-derived/Build/Intermediates.noindex/AhoiMobile.build/DebugLocal-iphonesimulator/AhoiMobile.build/AhoiMobile.DependencyStaticMetadataFileList (in target 'AhoiMobile' from project 'AhoiMobile')
    cd /Volumes/Macintosh\ HD\ -\ Daten/Cloud/Projekte/Apps/Plattformuebergreifend/AhoiBrowser/apps/AhoiMobile
    write-file /tmp/ahoi-mobile-4113c14-ipad-derived/Build/Intermediates.noindex/AhoiMobile.build/DebugLocal-iphonesimulator/AhoiMobile.build/AhoiMobile.DependencyStaticMetadataFileList

WriteAuxiliaryFile /tmp/ahoi-mobile-4113c14-ipad-derived/Build/Intermediates.noindex/AhoiMobile.build/DebugLocal-iphonesimulator/AhoiMobile.build/AhoiMobile.DependencyMetadataFileList (in target 'AhoiMobile' from project 'AhoiMobile')
    cd /Volumes/Macintosh\ HD\ -\ Daten/Cloud/Projekte/Apps/Plattformuebergreifend/AhoiBrowser/apps/AhoiMobile
    write-file /tmp/ahoi-mobile-4113c14-ipad-derived/Build/Intermediates.noindex/AhoiMobile.build/DebugLocal-iphonesimulator/AhoiMobile.build/AhoiMobile.DependencyMetadataFileList

WriteAuxiliaryFile /tmp/ahoi-mobile-4113c14-ipad-derived/Build/Intermediates.noindex/AhoiMobile.build/DebugLocal-iphonesimulator/AhoiMobile.build/AhoiMobile-project-headers.hmap (in target 'AhoiMobile' from project 'AhoiMobile')
    cd /Volumes/Macintosh\ HD\ -\ Daten/Cloud/Projekte/Apps/Plattformuebergreifend/AhoiBrowser/apps/AhoiMobile
    write-file /tmp/ahoi-mobile-4113c14-ipad-derived/Build/Intermediates.noindex/AhoiMobile.build/DebugLocal-iphonesimulator/AhoiMobile.build/AhoiMobile-project-headers.hmap

WriteAuxiliaryFile /tmp/ahoi-mobile-4113c14-ipad-derived/Build/Intermediates.noindex/AhoiMobile.build/DebugLocal-iphonesimulator/AhoiMobile.build/AhoiMobile-own-target-headers.hmap (in target 'AhoiMobile' from project 'AhoiMobile')
    cd /Volumes/Macintosh\ HD\ -\ Daten/Cloud/Projekte/Apps/Plattformuebergreifend/AhoiBrowser/apps/AhoiMobile
    write-file /tmp/ahoi-mobile-4113c14-ipad-derived/Build/Intermediates.noindex/AhoiMobile.build/DebugLocal-iphonesimulator/AhoiMobile.build/AhoiMobile-own-target-headers.hmap

WriteAuxiliaryFile /tmp/ahoi-mobile-4113c14-ipad-derived/Build/Intermediates.noindex/AhoiMobile.build/DebugLocal-iphonesimulator/AhoiMobile.build/AhoiMobile-generated-files.hmap (in target 'AhoiMobile' from project 'AhoiMobile')
    cd /Volumes/Macintosh\ HD\ -\ Daten/Cloud/Projekte/Apps/Plattformuebergreifend/AhoiBrowser/apps/AhoiMobile
    write-file /tmp/ahoi-mobile-4113c14-ipad-derived/Build/Intermediates.noindex/AhoiMobile.build/DebugLocal-iphonesimulator/AhoiMobile.build/AhoiMobile-generated-files.hmap

WriteAuxiliaryFile /tmp/ahoi-mobile-4113c14-ipad-derived/Build/Intermediates.noindex/AhoiMobile.build/DebugLocal-iphonesimulator/AhoiMobile.build/AhoiMobile-all-target-headers.hmap (in target 'AhoiMobile' from project 'AhoiMobile')
    cd /Volumes/Macintosh\ HD\ -\ Daten/Cloud/Projekte/Apps/Plattformuebergreifend/AhoiBrowser/apps/AhoiMobile
    write-file /tmp/ahoi-mobile-4113c14-ipad-derived/Build/Intermediates.noindex/AhoiMobile.build/DebugLocal-iphonesimulator/AhoiMobile.build/AhoiMobile-all-target-headers.hmap

WriteAuxiliaryFile /tmp/ahoi-mobile-4113c14-ipad-derived/Build/Intermediates.noindex/AhoiMobile.build/DebugLocal-iphonesimulator/AhoiMobile.build/AhoiMobile-all-non-framework-target-headers.hmap (in target 'AhoiMobile' from project 'AhoiMobile')
    cd /Volumes/Macintosh\ HD\ -\ Daten/Cloud/Projekte/Apps/Plattformuebergreifend/AhoiBrowser/apps/AhoiMobile
    write-file /tmp/ahoi-mobile-4113c14-ipad-derived/Build/Intermediates.noindex/AhoiMobile.build/DebugLocal-iphonesimulator/AhoiMobile.build/AhoiMobile-all-non-framework-target-headers.hmap

WriteAuxiliaryFile /tmp/ahoi-mobile-4113c14-ipad-derived/Build/Intermediates.noindex/AhoiMobile.build/DebugLocal-iphonesimulator/AhoiMobile.build/AhoiMobile-DebugDylibPath-normal-arm64.txt (in target 'AhoiMobile' from project 'AhoiMobile')
    cd /Volumes/Macintosh\ HD\ -\ Daten/Cloud/Projekte/Apps/Plattformuebergreifend/AhoiBrowser/apps/AhoiMobile
    write-file /tmp/ahoi-mobile-4113c14-ipad-derived/Build/Intermediates.noindex/AhoiMobile.build/DebugLocal-iphonesimulator/AhoiMobile.build/AhoiMobile-DebugDylibPath-normal-arm64.txt

WriteAuxiliaryFile /tmp/ahoi-mobile-4113c14-ipad-derived/Build/Intermediates.noindex/AhoiMobile.build/DebugLocal-iphonesimulator/AhoiMobile.build/AhoiMobile-DebugDylibInstallName-normal-arm64.txt (in target 'AhoiMobile' from project 'AhoiMobile')
    cd /Volumes/Macintosh\ HD\ -\ Daten/Cloud/Projekte/Apps/Plattformuebergreifend/AhoiBrowser/apps/AhoiMobile
    write-file /tmp/ahoi-mobile-4113c14-ipad-derived/Build/Intermediates.noindex/AhoiMobile.build/DebugLocal-iphonesimulator/AhoiMobile.build/AhoiMobile-DebugDylibInstallName-normal-arm64.txt

WriteAuxiliaryFile /tmp/ahoi-mobile-4113c14-ipad-derived/Build/Intermediates.noindex/AhoiCloudKitSpike.build/DebugLocal-iphonesimulator/AhoiCloudKitSpike.build/Objects-normal/arm64/AhoiCloudKitSpike_const_extract_protocols.json (in target 'AhoiCloudKitSpike' from project 'AhoiCloudKitSpike')
    cd /Volumes/Macintosh\ HD\ -\ Daten/Cloud/Projekte/Apps/Plattformuebergreifend/AhoiBrowser/spikes/cloudkit
    write-file /tmp/ahoi-mobile-4113c14-ipad-derived/Build/Intermediates.noindex/AhoiCloudKitSpike.build/DebugLocal-iphonesimulator/AhoiCloudKitSpike.build/Objects-normal/arm64/AhoiCloudKitSpike_const_extract_protocols.json

WriteAuxiliaryFile /tmp/ahoi-mobile-4113c14-ipad-derived/Build/Intermediates.noindex/AhoiCloudKitSpike.build/DebugLocal-iphonesimulator/AhoiCloudKitSpike.build/Objects-normal/arm64/AhoiCloudKitSpike.SwiftFileList (in target 'AhoiCloudKitSpike' from project 'AhoiCloudKitSpike')
    cd /Volumes/Macintosh\ HD\ -\ Daten/Cloud/Projekte/Apps/Plattformuebergreifend/AhoiBrowser/spikes/cloudkit
    write-file /tmp/ahoi-mobile-4113c14-ipad-derived/Build/Intermediates.noindex/AhoiCloudKitSpike.build/DebugLocal-iphonesimulator/AhoiCloudKitSpike.build/Objects-normal/arm64/AhoiCloudKitSpike.SwiftFileList

WriteAuxiliaryFile /tmp/ahoi-mobile-4113c14-ipad-derived/Build/Intermediates.noindex/AhoiCloudKitSpike.build/DebugLocal-iphonesimulator/AhoiCloudKitSpike.build/Objects-normal/arm64/AhoiCloudKitSpike.SwiftConstValuesFileList (in target 'AhoiCloudKitSpike' from project 'AhoiCloudKitSpike')
    cd /Volumes/Macintosh\ HD\ -\ Daten/Cloud/Projekte/Apps/Plattformuebergreifend/AhoiBrowser/spikes/cloudkit
    write-file /tmp/ahoi-mobile-4113c14-ipad-derived/Build/Intermediates.noindex/AhoiCloudKitSpike.build/DebugLocal-iphonesimulator/AhoiCloudKitSpike.build/Objects-normal/arm64/AhoiCloudKitSpike.SwiftConstValuesFileList

WriteAuxiliaryFile /tmp/ahoi-mobile-4113c14-ipad-derived/Build/Intermediates.noindex/AhoiCloudKitSpike.build/DebugLocal-iphonesimulator/AhoiCloudKitSpike.build/Objects-normal/arm64/AhoiCloudKitSpike.LinkFileList (in target 'AhoiCloudKitSpike' from project 'AhoiCloudKitSpike')
    cd /Volumes/Macintosh\ HD\ -\ Daten/Cloud/Projekte/Apps/Plattformuebergreifend/AhoiBrowser/spikes/cloudkit
    write-file /tmp/ahoi-mobile-4113c14-ipad-derived/Build/Intermediates.noindex/AhoiCloudKitSpike.build/DebugLocal-iphonesimulator/AhoiCloudKitSpike.build/Objects-normal/arm64/AhoiCloudKitSpike.LinkFileList

WriteAuxiliaryFile /tmp/ahoi-mobile-4113c14-ipad-derived/Build/Intermediates.noindex/AhoiCloudKitSpike.build/DebugLocal-iphonesimulator/AhoiCloudKitSpike.build/Objects-normal/arm64/AhoiCloudKitSpike-OutputFileMap.json (in target 'AhoiCloudKitSpike' from project 'AhoiCloudKitSpike')
    cd /Volumes/Macintosh\ HD\ -\ Daten/Cloud/Projekte/Apps/Plattformuebergreifend/AhoiBrowser/spikes/cloudkit
    write-file /tmp/ahoi-mobile-4113c14-ipad-derived/Build/Intermediates.noindex/AhoiCloudKitSpike.build/DebugLocal-iphonesimulator/AhoiCloudKitSpike.build/Objects-normal/arm64/AhoiCloudKitSpike-OutputFileMap.json

WriteAuxiliaryFile /tmp/ahoi-mobile-4113c14-ipad-derived/Build/Intermediates.noindex/AhoiCloudKitSpike.build/DebugLocal-iphonesimulator/AhoiCloudKitSpike.build/AhoiCloudKitSpike.modulemap (in target 'AhoiCloudKitSpike' from project 'AhoiCloudKitSpike')
    cd /Volumes/Macintosh\ HD\ -\ Daten/Cloud/Projekte/Apps/Plattformuebergreifend/AhoiBrowser/spikes/cloudkit
    write-file /tmp/ahoi-mobile-4113c14-ipad-derived/Build/Intermediates.noindex/AhoiCloudKitSpike.build/DebugLocal-iphonesimulator/AhoiCloudKitSpike.build/AhoiCloudKitSpike.modulemap

WriteAuxiliaryFile /tmp/ahoi-mobile-4113c14-ipad-derived/Build/Intermediates.noindex/AhoiCloudKitSpike.build/DebugLocal-iphonesimulator/AhoiCloudKitSpike.build/AhoiCloudKitSpike.DependencyStaticMetadataFileList (in target 'AhoiCloudKitSpike' from project 'AhoiCloudKitSpike')
    cd /Volumes/Macintosh\ HD\ -\ Daten/Cloud/Projekte/Apps/Plattformuebergreifend/AhoiBrowser/spikes/cloudkit
    write-file /tmp/ahoi-mobile-4113c14-ipad-derived/Build/Intermediates.noindex/AhoiCloudKitSpike.build/DebugLocal-iphonesimulator/AhoiCloudKitSpike.build/AhoiCloudKitSpike.DependencyStaticMetadataFileList

WriteAuxiliaryFile /tmp/ahoi-mobile-4113c14-ipad-derived/Build/Intermediates.noindex/AhoiCloudKitSpike.build/DebugLocal-iphonesimulator/AhoiCloudKitSpike.build/AhoiCloudKitSpike.DependencyMetadataFileList (in target 'AhoiCloudKitSpike' from project 'AhoiCloudKitSpike')
    cd /Volumes/Macintosh\ HD\ -\ Daten/Cloud/Projekte/Apps/Plattformuebergreifend/AhoiBrowser/spikes/cloudkit
    write-file /tmp/ahoi-mobile-4113c14-ipad-derived/Build/Intermediates.noindex/AhoiCloudKitSpike.build/DebugLocal-iphonesimulator/AhoiCloudKitSpike.build/AhoiCloudKitSpike.DependencyMetadataFileList

MkDir /tmp/ahoi-mobile-4113c14-ipad-derived/Build/Products/DebugLocal-iphonesimulator/AhoiMobileCoreTests.xctest (in target 'AhoiMobileCoreTests' from project 'AhoiMobile')
    cd /Volumes/Macintosh\ HD\ -\ Daten/Cloud/Projekte/Apps/Plattformuebergreifend/AhoiBrowser/apps/AhoiMobile
    /bin/mkdir -p /tmp/ahoi-mobile-4113c14-ipad-derived/Build/Products/DebugLocal-iphonesimulator/AhoiMobileCoreTests.xctest

MkDir /tmp/ahoi-mobile-4113c14-ipad-derived/Build/Products/DebugLocal-iphonesimulator/AhoiMobileCoreTests.xctest/Frameworks (in target 'AhoiMobileCoreTests' from project 'AhoiMobile')
    cd /Volumes/Macintosh\ HD\ -\ Daten/Cloud/Projekte/Apps/Plattformuebergreifend/AhoiBrowser/apps/AhoiMobile
    /bin/mkdir -p /tmp/ahoi-mobile-4113c14-ipad-derived/Build/Products/DebugLocal-iphonesimulator/AhoiMobileCoreTests.xctest/Frameworks

MkDir /tmp/ahoi-mobile-4113c14-ipad-derived/Build/Products/DebugLocal-iphonesimulator/AhoiMobileUITests-Runner.app/PlugIns/AhoiMobileUITests.xctest (in target 'AhoiMobileUITests' from project 'AhoiMobile')
    cd /Volumes/Macintosh\ HD\ -\ Daten/Cloud/Projekte/Apps/Plattformuebergreifend/AhoiBrowser/apps/AhoiMobile
    /bin/mkdir -p /tmp/ahoi-mobile-4113c14-ipad-derived/Build/Products/DebugLocal-iphonesimulator/AhoiMobileUITests-Runner.app/PlugIns/AhoiMobileUITests.xctest

WriteAuxiliaryFile /tmp/ahoi-mobile-4113c14-ipad-derived/Build/Intermediates.noindex/AhoiCloudKitSpike.build/DebugLocal-iphonesimulator/AhoiCloudKitSpike\ product.build/Objects-normal/arm64/AhoiCloudKitSpike_58C48334F00BB1AD_PackageProduct.LinkFileList (in target 'AhoiCloudKitSpike' from project 'AhoiCloudKitSpike')
    cd /Volumes/Macintosh\ HD\ -\ Daten/Cloud/Projekte/Apps/Plattformuebergreifend/AhoiBrowser/spikes/cloudkit
    write-file /tmp/ahoi-mobile-4113c14-ipad-derived/Build/Intermediates.noindex/AhoiCloudKitSpike.build/DebugLocal-iphonesimulator/AhoiCloudKitSpike\ product.build/Objects-normal/arm64/AhoiCloudKitSpike_58C48334F00BB1AD_PackageProduct.LinkFileList

MkDir /tmp/ahoi-mobile-4113c14-ipad-derived/Build/Products/DebugLocal-iphonesimulator/AhoiMobileCore.framework/Headers (in target 'AhoiMobileCore' from project 'AhoiMobile')
    cd /Volumes/Macintosh\ HD\ -\ Daten/Cloud/Projekte/Apps/Plattformuebergreifend/AhoiBrowser/apps/AhoiMobile
    /bin/mkdir -p /tmp/ahoi-mobile-4113c14-ipad-derived/Build/Products/DebugLocal-iphonesimulator/AhoiMobileCore.framework/Headers

MkDir /tmp/ahoi-mobile-4113c14-ipad-derived/Build/Products/DebugLocal-iphonesimulator/AhoiMobileCore.framework (in target 'AhoiMobileCore' from project 'AhoiMobile')
    cd /Volumes/Macintosh\ HD\ -\ Daten/Cloud/Projekte/Apps/Plattformuebergreifend/AhoiBrowser/apps/AhoiMobile
    /bin/mkdir -p /tmp/ahoi-mobile-4113c14-ipad-derived/Build/Products/DebugLocal-iphonesimulator/AhoiMobileCore.framework

MkDir /tmp/ahoi-mobile-4113c14-ipad-derived/Build/Products/DebugLocal-iphonesimulator/AhoiMobile.app (in target 'AhoiMobile' from project 'AhoiMobile')
    cd /Volumes/Macintosh\ HD\ -\ Daten/Cloud/Projekte/Apps/Plattformuebergreifend/AhoiBrowser/apps/AhoiMobile
    /bin/mkdir -p /tmp/ahoi-mobile-4113c14-ipad-derived/Build/Products/DebugLocal-iphonesimulator/AhoiMobile.app

MkDir /tmp/ahoi-mobile-4113c14-ipad-derived/Build/Products/DebugLocal-iphonesimulator/AhoiMobile.app/Frameworks (in target 'AhoiMobile' from project 'AhoiMobile')
    cd /Volumes/Macintosh\ HD\ -\ Daten/Cloud/Projekte/Apps/Plattformuebergreifend/AhoiBrowser/apps/AhoiMobile
    /bin/mkdir -p /tmp/ahoi-mobile-4113c14-ipad-derived/Build/Products/DebugLocal-iphonesimulator/AhoiMobile.app/Frameworks

Copy /tmp/ahoi-mobile-4113c14-ipad-derived/Build/Intermediates.noindex/GeneratedModuleMaps-iphonesimulator/AhoiCloudKitSpike.modulemap /tmp/ahoi-mobile-4113c14-ipad-derived/Build/Intermediates.noindex/AhoiCloudKitSpike.build/DebugLocal-iphonesimulator/AhoiCloudKitSpike.build/AhoiCloudKitSpike.modulemap (in target 'AhoiCloudKitSpike' from project 'AhoiCloudKitSpike')
    cd /Volumes/Macintosh\ HD\ -\ Daten/Cloud/Projekte/Apps/Plattformuebergreifend/AhoiBrowser/spikes/cloudkit
    builtin-copy -exclude .DS_Store -exclude CVS -exclude .svn -exclude .git -exclude .hg -resolve-src-symlinks /tmp/ahoi-mobile-4113c14-ipad-derived/Build/Intermediates.noindex/AhoiCloudKitSpike.build/DebugLocal-iphonesimulator/AhoiCloudKitSpike.build/AhoiCloudKitSpike.modulemap /tmp/ahoi-mobile-4113c14-ipad-derived/Build/Intermediates.noindex/GeneratedModuleMaps-iphonesimulator

SwiftDriver AhoiCloudKitSpike normal arm64 com.apple.xcode.tools.swift.compiler (in target 'AhoiCloudKitSpike' from project 'AhoiCloudKitSpike')
    cd /Volumes/Macintosh\ HD\ -\ Daten/Cloud/Projekte/Apps/Plattformuebergreifend/AhoiBrowser/apps/AhoiMobile/AhoiMobile.xcodeproj
    builtin-SwiftDriver -- /Applications/Xcode.app/Contents/Developer/Toolchains/XcodeDefault.xctoolchain/usr/bin/swiftc -module-name AhoiCloudKitSpike -Onone @/tmp/ahoi-mobile-4113c14-ipad-derived/Build/Intermediates.noindex/AhoiCloudKitSpike.build/DebugLocal-iphonesimulator/AhoiCloudKitSpike.build/Objects-normal/arm64/AhoiCloudKitSpike.SwiftFileList -DSWIFT_PACKAGE -DDEBUG -DSWIFT_MODULE_RESOURCE_BUNDLE_UNAVAILABLE -DXcode -plugin-path /Applications/Xcode.app/Contents/Developer/Toolchains/XcodeDefault.xctoolchain/usr/lib/swift/host/plugins/testing -enable-experimental-feature DebugDescriptionMacro -sdk /Applications/Xcode.app/Contents/Developer/Platforms/iPhoneSimulator.platform/Developer/SDKs/iPhoneSimulator26.5.sdk -target arm64-apple-ios16.0-simulator -g -module-cache-path /tmp/ahoi-mobile-4113c14-ipad-derived/ModuleCache.noindex -Xfrontend -serialize-debugging-options -enable-testing -index-store-path /tmp/ahoi-mobile-4113c14-ipad-derived/Index.noindex/DataStore -Xcc -D_LIBCPP_HARDENING_MODE\=_LIBCPP_HARDENING_MODE_DEBUG -swift-version 5 -I /tmp/ahoi-mobile-4113c14-ipad-derived/Build/Products/DebugLocal-iphonesimulator -Isystem /Applications/Xcode.app/Contents/Developer/Platforms/iPhoneSimulator.platform/Developer/usr/lib -F /tmp/ahoi-mobile-4113c14-ipad-derived/Build/Products/DebugLocal-iphonesimulator -F /Applications/Xcode.app/Contents/Developer/Platforms/iPhoneSimulator.platform/Developer/Library/Frameworks -F /Applications/Xcode.app/Contents/Developer/Platforms/iPhoneSimulator.platform/Developer/SDKs/iPhoneSimulator26.5.sdk/Developer/Library/Frameworks -c -j12 -enable-batch-mode -incremental -Xcc -ivfsstatcache -Xcc /tmp/ahoi-mobile-4113c14-ipad-derived/SDKStatCaches.noindex/iphonesimulator26.5-23F81a-688ef53f1462e2c8f657fdc38a81448f6cfe768891a92b912361537c460fe42b.sdkstatcache -output-file-map /tmp/ahoi-mobile-4113c14-ipad-derived/Build/Intermediates.noindex/AhoiCloudKitSpike.build/DebugLocal-iphonesimulator/AhoiCloudKitSpike.build/Objects-normal/arm64/AhoiCloudKitSpike-OutputFileMap.json -use-frontend-parseable-output -save-temps -no-color-diagnostics -explicit-module-build -module-cache-path /tmp/ahoi-mobile-4113c14-ipad-derived/Build/Intermediates.noindex/SwiftExplicitPrecompiledModules -clang-scanner-module-cache-path /tmp/ahoi-mobile-4113c14-ipad-derived/ModuleCache.noindex -sdk-module-cache-path /tmp/ahoi-mobile-4113c14-ipad-derived/ModuleCache.noindex -serialize-diagnostics -emit-dependencies -emit-module -emit-module-path /tmp/ahoi-mobile-4113c14-ipad-derived/Build/Intermediates.noindex/AhoiCloudKitSpike.build/DebugLocal-iphonesimulator/AhoiCloudKitSpike.build/Objects-normal/arm64/AhoiCloudKitSpike.swiftmodule -validate-clang-modules-once -clang-build-session-file /tmp/ahoi-mobile-4113c14-ipad-derived/ModuleCache.noindex/Session.modulevalidation -package-name cloudkit -Xcc -I/tmp/ahoi-mobile-4113c14-ipad-derived/Build/Intermediates.noindex/AhoiCloudKitSpike.build/DebugLocal-iphonesimulator/AhoiCloudKitSpike.build/swift-overrides.hmap -emit-const-values -Xfrontend -const-gather-protocols-file -Xfrontend /tmp/ahoi-mobile-4113c14-ipad-derived/Build/Intermediates.noindex/AhoiCloudKitSpike.build/DebugLocal-iphonesimulator/AhoiCloudKitSpike.build/Objects-normal/arm64/AhoiCloudKitSpike_const_extract_protocols.json -Xcc -I/tmp/ahoi-mobile-4113c14-ipad-derived/Build/Products/DebugLocal-iphonesimulator/include -Xcc -I/tmp/ahoi-mobile-4113c14-ipad-derived/Build/Intermediates.noindex/AhoiCloudKitSpike.build/DebugLocal-iphonesimulator/AhoiCloudKitSpike.build/DerivedSources-normal/arm64 -Xcc -I/tmp/ahoi-mobile-4113c14-ipad-derived/Build/Intermediates.noindex/AhoiCloudKitSpike.build/DebugLocal-iphonesimulator/AhoiCloudKitSpike.build/DerivedSources/arm64 -Xcc -I/tmp/ahoi-mobile-4113c14-ipad-derived/Build/Intermediates.noindex/AhoiCloudKitSpike.build/DebugLocal-iphonesimulator/AhoiCloudKitSpike.build/DerivedSources -Xcc -DSWIFT_PACKAGE -Xcc -DDEBUG\=1 -emit-objc-header -emit-objc-header-path /tmp/ahoi-mobile-4113c14-ipad-derived/Build/Intermediates.noindex/AhoiCloudKitSpike.build/DebugLocal-iphonesimulator/AhoiCloudKitSpike.build/Objects-normal/arm64/AhoiCloudKitSpike-Swift.h -working-directory /Volumes/Macintosh\ HD\ -\ Daten/Cloud/Projekte/Apps/Plattformuebergreifend/AhoiBrowser/apps/AhoiMobile/AhoiMobile.xcodeproj -experimental-emit-module-separately -disable-cmo

SwiftExplicitDependencyGeneratePcm arm64 /tmp/ahoi-mobile-4113c14-ipad-derived/ModuleCache.noindex/_Builtin_float-4TQRB23M7WV2TOQPZ8E4E77U5.pcm

SwiftExplicitDependencyGeneratePcm arm64 /tmp/ahoi-mobile-4113c14-ipad-derived/ModuleCache.noindex/SwiftShims-4Z50HVHSLZYBEE1421MT5GQAP.pcm

SwiftExplicitDependencyGeneratePcm arm64 /tmp/ahoi-mobile-4113c14-ipad-derived/ModuleCache.noindex/_Builtin_stddef-CM1ZF7V2ZT20L8X8GWYRGZX2N.pcm

SwiftExplicitDependencyGeneratePcm arm64 /tmp/ahoi-mobile-4113c14-ipad-derived/ModuleCache.noindex/ptrcheck-6SI70F5S1XTU0HQAQT0LOZ2G4.pcm

SwiftExplicitDependencyGeneratePcm arm64 /tmp/ahoi-mobile-4113c14-ipad-derived/ModuleCache.noindex/_SwiftConcurrencyShims-F194REZ8QDZTGRJPK1V6X4DD1.pcm

SwiftExplicitDependencyGeneratePcm arm64 /tmp/ahoi-mobile-4113c14-ipad-derived/ModuleCache.noindex/_Builtin_stdbool-8S6RXOO9QCGTQR9VMU97TT97J.pcm

SwiftExplicitDependencyGeneratePcm arm64 /tmp/ahoi-mobile-4113c14-ipad-derived/ModuleCache.noindex/_AvailabilityInternal-98MV25IIE0997HGJHGLX6MIRR.pcm

SwiftExplicitDependencyGeneratePcm arm64 /tmp/ahoi-mobile-4113c14-ipad-derived/ModuleCache.noindex/_Builtin_stdarg-B6ZT5M62MVSTUFW99MCEYWO2Q.pcm

SwiftExplicitDependencyGeneratePcm arm64 /tmp/ahoi-mobile-4113c14-ipad-derived/ModuleCache.noindex/ptrauth-E0CRG6FCKOWKES4NHFR34OCG1.pcm

SwiftExplicitDependencyGeneratePcm arm64 /tmp/ahoi-mobile-4113c14-ipad-derived/ModuleCache.noindex/_DarwinFoundation1-EW01J7Q56W3DDMJROVU2OIO4L.pcm

SwiftExplicitDependencyGeneratePcm arm64 /tmp/ahoi-mobile-4113c14-ipad-derived/ModuleCache.noindex/_DarwinFoundation2-CWC7SGZR6698HTCBXG5RSG9P5.pcm

SwiftExplicitDependencyGeneratePcm arm64 /tmp/ahoi-mobile-4113c14-ipad-derived/ModuleCache.noindex/_Builtin_limits-38OJXOSGRFCUD4P3M8AQG7ZSZ.pcm

SwiftExplicitDependencyGeneratePcm arm64 /tmp/ahoi-mobile-4113c14-ipad-derived/ModuleCache.noindex/_Builtin_stdint-2H68K1CGEVVAG32YUTYQLTD85.pcm

SwiftExplicitDependencyGeneratePcm arm64 /tmp/ahoi-mobile-4113c14-ipad-derived/ModuleCache.noindex/sys_types-DH99H09PP55WBXKG6EXVRRF2.pcm

SwiftExplicitDependencyGeneratePcm arm64 /tmp/ahoi-mobile-4113c14-ipad-derived/ModuleCache.noindex/_DarwinFoundation3-BJI4NA2JEREUQDMGIPRTM582L.pcm

SwiftExplicitDependencyGeneratePcm arm64 /tmp/ahoi-mobile-4113c14-ipad-derived/ModuleCache.noindex/_Builtin_stdatomic-4SCORCRLMVIUY2WBJAX7T2CP.pcm

SwiftExplicitDependencyGeneratePcm arm64 /tmp/ahoi-mobile-4113c14-ipad-derived/ModuleCache.noindex/_Builtin_inttypes-D3OPWE1EMZJ6ONCPG68WVZ554.pcm

SwiftExplicitDependencyGeneratePcm arm64 /tmp/ahoi-mobile-4113c14-ipad-derived/ModuleCache.noindex/Darwin-4SA0VVP2VQZK2CG9ACJOC7YAU.pcm

SwiftExplicitDependencyGeneratePcm arm64 /tmp/ahoi-mobile-4113c14-ipad-derived/ModuleCache.noindex/ObjectiveC-C3CHE99VVZSLXLD1UF3RVR73Z.pcm

SwiftExplicitDependencyGeneratePcm arm64 /tmp/ahoi-mobile-4113c14-ipad-derived/ModuleCache.noindex/MachO-9DHFQJEUOC84BUVF71CUPNCUM.pcm

SwiftExplicitDependencyGeneratePcm arm64 /tmp/ahoi-mobile-4113c14-ipad-derived/ModuleCache.noindex/os_object-D6OQ3ROUB952NJLYENYL6OFVD.pcm

SwiftExplicitDependencyGeneratePcm arm64 /tmp/ahoi-mobile-4113c14-ipad-derived/ModuleCache.noindex/os_workgroup-57KCHPMD3IXTIK59HI8BA9C28.pcm

SwiftExplicitDependencyGeneratePcm arm64 /tmp/ahoi-mobile-4113c14-ipad-derived/ModuleCache.noindex/Dispatch-38PVG9IZ26TKUBBGJ5BKMTHS2.pcm

SwiftExplicitDependencyGeneratePcm arm64 /tmp/ahoi-mobile-4113c14-ipad-derived/ModuleCache.noindex/XPC-8O78BKG0T2CC2NNPOYI33E4WK.pcm

SwiftExplicitDependencyGeneratePcm arm64 /tmp/ahoi-mobile-4113c14-ipad-derived/ModuleCache.noindex/CoreFoundation-3HDY0FIV66E0PAPZ58FPSRS06.pcm

SwiftExplicitDependencyGeneratePcm arm64 /tmp/ahoi-mobile-4113c14-ipad-derived/ModuleCache.noindex/os-43YLT6HV44PBMXRO6G3W8X2DQ.pcm

SwiftExplicitDependencyGeneratePcm arm64 /tmp/ahoi-mobile-4113c14-ipad-derived/ModuleCache.noindex/CFNetwork-1GLSKZ575PKOMJH0XHNCFA7QA.pcm

SwiftExplicitDependencyGeneratePcm arm64 /tmp/ahoi-mobile-4113c14-ipad-derived/ModuleCache.noindex/Security-VJ8MXYWMBKS8EAMRU6APF84H.pcm

SwiftExplicitDependencyGeneratePcm arm64 /tmp/ahoi-mobile-4113c14-ipad-derived/ModuleCache.noindex/Foundation-6EHDQX60HXVHVN0Y2Y2JXV4FX.pcm

SwiftExplicitDependencyGeneratePcm arm64 /tmp/ahoi-mobile-4113c14-ipad-derived/ModuleCache.noindex/CoreTransferable-DOG53P6FJ882PFQJQDOO9S30.pcm

SwiftExplicitDependencyGeneratePcm arm64 /tmp/ahoi-mobile-4113c14-ipad-derived/ModuleCache.noindex/UniformTypeIdentifiers-YZY9CS5H6WQFHYVV4GGDH4SS.pcm

SwiftExplicitDependencyGeneratePcm arm64 /tmp/ahoi-mobile-4113c14-ipad-derived/ModuleCache.noindex/_LocationEssentials-AX0L0XO1B5BKONUAW43X3NSH9.pcm

SwiftExplicitDependencyGeneratePcm arm64 /tmp/ahoi-mobile-4113c14-ipad-derived/ModuleCache.noindex/LocalAuthentication-CROU5XGOTYRZHHOTZ0OUXIGHC.pcm

SwiftExplicitDependencyGeneratePcm arm64 /tmp/ahoi-mobile-4113c14-ipad-derived/ModuleCache.noindex/CoreLocation-AWAFY53P1D4LQ4CHU5II7VP6K.pcm

SwiftExplicitDependencyGeneratePcm arm64 /tmp/ahoi-mobile-4113c14-ipad-derived/ModuleCache.noindex/CloudKit-CXW5D2N1PCJZ55WJJOPMGGXDS.pcm

SwiftEmitModule normal arm64 Emitting\ module\ for\ AhoiCloudKitSpike (in target 'AhoiCloudKitSpike' from project 'AhoiCloudKitSpike')

EmitSwiftModule normal arm64 (in target 'AhoiCloudKitSpike' from project 'AhoiCloudKitSpike')
    cd /Volumes/Macintosh\ HD\ -\ Daten/Cloud/Projekte/Apps/Plattformuebergreifend/AhoiBrowser/apps/AhoiMobile/AhoiMobile.xcodeproj
    

SwiftCompile normal arm64 Compiling\ RemoteCommands.swift /Volumes/Macintosh\ HD\ -\ Daten/Cloud/Projekte/Apps/Plattformuebergreifend/AhoiBrowser/spikes/cloudkit/Sources/AhoiCloudKitSpike/RemoteCommands.swift (in target 'AhoiCloudKitSpike' from project 'AhoiCloudKitSpike')
SwiftCompile normal arm64 /Volumes/Macintosh\ HD\ -\ Daten/Cloud/Projekte/Apps/Plattformuebergreifend/AhoiBrowser/spikes/cloudkit/Sources/AhoiCloudKitSpike/RemoteCommands.swift (in target 'AhoiCloudKitSpike' from project 'AhoiCloudKitSpike')
    cd /Volumes/Macintosh\ HD\ -\ Daten/Cloud/Projekte/Apps/Plattformuebergreifend/AhoiBrowser/apps/AhoiMobile/AhoiMobile.xcodeproj
    

SwiftCompile normal arm64 Compiling\ SyncBoundary.swift /Volumes/Macintosh\ HD\ -\ Daten/Cloud/Projekte/Apps/Plattformuebergreifend/AhoiBrowser/spikes/cloudkit/Sources/AhoiCloudKitSpike/SyncBoundary.swift (in target 'AhoiCloudKitSpike' from project 'AhoiCloudKitSpike')

SwiftCompile normal arm64 /Volumes/Macintosh\ HD\ -\ Daten/Cloud/Projekte/Apps/Plattformuebergreifend/AhoiBrowser/spikes/cloudkit/Sources/AhoiCloudKitSpike/SyncBoundary.swift (in target 'AhoiCloudKitSpike' from project 'AhoiCloudKitSpike')
    cd /Volumes/Macintosh\ HD\ -\ Daten/Cloud/Projekte/Apps/Plattformuebergreifend/AhoiBrowser/apps/AhoiMobile/AhoiMobile.xcodeproj
    

SwiftCompile normal arm64 Compiling\ Identifiers.swift /Volumes/Macintosh\ HD\ -\ Daten/Cloud/Projekte/Apps/Plattformuebergreifend/AhoiBrowser/spikes/cloudkit/Sources/AhoiCloudKitSpike/Identifiers.swift (in target 'AhoiCloudKitSpike' from project 'AhoiCloudKitSpike')

SwiftCompile normal arm64 /Volumes/Macintosh\ HD\ -\ Daten/Cloud/Projekte/Apps/Plattformuebergreifend/AhoiBrowser/spikes/cloudkit/Sources/AhoiCloudKitSpike/Identifiers.swift (in target 'AhoiCloudKitSpike' from project 'AhoiCloudKitSpike')
    cd /Volumes/Macintosh\ HD\ -\ Daten/Cloud/Projekte/Apps/Plattformuebergreifend/AhoiBrowser/apps/AhoiMobile/AhoiMobile.xcodeproj
    

SwiftCompile normal arm64 Compiling\ ConflictResolver.swift /Volumes/Macintosh\ HD\ -\ Daten/Cloud/Projekte/Apps/Plattformuebergreifend/AhoiBrowser/spikes/cloudkit/Sources/AhoiCloudKitSpike/ConflictResolver.swift (in target 'AhoiCloudKitSpike' from project 'AhoiCloudKitSpike')

SwiftCompile normal arm64 /Volumes/Macintosh\ HD\ -\ Daten/Cloud/Projekte/Apps/Plattformuebergreifend/AhoiBrowser/spikes/cloudkit/Sources/AhoiCloudKitSpike/ConflictResolver.swift (in target 'AhoiCloudKitSpike' from project 'AhoiCloudKitSpike')
    cd /Volumes/Macintosh\ HD\ -\ Daten/Cloud/Projekte/Apps/Plattformuebergreifend/AhoiBrowser/apps/AhoiMobile/AhoiMobile.xcodeproj
    

SwiftCompile normal arm64 Compiling\ CompanionModels.swift /Volumes/Macintosh\ HD\ -\ Daten/Cloud/Projekte/Apps/Plattformuebergreifend/AhoiBrowser/spikes/cloudkit/Sources/AhoiCloudKitSpike/CompanionModels.swift (in target 'AhoiCloudKitSpike' from project 'AhoiCloudKitSpike')
SwiftCompile normal arm64 /Volumes/Macintosh\ HD\ -\ Daten/Cloud/Projekte/Apps/Plattformuebergreifend/AhoiBrowser/spikes/cloudkit/Sources/AhoiCloudKitSpike/CompanionModels.swift (in target 'AhoiCloudKitSpike' from project 'AhoiCloudKitSpike')
    cd /Volumes/Macintosh\ HD\ -\ Daten/Cloud/Projekte/Apps/Plattformuebergreifend/AhoiBrowser/apps/AhoiMobile/AhoiMobile.xcodeproj
    

SwiftCompile normal arm64 Compiling\ HybridLogicalClock.swift /Volumes/Macintosh\ HD\ -\ Daten/Cloud/Projekte/Apps/Plattformuebergreifend/AhoiBrowser/spikes/cloudkit/Sources/AhoiCloudKitSpike/HybridLogicalClock.swift (in target 'AhoiCloudKitSpike' from project 'AhoiCloudKitSpike')

SwiftCompile normal arm64 /Volumes/Macintosh\ HD\ -\ Daten/Cloud/Projekte/Apps/Plattformuebergreifend/AhoiBrowser/spikes/cloudkit/Sources/AhoiCloudKitSpike/HybridLogicalClock.swift (in target 'AhoiCloudKitSpike' from project 'AhoiCloudKitSpike')
    cd /Volumes/Macintosh\ HD\ -\ Daten/Cloud/Projekte/Apps/Plattformuebergreifend/AhoiBrowser/apps/AhoiMobile/AhoiMobile.xcodeproj
    

SwiftCompile normal arm64 Compiling\ OrderKey.swift /Volumes/Macintosh\ HD\ -\ Daten/Cloud/Projekte/Apps/Plattformuebergreifend/AhoiBrowser/spikes/cloudkit/Sources/AhoiCloudKitSpike/OrderKey.swift (in target 'AhoiCloudKitSpike' from project 'AhoiCloudKitSpike')

SwiftCompile normal arm64 /Volumes/Macintosh\ HD\ -\ Daten/Cloud/Projekte/Apps/Plattformuebergreifend/AhoiBrowser/spikes/cloudkit/Sources/AhoiCloudKitSpike/OrderKey.swift (in target 'AhoiCloudKitSpike' from project 'AhoiCloudKitSpike')
    cd /Volumes/Macintosh\ HD\ -\ Daten/Cloud/Projekte/Apps/Plattformuebergreifend/AhoiBrowser/apps/AhoiMobile/AhoiMobile.xcodeproj
    

SwiftCompile normal arm64 Compiling\ ConflictCanonicalization.swift /Volumes/Macintosh\ HD\ -\ Daten/Cloud/Projekte/Apps/Plattformuebergreifend/AhoiBrowser/spikes/cloudkit/Sources/AhoiCloudKitSpike/ConflictCanonicalization.swift (in target 'AhoiCloudKitSpike' from project 'AhoiCloudKitSpike')

SwiftCompile normal arm64 /Volumes/Macintosh\ HD\ -\ Daten/Cloud/Projekte/Apps/Plattformuebergreifend/AhoiBrowser/spikes/cloudkit/Sources/AhoiCloudKitSpike/ConflictCanonicalization.swift (in target 'AhoiCloudKitSpike' from project 'AhoiCloudKitSpike')
    cd /Volumes/Macintosh\ HD\ -\ Daten/Cloud/Projekte/Apps/Plattformuebergreifend/AhoiBrowser/apps/AhoiMobile/AhoiMobile.xcodeproj
    

SwiftCompile normal arm64 Compiling\ AppleCloudKitAdapter.swift,\ AppleCloudKitRecordCodec.swift /Volumes/Macintosh\ HD\ -\ Daten/Cloud/Projekte/Apps/Plattformuebergreifend/AhoiBrowser/spikes/cloudkit/Sources/AhoiCloudKitSpike/AppleCloudKitAdapter.swift /Volumes/Macintosh\ HD\ -\ Daten/Cloud/Projekte/Apps/Plattformuebergreifend/AhoiBrowser/spikes/cloudkit/Sources/AhoiCloudKitSpike/AppleCloudKitRecordCodec.swift (in target 'AhoiCloudKitSpike' from project 'AhoiCloudKitSpike')

SwiftCompile normal arm64 /Volumes/Macintosh\ HD\ -\ Daten/Cloud/Projekte/Apps/Plattformuebergreifend/AhoiBrowser/spikes/cloudkit/Sources/AhoiCloudKitSpike/AppleCloudKitAdapter.swift (in target 'AhoiCloudKitSpike' from project 'AhoiCloudKitSpike')
    cd /Volumes/Macintosh\ HD\ -\ Daten/Cloud/Projekte/Apps/Plattformuebergreifend/AhoiBrowser/apps/AhoiMobile/AhoiMobile.xcodeproj
    

SwiftCompile normal arm64 /Volumes/Macintosh\ HD\ -\ Daten/Cloud/Projekte/Apps/Plattformuebergreifend/AhoiBrowser/spikes/cloudkit/Sources/AhoiCloudKitSpike/AppleCloudKitRecordCodec.swift (in target 'AhoiCloudKitSpike' from project 'AhoiCloudKitSpike')
    cd /Volumes/Macintosh\ HD\ -\ Daten/Cloud/Projekte/Apps/Plattformuebergreifend/AhoiBrowser/apps/AhoiMobile/AhoiMobile.xcodeproj
    

SwiftCompile normal arm64 Compiling\ CloudSyncTransport.swift,\ CommandSecurity.swift /Volumes/Macintosh\ HD\ -\ Daten/Cloud/Projekte/Apps/Plattformuebergreifend/AhoiBrowser/spikes/cloudkit/Sources/AhoiCloudKitSpike/CloudSyncTransport.swift /Volumes/Macintosh\ HD\ -\ Daten/Cloud/Projekte/Apps/Plattformuebergreifend/AhoiBrowser/spikes/cloudkit/Sources/AhoiCloudKitSpike/CommandSecurity.swift (in target 'AhoiCloudKitSpike' from project 'AhoiCloudKitSpike')

SwiftCompile normal arm64 /Volumes/Macintosh\ HD\ -\ Daten/Cloud/Projekte/Apps/Plattformuebergreifend/AhoiBrowser/spikes/cloudkit/Sources/AhoiCloudKitSpike/CloudSyncTransport.swift (in target 'AhoiCloudKitSpike' from project 'AhoiCloudKitSpike')
    cd /Volumes/Macintosh\ HD\ -\ Daten/Cloud/Projekte/Apps/Plattformuebergreifend/AhoiBrowser/apps/AhoiMobile/AhoiMobile.xcodeproj
    

SwiftCompile normal arm64 /Volumes/Macintosh\ HD\ -\ Daten/Cloud/Projekte/Apps/Plattformuebergreifend/AhoiBrowser/spikes/cloudkit/Sources/AhoiCloudKitSpike/CommandSecurity.swift (in target 'AhoiCloudKitSpike' from project 'AhoiCloudKitSpike')
    cd /Volumes/Macintosh\ HD\ -\ Daten/Cloud/Projekte/Apps/Plattformuebergreifend/AhoiBrowser/apps/AhoiMobile/AhoiMobile.xcodeproj
    

SwiftCompile normal arm64 Compiling\ FileCommandReplayStore.swift /Volumes/Macintosh\ HD\ -\ Daten/Cloud/Projekte/Apps/Plattformuebergreifend/AhoiBrowser/spikes/cloudkit/Sources/AhoiCloudKitSpike/FileCommandReplayStore.swift (in target 'AhoiCloudKitSpike' from project 'AhoiCloudKitSpike')

SwiftCompile normal arm64 /Volumes/Macintosh\ HD\ -\ Daten/Cloud/Projekte/Apps/Plattformuebergreifend/AhoiBrowser/spikes/cloudkit/Sources/AhoiCloudKitSpike/FileCommandReplayStore.swift (in target 'AhoiCloudKitSpike' from project 'AhoiCloudKitSpike')
    cd /Volumes/Macintosh\ HD\ -\ Daten/Cloud/Projekte/Apps/Plattformuebergreifend/AhoiBrowser/apps/AhoiMobile/AhoiMobile.xcodeproj
    

SwiftCompile normal arm64 Compiling\ SyncModels.swift /Volumes/Macintosh\ HD\ -\ Daten/Cloud/Projekte/Apps/Plattformuebergreifend/AhoiBrowser/spikes/cloudkit/Sources/AhoiCloudKitSpike/SyncModels.swift (in target 'AhoiCloudKitSpike' from project 'AhoiCloudKitSpike')

SwiftCompile normal arm64 /Volumes/Macintosh\ HD\ -\ Daten/Cloud/Projekte/Apps/Plattformuebergreifend/AhoiBrowser/spikes/cloudkit/Sources/AhoiCloudKitSpike/SyncModels.swift (in target 'AhoiCloudKitSpike' from project 'AhoiCloudKitSpike')
    cd /Volumes/Macintosh\ HD\ -\ Daten/Cloud/Projekte/Apps/Plattformuebergreifend/AhoiBrowser/apps/AhoiMobile/AhoiMobile.xcodeproj
    

SwiftDriverJobDiscovery normal arm64 Emitting module for AhoiCloudKitSpike (in target 'AhoiCloudKitSpike' from project 'AhoiCloudKitSpike')

SwiftDriver\ Compilation\ Requirements AhoiCloudKitSpike normal arm64 com.apple.xcode.tools.swift.compiler (in target 'AhoiCloudKitSpike' from project 'AhoiCloudKitSpike')
    cd /Volumes/Macintosh\ HD\ -\ Daten/Cloud/Projekte/Apps/Plattformuebergreifend/AhoiBrowser/apps/AhoiMobile/AhoiMobile.xcodeproj
    builtin-Swift-Compilation-Requirements -- /Applications/Xcode.app/Contents/Developer/Toolchains/XcodeDefault.xctoolchain/usr/bin/swiftc -module-name AhoiCloudKitSpike -Onone @/tmp/ahoi-mobile-4113c14-ipad-derived/Build/Intermediates.noindex/AhoiCloudKitSpike.build/DebugLocal-iphonesimulator/AhoiCloudKitSpike.build/Objects-normal/arm64/AhoiCloudKitSpike.SwiftFileList -DSWIFT_PACKAGE -DDEBUG -DSWIFT_MODULE_RESOURCE_BUNDLE_UNAVAILABLE -DXcode -plugin-path /Applications/Xcode.app/Contents/Developer/Toolchains/XcodeDefault.xctoolchain/usr/lib/swift/host/plugins/testing -enable-experimental-feature DebugDescriptionMacro -sdk /Applications/Xcode.app/Contents/Developer/Platforms/iPhoneSimulator.platform/Developer/SDKs/iPhoneSimulator26.5.sdk -target arm64-apple-ios16.0-simulator -g -module-cache-path /tmp/ahoi-mobile-4113c14-ipad-derived/ModuleCache.noindex -Xfrontend -serialize-debugging-options -enable-testing -index-store-path /tmp/ahoi-mobile-4113c14-ipad-derived/Index.noindex/DataStore -Xcc -D_LIBCPP_HARDENING_MODE\=_LIBCPP_HARDENING_MODE_DEBUG -swift-version 5 -I /tmp/ahoi-mobile-4113c14-ipad-derived/Build/Products/DebugLocal-iphonesimulator -Isystem /Applications/Xcode.app/Contents/Developer/Platforms/iPhoneSimulator.platform/Developer/usr/lib -F /tmp/ahoi-mobile-4113c14-ipad-derived/Build/Products/DebugLocal-iphonesimulator -F /Applications/Xcode.app/Contents/Developer/Platforms/iPhoneSimulator.platform/Developer/Library/Frameworks -F /Applications/Xcode.app/Contents/Developer/Platforms/iPhoneSimulator.platform/Developer/SDKs/iPhoneSimulator26.5.sdk/Developer/Library/Frameworks -c -j12 -enable-batch-mode -incremental -Xcc -ivfsstatcache -Xcc /tmp/ahoi-mobile-4113c14-ipad-derived/SDKStatCaches.noindex/iphonesimulator26.5-23F81a-688ef53f1462e2c8f657fdc38a81448f6cfe768891a92b912361537c460fe42b.sdkstatcache -output-file-map /tmp/ahoi-mobile-4113c14-ipad-derived/Build/Intermediates.noindex/AhoiCloudKitSpike.build/DebugLocal-iphonesimulator/AhoiCloudKitSpike.build/Objects-normal/arm64/AhoiCloudKitSpike-OutputFileMap.json -use-frontend-parseable-output -save-temps -no-color-diagnostics -explicit-module-build -module-cache-path /tmp/ahoi-mobile-4113c14-ipad-derived/Build/Intermediates.noindex/SwiftExplicitPrecompiledModules -clang-scanner-module-cache-path /tmp/ahoi-mobile-4113c14-ipad-derived/ModuleCache.noindex -sdk-module-cache-path /tmp/ahoi-mobile-4113c14-ipad-derived/ModuleCache.noindex -serialize-diagnostics -emit-dependencies -emit-module -emit-module-path /tmp/ahoi-mobile-4113c14-ipad-derived/Build/Intermediates.noindex/AhoiCloudKitSpike.build/DebugLocal-iphonesimulator/AhoiCloudKitSpike.build/Objects-normal/arm64/AhoiCloudKitSpike.swiftmodule -validate-clang-modules-once -clang-build-session-file /tmp/ahoi-mobile-4113c14-ipad-derived/ModuleCache.noindex/Session.modulevalidation -package-name cloudkit -Xcc -I/tmp/ahoi-mobile-4113c14-ipad-derived/Build/Intermediates.noindex/AhoiCloudKitSpike.build/DebugLocal-iphonesimulator/AhoiCloudKitSpike.build/swift-overrides.hmap -emit-const-values -Xfrontend -const-gather-protocols-file -Xfrontend /tmp/ahoi-mobile-4113c14-ipad-derived/Build/Intermediates.noindex/AhoiCloudKitSpike.build/DebugLocal-iphonesimulator/AhoiCloudKitSpike.build/Objects-normal/arm64/AhoiCloudKitSpike_const_extract_protocols.json -Xcc -I/tmp/ahoi-mobile-4113c14-ipad-derived/Build/Products/DebugLocal-iphonesimulator/include -Xcc -I/tmp/ahoi-mobile-4113c14-ipad-derived/Build/Intermediates.noindex/AhoiCloudKitSpike.build/DebugLocal-iphonesimulator/AhoiCloudKitSpike.build/DerivedSources-normal/arm64 -Xcc -I/tmp/ahoi-mobile-4113c14-ipad-derived/Build/Intermediates.noindex/AhoiCloudKitSpike.build/DebugLocal-iphonesimulator/AhoiCloudKitSpike.build/DerivedSources/arm64 -Xcc -I/tmp/ahoi-mobile-4113c14-ipad-derived/Build/Intermediates.noindex/AhoiCloudKitSpike.build/DebugLocal-iphonesimulator/AhoiCloudKitSpike.build/DerivedSources -Xcc -DSWIFT_PACKAGE -Xcc -DDEBUG\=1 -emit-objc-header -emit-objc-header-path /tmp/ahoi-mobile-4113c14-ipad-derived/Build/Intermediates.noindex/AhoiCloudKitSpike.build/DebugLocal-iphonesimulator/AhoiCloudKitSpike.build/Objects-normal/arm64/AhoiCloudKitSpike-Swift.h -working-directory /Volumes/Macintosh\ HD\ -\ Daten/Cloud/Projekte/Apps/Plattformuebergreifend/AhoiBrowser/apps/AhoiMobile/AhoiMobile.xcodeproj -experimental-emit-module-separately -disable-cmo

SwiftDriverJobDiscovery normal arm64 Compiling HybridLogicalClock.swift (in target 'AhoiCloudKitSpike' from project 'AhoiCloudKitSpike')

SwiftDriverJobDiscovery normal arm64 Compiling SyncBoundary.swift (in target 'AhoiCloudKitSpike' from project 'AhoiCloudKitSpike')

SwiftDriverJobDiscovery normal arm64 Compiling ConflictCanonicalization.swift (in target 'AhoiCloudKitSpike' from project 'AhoiCloudKitSpike')

SwiftMergeGeneratedHeaders /tmp/ahoi-mobile-4113c14-ipad-derived/Build/Intermediates.noindex/GeneratedModuleMaps-iphonesimulator/AhoiCloudKitSpike-Swift.h /tmp/ahoi-mobile-4113c14-ipad-derived/Build/Intermediates.noindex/AhoiCloudKitSpike.build/DebugLocal-iphonesimulator/AhoiCloudKitSpike.build/Objects-normal/arm64/AhoiCloudKitSpike-Swift.h (in target 'AhoiCloudKitSpike' from project 'AhoiCloudKitSpike')
    cd /Volumes/Macintosh\ HD\ -\ Daten/Cloud/Projekte/Apps/Plattformuebergreifend/AhoiBrowser/spikes/cloudkit
    builtin-swiftHeaderTool -arch arm64 /tmp/ahoi-mobile-4113c14-ipad-derived/Build/Intermediates.noindex/AhoiCloudKitSpike.build/DebugLocal-iphonesimulator/AhoiCloudKitSpike.build/Objects-normal/arm64/AhoiCloudKitSpike-Swift.h -o /tmp/ahoi-mobile-4113c14-ipad-derived/Build/Intermediates.noindex/GeneratedModuleMaps-iphonesimulator/AhoiCloudKitSpike-Swift.h

Copy /tmp/ahoi-mobile-4113c14-ipad-derived/Build/Products/DebugLocal-iphonesimulator/AhoiCloudKitSpike.swiftmodule/arm64-apple-ios-simulator.swiftdoc /tmp/ahoi-mobile-4113c14-ipad-derived/Build/Intermediates.noindex/AhoiCloudKitSpike.build/DebugLocal-iphonesimulator/AhoiCloudKitSpike.build/Objects-normal/arm64/AhoiCloudKitSpike.swiftdoc (in target 'AhoiCloudKitSpike' from project 'AhoiCloudKitSpike')
    cd /Volumes/Macintosh\ HD\ -\ Daten/Cloud/Projekte/Apps/Plattformuebergreifend/AhoiBrowser/spikes/cloudkit
    builtin-copy -exclude .DS_Store -exclude CVS -exclude .svn -exclude .git -exclude .hg -resolve-src-symlinks -rename /tmp/ahoi-mobile-4113c14-ipad-derived/Build/Intermediates.noindex/AhoiCloudKitSpike.build/DebugLocal-iphonesimulator/AhoiCloudKitSpike.build/Objects-normal/arm64/AhoiCloudKitSpike.swiftdoc /tmp/ahoi-mobile-4113c14-ipad-derived/Build/Products/DebugLocal-iphonesimulator/AhoiCloudKitSpike.swiftmodule/arm64-apple-ios-simulator.swiftdoc

Copy /tmp/ahoi-mobile-4113c14-ipad-derived/Build/Products/DebugLocal-iphonesimulator/AhoiCloudKitSpike.swiftmodule/arm64-apple-ios-simulator.swiftmodule /tmp/ahoi-mobile-4113c14-ipad-derived/Build/Intermediates.noindex/AhoiCloudKitSpike.build/DebugLocal-iphonesimulator/AhoiCloudKitSpike.build/Objects-normal/arm64/AhoiCloudKitSpike.swiftmodule (in target 'AhoiCloudKitSpike' from project 'AhoiCloudKitSpike')
    cd /Volumes/Macintosh\ HD\ -\ Daten/Cloud/Projekte/Apps/Plattformuebergreifend/AhoiBrowser/spikes/cloudkit
    builtin-copy -exclude .DS_Store -exclude CVS -exclude .svn -exclude .git -exclude .hg -resolve-src-symlinks -rename /tmp/ahoi-mobile-4113c14-ipad-derived/Build/Intermediates.noindex/AhoiCloudKitSpike.build/DebugLocal-iphonesimulator/AhoiCloudKitSpike.build/Objects-normal/arm64/AhoiCloudKitSpike.swiftmodule /tmp/ahoi-mobile-4113c14-ipad-derived/Build/Products/DebugLocal-iphonesimulator/AhoiCloudKitSpike.swiftmodule/arm64-apple-ios-simulator.swiftmodule

Copy /tmp/ahoi-mobile-4113c14-ipad-derived/Build/Products/DebugLocal-iphonesimulator/AhoiCloudKitSpike.swiftmodule/arm64-apple-ios-simulator.abi.json /tmp/ahoi-mobile-4113c14-ipad-derived/Build/Intermediates.noindex/AhoiCloudKitSpike.build/DebugLocal-iphonesimulator/AhoiCloudKitSpike.build/Objects-normal/arm64/AhoiCloudKitSpike.abi.json (in target 'AhoiCloudKitSpike' from project 'AhoiCloudKitSpike')
    cd /Volumes/Macintosh\ HD\ -\ Daten/Cloud/Projekte/Apps/Plattformuebergreifend/AhoiBrowser/spikes/cloudkit
    builtin-copy -exclude .DS_Store -exclude CVS -exclude .svn -exclude .git -exclude .hg -resolve-src-symlinks -rename /tmp/ahoi-mobile-4113c14-ipad-derived/Build/Intermediates.noindex/AhoiCloudKitSpike.build/DebugLocal-iphonesimulator/AhoiCloudKitSpike.build/Objects-normal/arm64/AhoiCloudKitSpike.abi.json /tmp/ahoi-mobile-4113c14-ipad-derived/Build/Products/DebugLocal-iphonesimulator/AhoiCloudKitSpike.swiftmodule/arm64-apple-ios-simulator.abi.json

Copy /tmp/ahoi-mobile-4113c14-ipad-derived/Build/Products/DebugLocal-iphonesimulator/AhoiCloudKitSpike.swiftmodule/Project/arm64-apple-ios-simulator.swiftsourceinfo /tmp/ahoi-mobile-4113c14-ipad-derived/Build/Intermediates.noindex/AhoiCloudKitSpike.build/DebugLocal-iphonesimulator/AhoiCloudKitSpike.build/Objects-normal/arm64/AhoiCloudKitSpike.swiftsourceinfo (in target 'AhoiCloudKitSpike' from project 'AhoiCloudKitSpike')
    cd /Volumes/Macintosh\ HD\ -\ Daten/Cloud/Projekte/Apps/Plattformuebergreifend/AhoiBrowser/spikes/cloudkit
    builtin-copy -exclude .DS_Store -exclude CVS -exclude .svn -exclude .git -exclude .hg -resolve-src-symlinks -rename /tmp/ahoi-mobile-4113c14-ipad-derived/Build/Intermediates.noindex/AhoiCloudKitSpike.build/DebugLocal-iphonesimulator/AhoiCloudKitSpike.build/Objects-normal/arm64/AhoiCloudKitSpike.swiftsourceinfo /tmp/ahoi-mobile-4113c14-ipad-derived/Build/Products/DebugLocal-iphonesimulator/AhoiCloudKitSpike.swiftmodule/Project/arm64-apple-ios-simulator.swiftsourceinfo

SwiftDriverJobDiscovery normal arm64 Compiling ConflictResolver.swift (in target 'AhoiCloudKitSpike' from project 'AhoiCloudKitSpike')

SwiftDriverJobDiscovery normal arm64 Compiling CloudSyncTransport.swift, CommandSecurity.swift (in target 'AhoiCloudKitSpike' from project 'AhoiCloudKitSpike')

SwiftDriver AhoiMobileCore normal arm64 com.apple.xcode.tools.swift.compiler (in target 'AhoiMobileCore' from project 'AhoiMobile')
    cd /Volumes/Macintosh\ HD\ -\ Daten/Cloud/Projekte/Apps/Plattformuebergreifend/AhoiBrowser/apps/AhoiMobile
    builtin-SwiftDriver -- /Applications/Xcode.app/Contents/Developer/Toolchains/XcodeDefault.xctoolchain/usr/bin/swiftc -module-name AhoiMobileCore -Onone @/tmp/ahoi-mobile-4113c14-ipad-derived/Build/Intermediates.noindex/AhoiMobile.build/DebugLocal-iphonesimulator/AhoiMobileCore.build/Objects-normal/arm64/AhoiMobileCore.SwiftFileList -DDEBUG -enable-experimental-feature DebugDescriptionMacro -sdk /Applications/Xcode.app/Contents/Developer/Platforms/iPhoneSimulator.platform/Developer/SDKs/iPhoneSimulator26.5.sdk -target arm64-apple-ios26.0-simulator -g -module-cache-path /tmp/ahoi-mobile-4113c14-ipad-derived/ModuleCache.noindex -Xfrontend -serialize-debugging-options -enable-testing -index-store-path /tmp/ahoi-mobile-4113c14-ipad-derived/Index.noindex/DataStore -Xcc -D_LIBCPP_HARDENING_MODE\=_LIBCPP_HARDENING_MODE_DEBUG -swift-version 6 -I /tmp/ahoi-mobile-4113c14-ipad-derived/Build/Products/DebugLocal-iphonesimulator -F /tmp/ahoi-mobile-4113c14-ipad-derived/Build/Products/DebugLocal-iphonesimulator/PackageFrameworks -F /tmp/ahoi-mobile-4113c14-ipad-derived/Build/Products/DebugLocal-iphonesimulator -c -j12 -enable-batch-mode -incremental -Xcc -ivfsstatcache -Xcc /tmp/ahoi-mobile-4113c14-ipad-derived/SDKStatCaches.noindex/iphonesimulator26.5-23F81a-688ef53f1462e2c8f657fdc38a81448f6cfe768891a92b912361537c460fe42b.sdkstatcache -output-file-map /tmp/ahoi-mobile-4113c14-ipad-derived/Build/Intermediates.noindex/AhoiMobile.build/DebugLocal-iphonesimulator/AhoiMobileCore.build/Objects-normal/arm64/AhoiMobileCore-OutputFileMap.json -use-frontend-parseable-output -save-temps -no-color-diagnostics -explicit-module-build -module-cache-path /tmp/ahoi-mobile-4113c14-ipad-derived/Build/Intermediates.noindex/SwiftExplicitPrecompiledModules -clang-scanner-module-cache-path /tmp/ahoi-mobile-4113c14-ipad-derived/ModuleCache.noindex -sdk-module-cache-path /tmp/ahoi-mobile-4113c14-ipad-derived/ModuleCache.noindex -serialize-diagnostics -emit-dependencies -emit-module -emit-module-path /tmp/ahoi-mobile-4113c14-ipad-derived/Build/Intermediates.noindex/AhoiMobile.build/DebugLocal-iphonesimulator/AhoiMobileCore.build/Objects-normal/arm64/AhoiMobileCore.swiftmodule -validate-clang-modules-once -clang-build-session-file /tmp/ahoi-mobile-4113c14-ipad-derived/ModuleCache.noindex/Session.modulevalidation -Xcc -I/tmp/ahoi-mobile-4113c14-ipad-derived/Build/Intermediates.noindex/AhoiMobile.build/DebugLocal-iphonesimulator/AhoiMobileCore.build/swift-overrides.hmap -emit-const-values -Xfrontend -const-gather-protocols-file -Xfrontend /tmp/ahoi-mobile-4113c14-ipad-derived/Build/Intermediates.noindex/AhoiMobile.build/DebugLocal-iphonesimulator/AhoiMobileCore.build/Objects-normal/arm64/AhoiMobileCore_const_extract_protocols.json -Xcc -iquote -Xcc /tmp/ahoi-mobile-4113c14-ipad-derived/Build/Intermediates.noindex/AhoiMobile.build/DebugLocal-iphonesimulator/AhoiMobileCore.build/AhoiMobileCore-generated-files.hmap -Xcc -I/tmp/ahoi-mobile-4113c14-ipad-derived/Build/Intermediates.noindex/AhoiMobile.build/DebugLocal-iphonesimulator/AhoiMobileCore.build/AhoiMobileCore-own-target-headers.hmap -Xcc -I/tmp/ahoi-mobile-4113c14-ipad-derived/Build/Intermediates.noindex/AhoiMobile.build/DebugLocal-iphonesimulator/AhoiMobileCore.build/AhoiMobileCore-all-non-framework-target-headers.hmap -Xcc -ivfsoverlay -Xcc /tmp/ahoi-mobile-4113c14-ipad-derived/Build/Intermediates.noindex/AhoiMobile.build/DebugLocal-iphonesimulator/AhoiMobile-a44a3a976db28ace36eae5fb72a0335b-VFS-iphonesimulator/all-product-headers.yaml -Xcc -iquote -Xcc /tmp/ahoi-mobile-4113c14-ipad-derived/Build/Intermediates.noindex/AhoiMobile.build/DebugLocal-iphonesimulator/AhoiMobileCore.build/AhoiMobileCore-project-headers.hmap -Xcc -I/tmp/ahoi-mobile-4113c14-ipad-derived/Build/Products/DebugLocal-iphonesimulator/include -Xcc -I/tmp/ahoi-mobile-4113c14-ipad-derived/Build/Intermediates.noindex/AhoiMobile.build/DebugLocal-iphonesimulator/AhoiMobileCore.build/DerivedSources-normal/arm64 -Xcc -I/tmp/ahoi-mobile-4113c14-ipad-derived/Build/Intermediates.noindex/AhoiMobile.build/DebugLocal-iphonesimulator/AhoiMobileCore.build/DerivedSources/arm64 -Xcc -I/tmp/ahoi-mobile-4113c14-ipad-derived/Build/Intermediates.noindex/AhoiMobile.build/DebugLocal-iphonesimulator/AhoiMobileCore.build/DerivedSources -Xcc -DDEBUG\=1 -emit-objc-header -emit-objc-header-path /tmp/ahoi-mobile-4113c14-ipad-derived/Build/Intermediates.noindex/AhoiMobile.build/DebugLocal-iphonesimulator/AhoiMobileCore.build/Objects-normal/arm64/AhoiMobileCore-Swift.h -working-directory /Volumes/Macintosh\ HD\ -\ Daten/Cloud/Projekte/Apps/Plattformuebergreifend/AhoiBrowser/apps/AhoiMobile -experimental-emit-module-separately -disable-cmo

SwiftDriverJobDiscovery normal arm64 Compiling FileCommandReplayStore.swift (in target 'AhoiCloudKitSpike' from project 'AhoiCloudKitSpike')

SwiftDriverJobDiscovery normal arm64 Compiling OrderKey.swift (in target 'AhoiCloudKitSpike' from project 'AhoiCloudKitSpike')

SwiftDriverJobDiscovery normal arm64 Compiling Identifiers.swift (in target 'AhoiCloudKitSpike' from project 'AhoiCloudKitSpike')

SwiftDriverJobDiscovery normal arm64 Compiling SyncModels.swift (in target 'AhoiCloudKitSpike' from project 'AhoiCloudKitSpike')

SwiftDriverJobDiscovery normal arm64 Compiling AppleCloudKitAdapter.swift, AppleCloudKitRecordCodec.swift (in target 'AhoiCloudKitSpike' from project 'AhoiCloudKitSpike')

SwiftDriverJobDiscovery normal arm64 Compiling RemoteCommands.swift (in target 'AhoiCloudKitSpike' from project 'AhoiCloudKitSpike')

SwiftDriverJobDiscovery normal arm64 Compiling CompanionModels.swift (in target 'AhoiCloudKitSpike' from project 'AhoiCloudKitSpike')

SwiftDriver\ Compilation AhoiCloudKitSpike normal arm64 com.apple.xcode.tools.swift.compiler (in target 'AhoiCloudKitSpike' from project 'AhoiCloudKitSpike')
    cd /Volumes/Macintosh\ HD\ -\ Daten/Cloud/Projekte/Apps/Plattformuebergreifend/AhoiBrowser/apps/AhoiMobile/AhoiMobile.xcodeproj
    builtin-Swift-Compilation -- /Applications/Xcode.app/Contents/Developer/Toolchains/XcodeDefault.xctoolchain/usr/bin/swiftc -module-name AhoiCloudKitSpike -Onone @/tmp/ahoi-mobile-4113c14-ipad-derived/Build/Intermediates.noindex/AhoiCloudKitSpike.build/DebugLocal-iphonesimulator/AhoiCloudKitSpike.build/Objects-normal/arm64/AhoiCloudKitSpike.SwiftFileList -DSWIFT_PACKAGE -DDEBUG -DSWIFT_MODULE_RESOURCE_BUNDLE_UNAVAILABLE -DXcode -plugin-path /Applications/Xcode.app/Contents/Developer/Toolchains/XcodeDefault.xctoolchain/usr/lib/swift/host/plugins/testing -enable-experimental-feature DebugDescriptionMacro -sdk /Applications/Xcode.app/Contents/Developer/Platforms/iPhoneSimulator.platform/Developer/SDKs/iPhoneSimulator26.5.sdk -target arm64-apple-ios16.0-simulator -g -module-cache-path /tmp/ahoi-mobile-4113c14-ipad-derived/ModuleCache.noindex -Xfrontend -serialize-debugging-options -enable-testing -index-store-path /tmp/ahoi-mobile-4113c14-ipad-derived/Index.noindex/DataStore -Xcc -D_LIBCPP_HARDENING_MODE\=_LIBCPP_HARDENING_MODE_DEBUG -swift-version 5 -I /tmp/ahoi-mobile-4113c14-ipad-derived/Build/Products/DebugLocal-iphonesimulator -Isystem /Applications/Xcode.app/Contents/Developer/Platforms/iPhoneSimulator.platform/Developer/usr/lib -F /tmp/ahoi-mobile-4113c14-ipad-derived/Build/Products/DebugLocal-iphonesimulator -F /Applications/Xcode.app/Contents/Developer/Platforms/iPhoneSimulator.platform/Developer/Library/Frameworks -F /Applications/Xcode.app/Contents/Developer/Platforms/iPhoneSimulator.platform/Developer/SDKs/iPhoneSimulator26.5.sdk/Developer/Library/Frameworks -c -j12 -enable-batch-mode -incremental -Xcc -ivfsstatcache -Xcc /tmp/ahoi-mobile-4113c14-ipad-derived/SDKStatCaches.noindex/iphonesimulator26.5-23F81a-688ef53f1462e2c8f657fdc38a81448f6cfe768891a92b912361537c460fe42b.sdkstatcache -output-file-map /tmp/ahoi-mobile-4113c14-ipad-derived/Build/Intermediates.noindex/AhoiCloudKitSpike.build/DebugLocal-iphonesimulator/AhoiCloudKitSpike.build/Objects-normal/arm64/AhoiCloudKitSpike-OutputFileMap.json -use-frontend-parseable-output -save-temps -no-color-diagnostics -explicit-module-build -module-cache-path /tmp/ahoi-mobile-4113c14-ipad-derived/Build/Intermediates.noindex/SwiftExplicitPrecompiledModules -clang-scanner-module-cache-path /tmp/ahoi-mobile-4113c14-ipad-derived/ModuleCache.noindex -sdk-module-cache-path /tmp/ahoi-mobile-4113c14-ipad-derived/ModuleCache.noindex -serialize-diagnostics -emit-dependencies -emit-module -emit-module-path /tmp/ahoi-mobile-4113c14-ipad-derived/Build/Intermediates.noindex/AhoiCloudKitSpike.build/DebugLocal-iphonesimulator/AhoiCloudKitSpike.build/Objects-normal/arm64/AhoiCloudKitSpike.swiftmodule -validate-clang-modules-once -clang-build-session-file /tmp/ahoi-mobile-4113c14-ipad-derived/ModuleCache.noindex/Session.modulevalidation -package-name cloudkit -Xcc -I/tmp/ahoi-mobile-4113c14-ipad-derived/Build/Intermediates.noindex/AhoiCloudKitSpike.build/DebugLocal-iphonesimulator/AhoiCloudKitSpike.build/swift-overrides.hmap -emit-const-values -Xfrontend -const-gather-protocols-file -Xfrontend /tmp/ahoi-mobile-4113c14-ipad-derived/Build/Intermediates.noindex/AhoiCloudKitSpike.build/DebugLocal-iphonesimulator/AhoiCloudKitSpike.build/Objects-normal/arm64/AhoiCloudKitSpike_const_extract_protocols.json -Xcc -I/tmp/ahoi-mobile-4113c14-ipad-derived/Build/Products/DebugLocal-iphonesimulator/include -Xcc -I/tmp/ahoi-mobile-4113c14-ipad-derived/Build/Intermediates.noindex/AhoiCloudKitSpike.build/DebugLocal-iphonesimulator/AhoiCloudKitSpike.build/DerivedSources-normal/arm64 -Xcc -I/tmp/ahoi-mobile-4113c14-ipad-derived/Build/Intermediates.noindex/AhoiCloudKitSpike.build/DebugLocal-iphonesimulator/AhoiCloudKitSpike.build/DerivedSources/arm64 -Xcc -I/tmp/ahoi-mobile-4113c14-ipad-derived/Build/Intermediates.noindex/AhoiCloudKitSpike.build/DebugLocal-iphonesimulator/AhoiCloudKitSpike.build/DerivedSources -Xcc -DSWIFT_PACKAGE -Xcc -DDEBUG\=1 -emit-objc-header -emit-objc-header-path /tmp/ahoi-mobile-4113c14-ipad-derived/Build/Intermediates.noindex/AhoiCloudKitSpike.build/DebugLocal-iphonesimulator/AhoiCloudKitSpike.build/Objects-normal/arm64/AhoiCloudKitSpike-Swift.h -working-directory /Volumes/Macintosh\ HD\ -\ Daten/Cloud/Projekte/Apps/Plattformuebergreifend/AhoiBrowser/apps/AhoiMobile/AhoiMobile.xcodeproj -experimental-emit-module-separately -disable-cmo

Ld /tmp/ahoi-mobile-4113c14-ipad-derived/Build/Products/DebugLocal-iphonesimulator/AhoiCloudKitSpike.o normal (in target 'AhoiCloudKitSpike' from project 'AhoiCloudKitSpike')
    cd /Volumes/Macintosh\ HD\ -\ Daten/Cloud/Projekte/Apps/Plattformuebergreifend/AhoiBrowser/spikes/cloudkit
    /Applications/Xcode.app/Contents/Developer/Toolchains/XcodeDefault.xctoolchain/usr/bin/clang -Xlinker -reproducible -target arm64-apple-ios16.0-simulator -r -isysroot /Applications/Xcode.app/Contents/Developer/Platforms/iPhoneSimulator.platform/Developer/SDKs/iPhoneSimulator26.5.sdk -O0 -F/tmp/ahoi-mobile-4113c14-ipad-derived/Build/Intermediates.noindex/EagerLinkingTBDs/DebugLocal-iphonesimulator -F/tmp/ahoi-mobile-4113c14-ipad-derived/Build/Products/DebugLocal-iphonesimulator -iframework /Applications/Xcode.app/Contents/Developer/Platforms/iPhoneSimulator.platform/Developer/Library/Frameworks -iframework /Applications/Xcode.app/Contents/Developer/Platforms/iPhoneSimulator.platform/Developer/SDKs/iPhoneSimulator26.5.sdk/Developer/Library/Frameworks -filelist /tmp/ahoi-mobile-4113c14-ipad-derived/Build/Intermediates.noindex/AhoiCloudKitSpike.build/DebugLocal-iphonesimulator/AhoiCloudKitSpike.build/Objects-normal/arm64/AhoiCloudKitSpike.LinkFileList -nostdlib -Xlinker -object_path_lto -Xlinker /tmp/ahoi-mobile-4113c14-ipad-derived/Build/Intermediates.noindex/AhoiCloudKitSpike.build/DebugLocal-iphonesimulator/AhoiCloudKitSpike.build/Objects-normal/arm64/AhoiCloudKitSpike_lto.o -Xlinker -no_deduplicate -Xlinker -objc_abi_version -Xlinker 2 -Xlinker -dependency_info -Xlinker /tmp/ahoi-mobile-4113c14-ipad-derived/Build/Intermediates.noindex/AhoiCloudKitSpike.build/DebugLocal-iphonesimulator/AhoiCloudKitSpike.build/Objects-normal/arm64/AhoiCloudKitSpike_dependency_info.dat -fobjc-link-runtime -L/Applications/Xcode.app/Contents/Developer/Toolchains/XcodeDefault.xctoolchain/usr/lib/swift/iphonesimulator -L/usr/lib/swift -Xlinker -add_ast_path -Xlinker /tmp/ahoi-mobile-4113c14-ipad-derived/Build/Intermediates.noindex/AhoiCloudKitSpike.build/DebugLocal-iphonesimulator/AhoiCloudKitSpike.build/Objects-normal/arm64/AhoiCloudKitSpike.swiftmodule @/tmp/ahoi-mobile-4113c14-ipad-derived/Build/Intermediates.noindex/AhoiCloudKitSpike.build/DebugLocal-iphonesimulator/AhoiCloudKitSpike.build/Objects-normal/arm64/AhoiCloudKitSpike-linker-args.resp -o /tmp/ahoi-mobile-4113c14-ipad-derived/Build/Products/DebugLocal-iphonesimulator/AhoiCloudKitSpike.o

ExtractAppIntentsMetadata (in target 'AhoiCloudKitSpike' from project 'AhoiCloudKitSpike')
    cd /Volumes/Macintosh\ HD\ -\ Daten/Cloud/Projekte/Apps/Plattformuebergreifend/AhoiBrowser/spikes/cloudkit
    /Applications/Xcode.app/Contents/Developer/Toolchains/XcodeDefault.xctoolchain/usr/bin/appintentsmetadataprocessor --toolchain-dir /var/run/com.apple.security.cryptexd/mnt/com.apple.MobileAsset.MetalToolchain-v17.6.109.0.0k2cJr/Metal.xctoolchain --module-name AhoiCloudKitSpike --sdk-root /Applications/Xcode.app/Contents/Developer/Platforms/iPhoneSimulator.platform/Developer/SDKs/iPhoneSimulator26.5.sdk --xcode-version 17F113 --platform-family iOS --deployment-target 16.0 --bundle-identifier cloudkit.AhoiCloudKitSpike --output /tmp/ahoi-mobile-4113c14-ipad-derived/Build/Products/DebugLocal-iphonesimulator/AhoiCloudKitSpike.appintents --target-triple arm64-apple-ios16.0-simulator --binary-file /tmp/ahoi-mobile-4113c14-ipad-derived/Build/Products/DebugLocal-iphonesimulator/AhoiCloudKitSpike.o --dependency-file /tmp/ahoi-mobile-4113c14-ipad-derived/Build/Intermediates.noindex/AhoiCloudKitSpike.build/DebugLocal-iphonesimulator/AhoiCloudKitSpike.build/Objects-normal/arm64/AhoiCloudKitSpike_dependency_info.dat --stringsdata-file /tmp/ahoi-mobile-4113c14-ipad-derived/Build/Intermediates.noindex/AhoiCloudKitSpike.build/DebugLocal-iphonesimulator/AhoiCloudKitSpike.build/Objects-normal/arm64/ExtractedAppShortcutsMetadata.stringsdata --source-file-list /tmp/ahoi-mobile-4113c14-ipad-derived/Build/Intermediates.noindex/AhoiCloudKitSpike.build/DebugLocal-iphonesimulator/AhoiCloudKitSpike.build/Objects-normal/arm64/AhoiCloudKitSpike.SwiftFileList --metadata-file-list /tmp/ahoi-mobile-4113c14-ipad-derived/Build/Intermediates.noindex/AhoiCloudKitSpike.build/DebugLocal-iphonesimulator/AhoiCloudKitSpike.build/AhoiCloudKitSpike.DependencyMetadataFileList --static-metadata-file-list /tmp/ahoi-mobile-4113c14-ipad-derived/Build/Intermediates.noindex/AhoiCloudKitSpike.build/DebugLocal-iphonesimulator/AhoiCloudKitSpike.build/AhoiCloudKitSpike.DependencyStaticMetadataFileList --swift-const-vals-list /tmp/ahoi-mobile-4113c14-ipad-derived/Build/Intermediates.noindex/AhoiCloudKitSpike.build/DebugLocal-iphonesimulator/AhoiCloudKitSpike.build/Objects-normal/arm64/AhoiCloudKitSpike.SwiftConstValuesFileList --force --compile-time-extraction --deployment-aware-processing --validate-assistant-intents --no-app-shortcuts-localization
2026-08-30 19:28:42.062 appintentsmetadataprocessor[72793:143703779] Starting appintentsmetadataprocessor export
2026-08-30 19:28:42.104 appintentsmetadataprocessor[72793:143703779] Extracted no relevant App Intents symbols, skipping writing output

RegisterExecutionPolicyException /tmp/ahoi-mobile-4113c14-ipad-derived/Build/Products/DebugLocal-iphonesimulator/AhoiCloudKitSpike.o (in target 'AhoiCloudKitSpike' from project 'AhoiCloudKitSpike')
    cd /Volumes/Macintosh\ HD\ -\ Daten/Cloud/Projekte/Apps/Plattformuebergreifend/AhoiBrowser/spikes/cloudkit
    builtin-RegisterExecutionPolicyException /tmp/ahoi-mobile-4113c14-ipad-derived/Build/Products/DebugLocal-iphonesimulator/AhoiCloudKitSpike.o

ProcessInfoPlistFile /tmp/ahoi-mobile-4113c14-ipad-derived/Build/Products/DebugLocal-iphonesimulator/PackageFrameworks/AhoiCloudKitSpike_58C48334F00BB1AD_PackageProduct.framework/Info.plist /tmp/ahoi-mobile-4113c14-ipad-derived/Build/Intermediates.noindex/AhoiCloudKitSpike.build/DebugLocal-iphonesimulator/AhoiCloudKitSpike\ product.build/empty-AhoiCloudKitSpike_58C48334F00BB1AD_PackageProduct.plist (in target 'AhoiCloudKitSpike' from project 'AhoiCloudKitSpike')
    cd /Volumes/Macintosh\ HD\ -\ Daten/Cloud/Projekte/Apps/Plattformuebergreifend/AhoiBrowser/spikes/cloudkit
    builtin-infoPlistUtility /tmp/ahoi-mobile-4113c14-ipad-derived/Build/Intermediates.noindex/AhoiCloudKitSpike.build/DebugLocal-iphonesimulator/AhoiCloudKitSpike\ product.build/empty-AhoiCloudKitSpike_58C48334F00BB1AD_PackageProduct.plist -producttype com.apple.product-type.framework -expandbuildsettings -format binary -platform iphonesimulator -o /tmp/ahoi-mobile-4113c14-ipad-derived/Build/Products/DebugLocal-iphonesimulator/PackageFrameworks/AhoiCloudKitSpike_58C48334F00BB1AD_PackageProduct.framework/Info.plist

Ld /tmp/ahoi-mobile-4113c14-ipad-derived/Build/Products/DebugLocal-iphonesimulator/PackageFrameworks/AhoiCloudKitSpike_58C48334F00BB1AD_PackageProduct.framework/AhoiCloudKitSpike_58C48334F00BB1AD_PackageProduct normal (in target 'AhoiCloudKitSpike' from project 'AhoiCloudKitSpike')
    cd /Volumes/Macintosh\ HD\ -\ Daten/Cloud/Projekte/Apps/Plattformuebergreifend/AhoiBrowser/spikes/cloudkit
    /Applications/Xcode.app/Contents/Developer/Toolchains/XcodeDefault.xctoolchain/usr/bin/clang -Xlinker -reproducible -target arm64-apple-ios16.0-simulator -dynamiclib -isysroot /Applications/Xcode.app/Contents/Developer/Platforms/iPhoneSimulator.platform/Developer/SDKs/iPhoneSimulator26.5.sdk -O0 -L/tmp/ahoi-mobile-4113c14-ipad-derived/Build/Intermediates.noindex/EagerLinkingTBDs/DebugLocal-iphonesimulator -L/tmp/ahoi-mobile-4113c14-ipad-derived/Build/Products/DebugLocal-iphonesimulator -L/Applications/Xcode.app/Contents/Developer/Platforms/iPhoneSimulator.platform/Developer/usr/lib -F/tmp/ahoi-mobile-4113c14-ipad-derived/Build/Intermediates.noindex/EagerLinkingTBDs/DebugLocal-iphonesimulator -F/tmp/ahoi-mobile-4113c14-ipad-derived/Build/Products/DebugLocal-iphonesimulator/PackageFrameworks -F/tmp/ahoi-mobile-4113c14-ipad-derived/Build/Products/DebugLocal-iphonesimulator -iframework /Applications/Xcode.app/Contents/Developer/Platforms/iPhoneSimulator.platform/Developer/Library/Frameworks -iframework /Applications/Xcode.app/Contents/Developer/Platforms/iPhoneSimulator.platform/Developer/SDKs/iPhoneSimulator26.5.sdk/Developer/Library/Frameworks -filelist /tmp/ahoi-mobile-4113c14-ipad-derived/Build/Intermediates.noindex/AhoiCloudKitSpike.build/DebugLocal-iphonesimulator/AhoiCloudKitSpike\ product.build/Objects-normal/arm64/AhoiCloudKitSpike_58C48334F00BB1AD_PackageProduct.LinkFileList -install_name @rpath/AhoiCloudKitSpike_58C48334F00BB1AD_PackageProduct.framework/AhoiCloudKitSpike_58C48334F00BB1AD_PackageProduct -Xlinker -rpath -Xlinker /usr/lib/swift -Xlinker -dead_strip -Xlinker -object_path_lto -Xlinker /tmp/ahoi-mobile-4113c14-ipad-derived/Build/Intermediates.noindex/AhoiCloudKitSpike.build/DebugLocal-iphonesimulator/AhoiCloudKitSpike\ product.build/Objects-normal/arm64/AhoiCloudKitSpike_58C48334F00BB1AD_PackageProduct_lto.o -rdynamic -Xlinker -no_deduplicate -Xlinker -objc_abi_version -Xlinker 2 -Xlinker -dependency_info -Xlinker /tmp/ahoi-mobile-4113c14-ipad-derived/Build/Intermediates.noindex/AhoiCloudKitSpike.build/DebugLocal-iphonesimulator/AhoiCloudKitSpike\ product.build/Objects-normal/arm64/AhoiCloudKitSpike_58C48334F00BB1AD_PackageProduct_dependency_info.dat -fobjc-link-runtime -L/Applications/Xcode.app/Contents/Developer/Toolchains/XcodeDefault.xctoolchain/usr/lib/swift/iphonesimulator -L/usr/lib/swift -Wl,-no_warn_duplicate_libraries -o /tmp/ahoi-mobile-4113c14-ipad-derived/Build/Products/DebugLocal-iphonesimulator/PackageFrameworks/AhoiCloudKitSpike_58C48334F00BB1AD_PackageProduct.framework/AhoiCloudKitSpike_58C48334F00BB1AD_PackageProduct -Xlinker -add_ast_path -Xlinker /tmp/ahoi-mobile-4113c14-ipad-derived/Build/Intermediates.noindex/AhoiCloudKitSpike.build/DebugLocal-iphonesimulator/AhoiCloudKitSpike.build/Objects-normal/arm64/AhoiCloudKitSpike.swiftmodule @/tmp/ahoi-mobile-4113c14-ipad-derived/Build/Intermediates.noindex/AhoiCloudKitSpike.build/DebugLocal-iphonesimulator/AhoiCloudKitSpike.build/Objects-normal/arm64/AhoiCloudKitSpike-linker-args.resp

GenerateTAPI /tmp/ahoi-mobile-4113c14-ipad-derived/Build/Intermediates.noindex/EagerLinkingTBDs/DebugLocal-iphonesimulator/AhoiCloudKitSpike_58C48334F00BB1AD_PackageProduct.framework/AhoiCloudKitSpike_58C48334F00BB1AD_PackageProduct.tbd (in target 'AhoiCloudKitSpike' from project 'AhoiCloudKitSpike')
    cd /Volumes/Macintosh\ HD\ -\ Daten/Cloud/Projekte/Apps/Plattformuebergreifend/AhoiBrowser/spikes/cloudkit
    /Applications/Xcode.app/Contents/Developer/Toolchains/XcodeDefault.xctoolchain/usr/bin/tapi stubify -isysroot /Applications/Xcode.app/Contents/Developer/Platforms/iPhoneSimulator.platform/Developer/SDKs/iPhoneSimulator26.5.sdk -F/tmp/ahoi-mobile-4113c14-ipad-derived/Build/Products/DebugLocal-iphonesimulator/PackageFrameworks -F/tmp/ahoi-mobile-4113c14-ipad-derived/Build/Products/DebugLocal-iphonesimulator -iframework /Applications/Xcode.app/Contents/Developer/Platforms/iPhoneSimulator.platform/Developer/Library/Frameworks -iframework /Applications/Xcode.app/Contents/Developer/Platforms/iPhoneSimulator.platform/Developer/SDKs/iPhoneSimulator26.5.sdk/Developer/Library/Frameworks -L/tmp/ahoi-mobile-4113c14-ipad-derived/Build/Products/DebugLocal-iphonesimulator -L/Applications/Xcode.app/Contents/Developer/Platforms/iPhoneSimulator.platform/Developer/usr/lib /tmp/ahoi-mobile-4113c14-ipad-derived/Build/Products/DebugLocal-iphonesimulator/PackageFrameworks/AhoiCloudKitSpike_58C48334F00BB1AD_PackageProduct.framework/AhoiCloudKitSpike_58C48334F00BB1AD_PackageProduct -o /tmp/ahoi-mobile-4113c14-ipad-derived/Build/Intermediates.noindex/EagerLinkingTBDs/DebugLocal-iphonesimulator/AhoiCloudKitSpike_58C48334F00BB1AD_PackageProduct.framework/AhoiCloudKitSpike_58C48334F00BB1AD_PackageProduct.tbd

RegisterExecutionPolicyException /tmp/ahoi-mobile-4113c14-ipad-derived/Build/Products/DebugLocal-iphonesimulator/PackageFrameworks/AhoiCloudKitSpike_58C48334F00BB1AD_PackageProduct.framework (in target 'AhoiCloudKitSpike' from project 'AhoiCloudKitSpike')
    cd /Volumes/Macintosh\ HD\ -\ Daten/Cloud/Projekte/Apps/Plattformuebergreifend/AhoiBrowser/spikes/cloudkit
    builtin-RegisterExecutionPolicyException /tmp/ahoi-mobile-4113c14-ipad-derived/Build/Products/DebugLocal-iphonesimulator/PackageFrameworks/AhoiCloudKitSpike_58C48334F00BB1AD_PackageProduct.framework

Touch /tmp/ahoi-mobile-4113c14-ipad-derived/Build/Products/DebugLocal-iphonesimulator/PackageFrameworks/AhoiCloudKitSpike_58C48334F00BB1AD_PackageProduct.framework (in target 'AhoiCloudKitSpike' from project 'AhoiCloudKitSpike')
    cd /Volumes/Macintosh\ HD\ -\ Daten/Cloud/Projekte/Apps/Plattformuebergreifend/AhoiBrowser/spikes/cloudkit
    /usr/bin/touch -c /tmp/ahoi-mobile-4113c14-ipad-derived/Build/Products/DebugLocal-iphonesimulator/PackageFrameworks/AhoiCloudKitSpike_58C48334F00BB1AD_PackageProduct.framework

CpResource /tmp/ahoi-mobile-4113c14-ipad-derived/Build/Products/DebugLocal-iphonesimulator/AhoiMobileCore.framework/PrivacyInfo.xcprivacy /Volumes/Macintosh\ HD\ -\ Daten/Cloud/Projekte/Apps/Plattformuebergreifend/AhoiBrowser/apps/AhoiMobile/Sources/AhoiMobileCore/Resources/PrivacyInfo.xcprivacy (in target 'AhoiMobileCore' from project 'AhoiMobile')
    cd /Volumes/Macintosh\ HD\ -\ Daten/Cloud/Projekte/Apps/Plattformuebergreifend/AhoiBrowser/apps/AhoiMobile
    builtin-copy -exclude .DS_Store -exclude CVS -exclude .svn -exclude .git -exclude .hg -resolve-src-symlinks /Volumes/Macintosh\ HD\ -\ Daten/Cloud/Projekte/Apps/Plattformuebergreifend/AhoiBrowser/apps/AhoiMobile/Sources/AhoiMobileCore/Resources/PrivacyInfo.xcprivacy /tmp/ahoi-mobile-4113c14-ipad-derived/Build/Products/DebugLocal-iphonesimulator/AhoiMobileCore.framework

ProcessInfoPlistFile /tmp/ahoi-mobile-4113c14-ipad-derived/Build/Products/DebugLocal-iphonesimulator/AhoiMobileCore.framework/Info.plist /tmp/ahoi-mobile-4113c14-ipad-derived/Build/Intermediates.noindex/AhoiMobile.build/DebugLocal-iphonesimulator/AhoiMobileCore.build/empty-AhoiMobileCore.plist (in target 'AhoiMobileCore' from project 'AhoiMobile')
    cd /Volumes/Macintosh\ HD\ -\ Daten/Cloud/Projekte/Apps/Plattformuebergreifend/AhoiBrowser/apps/AhoiMobile
    builtin-infoPlistUtility /tmp/ahoi-mobile-4113c14-ipad-derived/Build/Intermediates.noindex/AhoiMobile.build/DebugLocal-iphonesimulator/AhoiMobileCore.build/empty-AhoiMobileCore.plist -producttype com.apple.product-type.framework -expandbuildsettings -format binary -platform iphonesimulator -o /tmp/ahoi-mobile-4113c14-ipad-derived/Build/Products/DebugLocal-iphonesimulator/AhoiMobileCore.framework/Info.plist

CompileXCStrings /tmp/ahoi-mobile-4113c14-ipad-derived/Build/Intermediates.noindex/AhoiMobile.build/DebugLocal-iphonesimulator/AhoiMobileCore.build/ /Volumes/Macintosh\ HD\ -\ Daten/Cloud/Projekte/Apps/Plattformuebergreifend/AhoiBrowser/apps/AhoiMobile/Sources/AhoiMobileCore/Resources/Localizable.xcstrings (in target 'AhoiMobileCore' from project 'AhoiMobile')
    cd /Volumes/Macintosh\ HD\ -\ Daten/Cloud/Projekte/Apps/Plattformuebergreifend/AhoiBrowser/apps/AhoiMobile
    /Applications/Xcode.app/Contents/Developer/usr/bin/xcstringstool compile --output-directory /tmp/ahoi-mobile-4113c14-ipad-derived/Build/Intermediates.noindex/AhoiMobile.build/DebugLocal-iphonesimulator/AhoiMobileCore.build /Volumes/Macintosh\ HD\ -\ Daten/Cloud/Projekte/Apps/Plattformuebergreifend/AhoiBrowser/apps/AhoiMobile/Sources/AhoiMobileCore/Resources/Localizable.xcstrings

SwiftExplicitDependencyGeneratePcm arm64 /tmp/ahoi-mobile-4113c14-ipad-derived/ModuleCache.noindex/SwiftShims-EQLSPI7CDTTHG2KV903MWHDRS.pcm

SwiftExplicitDependencyGeneratePcm arm64 /tmp/ahoi-mobile-4113c14-ipad-derived/ModuleCache.noindex/DeveloperToolsSupport-6GAC0PJ6Q70215KLP8EJYEBER.pcm

SwiftExplicitDependencyGeneratePcm arm64 /tmp/ahoi-mobile-4113c14-ipad-derived/ModuleCache.noindex/ptrcheck-E8R4S3QXFKM4V2P5OFER4DIWY.pcm

SwiftExplicitDependencyGeneratePcm arm64 /tmp/ahoi-mobile-4113c14-ipad-derived/ModuleCache.noindex/_Builtin_stdbool-DDFZ3WYS6SSQHHC5PMV9AWIQ5.pcm

SwiftExplicitDependencyGeneratePcm arm64 /tmp/ahoi-mobile-4113c14-ipad-derived/ModuleCache.noindex/_Builtin_stddef-6GC6JH6YJQH5D3PTQR8239F00.pcm

SwiftExplicitDependencyGeneratePcm arm64 /tmp/ahoi-mobile-4113c14-ipad-derived/ModuleCache.noindex/_Builtin_stdarg-92UNO0L64Z0D7IL6EU0RPDR2M.pcm

SwiftExplicitDependencyGeneratePcm arm64 /tmp/ahoi-mobile-4113c14-ipad-derived/ModuleCache.noindex/_AvailabilityInternal-2MLRSMEVSQISBSF52J2W7SSHJ.pcm

SwiftExplicitDependencyGeneratePcm arm64 /tmp/ahoi-mobile-4113c14-ipad-derived/ModuleCache.noindex/ptrauth-1E1GMO1UAMHA52P298GZJ4KI1.pcm

SwiftExplicitDependencyGeneratePcm arm64 /tmp/ahoi-mobile-4113c14-ipad-derived/ModuleCache.noindex/_Builtin_float-5R4K6RF4TPLCVJ8AXU1AYJHP7.pcm

SwiftExplicitDependencyGeneratePcm arm64 /tmp/ahoi-mobile-4113c14-ipad-derived/ModuleCache.noindex/_SwiftConcurrencyShims-629RJVTO9665AQKAMTTBECJVD.pcm

CopyStringsFile /tmp/ahoi-mobile-4113c14-ipad-derived/Build/Products/DebugLocal-iphonesimulator/AhoiMobileCore.framework/en.lproj/Localizable.strings /tmp/ahoi-mobile-4113c14-ipad-derived/Build/Intermediates.noindex/AhoiMobile.build/DebugLocal-iphonesimulator/AhoiMobileCore.build/en.lproj/Localizable.strings (in target 'AhoiMobileCore' from project 'AhoiMobile')
    cd /Volumes/Macintosh\ HD\ -\ Daten/Cloud/Projekte/Apps/Plattformuebergreifend/AhoiBrowser/apps/AhoiMobile
    builtin-copyStrings --validate --outputencoding binary --outfilename Localizable.strings --outdir /tmp/ahoi-mobile-4113c14-ipad-derived/Build/Products/DebugLocal-iphonesimulator/AhoiMobileCore.framework/en.lproj -- /tmp/ahoi-mobile-4113c14-ipad-derived/Build/Intermediates.noindex/AhoiMobile.build/DebugLocal-iphonesimulator/AhoiMobileCore.build/en.lproj/Localizable.strings
/tmp/ahoi-mobile-4113c14-ipad-derived/Build/Intermediates.noindex/AhoiMobile.build/DebugLocal-iphonesimulator/AhoiMobileCore.build/en.lproj/Localizable.strings:1:1: note: detected encoding of input file as Unicode (UTF-8) (in target 'AhoiMobileCore' from project 'AhoiMobile')

CopyStringsFile /tmp/ahoi-mobile-4113c14-ipad-derived/Build/Products/DebugLocal-iphonesimulator/AhoiMobileCore.framework/de.lproj/Localizable.strings /tmp/ahoi-mobile-4113c14-ipad-derived/Build/Intermediates.noindex/AhoiMobile.build/DebugLocal-iphonesimulator/AhoiMobileCore.build/de.lproj/Localizable.strings (in target 'AhoiMobileCore' from project 'AhoiMobile')
    cd /Volumes/Macintosh\ HD\ -\ Daten/Cloud/Projekte/Apps/Plattformuebergreifend/AhoiBrowser/apps/AhoiMobile
    builtin-copyStrings --validate --outputencoding binary --outfilename Localizable.strings --outdir /tmp/ahoi-mobile-4113c14-ipad-derived/Build/Products/DebugLocal-iphonesimulator/AhoiMobileCore.framework/de.lproj -- /tmp/ahoi-mobile-4113c14-ipad-derived/Build/Intermediates.noindex/AhoiMobile.build/DebugLocal-iphonesimulator/AhoiMobileCore.build/de.lproj/Localizable.strings
/tmp/ahoi-mobile-4113c14-ipad-derived/Build/Intermediates.noindex/AhoiMobile.build/DebugLocal-iphonesimulator/AhoiMobileCore.build/de.lproj/Localizable.strings:1:1: note: detected encoding of input file as Unicode (UTF-8) (in target 'AhoiMobileCore' from project 'AhoiMobile')

SwiftExplicitDependencyGeneratePcm arm64 /tmp/ahoi-mobile-4113c14-ipad-derived/ModuleCache.noindex/_DarwinFoundation1-X0AJJ3BH56LGEJY463D7OTRS.pcm

SwiftExplicitDependencyGeneratePcm arm64 /tmp/ahoi-mobile-4113c14-ipad-derived/ModuleCache.noindex/ExtensionFoundation-6QCAST5O3DDG587BRKM80CRXX.pcm

SwiftExplicitDependencyGeneratePcm arm64 /tmp/ahoi-mobile-4113c14-ipad-derived/ModuleCache.noindex/_DarwinFoundation2-EJCEEARQKJ1MEKUI0A6F8M21F.pcm

SwiftExplicitDependencyGeneratePcm arm64 /tmp/ahoi-mobile-4113c14-ipad-derived/ModuleCache.noindex/_Builtin_limits-1KJKLTKN0EMVD0CNQH7IN3IQ.pcm

SwiftExplicitDependencyGeneratePcm arm64 /tmp/ahoi-mobile-4113c14-ipad-derived/ModuleCache.noindex/_Builtin_tgmath-7UOBBDE4RXBBLVJU8WQ7IXK8Y.pcm

SwiftExplicitDependencyGeneratePcm arm64 /tmp/ahoi-mobile-4113c14-ipad-derived/ModuleCache.noindex/_Builtin_stdint-9TPOM7ZNZCSBHBY9HC3AATP9J.pcm

SwiftExplicitDependencyGeneratePcm arm64 /tmp/ahoi-mobile-4113c14-ipad-derived/ModuleCache.noindex/sys_types-BVMJF295N6F4S67B216M6TKD0.pcm

SwiftExplicitDependencyGeneratePcm arm64 /tmp/ahoi-mobile-4113c14-ipad-derived/ModuleCache.noindex/_DarwinFoundation3-1JY9CAEKBG2GU10HKCEKRPWH5.pcm

SwiftExplicitDependencyGeneratePcm arm64 /tmp/ahoi-mobile-4113c14-ipad-derived/ModuleCache.noindex/_Builtin_stdatomic-763ZH88LPFN0G3NQ1EKXZZX2M.pcm

SwiftExplicitDependencyGeneratePcm arm64 /tmp/ahoi-mobile-4113c14-ipad-derived/ModuleCache.noindex/_Builtin_intrinsics-5KQTDN5G9DBJLRO7F6KRL64EF.pcm

SwiftExplicitDependencyGeneratePcm arm64 /tmp/ahoi-mobile-4113c14-ipad-derived/ModuleCache.noindex/_Builtin_inttypes-AFAPVASMVT8PHEZ1E24ATJUAG.pcm

SwiftExplicitDependencyGeneratePcm arm64 /tmp/ahoi-mobile-4113c14-ipad-derived/ModuleCache.noindex/Darwin-4ZJLYVUCM5F0774FN80P2IJB8.pcm

SwiftExplicitDependencyGeneratePcm arm64 /tmp/ahoi-mobile-4113c14-ipad-derived/ModuleCache.noindex/simd-8W3BPGJO1MV8ZJRIVMZW1PBZO.pcm

SwiftExplicitDependencyGeneratePcm arm64 /tmp/ahoi-mobile-4113c14-ipad-derived/ModuleCache.noindex/ObjectiveC-53RY6C100E21L0XSH85B5LPOW.pcm

SwiftExplicitDependencyGeneratePcm arm64 /tmp/ahoi-mobile-4113c14-ipad-derived/ModuleCache.noindex/MachO-BUVJT1A3KAB49D1GYEHGSUFB6.pcm

SwiftExplicitDependencyGeneratePcm arm64 /tmp/ahoi-mobile-4113c14-ipad-derived/ModuleCache.noindex/os_object-3ASQDBOKOH4X74CIC21C0AHWC.pcm

SwiftExplicitDependencyGeneratePcm arm64 /tmp/ahoi-mobile-4113c14-ipad-derived/ModuleCache.noindex/os_workgroup-C4F8XDDXBXJZW552A3H1B2S18.pcm

SwiftExplicitDependencyGeneratePcm arm64 /tmp/ahoi-mobile-4113c14-ipad-derived/ModuleCache.noindex/Dispatch-UVBGRHD7E0PA4MEGWYR6WG6V.pcm

SwiftExplicitDependencyGeneratePcm arm64 /tmp/ahoi-mobile-4113c14-ipad-derived/ModuleCache.noindex/Spatial-9H80JWQ0WQKDHLYC98CB6OHJI.pcm

SwiftExplicitDependencyGeneratePcm arm64 /tmp/ahoi-mobile-4113c14-ipad-derived/ModuleCache.noindex/dnssd-824E0EQDWWN92HMRPV8SB6GB3.pcm

SwiftExplicitDependencyGeneratePcm arm64 /tmp/ahoi-mobile-4113c14-ipad-derived/ModuleCache.noindex/XPC-7QDVM6YYEH5J4S8ALZW4GJA6K.pcm

SwiftExplicitDependencyGeneratePcm arm64 /tmp/ahoi-mobile-4113c14-ipad-derived/ModuleCache.noindex/CoreFoundation-E7PHLF8IAHCH46TSCMA48HR05.pcm

SwiftExplicitDependencyGeneratePcm arm64 /tmp/ahoi-mobile-4113c14-ipad-derived/ModuleCache.noindex/os-CNTDAY3JWBIKWZKR4LA3ZTHOY.pcm

SwiftExplicitDependencyGeneratePcm arm64 /tmp/ahoi-mobile-4113c14-ipad-derived/ModuleCache.noindex/CoreGraphics-94TVYRNMK3VU2LKAGRYC2I15Z.pcm

SwiftExplicitDependencyGeneratePcm arm64 /tmp/ahoi-mobile-4113c14-ipad-derived/ModuleCache.noindex/CFNetwork-DVLPFXHJUGOXUBW0B2FPKPURE.pcm

SwiftExplicitDependencyGeneratePcm arm64 /tmp/ahoi-mobile-4113c14-ipad-derived/ModuleCache.noindex/Security-24BIOZY8LJELOZLLKC66IA6RA.pcm

SwiftExplicitDependencyGeneratePcm arm64 /tmp/ahoi-mobile-4113c14-ipad-derived/ModuleCache.noindex/Foundation-AFEWLFR4T639WRDMTTRP89ONR.pcm

SwiftExplicitDependencyGeneratePcm arm64 /tmp/ahoi-mobile-4113c14-ipad-derived/ModuleCache.noindex/ImageIO-BH960LFIXBMMKMZSBTJJ353C5.pcm

SwiftExplicitDependencyGeneratePcm arm64 /tmp/ahoi-mobile-4113c14-ipad-derived/ModuleCache.noindex/CoreText-29XE5M0L1LIQVTYLSVTA6ZOJF.pcm

SwiftExplicitDependencyGeneratePcm arm64 /tmp/ahoi-mobile-4113c14-ipad-derived/ModuleCache.noindex/UIUtilities-74XD4SKSD3MCP9KCQRMASEK56.pcm

SwiftExplicitDependencyGeneratePcm arm64 /tmp/ahoi-mobile-4113c14-ipad-derived/ModuleCache.noindex/UserNotifications-BFILZ5IHOJD7SN77SHONO7SV0.pcm

SwiftExplicitDependencyGeneratePcm arm64 /tmp/ahoi-mobile-4113c14-ipad-derived/ModuleCache.noindex/UniformTypeIdentifiers-9WM3AAKGYDFZ24PWUFO81TJH8.pcm

SwiftExplicitDependencyGeneratePcm arm64 /tmp/ahoi-mobile-4113c14-ipad-derived/ModuleCache.noindex/OSLog-DP5HPZIMH11IWGKPYRUY6PQ02.pcm

SwiftExplicitDependencyGeneratePcm arm64 /tmp/ahoi-mobile-4113c14-ipad-derived/ModuleCache.noindex/Symbols-86NPEEJP2RESHQRCTZHQA97N3.pcm

SwiftExplicitDependencyGeneratePcm arm64 /tmp/ahoi-mobile-4113c14-ipad-derived/ModuleCache.noindex/FileProvider-6K7DSINKO62OHOFQCBWAAS5RH.pcm

SwiftExplicitDependencyGeneratePcm arm64 /tmp/ahoi-mobile-4113c14-ipad-derived/ModuleCache.noindex/Accessibility-EPTEGHHFNQ4T1GLHQW8KBMUIU.pcm

SwiftExplicitDependencyGeneratePcm arm64 /tmp/ahoi-mobile-4113c14-ipad-derived/ModuleCache.noindex/OpenGLES-E7LYPQMG9BZ28C3I9BDFU2Q94.pcm

SwiftExplicitDependencyGeneratePcm arm64 /tmp/ahoi-mobile-4113c14-ipad-derived/ModuleCache.noindex/Network-E08ANYACMXKERHM22UBBPOSBR.pcm

SwiftExplicitDependencyGeneratePcm arm64 /tmp/ahoi-mobile-4113c14-ipad-derived/ModuleCache.noindex/CoreTransferable-B7T8EP115RCRCNH5O9U3S5P3E.pcm

SwiftExplicitDependencyGeneratePcm arm64 /tmp/ahoi-mobile-4113c14-ipad-derived/ModuleCache.noindex/IOSurface-1638356QI2W7MQTRAGCE5J7AB.pcm

SwiftExplicitDependencyGeneratePcm arm64 /tmp/ahoi-mobile-4113c14-ipad-derived/ModuleCache.noindex/LocalAuthentication-70Z7G4JA69KHJ3M3ZWPIBI2XD.pcm

SwiftExplicitDependencyGeneratePcm arm64 /tmp/ahoi-mobile-4113c14-ipad-derived/ModuleCache.noindex/DataDetection-1D5H470AB2R1DFX0ULY0HOM58.pcm

SwiftExplicitDependencyGeneratePcm arm64 /tmp/ahoi-mobile-4113c14-ipad-derived/ModuleCache.noindex/CoreData-DCGDDL9V61J2DHAQA7TUC8QI5.pcm

SwiftExplicitDependencyGeneratePcm arm64 /tmp/ahoi-mobile-4113c14-ipad-derived/ModuleCache.noindex/_LocationEssentials-CZMVKHFICMTW5HO7AEAP0WSTF.pcm

SwiftExplicitDependencyGeneratePcm arm64 /tmp/ahoi-mobile-4113c14-ipad-derived/ModuleCache.noindex/QuickLookThumbnailing-BEL3DZS261W8DG6MERJZDTCJ7.pcm

SwiftExplicitDependencyGeneratePcm arm64 /tmp/ahoi-mobile-4113c14-ipad-derived/ModuleCache.noindex/Metal-61VA4UU6LDJYHRS5LP7R6KR24.pcm

SwiftExplicitDependencyGeneratePcm arm64 /tmp/ahoi-mobile-4113c14-ipad-derived/ModuleCache.noindex/CoreLocation-2MQMJU6P01P7YRUWRIH34VNHK.pcm

SwiftExplicitDependencyGeneratePcm arm64 /tmp/ahoi-mobile-4113c14-ipad-derived/ModuleCache.noindex/CloudKit-7WIGK4PMCBKRRK0G19BXPDRJZ.pcm

SwiftExplicitDependencyGeneratePcm arm64 /tmp/ahoi-mobile-4113c14-ipad-derived/ModuleCache.noindex/CoreVideo-AD5EXNQILZTZJLHBGS540ZUD6.pcm

SwiftExplicitDependencyGeneratePcm arm64 /tmp/ahoi-mobile-4113c14-ipad-derived/ModuleCache.noindex/CoreImage-BJPT9F8ABCJN9LU0I1PACN2SV.pcm

SwiftExplicitDependencyGeneratePcm arm64 /tmp/ahoi-mobile-4113c14-ipad-derived/ModuleCache.noindex/QuartzCore-7EP9WDLAN47315VJKB82P9888.pcm

SwiftExplicitDependencyGeneratePcm arm64 /tmp/ahoi-mobile-4113c14-ipad-derived/ModuleCache.noindex/SwiftUICore-2IG4J15N05LKX66ZUTT7FLAHR.pcm

SwiftExplicitDependencyGeneratePcm arm64 /tmp/ahoi-mobile-4113c14-ipad-derived/ModuleCache.noindex/UIKit-24JNGCEMHNQSTQ0A75BF837WH.pcm

SwiftExplicitDependencyGeneratePcm arm64 /tmp/ahoi-mobile-4113c14-ipad-derived/ModuleCache.noindex/PDFKit-1O47Y81Z4WPWZ3K8Z0O262EN2.pcm

SwiftExplicitDependencyGeneratePcm arm64 /tmp/ahoi-mobile-4113c14-ipad-derived/ModuleCache.noindex/ExtensionKit-80LAV4ISDH4XZ21Z8CBIHENVR.pcm

SwiftExplicitDependencyGeneratePcm arm64 /tmp/ahoi-mobile-4113c14-ipad-derived/ModuleCache.noindex/SwiftUI-A5HDQOPOBIPYDH2SP52SBZNMA.pcm

SwiftExplicitDependencyGeneratePcm arm64 /tmp/ahoi-mobile-4113c14-ipad-derived/ModuleCache.noindex/WebKit-IOXFMDYN26Z2FV95OD2YLR4U.pcm

SwiftExplicitDependencyGeneratePcm arm64 /tmp/ahoi-mobile-4113c14-ipad-derived/ModuleCache.noindex/QuickLook-7P11QM2O4KH1GXSZ65XJJJWUC.pcm

SwiftCompile normal arm64 Compiling\ MobilePageFailurePresentation.swift,\ MobilePrivateSceneShield.swift,\ MobileStorageMigrator.swift,\ MobileStoragePreparation.swift,\ MobileTabSwitcherSheet.swift,\ MobileWebDialogHost.swift /Volumes/Macintosh\ HD\ -\ Daten/Cloud/Projekte/Apps/Plattformuebergreifend/AhoiBrowser/apps/AhoiMobile/Sources/AhoiMobileCore/MobilePageFailurePresentation.swift /Volumes/Macintosh\ HD\ -\ Daten/Cloud/Projekte/Apps/Plattformuebergreifend/AhoiBrowser/apps/AhoiMobile/Sources/AhoiMobileCore/MobilePrivateSceneShield.swift /Volumes/Macintosh\ HD\ -\ Daten/Cloud/Projekte/Apps/Plattformuebergreifend/AhoiBrowser/apps/AhoiMobile/Sources/AhoiMobileCore/MobileStorageMigrator.swift /Volumes/Macintosh\ HD\ -\ Daten/Cloud/Projekte/Apps/Plattformuebergreifend/AhoiBrowser/apps/AhoiMobile/Sources/AhoiMobileCore/MobileStoragePreparation.swift /Volumes/Macintosh\ HD\ -\ Daten/Cloud/Projekte/Apps/Plattformuebergreifend/AhoiBrowser/apps/AhoiMobile/Sources/AhoiMobileCore/MobileTabSwitcherSheet.swift /Volumes/Macintosh\ HD\ -\ Daten/Cloud/Projekte/Apps/Plattformuebergreifend/AhoiBrowser/apps/AhoiMobile/Sources/AhoiMobileCore/MobileWebDialogHost.swift (in target 'AhoiMobileCore' from project 'AhoiMobile')

SwiftCompile normal arm64 /Volumes/Macintosh\ HD\ -\ Daten/Cloud/Projekte/Apps/Plattformuebergreifend/AhoiBrowser/apps/AhoiMobile/Sources/AhoiMobileCore/MobilePageFailurePresentation.swift (in target 'AhoiMobileCore' from project 'AhoiMobile')
    cd /Volumes/Macintosh\ HD\ -\ Daten/Cloud/Projekte/Apps/Plattformuebergreifend/AhoiBrowser/apps/AhoiMobile
    

SwiftCompile normal arm64 /Volumes/Macintosh\ HD\ -\ Daten/Cloud/Projekte/Apps/Plattformuebergreifend/AhoiBrowser/apps/AhoiMobile/Sources/AhoiMobileCore/MobilePrivateSceneShield.swift (in target 'AhoiMobileCore' from project 'AhoiMobile')
    cd /Volumes/Macintosh\ HD\ -\ Daten/Cloud/Projekte/Apps/Plattformuebergreifend/AhoiBrowser/apps/AhoiMobile
    

SwiftCompile normal arm64 /Volumes/Macintosh\ HD\ -\ Daten/Cloud/Projekte/Apps/Plattformuebergreifend/AhoiBrowser/apps/AhoiMobile/Sources/AhoiMobileCore/MobileStorageMigrator.swift (in target 'AhoiMobileCore' from project 'AhoiMobile')
    cd /Volumes/Macintosh\ HD\ -\ Daten/Cloud/Projekte/Apps/Plattformuebergreifend/AhoiBrowser/apps/AhoiMobile
    

SwiftCompile normal arm64 /Volumes/Macintosh\ HD\ -\ Daten/Cloud/Projekte/Apps/Plattformuebergreifend/AhoiBrowser/apps/AhoiMobile/Sources/AhoiMobileCore/MobileStoragePreparation.swift (in target 'AhoiMobileCore' from project 'AhoiMobile')
    cd /Volumes/Macintosh\ HD\ -\ Daten/Cloud/Projekte/Apps/Plattformuebergreifend/AhoiBrowser/apps/AhoiMobile
    

SwiftCompile normal arm64 /Volumes/Macintosh\ HD\ -\ Daten/Cloud/Projekte/Apps/Plattformuebergreifend/AhoiBrowser/apps/AhoiMobile/Sources/AhoiMobileCore/MobileTabSwitcherSheet.swift (in target 'AhoiMobileCore' from project 'AhoiMobile')
    cd /Volumes/Macintosh\ HD\ -\ Daten/Cloud/Projekte/Apps/Plattformuebergreifend/AhoiBrowser/apps/AhoiMobile
    

SwiftCompile normal arm64 /Volumes/Macintosh\ HD\ -\ Daten/Cloud/Projekte/Apps/Plattformuebergreifend/AhoiBrowser/apps/AhoiMobile/Sources/AhoiMobileCore/MobileWebDialogHost.swift (in target 'AhoiMobileCore' from project 'AhoiMobile')
    cd /Volumes/Macintosh\ HD\ -\ Daten/Cloud/Projekte/Apps/Plattformuebergreifend/AhoiBrowser/apps/AhoiMobile
    

SwiftCompile normal arm64 Compiling\ InMemoryCloudSyncBackend.swift,\ KeychainCompanionPayloadSealer.swift,\ LocalFirstRepositoryHistory.swift,\ MobileAddressCommandSheet.swift,\ MobileBrowserActionsSheet.swift,\ MobileBrowserChromeTheme.swift /Volumes/Macintosh\ HD\ -\ Daten/Cloud/Projekte/Apps/Plattformuebergreifend/AhoiBrowser/apps/AhoiMobile/Sources/AhoiMobileCore/InMemoryCloudSyncBackend.swift /Volumes/Macintosh\ HD\ -\ Daten/Cloud/Projekte/Apps/Plattformuebergreifend/AhoiBrowser/apps/AhoiMobile/Sources/AhoiMobileCore/KeychainCompanionPayloadSealer.swift /Volumes/Macintosh\ HD\ -\ Daten/Cloud/Projekte/Apps/Plattformuebergreifend/AhoiBrowser/apps/AhoiMobile/Sources/AhoiMobileCore/LocalFirstRepositoryHistory.swift /Volumes/Macintosh\ HD\ -\ Daten/Cloud/Projekte/Apps/Plattformuebergreifend/AhoiBrowser/apps/AhoiMobile/Sources/AhoiMobileCore/MobileAddressCommandSheet.swift /Volumes/Macintosh\ HD\ -\ Daten/Cloud/Projekte/Apps/Plattformuebergreifend/AhoiBrowser/apps/AhoiMobile/Sources/AhoiMobileCore/MobileBrowserActionsSheet.swift /Volumes/Macintosh\ HD\ -\ Daten/Cloud/Projekte/Apps/Plattformuebergreifend/AhoiBrowser/apps/AhoiMobile/Sources/AhoiMobileCore/MobileBrowserChromeTheme.swift (in target 'AhoiMobileCore' from project 'AhoiMobile')

SwiftCompile normal arm64 /Volumes/Macintosh\ HD\ -\ Daten/Cloud/Projekte/Apps/Plattformuebergreifend/AhoiBrowser/apps/AhoiMobile/Sources/AhoiMobileCore/InMemoryCloudSyncBackend.swift (in target 'AhoiMobileCore' from project 'AhoiMobile')
    cd /Volumes/Macintosh\ HD\ -\ Daten/Cloud/Projekte/Apps/Plattformuebergreifend/AhoiBrowser/apps/AhoiMobile
    

SwiftCompile normal arm64 /Volumes/Macintosh\ HD\ -\ Daten/Cloud/Projekte/Apps/Plattformuebergreifend/AhoiBrowser/apps/AhoiMobile/Sources/AhoiMobileCore/KeychainCompanionPayloadSealer.swift (in target 'AhoiMobileCore' from project 'AhoiMobile')
    cd /Volumes/Macintosh\ HD\ -\ Daten/Cloud/Projekte/Apps/Plattformuebergreifend/AhoiBrowser/apps/AhoiMobile
    

SwiftCompile normal arm64 /Volumes/Macintosh\ HD\ -\ Daten/Cloud/Projekte/Apps/Plattformuebergreifend/AhoiBrowser/apps/AhoiMobile/Sources/AhoiMobileCore/LocalFirstRepositoryHistory.swift (in target 'AhoiMobileCore' from project 'AhoiMobile')
    cd /Volumes/Macintosh\ HD\ -\ Daten/Cloud/Projekte/Apps/Plattformuebergreifend/AhoiBrowser/apps/AhoiMobile
    

SwiftCompile normal arm64 /Volumes/Macintosh\ HD\ -\ Daten/Cloud/Projekte/Apps/Plattformuebergreifend/AhoiBrowser/apps/AhoiMobile/Sources/AhoiMobileCore/MobileAddressCommandSheet.swift (in target 'AhoiMobileCore' from project 'AhoiMobile')
    cd /Volumes/Macintosh\ HD\ -\ Daten/Cloud/Projekte/Apps/Plattformuebergreifend/AhoiBrowser/apps/AhoiMobile
    

SwiftCompile normal arm64 /Volumes/Macintosh\ HD\ -\ Daten/Cloud/Projekte/Apps/Plattformuebergreifend/AhoiBrowser/apps/AhoiMobile/Sources/AhoiMobileCore/MobileBrowserActionsSheet.swift (in target 'AhoiMobileCore' from project 'AhoiMobile')
    cd /Volumes/Macintosh\ HD\ -\ Daten/Cloud/Projekte/Apps/Plattformuebergreifend/AhoiBrowser/apps/AhoiMobile
    

SwiftCompile normal arm64 /Volumes/Macintosh\ HD\ -\ Daten/Cloud/Projekte/Apps/Plattformuebergreifend/AhoiBrowser/apps/AhoiMobile/Sources/AhoiMobileCore/MobileBrowserChromeTheme.swift (in target 'AhoiMobileCore' from project 'AhoiMobile')
    cd /Volumes/Macintosh\ HD\ -\ Daten/Cloud/Projekte/Apps/Plattformuebergreifend/AhoiBrowser/apps/AhoiMobile
    

SwiftCompile normal arm64 Compiling\ MobileWebDialogPresenter.swift,\ MobileWebPageView.swift,\ MobileWorkspaceIconPolicy.swift,\ RemoteCommandSigner.swift,\ SyncQuarantineStore.swift,\ SyncRecordStore.swift /Volumes/Macintosh\ HD\ -\ Daten/Cloud/Projekte/Apps/Plattformuebergreifend/AhoiBrowser/apps/AhoiMobile/Sources/AhoiMobileCore/MobileWebDialogPresenter.swift /Volumes/Macintosh\ HD\ -\ Daten/Cloud/Projekte/Apps/Plattformuebergreifend/AhoiBrowser/apps/AhoiMobile/Sources/AhoiMobileCore/MobileWebPageView.swift /Volumes/Macintosh\ HD\ -\ Daten/Cloud/Projekte/Apps/Plattformuebergreifend/AhoiBrowser/apps/AhoiMobile/Sources/AhoiMobileCore/MobileWorkspaceIconPolicy.swift /Volumes/Macintosh\ HD\ -\ Daten/Cloud/Projekte/Apps/Plattformuebergreifend/AhoiBrowser/apps/AhoiMobile/Sources/AhoiMobileCore/RemoteCommandSigner.swift /Volumes/Macintosh\ HD\ -\ Daten/Cloud/Projekte/Apps/Plattformuebergreifend/AhoiBrowser/apps/AhoiMobile/Sources/AhoiMobileCore/SyncQuarantineStore.swift /Volumes/Macintosh\ HD\ -\ Daten/Cloud/Projekte/Apps/Plattformuebergreifend/AhoiBrowser/apps/AhoiMobile/Sources/AhoiMobileCore/SyncRecordStore.swift (in target 'AhoiMobileCore' from project 'AhoiMobile')
SwiftCompile normal arm64 /Volumes/Macintosh\ HD\ -\ Daten/Cloud/Projekte/Apps/Plattformuebergreifend/AhoiBrowser/apps/AhoiMobile/Sources/AhoiMobileCore/MobileWebDialogPresenter.swift (in target 'AhoiMobileCore' from project 'AhoiMobile')
    cd /Volumes/Macintosh\ HD\ -\ Daten/Cloud/Projekte/Apps/Plattformuebergreifend/AhoiBrowser/apps/AhoiMobile
    

SwiftCompile normal arm64 /Volumes/Macintosh\ HD\ -\ Daten/Cloud/Projekte/Apps/Plattformuebergreifend/AhoiBrowser/apps/AhoiMobile/Sources/AhoiMobileCore/MobileWebPageView.swift (in target 'AhoiMobileCore' from project 'AhoiMobile')
    cd /Volumes/Macintosh\ HD\ -\ Daten/Cloud/Projekte/Apps/Plattformuebergreifend/AhoiBrowser/apps/AhoiMobile
    

SwiftCompile normal arm64 /Volumes/Macintosh\ HD\ -\ Daten/Cloud/Projekte/Apps/Plattformuebergreifend/AhoiBrowser/apps/AhoiMobile/Sources/AhoiMobileCore/MobileWorkspaceIconPolicy.swift (in target 'AhoiMobileCore' from project 'AhoiMobile')
    cd /Volumes/Macintosh\ HD\ -\ Daten/Cloud/Projekte/Apps/Plattformuebergreifend/AhoiBrowser/apps/AhoiMobile
    

SwiftCompile normal arm64 /Volumes/Macintosh\ HD\ -\ Daten/Cloud/Projekte/Apps/Plattformuebergreifend/AhoiBrowser/apps/AhoiMobile/Sources/AhoiMobileCore/RemoteCommandSigner.swift (in target 'AhoiMobileCore' from project 'AhoiMobile')
    cd /Volumes/Macintosh\ HD\ -\ Daten/Cloud/Projekte/Apps/Plattformuebergreifend/AhoiBrowser/apps/AhoiMobile
    

SwiftCompile normal arm64 /Volumes/Macintosh\ HD\ -\ Daten/Cloud/Projekte/Apps/Plattformuebergreifend/AhoiBrowser/apps/AhoiMobile/Sources/AhoiMobileCore/SyncQuarantineStore.swift (in target 'AhoiMobileCore' from project 'AhoiMobile')
    cd /Volumes/Macintosh\ HD\ -\ Daten/Cloud/Projekte/Apps/Plattformuebergreifend/AhoiBrowser/apps/AhoiMobile
    

SwiftCompile normal arm64 /Volumes/Macintosh\ HD\ -\ Daten/Cloud/Projekte/Apps/Plattformuebergreifend/AhoiBrowser/apps/AhoiMobile/Sources/AhoiMobileCore/SyncRecordStore.swift (in target 'AhoiMobileCore' from project 'AhoiMobile')
    cd /Volumes/Macintosh\ HD\ -\ Daten/Cloud/Projekte/Apps/Plattformuebergreifend/AhoiBrowser/apps/AhoiMobile
    

SwiftCompile normal arm64 Compiling\ MobileDownloadsSheet.swift,\ MobileFocusVoyageContent.swift,\ MobileFocusVoyageView.swift,\ MobileHarborDeckView.swift,\ MobileLinkActionSheet.swift,\ MobileLinkInteractionCoordinator.swift /Volumes/Macintosh\ HD\ -\ Daten/Cloud/Projekte/Apps/Plattformuebergreifend/AhoiBrowser/apps/AhoiMobile/Sources/AhoiMobileCore/MobileDownloadsSheet.swift /Volumes/Macintosh\ HD\ -\ Daten/Cloud/Projekte/Apps/Plattformuebergreifend/AhoiBrowser/apps/AhoiMobile/Sources/AhoiMobileCore/MobileFocusVoyageContent.swift /Volumes/Macintosh\ HD\ -\ Daten/Cloud/Projekte/Apps/Plattformuebergreifend/AhoiBrowser/apps/AhoiMobile/Sources/AhoiMobileCore/MobileFocusVoyageView.swift /Volumes/Macintosh\ HD\ -\ Daten/Cloud/Projekte/Apps/Plattformuebergreifend/AhoiBrowser/apps/AhoiMobile/Sources/AhoiMobileCore/MobileHarborDeckView.swift /Volumes/Macintosh\ HD\ -\ Daten/Cloud/Projekte/Apps/Plattformuebergreifend/AhoiBrowser/apps/AhoiMobile/Sources/AhoiMobileCore/MobileLinkActionSheet.swift /Volumes/Macintosh\ HD\ -\ Daten/Cloud/Projekte/Apps/Plattformuebergreifend/AhoiBrowser/apps/AhoiMobile/Sources/AhoiMobileCore/MobileLinkInteractionCoordinator.swift (in target 'AhoiMobileCore' from project 'AhoiMobile')
SwiftCompile normal arm64 /Volumes/Macintosh\ HD\ -\ Daten/Cloud/Projekte/Apps/Plattformuebergreifend/AhoiBrowser/apps/AhoiMobile/Sources/AhoiMobileCore/MobileDownloadsSheet.swift (in target 'AhoiMobileCore' from project 'AhoiMobile')
    cd /Volumes/Macintosh\ HD\ -\ Daten/Cloud/Projekte/Apps/Plattformuebergreifend/AhoiBrowser/apps/AhoiMobile
    

SwiftCompile normal arm64 /Volumes/Macintosh\ HD\ -\ Daten/Cloud/Projekte/Apps/Plattformuebergreifend/AhoiBrowser/apps/AhoiMobile/Sources/AhoiMobileCore/MobileFocusVoyageContent.swift (in target 'AhoiMobileCore' from project 'AhoiMobile')
    cd /Volumes/Macintosh\ HD\ -\ Daten/Cloud/Projekte/Apps/Plattformuebergreifend/AhoiBrowser/apps/AhoiMobile
    

SwiftCompile normal arm64 /Volumes/Macintosh\ HD\ -\ Daten/Cloud/Projekte/Apps/Plattformuebergreifend/AhoiBrowser/apps/AhoiMobile/Sources/AhoiMobileCore/MobileFocusVoyageView.swift (in target 'AhoiMobileCore' from project 'AhoiMobile')
    cd /Volumes/Macintosh\ HD\ -\ Daten/Cloud/Projekte/Apps/Plattformuebergreifend/AhoiBrowser/apps/AhoiMobile
    

SwiftCompile normal arm64 /Volumes/Macintosh\ HD\ -\ Daten/Cloud/Projekte/Apps/Plattformuebergreifend/AhoiBrowser/apps/AhoiMobile/Sources/AhoiMobileCore/MobileHarborDeckView.swift (in target 'AhoiMobileCore' from project 'AhoiMobile')
    cd /Volumes/Macintosh\ HD\ -\ Daten/Cloud/Projekte/Apps/Plattformuebergreifend/AhoiBrowser/apps/AhoiMobile
    

SwiftCompile normal arm64 /Volumes/Macintosh\ HD\ -\ Daten/Cloud/Projekte/Apps/Plattformuebergreifend/AhoiBrowser/apps/AhoiMobile/Sources/AhoiMobileCore/MobileLinkActionSheet.swift (in target 'AhoiMobileCore' from project 'AhoiMobile')
    cd /Volumes/Macintosh\ HD\ -\ Daten/Cloud/Projekte/Apps/Plattformuebergreifend/AhoiBrowser/apps/AhoiMobile
    

SwiftCompile normal arm64 /Volumes/Macintosh\ HD\ -\ Daten/Cloud/Projekte/Apps/Plattformuebergreifend/AhoiBrowser/apps/AhoiMobile/Sources/AhoiMobileCore/MobileLinkInteractionCoordinator.swift (in target 'AhoiMobileCore' from project 'AhoiMobile')
    cd /Volumes/Macintosh\ HD\ -\ Daten/Cloud/Projekte/Apps/Plattformuebergreifend/AhoiBrowser/apps/AhoiMobile
    

SwiftCompile normal arm64 Compiling\ MobileBrowserController.swift,\ MobileBrowserControllerFailures.swift,\ MobileBrowserControllerUITesting.swift,\ MobileBrowserControllerVisualMetadata.swift,\ MobileBrowserControllerWebPageLifecycle.swift,\ MobileBrowserHistoryView.swift /Volumes/Macintosh\ HD\ -\ Daten/Cloud/Projekte/Apps/Plattformuebergreifend/AhoiBrowser/apps/AhoiMobile/Sources/AhoiMobileCore/MobileBrowserController.swift /Volumes/Macintosh\ HD\ -\ Daten/Cloud/Projekte/Apps/Plattformuebergreifend/AhoiBrowser/apps/AhoiMobile/Sources/AhoiMobileCore/MobileBrowserControllerFailures.swift /Volumes/Macintosh\ HD\ -\ Daten/Cloud/Projekte/Apps/Plattformuebergreifend/AhoiBrowser/apps/AhoiMobile/Sources/AhoiMobileCore/MobileBrowserControllerUITesting.swift /Volumes/Macintosh\ HD\ -\ Daten/Cloud/Projekte/Apps/Plattformuebergreifend/AhoiBrowser/apps/AhoiMobile/Sources/AhoiMobileCore/MobileBrowserControllerVisualMetadata.swift /Volumes/Macintosh\ HD\ -\ Daten/Cloud/Projekte/Apps/Plattformuebergreifend/AhoiBrowser/apps/AhoiMobile/Sources/AhoiMobileCore/MobileBrowserControllerWebPageLifecycle.swift /Volumes/Macintosh\ HD\ -\ Daten/Cloud/Projekte/Apps/Plattformuebergreifend/AhoiBrowser/apps/AhoiMobile/Sources/AhoiMobileCore/MobileBrowserHistoryView.swift (in target 'AhoiMobileCore' from project 'AhoiMobile')

SwiftCompile normal arm64 /Volumes/Macintosh\ HD\ -\ Daten/Cloud/Projekte/Apps/Plattformuebergreifend/AhoiBrowser/apps/AhoiMobile/Sources/AhoiMobileCore/MobileBrowserController.swift (in target 'AhoiMobileCore' from project 'AhoiMobile')
    cd /Volumes/Macintosh\ HD\ -\ Daten/Cloud/Projekte/Apps/Plattformuebergreifend/AhoiBrowser/apps/AhoiMobile
    

SwiftCompile normal arm64 /Volumes/Macintosh\ HD\ -\ Daten/Cloud/Projekte/Apps/Plattformuebergreifend/AhoiBrowser/apps/AhoiMobile/Sources/AhoiMobileCore/MobileBrowserControllerFailures.swift (in target 'AhoiMobileCore' from project 'AhoiMobile')
    cd /Volumes/Macintosh\ HD\ -\ Daten/Cloud/Projekte/Apps/Plattformuebergreifend/AhoiBrowser/apps/AhoiMobile
    

SwiftCompile normal arm64 /Volumes/Macintosh\ HD\ -\ Daten/Cloud/Projekte/Apps/Plattformuebergreifend/AhoiBrowser/apps/AhoiMobile/Sources/AhoiMobileCore/MobileBrowserControllerUITesting.swift (in target 'AhoiMobileCore' from project 'AhoiMobile')
    cd /Volumes/Macintosh\ HD\ -\ Daten/Cloud/Projekte/Apps/Plattformuebergreifend/AhoiBrowser/apps/AhoiMobile
    

SwiftCompile normal arm64 /Volumes/Macintosh\ HD\ -\ Daten/Cloud/Projekte/Apps/Plattformuebergreifend/AhoiBrowser/apps/AhoiMobile/Sources/AhoiMobileCore/MobileBrowserControllerVisualMetadata.swift (in target 'AhoiMobileCore' from project 'AhoiMobile')
    cd /Volumes/Macintosh\ HD\ -\ Daten/Cloud/Projekte/Apps/Plattformuebergreifend/AhoiBrowser/apps/AhoiMobile
    

SwiftCompile normal arm64 /Volumes/Macintosh\ HD\ -\ Daten/Cloud/Projekte/Apps/Plattformuebergreifend/AhoiBrowser/apps/AhoiMobile/Sources/AhoiMobileCore/MobileBrowserControllerWebPageLifecycle.swift (in target 'AhoiMobileCore' from project 'AhoiMobile')
    cd /Volumes/Macintosh\ HD\ -\ Daten/Cloud/Projekte/Apps/Plattformuebergreifend/AhoiBrowser/apps/AhoiMobile
    

SwiftCompile normal arm64 /Volumes/Macintosh\ HD\ -\ Daten/Cloud/Projekte/Apps/Plattformuebergreifend/AhoiBrowser/apps/AhoiMobile/Sources/AhoiMobileCore/MobileBrowserHistoryView.swift (in target 'AhoiMobileCore' from project 'AhoiMobile')
    cd /Volumes/Macintosh\ HD\ -\ Daten/Cloud/Projekte/Apps/Plattformuebergreifend/AhoiBrowser/apps/AhoiMobile
    

SwiftEmitModule normal arm64 Emitting\ module\ for\ AhoiMobileCore (in target 'AhoiMobileCore' from project 'AhoiMobile')

EmitSwiftModule normal arm64 (in target 'AhoiMobileCore' from project 'AhoiMobile')
    cd /Volumes/Macintosh\ HD\ -\ Daten/Cloud/Projekte/Apps/Plattformuebergreifend/AhoiBrowser/apps/AhoiMobile
    

SwiftCompile normal arm64 Compiling\ CompanionStore.swift,\ CompanionSyncBridge.swift,\ CompanionSyncBridgeOutbound.swift,\ CompanionViews.swift,\ DesktopWirePayloadCodec.swift,\ DesktopWireProductPayloadCodec.swift /Volumes/Macintosh\ HD\ -\ Daten/Cloud/Projekte/Apps/Plattformuebergreifend/AhoiBrowser/apps/AhoiMobile/Sources/AhoiMobileCore/CompanionStore.swift /Volumes/Macintosh\ HD\ -\ Daten/Cloud/Projekte/Apps/Plattformuebergreifend/AhoiBrowser/apps/AhoiMobile/Sources/AhoiMobileCore/CompanionSyncBridge.swift /Volumes/Macintosh\ HD\ -\ Daten/Cloud/Projekte/Apps/Plattformuebergreifend/AhoiBrowser/apps/AhoiMobile/Sources/AhoiMobileCore/CompanionSyncBridgeOutbound.swift /Volumes/Macintosh\ HD\ -\ Daten/Cloud/Projekte/Apps/Plattformuebergreifend/AhoiBrowser/apps/AhoiMobile/Sources/AhoiMobileCore/CompanionViews.swift /Volumes/Macintosh\ HD\ -\ Daten/Cloud/Projekte/Apps/Plattformuebergreifend/AhoiBrowser/apps/AhoiMobile/Sources/AhoiMobileCore/DesktopWirePayloadCodec.swift /Volumes/Macintosh\ HD\ -\ Daten/Cloud/Projekte/Apps/Plattformuebergreifend/AhoiBrowser/apps/AhoiMobile/Sources/AhoiMobileCore/DesktopWireProductPayloadCodec.swift (in target 'AhoiMobileCore' from project 'AhoiMobile')
SwiftCompile normal arm64 /Volumes/Macintosh\ HD\ -\ Daten/Cloud/Projekte/Apps/Plattformuebergreifend/AhoiBrowser/apps/AhoiMobile/Sources/AhoiMobileCore/CompanionStore.swift (in target 'AhoiMobileCore' from project 'AhoiMobile')
    cd /Volumes/Macintosh\ HD\ -\ Daten/Cloud/Projekte/Apps/Plattformuebergreifend/AhoiBrowser/apps/AhoiMobile
    

SwiftCompile normal arm64 /Volumes/Macintosh\ HD\ -\ Daten/Cloud/Projekte/Apps/Plattformuebergreifend/AhoiBrowser/apps/AhoiMobile/Sources/AhoiMobileCore/CompanionSyncBridge.swift (in target 'AhoiMobileCore' from project 'AhoiMobile')
    cd /Volumes/Macintosh\ HD\ -\ Daten/Cloud/Projekte/Apps/Plattformuebergreifend/AhoiBrowser/apps/AhoiMobile
    

SwiftCompile normal arm64 /Volumes/Macintosh\ HD\ -\ Daten/Cloud/Projekte/Apps/Plattformuebergreifend/AhoiBrowser/apps/AhoiMobile/Sources/AhoiMobileCore/CompanionSyncBridgeOutbound.swift (in target 'AhoiMobileCore' from project 'AhoiMobile')
    cd /Volumes/Macintosh\ HD\ -\ Daten/Cloud/Projekte/Apps/Plattformuebergreifend/AhoiBrowser/apps/AhoiMobile
    

SwiftCompile normal arm64 /Volumes/Macintosh\ HD\ -\ Daten/Cloud/Projekte/Apps/Plattformuebergreifend/AhoiBrowser/apps/AhoiMobile/Sources/AhoiMobileCore/CompanionViews.swift (in target 'AhoiMobileCore' from project 'AhoiMobile')
    cd /Volumes/Macintosh\ HD\ -\ Daten/Cloud/Projekte/Apps/Plattformuebergreifend/AhoiBrowser/apps/AhoiMobile
    

SwiftCompile normal arm64 /Volumes/Macintosh\ HD\ -\ Daten/Cloud/Projekte/Apps/Plattformuebergreifend/AhoiBrowser/apps/AhoiMobile/Sources/AhoiMobileCore/DesktopWirePayloadCodec.swift (in target 'AhoiMobileCore' from project 'AhoiMobile')
    cd /Volumes/Macintosh\ HD\ -\ Daten/Cloud/Projekte/Apps/Plattformuebergreifend/AhoiBrowser/apps/AhoiMobile
    

SwiftCompile normal arm64 /Volumes/Macintosh\ HD\ -\ Daten/Cloud/Projekte/Apps/Plattformuebergreifend/AhoiBrowser/apps/AhoiMobile/Sources/AhoiMobileCore/DesktopWireProductPayloadCodec.swift (in target 'AhoiMobileCore' from project 'AhoiMobile')
    cd /Volumes/Macintosh\ HD\ -\ Daten/Cloud/Projekte/Apps/Plattformuebergreifend/AhoiBrowser/apps/AhoiMobile
    

SwiftCompile normal arm64 Compiling\ CloudKitSyncProvider+Quarantine.swift,\ CloudKitSyncProvider+Synchronization.swift,\ CloudKitSyncProvider+Transport.swift,\ CloudKitSyncProvider.swift,\ CloudKitSystemFieldsStore.swift,\ CompanionAppModel.swift,\ CompanionAppModelRemoteCommands.swift /Volumes/Macintosh\ HD\ -\ Daten/Cloud/Projekte/Apps/Plattformuebergreifend/AhoiBrowser/apps/AhoiMobile/Sources/AhoiMobileCore/CloudKitSyncProvider+Quarantine.swift /Volumes/Macintosh\ HD\ -\ Daten/Cloud/Projekte/Apps/Plattformuebergreifend/AhoiBrowser/apps/AhoiMobile/Sources/AhoiMobileCore/CloudKitSyncProvider+Synchronization.swift /Volumes/Macintosh\ HD\ -\ Daten/Cloud/Projekte/Apps/Plattformuebergreifend/AhoiBrowser/apps/AhoiMobile/Sources/AhoiMobileCore/CloudKitSyncProvider+Transport.swift /Volumes/Macintosh\ HD\ -\ Daten/Cloud/Projekte/Apps/Plattformuebergreifend/AhoiBrowser/apps/AhoiMobile/Sources/AhoiMobileCore/CloudKitSyncProvider.swift /Volumes/Macintosh\ HD\ -\ Daten/Cloud/Projekte/Apps/Plattformuebergreifend/AhoiBrowser/apps/AhoiMobile/Sources/AhoiMobileCore/CloudKitSystemFieldsStore.swift /Volumes/Macintosh\ HD\ -\ Daten/Cloud/Projekte/Apps/Plattformuebergreifend/AhoiBrowser/apps/AhoiMobile/Sources/AhoiMobileCore/CompanionAppModel.swift /Volumes/Macintosh\ HD\ -\ Daten/Cloud/Projekte/Apps/Plattformuebergreifend/AhoiBrowser/apps/AhoiMobile/Sources/AhoiMobileCore/CompanionAppModelRemoteCommands.swift (in target 'AhoiMobileCore' from project 'AhoiMobile')

SwiftCompile normal arm64 /Volumes/Macintosh\ HD\ -\ Daten/Cloud/Projekte/Apps/Plattformuebergreifend/AhoiBrowser/apps/AhoiMobile/Sources/AhoiMobileCore/CloudKitSyncProvider+Quarantine.swift (in target 'AhoiMobileCore' from project 'AhoiMobile')
    cd /Volumes/Macintosh\ HD\ -\ Daten/Cloud/Projekte/Apps/Plattformuebergreifend/AhoiBrowser/apps/AhoiMobile
    

SwiftCompile normal arm64 /Volumes/Macintosh\ HD\ -\ Daten/Cloud/Projekte/Apps/Plattformuebergreifend/AhoiBrowser/apps/AhoiMobile/Sources/AhoiMobileCore/CloudKitSyncProvider+Synchronization.swift (in target 'AhoiMobileCore' from project 'AhoiMobile')
    cd /Volumes/Macintosh\ HD\ -\ Daten/Cloud/Projekte/Apps/Plattformuebergreifend/AhoiBrowser/apps/AhoiMobile
    

SwiftCompile normal arm64 /Volumes/Macintosh\ HD\ -\ Daten/Cloud/Projekte/Apps/Plattformuebergreifend/AhoiBrowser/apps/AhoiMobile/Sources/AhoiMobileCore/CloudKitSyncProvider+Transport.swift (in target 'AhoiMobileCore' from project 'AhoiMobile')
    cd /Volumes/Macintosh\ HD\ -\ Daten/Cloud/Projekte/Apps/Plattformuebergreifend/AhoiBrowser/apps/AhoiMobile
    

SwiftCompile normal arm64 /Volumes/Macintosh\ HD\ -\ Daten/Cloud/Projekte/Apps/Plattformuebergreifend/AhoiBrowser/apps/AhoiMobile/Sources/AhoiMobileCore/CloudKitSyncProvider.swift (in target 'AhoiMobileCore' from project 'AhoiMobile')
    cd /Volumes/Macintosh\ HD\ -\ Daten/Cloud/Projekte/Apps/Plattformuebergreifend/AhoiBrowser/apps/AhoiMobile
    

SwiftCompile normal arm64 /Volumes/Macintosh\ HD\ -\ Daten/Cloud/Projekte/Apps/Plattformuebergreifend/AhoiBrowser/apps/AhoiMobile/Sources/AhoiMobileCore/CloudKitSystemFieldsStore.swift (in target 'AhoiMobileCore' from project 'AhoiMobile')
    cd /Volumes/Macintosh\ HD\ -\ Daten/Cloud/Projekte/Apps/Plattformuebergreifend/AhoiBrowser/apps/AhoiMobile
    

SwiftCompile normal arm64 /Volumes/Macintosh\ HD\ -\ Daten/Cloud/Projekte/Apps/Plattformuebergreifend/AhoiBrowser/apps/AhoiMobile/Sources/AhoiMobileCore/CompanionAppModel.swift (in target 'AhoiMobileCore' from project 'AhoiMobile')
    cd /Volumes/Macintosh\ HD\ -\ Daten/Cloud/Projekte/Apps/Plattformuebergreifend/AhoiBrowser/apps/AhoiMobile
    

SwiftCompile normal arm64 /Volumes/Macintosh\ HD\ -\ Daten/Cloud/Projekte/Apps/Plattformuebergreifend/AhoiBrowser/apps/AhoiMobile/Sources/AhoiMobileCore/CompanionAppModelRemoteCommands.swift (in target 'AhoiMobileCore' from project 'AhoiMobile')
    cd /Volumes/Macintosh\ HD\ -\ Daten/Cloud/Projekte/Apps/Plattformuebergreifend/AhoiBrowser/apps/AhoiMobile
    

SwiftCompile normal arm64 Compiling\ CompanionLocalization.swift,\ CompanionMoveTargets.swift,\ CompanionPayloadCodec.swift,\ CompanionPayloadKeyStore.swift,\ CompanionPersistenceStores.swift,\ CompanionProductRecords.swift,\ CompanionProductStore.swift /Volumes/Macintosh\ HD\ -\ Daten/Cloud/Projekte/Apps/Plattformuebergreifend/AhoiBrowser/apps/AhoiMobile/Sources/AhoiMobileCore/CompanionLocalization.swift /Volumes/Macintosh\ HD\ -\ Daten/Cloud/Projekte/Apps/Plattformuebergreifend/AhoiBrowser/apps/AhoiMobile/Sources/AhoiMobileCore/CompanionMoveTargets.swift /Volumes/Macintosh\ HD\ -\ Daten/Cloud/Projekte/Apps/Plattformuebergreifend/AhoiBrowser/apps/AhoiMobile/Sources/AhoiMobileCore/CompanionPayloadCodec.swift /Volumes/Macintosh\ HD\ -\ Daten/Cloud/Projekte/Apps/Plattformuebergreifend/AhoiBrowser/apps/AhoiMobile/Sources/AhoiMobileCore/CompanionPayloadKeyStore.swift /Volumes/Macintosh\ HD\ -\ Daten/Cloud/Projekte/Apps/Plattformuebergreifend/AhoiBrowser/apps/AhoiMobile/Sources/AhoiMobileCore/CompanionPersistenceStores.swift /Volumes/Macintosh\ HD\ -\ Daten/Cloud/Projekte/Apps/Plattformuebergreifend/AhoiBrowser/apps/AhoiMobile/Sources/AhoiMobileCore/CompanionProductRecords.swift /Volumes/Macintosh\ HD\ -\ Daten/Cloud/Projekte/Apps/Plattformuebergreifend/AhoiBrowser/apps/AhoiMobile/Sources/AhoiMobileCore/CompanionProductStore.swift (in target 'AhoiMobileCore' from project 'AhoiMobile')

SwiftCompile normal arm64 /Volumes/Macintosh\ HD\ -\ Daten/Cloud/Projekte/Apps/Plattformuebergreifend/AhoiBrowser/apps/AhoiMobile/Sources/AhoiMobileCore/CompanionLocalization.swift (in target 'AhoiMobileCore' from project 'AhoiMobile')
    cd /Volumes/Macintosh\ HD\ -\ Daten/Cloud/Projekte/Apps/Plattformuebergreifend/AhoiBrowser/apps/AhoiMobile
    

SwiftCompile normal arm64 /Volumes/Macintosh\ HD\ -\ Daten/Cloud/Projekte/Apps/Plattformuebergreifend/AhoiBrowser/apps/AhoiMobile/Sources/AhoiMobileCore/CompanionMoveTargets.swift (in target 'AhoiMobileCore' from project 'AhoiMobile')
    cd /Volumes/Macintosh\ HD\ -\ Daten/Cloud/Projekte/Apps/Plattformuebergreifend/AhoiBrowser/apps/AhoiMobile
    

SwiftCompile normal arm64 /Volumes/Macintosh\ HD\ -\ Daten/Cloud/Projekte/Apps/Plattformuebergreifend/AhoiBrowser/apps/AhoiMobile/Sources/AhoiMobileCore/CompanionPayloadCodec.swift (in target 'AhoiMobileCore' from project 'AhoiMobile')
    cd /Volumes/Macintosh\ HD\ -\ Daten/Cloud/Projekte/Apps/Plattformuebergreifend/AhoiBrowser/apps/AhoiMobile
    

SwiftCompile normal arm64 /Volumes/Macintosh\ HD\ -\ Daten/Cloud/Projekte/Apps/Plattformuebergreifend/AhoiBrowser/apps/AhoiMobile/Sources/AhoiMobileCore/CompanionPayloadKeyStore.swift (in target 'AhoiMobileCore' from project 'AhoiMobile')
    cd /Volumes/Macintosh\ HD\ -\ Daten/Cloud/Projekte/Apps/Plattformuebergreifend/AhoiBrowser/apps/AhoiMobile
    

SwiftCompile normal arm64 /Volumes/Macintosh\ HD\ -\ Daten/Cloud/Projekte/Apps/Plattformuebergreifend/AhoiBrowser/apps/AhoiMobile/Sources/AhoiMobileCore/CompanionPersistenceStores.swift (in target 'AhoiMobileCore' from project 'AhoiMobile')
    cd /Volumes/Macintosh\ HD\ -\ Daten/Cloud/Projekte/Apps/Plattformuebergreifend/AhoiBrowser/apps/AhoiMobile
    

SwiftCompile normal arm64 /Volumes/Macintosh\ HD\ -\ Daten/Cloud/Projekte/Apps/Plattformuebergreifend/AhoiBrowser/apps/AhoiMobile/Sources/AhoiMobileCore/CompanionProductRecords.swift (in target 'AhoiMobileCore' from project 'AhoiMobile')
    cd /Volumes/Macintosh\ HD\ -\ Daten/Cloud/Projekte/Apps/Plattformuebergreifend/AhoiBrowser/apps/AhoiMobile
    

SwiftCompile normal arm64 /Volumes/Macintosh\ HD\ -\ Daten/Cloud/Projekte/Apps/Plattformuebergreifend/AhoiBrowser/apps/AhoiMobile/Sources/AhoiMobileCore/CompanionProductStore.swift (in target 'AhoiMobileCore' from project 'AhoiMobile')
    cd /Volumes/Macintosh\ HD\ -\ Daten/Cloud/Projekte/Apps/Plattformuebergreifend/AhoiBrowser/apps/AhoiMobile
    

SwiftCompile normal arm64 Compiling\ CompanionReadModelFieldMerge.swift,\ CompanionRemoteTabRow.swift,\ CompanionSearchIndex.swift,\ CompanionSendLinkView.swift,\ CompanionSettingsView.swift,\ CompanionSnapshot.swift,\ CompanionSnapshotCodable.swift /Volumes/Macintosh\ HD\ -\ Daten/Cloud/Projekte/Apps/Plattformuebergreifend/AhoiBrowser/apps/AhoiMobile/Sources/AhoiMobileCore/CompanionReadModelFieldMerge.swift /Volumes/Macintosh\ HD\ -\ Daten/Cloud/Projekte/Apps/Plattformuebergreifend/AhoiBrowser/apps/AhoiMobile/Sources/AhoiMobileCore/CompanionRemoteTabRow.swift /Volumes/Macintosh\ HD\ -\ Daten/Cloud/Projekte/Apps/Plattformuebergreifend/AhoiBrowser/apps/AhoiMobile/Sources/AhoiMobileCore/CompanionSearchIndex.swift /Volumes/Macintosh\ HD\ -\ Daten/Cloud/Projekte/Apps/Plattformuebergreifend/AhoiBrowser/apps/AhoiMobile/Sources/AhoiMobileCore/CompanionSendLinkView.swift /Volumes/Macintosh\ HD\ -\ Daten/Cloud/Projekte/Apps/Plattformuebergreifend/AhoiBrowser/apps/AhoiMobile/Sources/AhoiMobileCore/CompanionSettingsView.swift /Volumes/Macintosh\ HD\ -\ Daten/Cloud/Projekte/Apps/Plattformuebergreifend/AhoiBrowser/apps/AhoiMobile/Sources/AhoiMobileCore/CompanionSnapshot.swift /Volumes/Macintosh\ HD\ -\ Daten/Cloud/Projekte/Apps/Plattformuebergreifend/AhoiBrowser/apps/AhoiMobile/Sources/AhoiMobileCore/CompanionSnapshotCodable.swift (in target 'AhoiMobileCore' from project 'AhoiMobile')

SwiftCompile normal arm64 /Volumes/Macintosh\ HD\ -\ Daten/Cloud/Projekte/Apps/Plattformuebergreifend/AhoiBrowser/apps/AhoiMobile/Sources/AhoiMobileCore/CompanionReadModelFieldMerge.swift (in target 'AhoiMobileCore' from project 'AhoiMobile')
    cd /Volumes/Macintosh\ HD\ -\ Daten/Cloud/Projekte/Apps/Plattformuebergreifend/AhoiBrowser/apps/AhoiMobile
    

SwiftCompile normal arm64 /Volumes/Macintosh\ HD\ -\ Daten/Cloud/Projekte/Apps/Plattformuebergreifend/AhoiBrowser/apps/AhoiMobile/Sources/AhoiMobileCore/CompanionRemoteTabRow.swift (in target 'AhoiMobileCore' from project 'AhoiMobile')
    cd /Volumes/Macintosh\ HD\ -\ Daten/Cloud/Projekte/Apps/Plattformuebergreifend/AhoiBrowser/apps/AhoiMobile
    

SwiftCompile normal arm64 /Volumes/Macintosh\ HD\ -\ Daten/Cloud/Projekte/Apps/Plattformuebergreifend/AhoiBrowser/apps/AhoiMobile/Sources/AhoiMobileCore/CompanionSearchIndex.swift (in target 'AhoiMobileCore' from project 'AhoiMobile')
    cd /Volumes/Macintosh\ HD\ -\ Daten/Cloud/Projekte/Apps/Plattformuebergreifend/AhoiBrowser/apps/AhoiMobile
    

SwiftCompile normal arm64 /Volumes/Macintosh\ HD\ -\ Daten/Cloud/Projekte/Apps/Plattformuebergreifend/AhoiBrowser/apps/AhoiMobile/Sources/AhoiMobileCore/CompanionSendLinkView.swift (in target 'AhoiMobileCore' from project 'AhoiMobile')
    cd /Volumes/Macintosh\ HD\ -\ Daten/Cloud/Projekte/Apps/Plattformuebergreifend/AhoiBrowser/apps/AhoiMobile
    

SwiftCompile normal arm64 /Volumes/Macintosh\ HD\ -\ Daten/Cloud/Projekte/Apps/Plattformuebergreifend/AhoiBrowser/apps/AhoiMobile/Sources/AhoiMobileCore/CompanionSettingsView.swift (in target 'AhoiMobileCore' from project 'AhoiMobile')
    cd /Volumes/Macintosh\ HD\ -\ Daten/Cloud/Projekte/Apps/Plattformuebergreifend/AhoiBrowser/apps/AhoiMobile
    

SwiftCompile normal arm64 /Volumes/Macintosh\ HD\ -\ Daten/Cloud/Projekte/Apps/Plattformuebergreifend/AhoiBrowser/apps/AhoiMobile/Sources/AhoiMobileCore/CompanionSnapshot.swift (in target 'AhoiMobileCore' from project 'AhoiMobile')
    cd /Volumes/Macintosh\ HD\ -\ Daten/Cloud/Projekte/Apps/Plattformuebergreifend/AhoiBrowser/apps/AhoiMobile
    

SwiftCompile normal arm64 /Volumes/Macintosh\ HD\ -\ Daten/Cloud/Projekte/Apps/Plattformuebergreifend/AhoiBrowser/apps/AhoiMobile/Sources/AhoiMobileCore/CompanionSnapshotCodable.swift (in target 'AhoiMobileCore' from project 'AhoiMobile')
    cd /Volumes/Macintosh\ HD\ -\ Daten/Cloud/Projekte/Apps/Plattformuebergreifend/AhoiBrowser/apps/AhoiMobile
    

SwiftCompile normal arm64 Compiling\ AhoiMobileBrowserView.swift,\ CloudKitBootstrap.swift,\ CloudKitKeyBootstrapTransport.swift,\ CloudKitKeyRotationAdapter.swift,\ CloudKitSyncProvider+AccountSafety.swift,\ CloudKitSyncProvider+Delegate.swift,\ CloudKitSyncProvider+Lifecycle.swift /Volumes/Macintosh\ HD\ -\ Daten/Cloud/Projekte/Apps/Plattformuebergreifend/AhoiBrowser/apps/AhoiMobile/Sources/AhoiMobileCore/AhoiMobileBrowserView.swift /Volumes/Macintosh\ HD\ -\ Daten/Cloud/Projekte/Apps/Plattformuebergreifend/AhoiBrowser/apps/AhoiMobile/Sources/AhoiMobileCore/CloudKitBootstrap.swift /Volumes/Macintosh\ HD\ -\ Daten/Cloud/Projekte/Apps/Plattformuebergreifend/AhoiBrowser/apps/AhoiMobile/Sources/AhoiMobileCore/CloudKitKeyBootstrapTransport.swift /Volumes/Macintosh\ HD\ -\ Daten/Cloud/Projekte/Apps/Plattformuebergreifend/AhoiBrowser/apps/AhoiMobile/Sources/AhoiMobileCore/CloudKitKeyRotationAdapter.swift /Volumes/Macintosh\ HD\ -\ Daten/Cloud/Projekte/Apps/Plattformuebergreifend/AhoiBrowser/apps/AhoiMobile/Sources/AhoiMobileCore/CloudKitSyncProvider+AccountSafety.swift /Volumes/Macintosh\ HD\ -\ Daten/Cloud/Projekte/Apps/Plattformuebergreifend/AhoiBrowser/apps/AhoiMobile/Sources/AhoiMobileCore/CloudKitSyncProvider+Delegate.swift /Volumes/Macintosh\ HD\ -\ Daten/Cloud/Projekte/Apps/Plattformuebergreifend/AhoiBrowser/apps/AhoiMobile/Sources/AhoiMobileCore/CloudKitSyncProvider+Lifecycle.swift (in target 'AhoiMobileCore' from project 'AhoiMobile')

SwiftCompile normal arm64 /Volumes/Macintosh\ HD\ -\ Daten/Cloud/Projekte/Apps/Plattformuebergreifend/AhoiBrowser/apps/AhoiMobile/Sources/AhoiMobileCore/AhoiMobileBrowserView.swift (in target 'AhoiMobileCore' from project 'AhoiMobile')
    cd /Volumes/Macintosh\ HD\ -\ Daten/Cloud/Projekte/Apps/Plattformuebergreifend/AhoiBrowser/apps/AhoiMobile
    

SwiftCompile normal arm64 /Volumes/Macintosh\ HD\ -\ Daten/Cloud/Projekte/Apps/Plattformuebergreifend/AhoiBrowser/apps/AhoiMobile/Sources/AhoiMobileCore/CloudKitBootstrap.swift (in target 'AhoiMobileCore' from project 'AhoiMobile')
    cd /Volumes/Macintosh\ HD\ -\ Daten/Cloud/Projekte/Apps/Plattformuebergreifend/AhoiBrowser/apps/AhoiMobile
    

SwiftCompile normal arm64 /Volumes/Macintosh\ HD\ -\ Daten/Cloud/Projekte/Apps/Plattformuebergreifend/AhoiBrowser/apps/AhoiMobile/Sources/AhoiMobileCore/CloudKitKeyBootstrapTransport.swift (in target 'AhoiMobileCore' from project 'AhoiMobile')
    cd /Volumes/Macintosh\ HD\ -\ Daten/Cloud/Projekte/Apps/Plattformuebergreifend/AhoiBrowser/apps/AhoiMobile
    

SwiftCompile normal arm64 /Volumes/Macintosh\ HD\ -\ Daten/Cloud/Projekte/Apps/Plattformuebergreifend/AhoiBrowser/apps/AhoiMobile/Sources/AhoiMobileCore/CloudKitKeyRotationAdapter.swift (in target 'AhoiMobileCore' from project 'AhoiMobile')
    cd /Volumes/Macintosh\ HD\ -\ Daten/Cloud/Projekte/Apps/Plattformuebergreifend/AhoiBrowser/apps/AhoiMobile
    

SwiftCompile normal arm64 /Volumes/Macintosh\ HD\ -\ Daten/Cloud/Projekte/Apps/Plattformuebergreifend/AhoiBrowser/apps/AhoiMobile/Sources/AhoiMobileCore/CloudKitSyncProvider+AccountSafety.swift (in target 'AhoiMobileCore' from project 'AhoiMobile')
    cd /Volumes/Macintosh\ HD\ -\ Daten/Cloud/Projekte/Apps/Plattformuebergreifend/AhoiBrowser/apps/AhoiMobile
    

SwiftCompile normal arm64 /Volumes/Macintosh\ HD\ -\ Daten/Cloud/Projekte/Apps/Plattformuebergreifend/AhoiBrowser/apps/AhoiMobile/Sources/AhoiMobileCore/CloudKitSyncProvider+Delegate.swift (in target 'AhoiMobileCore' from project 'AhoiMobile')
    cd /Volumes/Macintosh\ HD\ -\ Daten/Cloud/Projekte/Apps/Plattformuebergreifend/AhoiBrowser/apps/AhoiMobile
    

SwiftCompile normal arm64 /Volumes/Macintosh\ HD\ -\ Daten/Cloud/Projekte/Apps/Plattformuebergreifend/AhoiBrowser/apps/AhoiMobile/Sources/AhoiMobileCore/CloudKitSyncProvider+Lifecycle.swift (in target 'AhoiMobileCore' from project 'AhoiMobile')
    cd /Volumes/Macintosh\ HD\ -\ Daten/Cloud/Projekte/Apps/Plattformuebergreifend/AhoiBrowser/apps/AhoiMobile
    

SwiftCompile normal arm64 Compiling\ MobileBrowserModels.swift,\ MobileBrowserPolicies.swift,\ MobileBrowserPreferences.swift,\ MobileBrowserSessionSaveCoordinator.swift,\ MobileBrowserSidebar.swift,\ MobileChromeVisibilityPolicy.swift /Volumes/Macintosh\ HD\ -\ Daten/Cloud/Projekte/Apps/Plattformuebergreifend/AhoiBrowser/apps/AhoiMobile/Sources/AhoiMobileCore/MobileBrowserModels.swift /Volumes/Macintosh\ HD\ -\ Daten/Cloud/Projekte/Apps/Plattformuebergreifend/AhoiBrowser/apps/AhoiMobile/Sources/AhoiMobileCore/MobileBrowserPolicies.swift /Volumes/Macintosh\ HD\ -\ Daten/Cloud/Projekte/Apps/Plattformuebergreifend/AhoiBrowser/apps/AhoiMobile/Sources/AhoiMobileCore/MobileBrowserPreferences.swift /Volumes/Macintosh\ HD\ -\ Daten/Cloud/Projekte/Apps/Plattformuebergreifend/AhoiBrowser/apps/AhoiMobile/Sources/AhoiMobileCore/MobileBrowserSessionSaveCoordinator.swift /Volumes/Macintosh\ HD\ -\ Daten/Cloud/Projekte/Apps/Plattformuebergreifend/AhoiBrowser/apps/AhoiMobile/Sources/AhoiMobileCore/MobileBrowserSidebar.swift /Volumes/Macintosh\ HD\ -\ Daten/Cloud/Projekte/Apps/Plattformuebergreifend/AhoiBrowser/apps/AhoiMobile/Sources/AhoiMobileCore/MobileChromeVisibilityPolicy.swift (in target 'AhoiMobileCore' from project 'AhoiMobile')

SwiftCompile normal arm64 /Volumes/Macintosh\ HD\ -\ Daten/Cloud/Projekte/Apps/Plattformuebergreifend/AhoiBrowser/apps/AhoiMobile/Sources/AhoiMobileCore/MobileBrowserModels.swift (in target 'AhoiMobileCore' from project 'AhoiMobile')
    cd /Volumes/Macintosh\ HD\ -\ Daten/Cloud/Projekte/Apps/Plattformuebergreifend/AhoiBrowser/apps/AhoiMobile
    

SwiftCompile normal arm64 /Volumes/Macintosh\ HD\ -\ Daten/Cloud/Projekte/Apps/Plattformuebergreifend/AhoiBrowser/apps/AhoiMobile/Sources/AhoiMobileCore/MobileBrowserPolicies.swift (in target 'AhoiMobileCore' from project 'AhoiMobile')
    cd /Volumes/Macintosh\ HD\ -\ Daten/Cloud/Projekte/Apps/Plattformuebergreifend/AhoiBrowser/apps/AhoiMobile
    

SwiftCompile normal arm64 /Volumes/Macintosh\ HD\ -\ Daten/Cloud/Projekte/Apps/Plattformuebergreifend/AhoiBrowser/apps/AhoiMobile/Sources/AhoiMobileCore/MobileBrowserPreferences.swift (in target 'AhoiMobileCore' from project 'AhoiMobile')
    cd /Volumes/Macintosh\ HD\ -\ Daten/Cloud/Projekte/Apps/Plattformuebergreifend/AhoiBrowser/apps/AhoiMobile
    

SwiftCompile normal arm64 /Volumes/Macintosh\ HD\ -\ Daten/Cloud/Projekte/Apps/Plattformuebergreifend/AhoiBrowser/apps/AhoiMobile/Sources/AhoiMobileCore/MobileBrowserSessionSaveCoordinator.swift (in target 'AhoiMobileCore' from project 'AhoiMobile')
    cd /Volumes/Macintosh\ HD\ -\ Daten/Cloud/Projekte/Apps/Plattformuebergreifend/AhoiBrowser/apps/AhoiMobile
    

SwiftCompile normal arm64 /Volumes/Macintosh\ HD\ -\ Daten/Cloud/Projekte/Apps/Plattformuebergreifend/AhoiBrowser/apps/AhoiMobile/Sources/AhoiMobileCore/MobileBrowserSidebar.swift (in target 'AhoiMobileCore' from project 'AhoiMobile')
    cd /Volumes/Macintosh\ HD\ -\ Daten/Cloud/Projekte/Apps/Plattformuebergreifend/AhoiBrowser/apps/AhoiMobile
    

SwiftCompile normal arm64 /Volumes/Macintosh\ HD\ -\ Daten/Cloud/Projekte/Apps/Plattformuebergreifend/AhoiBrowser/apps/AhoiMobile/Sources/AhoiMobileCore/MobileChromeVisibilityPolicy.swift (in target 'AhoiMobileCore' from project 'AhoiMobile')
    cd /Volumes/Macintosh\ HD\ -\ Daten/Cloud/Projekte/Apps/Plattformuebergreifend/AhoiBrowser/apps/AhoiMobile
    

SwiftCompile normal arm64 Compiling\ CompanionAppModelSyncLifecycle.swift,\ CompanionCloudKitKeyRotationBootstrap.swift,\ CompanionDeviceRevocation.swift,\ CompanionFieldMerge.swift,\ CompanionImportBatch.swift,\ CompanionKeyLifecycle.swift,\ CompanionKeyRotation.swift /Volumes/Macintosh\ HD\ -\ Daten/Cloud/Projekte/Apps/Plattformuebergreifend/AhoiBrowser/apps/AhoiMobile/Sources/AhoiMobileCore/CompanionAppModelSyncLifecycle.swift /Volumes/Macintosh\ HD\ -\ Daten/Cloud/Projekte/Apps/Plattformuebergreifend/AhoiBrowser/apps/AhoiMobile/Sources/AhoiMobileCore/CompanionCloudKitKeyRotationBootstrap.swift /Volumes/Macintosh\ HD\ -\ Daten/Cloud/Projekte/Apps/Plattformuebergreifend/AhoiBrowser/apps/AhoiMobile/Sources/AhoiMobileCore/CompanionDeviceRevocation.swift /Volumes/Macintosh\ HD\ -\ Daten/Cloud/Projekte/Apps/Plattformuebergreifend/AhoiBrowser/apps/AhoiMobile/Sources/AhoiMobileCore/CompanionFieldMerge.swift /Volumes/Macintosh\ HD\ -\ Daten/Cloud/Projekte/Apps/Plattformuebergreifend/AhoiBrowser/apps/AhoiMobile/Sources/AhoiMobileCore/CompanionImportBatch.swift /Volumes/Macintosh\ HD\ -\ Daten/Cloud/Projekte/Apps/Plattformuebergreifend/AhoiBrowser/apps/AhoiMobile/Sources/AhoiMobileCore/CompanionKeyLifecycle.swift /Volumes/Macintosh\ HD\ -\ Daten/Cloud/Projekte/Apps/Plattformuebergreifend/AhoiBrowser/apps/AhoiMobile/Sources/AhoiMobileCore/CompanionKeyRotation.swift (in target 'AhoiMobileCore' from project 'AhoiMobile')

SwiftCompile normal arm64 /Volumes/Macintosh\ HD\ -\ Daten/Cloud/Projekte/Apps/Plattformuebergreifend/AhoiBrowser/apps/AhoiMobile/Sources/AhoiMobileCore/CompanionAppModelSyncLifecycle.swift (in target 'AhoiMobileCore' from project 'AhoiMobile')
    cd /Volumes/Macintosh\ HD\ -\ Daten/Cloud/Projekte/Apps/Plattformuebergreifend/AhoiBrowser/apps/AhoiMobile
    

SwiftCompile normal arm64 /Volumes/Macintosh\ HD\ -\ Daten/Cloud/Projekte/Apps/Plattformuebergreifend/AhoiBrowser/apps/AhoiMobile/Sources/AhoiMobileCore/CompanionCloudKitKeyRotationBootstrap.swift (in target 'AhoiMobileCore' from project 'AhoiMobile')
    cd /Volumes/Macintosh\ HD\ -\ Daten/Cloud/Projekte/Apps/Plattformuebergreifend/AhoiBrowser/apps/AhoiMobile
    

SwiftCompile normal arm64 /Volumes/Macintosh\ HD\ -\ Daten/Cloud/Projekte/Apps/Plattformuebergreifend/AhoiBrowser/apps/AhoiMobile/Sources/AhoiMobileCore/CompanionDeviceRevocation.swift (in target 'AhoiMobileCore' from project 'AhoiMobile')
    cd /Volumes/Macintosh\ HD\ -\ Daten/Cloud/Projekte/Apps/Plattformuebergreifend/AhoiBrowser/apps/AhoiMobile
    

SwiftCompile normal arm64 /Volumes/Macintosh\ HD\ -\ Daten/Cloud/Projekte/Apps/Plattformuebergreifend/AhoiBrowser/apps/AhoiMobile/Sources/AhoiMobileCore/CompanionFieldMerge.swift (in target 'AhoiMobileCore' from project 'AhoiMobile')
    cd /Volumes/Macintosh\ HD\ -\ Daten/Cloud/Projekte/Apps/Plattformuebergreifend/AhoiBrowser/apps/AhoiMobile
    

SwiftCompile normal arm64 /Volumes/Macintosh\ HD\ -\ Daten/Cloud/Projekte/Apps/Plattformuebergreifend/AhoiBrowser/apps/AhoiMobile/Sources/AhoiMobileCore/CompanionImportBatch.swift (in target 'AhoiMobileCore' from project 'AhoiMobile')
    cd /Volumes/Macintosh\ HD\ -\ Daten/Cloud/Projekte/Apps/Plattformuebergreifend/AhoiBrowser/apps/AhoiMobile
    

SwiftCompile normal arm64 /Volumes/Macintosh\ HD\ -\ Daten/Cloud/Projekte/Apps/Plattformuebergreifend/AhoiBrowser/apps/AhoiMobile/Sources/AhoiMobileCore/CompanionKeyLifecycle.swift (in target 'AhoiMobileCore' from project 'AhoiMobile')
    cd /Volumes/Macintosh\ HD\ -\ Daten/Cloud/Projekte/Apps/Plattformuebergreifend/AhoiBrowser/apps/AhoiMobile
    

SwiftCompile normal arm64 /Volumes/Macintosh\ HD\ -\ Daten/Cloud/Projekte/Apps/Plattformuebergreifend/AhoiBrowser/apps/AhoiMobile/Sources/AhoiMobileCore/CompanionKeyRotation.swift (in target 'AhoiMobileCore' from project 'AhoiMobile')
    cd /Volumes/Macintosh\ HD\ -\ Daten/Cloud/Projekte/Apps/Plattformuebergreifend/AhoiBrowser/apps/AhoiMobile
    

SwiftDriverJobDiscovery normal arm64 Emitting module for AhoiMobileCore (in target 'AhoiMobileCore' from project 'AhoiMobile')

SwiftDriverJobDiscovery normal arm64 Compiling CompanionLocalization.swift, CompanionMoveTargets.swift, CompanionPayloadCodec.swift, CompanionPayloadKeyStore.swift, CompanionPersistenceStores.swift, CompanionProductRecords.swift, CompanionProductStore.swift (in target 'AhoiMobileCore' from project 'AhoiMobile')

SwiftDriver\ Compilation\ Requirements AhoiMobileCore normal arm64 com.apple.xcode.tools.swift.compiler (in target 'AhoiMobileCore' from project 'AhoiMobile')
    cd /Volumes/Macintosh\ HD\ -\ Daten/Cloud/Projekte/Apps/Plattformuebergreifend/AhoiBrowser/apps/AhoiMobile
    builtin-Swift-Compilation-Requirements -- /Applications/Xcode.app/Contents/Developer/Toolchains/XcodeDefault.xctoolchain/usr/bin/swiftc -module-name AhoiMobileCore -Onone @/tmp/ahoi-mobile-4113c14-ipad-derived/Build/Intermediates.noindex/AhoiMobile.build/DebugLocal-iphonesimulator/AhoiMobileCore.build/Objects-normal/arm64/AhoiMobileCore.SwiftFileList -DDEBUG -enable-experimental-feature DebugDescriptionMacro -sdk /Applications/Xcode.app/Contents/Developer/Platforms/iPhoneSimulator.platform/Developer/SDKs/iPhoneSimulator26.5.sdk -target arm64-apple-ios26.0-simulator -g -module-cache-path /tmp/ahoi-mobile-4113c14-ipad-derived/ModuleCache.noindex -Xfrontend -serialize-debugging-options -enable-testing -index-store-path /tmp/ahoi-mobile-4113c14-ipad-derived/Index.noindex/DataStore -Xcc -D_LIBCPP_HARDENING_MODE\=_LIBCPP_HARDENING_MODE_DEBUG -swift-version 6 -I /tmp/ahoi-mobile-4113c14-ipad-derived/Build/Products/DebugLocal-iphonesimulator -F /tmp/ahoi-mobile-4113c14-ipad-derived/Build/Products/DebugLocal-iphonesimulator/PackageFrameworks -F /tmp/ahoi-mobile-4113c14-ipad-derived/Build/Products/DebugLocal-iphonesimulator -c -j12 -enable-batch-mode -incremental -Xcc -ivfsstatcache -Xcc /tmp/ahoi-mobile-4113c14-ipad-derived/SDKStatCaches.noindex/iphonesimulator26.5-23F81a-688ef53f1462e2c8f657fdc38a81448f6cfe768891a92b912361537c460fe42b.sdkstatcache -output-file-map /tmp/ahoi-mobile-4113c14-ipad-derived/Build/Intermediates.noindex/AhoiMobile.build/DebugLocal-iphonesimulator/AhoiMobileCore.build/Objects-normal/arm64/AhoiMobileCore-OutputFileMap.json -use-frontend-parseable-output -save-temps -no-color-diagnostics -explicit-module-build -module-cache-path /tmp/ahoi-mobile-4113c14-ipad-derived/Build/Intermediates.noindex/SwiftExplicitPrecompiledModules -clang-scanner-module-cache-path /tmp/ahoi-mobile-4113c14-ipad-derived/ModuleCache.noindex -sdk-module-cache-path /tmp/ahoi-mobile-4113c14-ipad-derived/ModuleCache.noindex -serialize-diagnostics -emit-dependencies -emit-module -emit-module-path /tmp/ahoi-mobile-4113c14-ipad-derived/Build/Intermediates.noindex/AhoiMobile.build/DebugLocal-iphonesimulator/AhoiMobileCore.build/Objects-normal/arm64/AhoiMobileCore.swiftmodule -validate-clang-modules-once -clang-build-session-file /tmp/ahoi-mobile-4113c14-ipad-derived/ModuleCache.noindex/Session.modulevalidation -Xcc -I/tmp/ahoi-mobile-4113c14-ipad-derived/Build/Intermediates.noindex/AhoiMobile.build/DebugLocal-iphonesimulator/AhoiMobileCore.build/swift-overrides.hmap -emit-const-values -Xfrontend -const-gather-protocols-file -Xfrontend /tmp/ahoi-mobile-4113c14-ipad-derived/Build/Intermediates.noindex/AhoiMobile.build/DebugLocal-iphonesimulator/AhoiMobileCore.build/Objects-normal/arm64/AhoiMobileCore_const_extract_protocols.json -Xcc -iquote -Xcc /tmp/ahoi-mobile-4113c14-ipad-derived/Build/Intermediates.noindex/AhoiMobile.build/DebugLocal-iphonesimulator/AhoiMobileCore.build/AhoiMobileCore-generated-files.hmap -Xcc -I/tmp/ahoi-mobile-4113c14-ipad-derived/Build/Intermediates.noindex/AhoiMobile.build/DebugLocal-iphonesimulator/AhoiMobileCore.build/AhoiMobileCore-own-target-headers.hmap -Xcc -I/tmp/ahoi-mobile-4113c14-ipad-derived/Build/Intermediates.noindex/AhoiMobile.build/DebugLocal-iphonesimulator/AhoiMobileCore.build/AhoiMobileCore-all-non-framework-target-headers.hmap -Xcc -ivfsoverlay -Xcc /tmp/ahoi-mobile-4113c14-ipad-derived/Build/Intermediates.noindex/AhoiMobile.build/DebugLocal-iphonesimulator/AhoiMobile-a44a3a976db28ace36eae5fb72a0335b-VFS-iphonesimulator/all-product-headers.yaml -Xcc -iquote -Xcc /tmp/ahoi-mobile-4113c14-ipad-derived/Build/Intermediates.noindex/AhoiMobile.build/DebugLocal-iphonesimulator/AhoiMobileCore.build/AhoiMobileCore-project-headers.hmap -Xcc -I/tmp/ahoi-mobile-4113c14-ipad-derived/Build/Products/DebugLocal-iphonesimulator/include -Xcc -I/tmp/ahoi-mobile-4113c14-ipad-derived/Build/Intermediates.noindex/AhoiMobile.build/DebugLocal-iphonesimulator/AhoiMobileCore.build/DerivedSources-normal/arm64 -Xcc -I/tmp/ahoi-mobile-4113c14-ipad-derived/Build/Intermediates.noindex/AhoiMobile.build/DebugLocal-iphonesimulator/AhoiMobileCore.build/DerivedSources/arm64 -Xcc -I/tmp/ahoi-mobile-4113c14-ipad-derived/Build/Intermediates.noindex/AhoiMobile.build/DebugLocal-iphonesimulator/AhoiMobileCore.build/DerivedSources -Xcc -DDEBUG\=1 -emit-objc-header -emit-objc-header-path /tmp/ahoi-mobile-4113c14-ipad-derived/Build/Intermediates.noindex/AhoiMobile.build/DebugLocal-iphonesimulator/AhoiMobileCore.build/Objects-normal/arm64/AhoiMobileCore-Swift.h -working-directory /Volumes/Macintosh\ HD\ -\ Daten/Cloud/Projekte/Apps/Plattformuebergreifend/AhoiBrowser/apps/AhoiMobile -experimental-emit-module-separately -disable-cmo

SwiftMergeGeneratedHeaders /tmp/ahoi-mobile-4113c14-ipad-derived/Build/Products/DebugLocal-iphonesimulator/AhoiMobileCore.framework/Headers/AhoiMobileCore-Swift.h /tmp/ahoi-mobile-4113c14-ipad-derived/Build/Intermediates.noindex/AhoiMobile.build/DebugLocal-iphonesimulator/AhoiMobileCore.build/Objects-normal/arm64/AhoiMobileCore-Swift.h (in target 'AhoiMobileCore' from project 'AhoiMobile')
    cd /Volumes/Macintosh\ HD\ -\ Daten/Cloud/Projekte/Apps/Plattformuebergreifend/AhoiBrowser/apps/AhoiMobile
    builtin-swiftHeaderTool -arch arm64 /tmp/ahoi-mobile-4113c14-ipad-derived/Build/Intermediates.noindex/AhoiMobile.build/DebugLocal-iphonesimulator/AhoiMobileCore.build/Objects-normal/arm64/AhoiMobileCore-Swift.h -o /tmp/ahoi-mobile-4113c14-ipad-derived/Build/Products/DebugLocal-iphonesimulator/AhoiMobileCore.framework/Headers/AhoiMobileCore-Swift.h

Copy /tmp/ahoi-mobile-4113c14-ipad-derived/Build/Products/DebugLocal-iphonesimulator/AhoiMobileCore.framework/Modules/AhoiMobileCore.swiftmodule/arm64-apple-ios-simulator.swiftmodule /tmp/ahoi-mobile-4113c14-ipad-derived/Build/Intermediates.noindex/AhoiMobile.build/DebugLocal-iphonesimulator/AhoiMobileCore.build/Objects-normal/arm64/AhoiMobileCore.swiftmodule (in target 'AhoiMobileCore' from project 'AhoiMobile')
    cd /Volumes/Macintosh\ HD\ -\ Daten/Cloud/Projekte/Apps/Plattformuebergreifend/AhoiBrowser/apps/AhoiMobile
    builtin-copy -exclude .DS_Store -exclude CVS -exclude .svn -exclude .git -exclude .hg -resolve-src-symlinks -rename /tmp/ahoi-mobile-4113c14-ipad-derived/Build/Intermediates.noindex/AhoiMobile.build/DebugLocal-iphonesimulator/AhoiMobileCore.build/Objects-normal/arm64/AhoiMobileCore.swiftmodule /tmp/ahoi-mobile-4113c14-ipad-derived/Build/Products/DebugLocal-iphonesimulator/AhoiMobileCore.framework/Modules/AhoiMobileCore.swiftmodule/arm64-apple-ios-simulator.swiftmodule

Copy /tmp/ahoi-mobile-4113c14-ipad-derived/Build/Products/DebugLocal-iphonesimulator/AhoiMobileCore.framework/Modules/AhoiMobileCore.swiftmodule/arm64-apple-ios-simulator.swiftdoc /tmp/ahoi-mobile-4113c14-ipad-derived/Build/Intermediates.noindex/AhoiMobile.build/DebugLocal-iphonesimulator/AhoiMobileCore.build/Objects-normal/arm64/AhoiMobileCore.swiftdoc (in target 'AhoiMobileCore' from project 'AhoiMobile')
    cd /Volumes/Macintosh\ HD\ -\ Daten/Cloud/Projekte/Apps/Plattformuebergreifend/AhoiBrowser/apps/AhoiMobile
    builtin-copy -exclude .DS_Store -exclude CVS -exclude .svn -exclude .git -exclude .hg -resolve-src-symlinks -rename /tmp/ahoi-mobile-4113c14-ipad-derived/Build/Intermediates.noindex/AhoiMobile.build/DebugLocal-iphonesimulator/AhoiMobileCore.build/Objects-normal/arm64/AhoiMobileCore.swiftdoc /tmp/ahoi-mobile-4113c14-ipad-derived/Build/Products/DebugLocal-iphonesimulator/AhoiMobileCore.framework/Modules/AhoiMobileCore.swiftmodule/arm64-apple-ios-simulator.swiftdoc

Copy /tmp/ahoi-mobile-4113c14-ipad-derived/Build/Products/DebugLocal-iphonesimulator/AhoiMobileCore.framework/Modules/AhoiMobileCore.swiftmodule/arm64-apple-ios-simulator.abi.json /tmp/ahoi-mobile-4113c14-ipad-derived/Build/Intermediates.noindex/AhoiMobile.build/DebugLocal-iphonesimulator/AhoiMobileCore.build/Objects-normal/arm64/AhoiMobileCore.abi.json (in target 'AhoiMobileCore' from project 'AhoiMobile')
    cd /Volumes/Macintosh\ HD\ -\ Daten/Cloud/Projekte/Apps/Plattformuebergreifend/AhoiBrowser/apps/AhoiMobile
    builtin-copy -exclude .DS_Store -exclude CVS -exclude .svn -exclude .git -exclude .hg -resolve-src-symlinks -rename /tmp/ahoi-mobile-4113c14-ipad-derived/Build/Intermediates.noindex/AhoiMobile.build/DebugLocal-iphonesimulator/AhoiMobileCore.build/Objects-normal/arm64/AhoiMobileCore.abi.json /tmp/ahoi-mobile-4113c14-ipad-derived/Build/Products/DebugLocal-iphonesimulator/AhoiMobileCore.framework/Modules/AhoiMobileCore.swiftmodule/arm64-apple-ios-simulator.abi.json

Copy /tmp/ahoi-mobile-4113c14-ipad-derived/Build/Products/DebugLocal-iphonesimulator/AhoiMobileCore.framework/Modules/AhoiMobileCore.swiftmodule/Project/arm64-apple-ios-simulator.swiftsourceinfo /tmp/ahoi-mobile-4113c14-ipad-derived/Build/Intermediates.noindex/AhoiMobile.build/DebugLocal-iphonesimulator/AhoiMobileCore.build/Objects-normal/arm64/AhoiMobileCore.swiftsourceinfo (in target 'AhoiMobileCore' from project 'AhoiMobile')
    cd /Volumes/Macintosh\ HD\ -\ Daten/Cloud/Projekte/Apps/Plattformuebergreifend/AhoiBrowser/apps/AhoiMobile
    builtin-copy -exclude .DS_Store -exclude CVS -exclude .svn -exclude .git -exclude .hg -resolve-src-symlinks -rename /tmp/ahoi-mobile-4113c14-ipad-derived/Build/Intermediates.noindex/AhoiMobile.build/DebugLocal-iphonesimulator/AhoiMobileCore.build/Objects-normal/arm64/AhoiMobileCore.swiftsourceinfo /tmp/ahoi-mobile-4113c14-ipad-derived/Build/Products/DebugLocal-iphonesimulator/AhoiMobileCore.framework/Modules/AhoiMobileCore.swiftmodule/Project/arm64-apple-ios-simulator.swiftsourceinfo

ScanDependencies /tmp/ahoi-mobile-4113c14-ipad-derived/Build/Intermediates.noindex/AhoiMobile.build/DebugLocal-iphonesimulator/AhoiMobileCore.build/Objects-normal/arm64/AhoiMobileCore_vers.o /tmp/ahoi-mobile-4113c14-ipad-derived/Build/Intermediates.noindex/AhoiMobile.build/DebugLocal-iphonesimulator/AhoiMobileCore.build/DerivedSources/AhoiMobileCore_vers.c normal arm64 c com.apple.compilers.llvm.clang.1_0.compiler (in target 'AhoiMobileCore' from project 'AhoiMobile')
    cd /Volumes/Macintosh\ HD\ -\ Daten/Cloud/Projekte/Apps/Plattformuebergreifend/AhoiBrowser/apps/AhoiMobile
    
    Using response file: /tmp/ahoi-mobile-4113c14-ipad-derived/Build/Intermediates.noindex/AhoiMobile.build/DebugLocal-iphonesimulator/AhoiMobileCore.build/Objects-normal/arm64/7187679823f38a2a940e0043cdf9d637-common-args.resp
    
    builtin-ScanDependencies -o /tmp/ahoi-mobile-4113c14-ipad-derived/Build/Intermediates.noindex/AhoiMobile.build/DebugLocal-iphonesimulator/AhoiMobileCore.build/Objects-normal/arm64/AhoiMobileCore_vers.o.scan -- /Applications/Xcode.app/Contents/Developer/Toolchains/XcodeDefault.xctoolchain/usr/bin/clang -x c -ivfsstatcache /tmp/ahoi-mobile-4113c14-ipad-derived/SDKStatCaches.noindex/iphonesimulator26.5-23F81a-688ef53f1462e2c8f657fdc38a81448f6cfe768891a92b912361537c460fe42b.sdkstatcache -target arm64-apple-ios26.0-simulator -fmessage-length\=0 -fdiagnostics-show-note-include-stack -fmacro-backtrace-limit\=0 -fno-color-diagnostics -fmodules-prune-interval\=86400 -fmodules-prune-after\=345600 -fbuild-session-file\=/tmp/ahoi-mobile-4113c14-ipad-derived/ModuleCache.noindex/Session.modulevalidation -fmodules-validate-once-per-build-session -Wnon-modular-include-in-framework-module -Werror\=non-modular-include-in-framework-module -Wno-trigraphs -Wno-missing-field-initializers -Wno-missing-prototypes -Werror\=return-type -Wdocumentation -Wunreachable-code -Wquoted-include-in-framework-header -Werror\=deprecated-objc-isa-usage -Werror\=objc-root-class -Wno-missing-braces -Wparentheses -Wswitch -Wunused-function -Wno-unused-label -Wno-unused-parameter -Wunused-variable -Wunused-value -Wempty-body -Wuninitialized -Wconditional-uninitialized -Wno-unknown-pragmas -Wno-shadow -Wno-four-char-constants -Wno-conversion -Wconstant-conversion -Wint-conversion -Wbool-conversion -Wenum-conversion -Wno-float-conversion -Wnon-literal-null-conversion -Wobjc-literal-conversion -Wshorten-64-to-32 -Wpointer-sign -Wno-newline-eof -Wno-implicit-fallthrough -isysroot /Applications/Xcode.app/Contents/Developer/Platforms/iPhoneSimulator.platform/Developer/SDKs/iPhoneSimulator26.5.sdk -fstrict-aliasing -Wdeprecated-declarations -Wno-sign-conversion -Winfinite-recursion -Wcomma -Wblock-capture-autoreleasing -Wstrict-prototypes -Wno-semicolon-before-method-body -Wunguarded-availability -index-store-path /tmp/ahoi-mobile-4113c14-ipad-derived/Index.noindex/DataStore @/tmp/ahoi-mobile-4113c14-ipad-derived/Build/Intermediates.noindex/AhoiMobile.build/DebugLocal-iphonesimulator/AhoiMobileCore.build/Objects-normal/arm64/7187679823f38a2a940e0043cdf9d637-common-args.resp -MMD -MT dependencies -MF /tmp/ahoi-mobile-4113c14-ipad-derived/Build/Intermediates.noindex/AhoiMobile.build/DebugLocal-iphonesimulator/AhoiMobileCore.build/Objects-normal/arm64/AhoiMobileCore_vers.d --serialize-diagnostics /tmp/ahoi-mobile-4113c14-ipad-derived/Build/Intermediates.noindex/AhoiMobile.build/DebugLocal-iphonesimulator/AhoiMobileCore.build/Objects-normal/arm64/AhoiMobileCore_vers.dia -c /tmp/ahoi-mobile-4113c14-ipad-derived/Build/Intermediates.noindex/AhoiMobile.build/DebugLocal-iphonesimulator/AhoiMobileCore.build/DerivedSources/AhoiMobileCore_vers.c -o /tmp/ahoi-mobile-4113c14-ipad-derived/Build/Intermediates.noindex/AhoiMobile.build/DebugLocal-iphonesimulator/AhoiMobileCore.build/Objects-normal/arm64/AhoiMobileCore_vers.o -index-unit-output-path /AhoiMobile.build/DebugLocal-iphonesimulator/AhoiMobileCore.build/Objects-normal/arm64/AhoiMobileCore_vers.o

CompileC /tmp/ahoi-mobile-4113c14-ipad-derived/Build/Intermediates.noindex/AhoiMobile.build/DebugLocal-iphonesimulator/AhoiMobileCore.build/Objects-normal/arm64/AhoiMobileCore_vers.o /tmp/ahoi-mobile-4113c14-ipad-derived/Build/Intermediates.noindex/AhoiMobile.build/DebugLocal-iphonesimulator/AhoiMobileCore.build/DerivedSources/AhoiMobileCore_vers.c normal arm64 c com.apple.compilers.llvm.clang.1_0.compiler (in target 'AhoiMobileCore' from project 'AhoiMobile')
    cd /Volumes/Macintosh\ HD\ -\ Daten/Cloud/Projekte/Apps/Plattformuebergreifend/AhoiBrowser/apps/AhoiMobile
    
    Using response file: /tmp/ahoi-mobile-4113c14-ipad-derived/Build/Intermediates.noindex/AhoiMobile.build/DebugLocal-iphonesimulator/AhoiMobileCore.build/Objects-normal/arm64/7187679823f38a2a940e0043cdf9d637-common-args.resp
    
    /Applications/Xcode.app/Contents/Developer/Toolchains/XcodeDefault.xctoolchain/usr/bin/clang -x c -ivfsstatcache /tmp/ahoi-mobile-4113c14-ipad-derived/SDKStatCaches.noindex/iphonesimulator26.5-23F81a-688ef53f1462e2c8f657fdc38a81448f6cfe768891a92b912361537c460fe42b.sdkstatcache -target arm64-apple-ios26.0-simulator -fmessage-length\=0 -fdiagnostics-show-note-include-stack -fmacro-backtrace-limit\=0 -fno-color-diagnostics -fmodules-prune-interval\=86400 -fmodules-prune-after\=345600 -fbuild-session-file\=/tmp/ahoi-mobile-4113c14-ipad-derived/ModuleCache.noindex/Session.modulevalidation -fmodules-validate-once-per-build-session -Wnon-modular-include-in-framework-module -Werror\=non-modular-include-in-framework-module -Wno-trigraphs -Wno-missing-field-initializers -Wno-missing-prototypes -Werror\=return-type -Wdocumentation -Wunreachable-code -Wquoted-include-in-framework-header -Werror\=deprecated-objc-isa-usage -Werror\=objc-root-class -Wno-missing-braces -Wparentheses -Wswitch -Wunused-function -Wno-unused-label -Wno-unused-parameter -Wunused-variable -Wunused-value -Wempty-body -Wuninitialized -Wconditional-uninitialized -Wno-unknown-pragmas -Wno-shadow -Wno-four-char-constants -Wno-conversion -Wconstant-conversion -Wint-conversion -Wbool-conversion -Wenum-conversion -Wno-float-conversion -Wnon-literal-null-conversion -Wobjc-literal-conversion -Wshorten-64-to-32 -Wpointer-sign -Wno-newline-eof -Wno-implicit-fallthrough -isysroot /Applications/Xcode.app/Contents/Developer/Platforms/iPhoneSimulator.platform/Developer/SDKs/iPhoneSimulator26.5.sdk -fstrict-aliasing -Wdeprecated-declarations -Wno-sign-conversion -Winfinite-recursion -Wcomma -Wblock-capture-autoreleasing -Wstrict-prototypes -Wno-semicolon-before-method-body -Wunguarded-availability -index-store-path /tmp/ahoi-mobile-4113c14-ipad-derived/Index.noindex/DataStore @/tmp/ahoi-mobile-4113c14-ipad-derived/Build/Intermediates.noindex/AhoiMobile.build/DebugLocal-iphonesimulator/AhoiMobileCore.build/Objects-normal/arm64/7187679823f38a2a940e0043cdf9d637-common-args.resp -MMD -MT dependencies -MF /tmp/ahoi-mobile-4113c14-ipad-derived/Build/Intermediates.noindex/AhoiMobile.build/DebugLocal-iphonesimulator/AhoiMobileCore.build/Objects-normal/arm64/AhoiMobileCore_vers.d --serialize-diagnostics /tmp/ahoi-mobile-4113c14-ipad-derived/Build/Intermediates.noindex/AhoiMobile.build/DebugLocal-iphonesimulator/AhoiMobileCore.build/Objects-normal/arm64/AhoiMobileCore_vers.dia -c /tmp/ahoi-mobile-4113c14-ipad-derived/Build/Intermediates.noindex/AhoiMobile.build/DebugLocal-iphonesimulator/AhoiMobileCore.build/DerivedSources/AhoiMobileCore_vers.c -o /tmp/ahoi-mobile-4113c14-ipad-derived/Build/Intermediates.noindex/AhoiMobile.build/DebugLocal-iphonesimulator/AhoiMobileCore.build/Objects-normal/arm64/AhoiMobileCore_vers.o -index-unit-output-path /AhoiMobile.build/DebugLocal-iphonesimulator/AhoiMobileCore.build/Objects-normal/arm64/AhoiMobileCore_vers.o

ProcessProductPackaging "" /tmp/ahoi-mobile-4113c14-ipad-derived/Build/Intermediates.noindex/AhoiMobile.build/DebugLocal-iphonesimulator/AhoiMobile.build/AhoiMobile.app-Simulated.xcent (in target 'AhoiMobile' from project 'AhoiMobile')
    cd /Volumes/Macintosh\ HD\ -\ Daten/Cloud/Projekte/Apps/Plattformuebergreifend/AhoiBrowser/apps/AhoiMobile
    
    Entitlements:
    
    {
    "application-identifier" = "248AJ5BN47.app.ahoibrowser.AhoiBrowser";
}
    
    builtin-productPackagingUtility -entitlements -format xml -o /tmp/ahoi-mobile-4113c14-ipad-derived/Build/Intermediates.noindex/AhoiMobile.build/DebugLocal-iphonesimulator/AhoiMobile.build/AhoiMobile.app-Simulated.xcent

ProcessProductPackagingDER /tmp/ahoi-mobile-4113c14-ipad-derived/Build/Intermediates.noindex/AhoiMobile.build/DebugLocal-iphonesimulator/AhoiMobile.build/AhoiMobile.app-Simulated.xcent /tmp/ahoi-mobile-4113c14-ipad-derived/Build/Intermediates.noindex/AhoiMobile.build/DebugLocal-iphonesimulator/AhoiMobile.build/AhoiMobile.app-Simulated.xcent.der (in target 'AhoiMobile' from project 'AhoiMobile')
    cd /Volumes/Macintosh\ HD\ -\ Daten/Cloud/Projekte/Apps/Plattformuebergreifend/AhoiBrowser/apps/AhoiMobile
    /usr/bin/derq query -f xml -i /tmp/ahoi-mobile-4113c14-ipad-derived/Build/Intermediates.noindex/AhoiMobile.build/DebugLocal-iphonesimulator/AhoiMobile.build/AhoiMobile.app-Simulated.xcent -o /tmp/ahoi-mobile-4113c14-ipad-derived/Build/Intermediates.noindex/AhoiMobile.build/DebugLocal-iphonesimulator/AhoiMobile.build/AhoiMobile.app-Simulated.xcent.der --raw

SwiftDriver AhoiMobileCoreTests normal arm64 com.apple.xcode.tools.swift.compiler (in target 'AhoiMobileCoreTests' from project 'AhoiMobile')
    cd /Volumes/Macintosh\ HD\ -\ Daten/Cloud/Projekte/Apps/Plattformuebergreifend/AhoiBrowser/apps/AhoiMobile
    builtin-SwiftDriver -- /Applications/Xcode.app/Contents/Developer/Toolchains/XcodeDefault.xctoolchain/usr/bin/swiftc -module-name AhoiMobileCoreTests -Onone @/tmp/ahoi-mobile-4113c14-ipad-derived/Build/Intermediates.noindex/AhoiMobile.build/DebugLocal-iphonesimulator/AhoiMobileCoreTests.build/Objects-normal/arm64/AhoiMobileCoreTests.SwiftFileList -DDEBUG -plugin-path /Applications/Xcode.app/Contents/Developer/Toolchains/XcodeDefault.xctoolchain/usr/lib/swift/host/plugins/testing -enable-experimental-feature DebugDescriptionMacro -sdk /Applications/Xcode.app/Contents/Developer/Platforms/iPhoneSimulator.platform/Developer/SDKs/iPhoneSimulator26.5.sdk -target arm64-apple-ios26.0-simulator -g -module-cache-path /tmp/ahoi-mobile-4113c14-ipad-derived/ModuleCache.noindex -Xfrontend -serialize-debugging-options -enable-testing -index-store-path /tmp/ahoi-mobile-4113c14-ipad-derived/Index.noindex/DataStore -Xcc -D_LIBCPP_HARDENING_MODE\=_LIBCPP_HARDENING_MODE_DEBUG -swift-version 6 -I /tmp/ahoi-mobile-4113c14-ipad-derived/Build/Products/DebugLocal-iphonesimulator -Isystem /Applications/Xcode.app/Contents/Developer/Platforms/iPhoneSimulator.platform/Developer/usr/lib -F /tmp/ahoi-mobile-4113c14-ipad-derived/Build/Products/DebugLocal-iphonesimulator/PackageFrameworks -F /tmp/ahoi-mobile-4113c14-ipad-derived/Build/Products/DebugLocal-iphonesimulator -F /Applications/Xcode.app/Contents/Developer/Platforms/iPhoneSimulator.platform/Developer/Library/Frameworks -F /Applications/Xcode.app/Contents/Developer/Platforms/iPhoneSimulator.platform/Developer/SDKs/iPhoneSimulator26.5.sdk/Developer/Library/Frameworks -c -j12 -enable-batch-mode -incremental -Xcc -ivfsstatcache -Xcc /tmp/ahoi-mobile-4113c14-ipad-derived/SDKStatCaches.noindex/iphonesimulator26.5-23F81a-688ef53f1462e2c8f657fdc38a81448f6cfe768891a92b912361537c460fe42b.sdkstatcache -output-file-map /tmp/ahoi-mobile-4113c14-ipad-derived/Build/Intermediates.noindex/AhoiMobile.build/DebugLocal-iphonesimulator/AhoiMobileCoreTests.build/Objects-normal/arm64/AhoiMobileCoreTests-OutputFileMap.json -use-frontend-parseable-output -save-temps -no-color-diagnostics -explicit-module-build -module-cache-path /tmp/ahoi-mobile-4113c14-ipad-derived/Build/Intermediates.noindex/SwiftExplicitPrecompiledModules -clang-scanner-module-cache-path /tmp/ahoi-mobile-4113c14-ipad-derived/ModuleCache.noindex -sdk-module-cache-path /tmp/ahoi-mobile-4113c14-ipad-derived/ModuleCache.noindex -serialize-diagnostics -emit-dependencies -emit-module -emit-module-path /tmp/ahoi-mobile-4113c14-ipad-derived/Build/Intermediates.noindex/AhoiMobile.build/DebugLocal-iphonesimulator/AhoiMobileCoreTests.build/Objects-normal/arm64/AhoiMobileCoreTests.swiftmodule -validate-clang-modules-once -clang-build-session-file /tmp/ahoi-mobile-4113c14-ipad-derived/ModuleCache.noindex/Session.modulevalidation -Xcc -I/tmp/ahoi-mobile-4113c14-ipad-derived/Build/Intermediates.noindex/AhoiMobile.build/DebugLocal-iphonesimulator/AhoiMobileCoreTests.build/swift-overrides.hmap -emit-const-values -Xfrontend -const-gather-protocols-file -Xfrontend /tmp/ahoi-mobile-4113c14-ipad-derived/Build/Intermediates.noindex/AhoiMobile.build/DebugLocal-iphonesimulator/AhoiMobileCoreTests.build/Objects-normal/arm64/AhoiMobileCoreTests_const_extract_protocols.json -Xcc -iquote -Xcc /tmp/ahoi-mobile-4113c14-ipad-derived/Build/Intermediates.noindex/AhoiMobile.build/DebugLocal-iphonesimulator/AhoiMobileCoreTests.build/AhoiMobileCoreTests-generated-files.hmap -Xcc -I/tmp/ahoi-mobile-4113c14-ipad-derived/Build/Intermediates.noindex/AhoiMobile.build/DebugLocal-iphonesimulator/AhoiMobileCoreTests.build/AhoiMobileCoreTests-own-target-headers.hmap -Xcc -I/tmp/ahoi-mobile-4113c14-ipad-derived/Build/Intermediates.noindex/AhoiMobile.build/DebugLocal-iphonesimulator/AhoiMobileCoreTests.build/AhoiMobileCoreTests-all-non-framework-target-headers.hmap -Xcc -ivfsoverlay -Xcc /tmp/ahoi-mobile-4113c14-ipad-derived/Build/Intermediates.noindex/AhoiMobile.build/DebugLocal-iphonesimulator/AhoiMobile-a44a3a976db28ace36eae5fb72a0335b-VFS-iphonesimulator/all-product-headers.yaml -Xcc -iquote -Xcc /tmp/ahoi-mobile-4113c14-ipad-derived/Build/Intermediates.noindex/AhoiMobile.build/DebugLocal-iphonesimulator/AhoiMobileCoreTests.build/AhoiMobileCoreTests-project-headers.hmap -Xcc -I/tmp/ahoi-mobile-4113c14-ipad-derived/Build/Products/DebugLocal-iphonesimulator/include -Xcc -I/tmp/ahoi-mobile-4113c14-ipad-derived/Build/Intermediates.noindex/AhoiMobile.build/DebugLocal-iphonesimulator/AhoiMobileCoreTests.build/DerivedSources-normal/arm64 -Xcc -I/tmp/ahoi-mobile-4113c14-ipad-derived/Build/Intermediates.noindex/AhoiMobile.build/DebugLocal-iphonesimulator/AhoiMobileCoreTests.build/DerivedSources/arm64 -Xcc -I/tmp/ahoi-mobile-4113c14-ipad-derived/Build/Intermediates.noindex/AhoiMobile.build/DebugLocal-iphonesimulator/AhoiMobileCoreTests.build/DerivedSources -Xcc -DDEBUG\=1 -emit-objc-header -emit-objc-header-path /tmp/ahoi-mobile-4113c14-ipad-derived/Build/Intermediates.noindex/AhoiMobile.build/DebugLocal-iphonesimulator/AhoiMobileCoreTests.build/Objects-normal/arm64/AhoiMobileCoreTests-Swift.h -working-directory /Volumes/Macintosh\ HD\ -\ Daten/Cloud/Projekte/Apps/Plattformuebergreifend/AhoiBrowser/apps/AhoiMobile -experimental-emit-module-separately -disable-cmo

SwiftExplicitDependencyGeneratePcm arm64 /tmp/ahoi-mobile-4113c14-ipad-derived/Build/Intermediates.noindex/SwiftExplicitPrecompiledModules/XCUIAutomation-3Z8MIQHEMI00U5NJJW7V3G9M.pcm

SwiftExplicitDependencyCompileModuleFromInterface arm64 /tmp/ahoi-mobile-4113c14-ipad-derived/Build/Intermediates.noindex/SwiftExplicitPrecompiledModules/XCUIAutomation-1K1ZCVMHWU79E.swiftmodule

SwiftExplicitDependencyGeneratePcm arm64 /tmp/ahoi-mobile-4113c14-ipad-derived/Build/Intermediates.noindex/SwiftExplicitPrecompiledModules/XCTest-8TJQBJHZFNPIVJ8FY5AVJED9F.pcm

SwiftExplicitDependencyCompileModuleFromInterface arm64 /tmp/ahoi-mobile-4113c14-ipad-derived/Build/Intermediates.noindex/SwiftExplicitPrecompiledModules/XCTest-2DDLAKAWH0E4B.swiftmodule

SwiftEmitModule normal arm64 Emitting\ module\ for\ AhoiMobileCoreTests (in target 'AhoiMobileCoreTests' from project 'AhoiMobile')

EmitSwiftModule normal arm64 (in target 'AhoiMobileCoreTests' from project 'AhoiMobile')
    cd /Volumes/Macintosh\ HD\ -\ Daten/Cloud/Projekte/Apps/Plattformuebergreifend/AhoiBrowser/apps/AhoiMobile
    

SwiftCompile normal arm64 Compiling\ CompanionProductRecordTests.swift /Volumes/Macintosh\ HD\ -\ Daten/Cloud/Projekte/Apps/Plattformuebergreifend/AhoiBrowser/apps/AhoiMobile/Tests/AhoiMobileCoreTests/CompanionProductRecordTests.swift (in target 'AhoiMobileCoreTests' from project 'AhoiMobile')

SwiftCompile normal arm64 /Volumes/Macintosh\ HD\ -\ Daten/Cloud/Projekte/Apps/Plattformuebergreifend/AhoiBrowser/apps/AhoiMobile/Tests/AhoiMobileCoreTests/CompanionProductRecordTests.swift (in target 'AhoiMobileCoreTests' from project 'AhoiMobile')
    cd /Volumes/Macintosh\ HD\ -\ Daten/Cloud/Projekte/Apps/Plattformuebergreifend/AhoiBrowser/apps/AhoiMobile
    

SwiftDriverJobDiscovery normal arm64 Emitting module for AhoiMobileCoreTests (in target 'AhoiMobileCoreTests' from project 'AhoiMobile')

SwiftDriver\ Compilation\ Requirements AhoiMobileCoreTests normal arm64 com.apple.xcode.tools.swift.compiler (in target 'AhoiMobileCoreTests' from project 'AhoiMobile')
    cd /Volumes/Macintosh\ HD\ -\ Daten/Cloud/Projekte/Apps/Plattformuebergreifend/AhoiBrowser/apps/AhoiMobile
    builtin-Swift-Compilation-Requirements -- /Applications/Xcode.app/Contents/Developer/Toolchains/XcodeDefault.xctoolchain/usr/bin/swiftc -module-name AhoiMobileCoreTests -Onone @/tmp/ahoi-mobile-4113c14-ipad-derived/Build/Intermediates.noindex/AhoiMobile.build/DebugLocal-iphonesimulator/AhoiMobileCoreTests.build/Objects-normal/arm64/AhoiMobileCoreTests.SwiftFileList -DDEBUG -plugin-path /Applications/Xcode.app/Contents/Developer/Toolchains/XcodeDefault.xctoolchain/usr/lib/swift/host/plugins/testing -enable-experimental-feature DebugDescriptionMacro -sdk /Applications/Xcode.app/Contents/Developer/Platforms/iPhoneSimulator.platform/Developer/SDKs/iPhoneSimulator26.5.sdk -target arm64-apple-ios26.0-simulator -g -module-cache-path /tmp/ahoi-mobile-4113c14-ipad-derived/ModuleCache.noindex -Xfrontend -serialize-debugging-options -enable-testing -index-store-path /tmp/ahoi-mobile-4113c14-ipad-derived/Index.noindex/DataStore -Xcc -D_LIBCPP_HARDENING_MODE\=_LIBCPP_HARDENING_MODE_DEBUG -swift-version 6 -I /tmp/ahoi-mobile-4113c14-ipad-derived/Build/Products/DebugLocal-iphonesimulator -Isystem /Applications/Xcode.app/Contents/Developer/Platforms/iPhoneSimulator.platform/Developer/usr/lib -F /tmp/ahoi-mobile-4113c14-ipad-derived/Build/Products/DebugLocal-iphonesimulator/PackageFrameworks -F /tmp/ahoi-mobile-4113c14-ipad-derived/Build/Products/DebugLocal-iphonesimulator -F /Applications/Xcode.app/Contents/Developer/Platforms/iPhoneSimulator.platform/Developer/Library/Frameworks -F /Applications/Xcode.app/Contents/Developer/Platforms/iPhoneSimulator.platform/Developer/SDKs/iPhoneSimulator26.5.sdk/Developer/Library/Frameworks -c -j12 -enable-batch-mode -incremental -Xcc -ivfsstatcache -Xcc /tmp/ahoi-mobile-4113c14-ipad-derived/SDKStatCaches.noindex/iphonesimulator26.5-23F81a-688ef53f1462e2c8f657fdc38a81448f6cfe768891a92b912361537c460fe42b.sdkstatcache -output-file-map /tmp/ahoi-mobile-4113c14-ipad-derived/Build/Intermediates.noindex/AhoiMobile.build/DebugLocal-iphonesimulator/AhoiMobileCoreTests.build/Objects-normal/arm64/AhoiMobileCoreTests-OutputFileMap.json -use-frontend-parseable-output -save-temps -no-color-diagnostics -explicit-module-build -module-cache-path /tmp/ahoi-mobile-4113c14-ipad-derived/Build/Intermediates.noindex/SwiftExplicitPrecompiledModules -clang-scanner-module-cache-path /tmp/ahoi-mobile-4113c14-ipad-derived/ModuleCache.noindex -sdk-module-cache-path /tmp/ahoi-mobile-4113c14-ipad-derived/ModuleCache.noindex -serialize-diagnostics -emit-dependencies -emit-module -emit-module-path /tmp/ahoi-mobile-4113c14-ipad-derived/Build/Intermediates.noindex/AhoiMobile.build/DebugLocal-iphonesimulator/AhoiMobileCoreTests.build/Objects-normal/arm64/AhoiMobileCoreTests.swiftmodule -validate-clang-modules-once -clang-build-session-file /tmp/ahoi-mobile-4113c14-ipad-derived/ModuleCache.noindex/Session.modulevalidation -Xcc -I/tmp/ahoi-mobile-4113c14-ipad-derived/Build/Intermediates.noindex/AhoiMobile.build/DebugLocal-iphonesimulator/AhoiMobileCoreTests.build/swift-overrides.hmap -emit-const-values -Xfrontend -const-gather-protocols-file -Xfrontend /tmp/ahoi-mobile-4113c14-ipad-derived/Build/Intermediates.noindex/AhoiMobile.build/DebugLocal-iphonesimulator/AhoiMobileCoreTests.build/Objects-normal/arm64/AhoiMobileCoreTests_const_extract_protocols.json -Xcc -iquote -Xcc /tmp/ahoi-mobile-4113c14-ipad-derived/Build/Intermediates.noindex/AhoiMobile.build/DebugLocal-iphonesimulator/AhoiMobileCoreTests.build/AhoiMobileCoreTests-generated-files.hmap -Xcc -I/tmp/ahoi-mobile-4113c14-ipad-derived/Build/Intermediates.noindex/AhoiMobile.build/DebugLocal-iphonesimulator/AhoiMobileCoreTests.build/AhoiMobileCoreTests-own-target-headers.hmap -Xcc -I/tmp/ahoi-mobile-4113c14-ipad-derived/Build/Intermediates.noindex/AhoiMobile.build/DebugLocal-iphonesimulator/AhoiMobileCoreTests.build/AhoiMobileCoreTests-all-non-framework-target-headers.hmap -Xcc -ivfsoverlay -Xcc /tmp/ahoi-mobile-4113c14-ipad-derived/Build/Intermediates.noindex/AhoiMobile.build/DebugLocal-iphonesimulator/AhoiMobile-a44a3a976db28ace36eae5fb72a0335b-VFS-iphonesimulator/all-product-headers.yaml -Xcc -iquote -Xcc /tmp/ahoi-mobile-4113c14-ipad-derived/Build/Intermediates.noindex/AhoiMobile.build/DebugLocal-iphonesimulator/AhoiMobileCoreTests.build/AhoiMobileCoreTests-project-headers.hmap -Xcc -I/tmp/ahoi-mobile-4113c14-ipad-derived/Build/Products/DebugLocal-iphonesimulator/include -Xcc -I/tmp/ahoi-mobile-4113c14-ipad-derived/Build/Intermediates.noindex/AhoiMobile.build/DebugLocal-iphonesimulator/AhoiMobileCoreTests.build/DerivedSources-normal/arm64 -Xcc -I/tmp/ahoi-mobile-4113c14-ipad-derived/Build/Intermediates.noindex/AhoiMobile.build/DebugLocal-iphonesimulator/AhoiMobileCoreTests.build/DerivedSources/arm64 -Xcc -I/tmp/ahoi-mobile-4113c14-ipad-derived/Build/Intermediates.noindex/AhoiMobile.build/DebugLocal-iphonesimulator/AhoiMobileCoreTests.build/DerivedSources -Xcc -DDEBUG\=1 -emit-objc-header -emit-objc-header-path /tmp/ahoi-mobile-4113c14-ipad-derived/Build/Intermediates.noindex/AhoiMobile.build/DebugLocal-iphonesimulator/AhoiMobileCoreTests.build/Objects-normal/arm64/AhoiMobileCoreTests-Swift.h -working-directory /Volumes/Macintosh\ HD\ -\ Daten/Cloud/Projekte/Apps/Plattformuebergreifend/AhoiBrowser/apps/AhoiMobile -experimental-emit-module-separately -disable-cmo

SwiftDriverJobDiscovery normal arm64 Compiling MobileBrowserController.swift, MobileBrowserControllerFailures.swift, MobileBrowserControllerUITesting.swift, MobileBrowserControllerVisualMetadata.swift, MobileBrowserControllerWebPageLifecycle.swift, MobileBrowserHistoryView.swift (in target 'AhoiMobileCore' from project 'AhoiMobile')

SwiftCompile normal arm64 Compiling\ MobileBrowserCoreTests.swift /Volumes/Macintosh\ HD\ -\ Daten/Cloud/Projekte/Apps/Plattformuebergreifend/AhoiBrowser/apps/AhoiMobile/Tests/AhoiMobileCoreTests/MobileBrowserCoreTests.swift (in target 'AhoiMobileCoreTests' from project 'AhoiMobile')

SwiftCompile normal arm64 /Volumes/Macintosh\ HD\ -\ Daten/Cloud/Projekte/Apps/Plattformuebergreifend/AhoiBrowser/apps/AhoiMobile/Tests/AhoiMobileCoreTests/MobileBrowserCoreTests.swift (in target 'AhoiMobileCoreTests' from project 'AhoiMobile')
    cd /Volumes/Macintosh\ HD\ -\ Daten/Cloud/Projekte/Apps/Plattformuebergreifend/AhoiBrowser/apps/AhoiMobile
    

SwiftCompile normal arm64 Compiling\ CompanionCoreTests.swift /Volumes/Macintosh\ HD\ -\ Daten/Cloud/Projekte/Apps/Plattformuebergreifend/AhoiBrowser/apps/AhoiMobile/Tests/AhoiMobileCoreTests/CompanionCoreTests.swift (in target 'AhoiMobileCoreTests' from project 'AhoiMobile')

SwiftCompile normal arm64 /Volumes/Macintosh\ HD\ -\ Daten/Cloud/Projekte/Apps/Plattformuebergreifend/AhoiBrowser/apps/AhoiMobile/Tests/AhoiMobileCoreTests/CompanionCoreTests.swift (in target 'AhoiMobileCoreTests' from project 'AhoiMobile')
    cd /Volumes/Macintosh\ HD\ -\ Daten/Cloud/Projekte/Apps/Plattformuebergreifend/AhoiBrowser/apps/AhoiMobile
    
/Volumes/Macintosh HD - Daten/Cloud/Projekte/Apps/Plattformuebergreifend/AhoiBrowser/apps/AhoiMobile/Tests/AhoiMobileCoreTests/CompanionCoreTests.swift:578:25: warning: result of call to 'quarantine(recordID:reason:)' is unused
        try await first.quarantine(recordID: recordID, reason: "bad payload: https://secret")
                        ^         ~~~~~~~~~~~~~~~~~~~~~~~~~~~~~~~~~~~~~~~~~~~~~~~~~~~~~~~~~~~

SwiftDriverJobDiscovery normal arm64 Compiling InMemoryCloudSyncBackend.swift, KeychainCompanionPayloadSealer.swift, LocalFirstRepositoryHistory.swift, MobileAddressCommandSheet.swift, MobileBrowserActionsSheet.swift, MobileBrowserChromeTheme.swift (in target 'AhoiMobileCore' from project 'AhoiMobile')

SwiftMergeGeneratedHeaders /tmp/ahoi-mobile-4113c14-ipad-derived/Build/Intermediates.noindex/AhoiMobile.build/DebugLocal-iphonesimulator/AhoiMobileCoreTests.build/DerivedSources/AhoiMobileCoreTests-Swift.h /tmp/ahoi-mobile-4113c14-ipad-derived/Build/Intermediates.noindex/AhoiMobile.build/DebugLocal-iphonesimulator/AhoiMobileCoreTests.build/Objects-normal/arm64/AhoiMobileCoreTests-Swift.h (in target 'AhoiMobileCoreTests' from project 'AhoiMobile')
    cd /Volumes/Macintosh\ HD\ -\ Daten/Cloud/Projekte/Apps/Plattformuebergreifend/AhoiBrowser/apps/AhoiMobile
    builtin-swiftHeaderTool -arch arm64 /tmp/ahoi-mobile-4113c14-ipad-derived/Build/Intermediates.noindex/AhoiMobile.build/DebugLocal-iphonesimulator/AhoiMobileCoreTests.build/Objects-normal/arm64/AhoiMobileCoreTests-Swift.h -o /tmp/ahoi-mobile-4113c14-ipad-derived/Build/Intermediates.noindex/AhoiMobile.build/DebugLocal-iphonesimulator/AhoiMobileCoreTests.build/DerivedSources/AhoiMobileCoreTests-Swift.h

Copy /tmp/ahoi-mobile-4113c14-ipad-derived/Build/Products/DebugLocal-iphonesimulator/AhoiMobileCoreTests.swiftmodule/arm64-apple-ios-simulator.swiftmodule /tmp/ahoi-mobile-4113c14-ipad-derived/Build/Intermediates.noindex/AhoiMobile.build/DebugLocal-iphonesimulator/AhoiMobileCoreTests.build/Objects-normal/arm64/AhoiMobileCoreTests.swiftmodule (in target 'AhoiMobileCoreTests' from project 'AhoiMobile')
    cd /Volumes/Macintosh\ HD\ -\ Daten/Cloud/Projekte/Apps/Plattformuebergreifend/AhoiBrowser/apps/AhoiMobile
    builtin-copy -exclude .DS_Store -exclude CVS -exclude .svn -exclude .git -exclude .hg -resolve-src-symlinks -rename /tmp/ahoi-mobile-4113c14-ipad-derived/Build/Intermediates.noindex/AhoiMobile.build/DebugLocal-iphonesimulator/AhoiMobileCoreTests.build/Objects-normal/arm64/AhoiMobileCoreTests.swiftmodule /tmp/ahoi-mobile-4113c14-ipad-derived/Build/Products/DebugLocal-iphonesimulator/AhoiMobileCoreTests.swiftmodule/arm64-apple-ios-simulator.swiftmodule

Copy /tmp/ahoi-mobile-4113c14-ipad-derived/Build/Products/DebugLocal-iphonesimulator/AhoiMobileCoreTests.swiftmodule/arm64-apple-ios-simulator.swiftdoc /tmp/ahoi-mobile-4113c14-ipad-derived/Build/Intermediates.noindex/AhoiMobile.build/DebugLocal-iphonesimulator/AhoiMobileCoreTests.build/Objects-normal/arm64/AhoiMobileCoreTests.swiftdoc (in target 'AhoiMobileCoreTests' from project 'AhoiMobile')
    cd /Volumes/Macintosh\ HD\ -\ Daten/Cloud/Projekte/Apps/Plattformuebergreifend/AhoiBrowser/apps/AhoiMobile
    builtin-copy -exclude .DS_Store -exclude CVS -exclude .svn -exclude .git -exclude .hg -resolve-src-symlinks -rename /tmp/ahoi-mobile-4113c14-ipad-derived/Build/Intermediates.noindex/AhoiMobile.build/DebugLocal-iphonesimulator/AhoiMobileCoreTests.build/Objects-normal/arm64/AhoiMobileCoreTests.swiftdoc /tmp/ahoi-mobile-4113c14-ipad-derived/Build/Products/DebugLocal-iphonesimulator/AhoiMobileCoreTests.swiftmodule/arm64-apple-ios-simulator.swiftdoc

Copy /tmp/ahoi-mobile-4113c14-ipad-derived/Build/Products/DebugLocal-iphonesimulator/AhoiMobileCoreTests.swiftmodule/arm64-apple-ios-simulator.abi.json /tmp/ahoi-mobile-4113c14-ipad-derived/Build/Intermediates.noindex/AhoiMobile.build/DebugLocal-iphonesimulator/AhoiMobileCoreTests.build/Objects-normal/arm64/AhoiMobileCoreTests.abi.json (in target 'AhoiMobileCoreTests' from project 'AhoiMobile')
    cd /Volumes/Macintosh\ HD\ -\ Daten/Cloud/Projekte/Apps/Plattformuebergreifend/AhoiBrowser/apps/AhoiMobile
    builtin-copy -exclude .DS_Store -exclude CVS -exclude .svn -exclude .git -exclude .hg -resolve-src-symlinks -rename /tmp/ahoi-mobile-4113c14-ipad-derived/Build/Intermediates.noindex/AhoiMobile.build/DebugLocal-iphonesimulator/AhoiMobileCoreTests.build/Objects-normal/arm64/AhoiMobileCoreTests.abi.json /tmp/ahoi-mobile-4113c14-ipad-derived/Build/Products/DebugLocal-iphonesimulator/AhoiMobileCoreTests.swiftmodule/arm64-apple-ios-simulator.abi.json

Copy /tmp/ahoi-mobile-4113c14-ipad-derived/Build/Products/DebugLocal-iphonesimulator/AhoiMobileCoreTests.swiftmodule/Project/arm64-apple-ios-simulator.swiftsourceinfo /tmp/ahoi-mobile-4113c14-ipad-derived/Build/Intermediates.noindex/AhoiMobile.build/DebugLocal-iphonesimulator/AhoiMobileCoreTests.build/Objects-normal/arm64/AhoiMobileCoreTests.swiftsourceinfo (in target 'AhoiMobileCoreTests' from project 'AhoiMobile')
    cd /Volumes/Macintosh\ HD\ -\ Daten/Cloud/Projekte/Apps/Plattformuebergreifend/AhoiBrowser/apps/AhoiMobile
    builtin-copy -exclude .DS_Store -exclude CVS -exclude .svn -exclude .git -exclude .hg -resolve-src-symlinks -rename /tmp/ahoi-mobile-4113c14-ipad-derived/Build/Intermediates.noindex/AhoiMobile.build/DebugLocal-iphonesimulator/AhoiMobileCoreTests.build/Objects-normal/arm64/AhoiMobileCoreTests.swiftsourceinfo /tmp/ahoi-mobile-4113c14-ipad-derived/Build/Products/DebugLocal-iphonesimulator/AhoiMobileCoreTests.swiftmodule/Project/arm64-apple-ios-simulator.swiftsourceinfo

SwiftCompile normal arm64 Compiling\ CompanionKeyRotationTests.swift /Volumes/Macintosh\ HD\ -\ Daten/Cloud/Projekte/Apps/Plattformuebergreifend/AhoiBrowser/apps/AhoiMobile/Tests/AhoiMobileCoreTests/CompanionKeyRotationTests.swift (in target 'AhoiMobileCoreTests' from project 'AhoiMobile')

SwiftCompile normal arm64 /Volumes/Macintosh\ HD\ -\ Daten/Cloud/Projekte/Apps/Plattformuebergreifend/AhoiBrowser/apps/AhoiMobile/Tests/AhoiMobileCoreTests/CompanionKeyRotationTests.swift (in target 'AhoiMobileCoreTests' from project 'AhoiMobile')
    cd /Volumes/Macintosh\ HD\ -\ Daten/Cloud/Projekte/Apps/Plattformuebergreifend/AhoiBrowser/apps/AhoiMobile
    
/Volumes/Macintosh HD - Daten/Cloud/Projekte/Apps/Plattformuebergreifend/AhoiBrowser/apps/AhoiMobile/Tests/AhoiMobileCoreTests/CompanionKeyRotationTests.swift:103:31: warning: no calls to throwing functions occur within 'try' expression
        let interruptedPlan = try await journal.loadRotationPlan()
                              ^
/Volumes/Macintosh HD - Daten/Cloud/Projekte/Apps/Plattformuebergreifend/AhoiBrowser/apps/AhoiMobile/Tests/AhoiMobileCoreTests/CompanionKeyRotationTests.swift:205:26: warning: no calls to throwing functions occur within 'try' expression
        let storedPlan = try await journal.loadRotationPlan()
                         ^

SwiftDriverJobDiscovery normal arm64 Compiling MobilePageFailurePresentation.swift, MobilePrivateSceneShield.swift, MobileStorageMigrator.swift, MobileStoragePreparation.swift, MobileTabSwitcherSheet.swift, MobileWebDialogHost.swift (in target 'AhoiMobileCore' from project 'AhoiMobile')

SwiftCompile normal arm64 Compiling\ CompanionConvergenceTests.swift /Volumes/Macintosh\ HD\ -\ Daten/Cloud/Projekte/Apps/Plattformuebergreifend/AhoiBrowser/apps/AhoiMobile/Tests/AhoiMobileCoreTests/CompanionConvergenceTests.swift (in target 'AhoiMobileCoreTests' from project 'AhoiMobile')

SwiftCompile normal arm64 /Volumes/Macintosh\ HD\ -\ Daten/Cloud/Projekte/Apps/Plattformuebergreifend/AhoiBrowser/apps/AhoiMobile/Tests/AhoiMobileCoreTests/CompanionConvergenceTests.swift (in target 'AhoiMobileCoreTests' from project 'AhoiMobile')
    cd /Volumes/Macintosh\ HD\ -\ Daten/Cloud/Projekte/Apps/Plattformuebergreifend/AhoiBrowser/apps/AhoiMobile
    

SwiftDriverJobDiscovery normal arm64 Compiling CloudKitSyncProvider+Quarantine.swift, CloudKitSyncProvider+Synchronization.swift, CloudKitSyncProvider+Transport.swift, CloudKitSyncProvider.swift, CloudKitSystemFieldsStore.swift, CompanionAppModel.swift, CompanionAppModelRemoteCommands.swift (in target 'AhoiMobileCore' from project 'AhoiMobile')

SwiftCompile normal arm64 Compiling\ CloudKitSyncProviderPersistenceFailureTests.swift /Volumes/Macintosh\ HD\ -\ Daten/Cloud/Projekte/Apps/Plattformuebergreifend/AhoiBrowser/apps/AhoiMobile/Tests/AhoiMobileCoreTests/CloudKitSyncProviderPersistenceFailureTests.swift (in target 'AhoiMobileCoreTests' from project 'AhoiMobile')

SwiftCompile normal arm64 /Volumes/Macintosh\ HD\ -\ Daten/Cloud/Projekte/Apps/Plattformuebergreifend/AhoiBrowser/apps/AhoiMobile/Tests/AhoiMobileCoreTests/CloudKitSyncProviderPersistenceFailureTests.swift (in target 'AhoiMobileCoreTests' from project 'AhoiMobile')
    cd /Volumes/Macintosh\ HD\ -\ Daten/Cloud/Projekte/Apps/Plattformuebergreifend/AhoiBrowser/apps/AhoiMobile
    

SwiftDriverJobDiscovery normal arm64 Compiling CompanionProductRecordTests.swift (in target 'AhoiMobileCoreTests' from project 'AhoiMobile')

SwiftDriverJobDiscovery normal arm64 Compiling MobileWebDialogPresenter.swift, MobileWebPageView.swift, MobileWorkspaceIconPolicy.swift, RemoteCommandSigner.swift, SyncQuarantineStore.swift, SyncRecordStore.swift (in target 'AhoiMobileCore' from project 'AhoiMobile')

SwiftCompile normal arm64 Compiling\ MobileBrowserPresentationTests.swift /Volumes/Macintosh\ HD\ -\ Daten/Cloud/Projekte/Apps/Plattformuebergreifend/AhoiBrowser/apps/AhoiMobile/Tests/AhoiMobileCoreTests/MobileBrowserPresentationTests.swift (in target 'AhoiMobileCoreTests' from project 'AhoiMobile')

SwiftCompile normal arm64 /Volumes/Macintosh\ HD\ -\ Daten/Cloud/Projekte/Apps/Plattformuebergreifend/AhoiBrowser/apps/AhoiMobile/Tests/AhoiMobileCoreTests/MobileBrowserPresentationTests.swift (in target 'AhoiMobileCoreTests' from project 'AhoiMobile')
    cd /Volumes/Macintosh\ HD\ -\ Daten/Cloud/Projekte/Apps/Plattformuebergreifend/AhoiBrowser/apps/AhoiMobile
    

SwiftCompile normal arm64 Compiling\ CompanionCryptographyTests.swift /Volumes/Macintosh\ HD\ -\ Daten/Cloud/Projekte/Apps/Plattformuebergreifend/AhoiBrowser/apps/AhoiMobile/Tests/AhoiMobileCoreTests/CompanionCryptographyTests.swift (in target 'AhoiMobileCoreTests' from project 'AhoiMobile')

SwiftCompile normal arm64 /Volumes/Macintosh\ HD\ -\ Daten/Cloud/Projekte/Apps/Plattformuebergreifend/AhoiBrowser/apps/AhoiMobile/Tests/AhoiMobileCoreTests/CompanionCryptographyTests.swift (in target 'AhoiMobileCoreTests' from project 'AhoiMobile')
    cd /Volumes/Macintosh\ HD\ -\ Daten/Cloud/Projekte/Apps/Plattformuebergreifend/AhoiBrowser/apps/AhoiMobile
    

SwiftDriverJobDiscovery normal arm64 Compiling CloudKitSyncProviderPersistenceFailureTests.swift (in target 'AhoiMobileCoreTests' from project 'AhoiMobile')

SwiftCompile normal arm64 Compiling\ CompanionSyncPreferenceTests.swift /Volumes/Macintosh\ HD\ -\ Daten/Cloud/Projekte/Apps/Plattformuebergreifend/AhoiBrowser/apps/AhoiMobile/Tests/AhoiMobileCoreTests/CompanionSyncPreferenceTests.swift (in target 'AhoiMobileCoreTests' from project 'AhoiMobile')

SwiftCompile normal arm64 /Volumes/Macintosh\ HD\ -\ Daten/Cloud/Projekte/Apps/Plattformuebergreifend/AhoiBrowser/apps/AhoiMobile/Tests/AhoiMobileCoreTests/CompanionSyncPreferenceTests.swift (in target 'AhoiMobileCoreTests' from project 'AhoiMobile')
    cd /Volumes/Macintosh\ HD\ -\ Daten/Cloud/Projekte/Apps/Plattformuebergreifend/AhoiBrowser/apps/AhoiMobile
    

SwiftDriverJobDiscovery normal arm64 Compiling MobileBrowserModels.swift, MobileBrowserPolicies.swift, MobileBrowserPreferences.swift, MobileBrowserSessionSaveCoordinator.swift, MobileBrowserSidebar.swift, MobileChromeVisibilityPolicy.swift (in target 'AhoiMobileCore' from project 'AhoiMobile')

SwiftCompile normal arm64 Compiling\ CloudKitKeyRotationAdapterTests.swift /Volumes/Macintosh\ HD\ -\ Daten/Cloud/Projekte/Apps/Plattformuebergreifend/AhoiBrowser/apps/AhoiMobile/Tests/AhoiMobileCoreTests/CloudKitKeyRotationAdapterTests.swift (in target 'AhoiMobileCoreTests' from project 'AhoiMobile')

SwiftCompile normal arm64 /Volumes/Macintosh\ HD\ -\ Daten/Cloud/Projekte/Apps/Plattformuebergreifend/AhoiBrowser/apps/AhoiMobile/Tests/AhoiMobileCoreTests/CloudKitKeyRotationAdapterTests.swift (in target 'AhoiMobileCoreTests' from project 'AhoiMobile')
    cd /Volumes/Macintosh\ HD\ -\ Daten/Cloud/Projekte/Apps/Plattformuebergreifend/AhoiBrowser/apps/AhoiMobile
    

SwiftDriverJobDiscovery normal arm64 Compiling MobileDownloadsSheet.swift, MobileFocusVoyageContent.swift, MobileFocusVoyageView.swift, MobileHarborDeckView.swift, MobileLinkActionSheet.swift, MobileLinkInteractionCoordinator.swift (in target 'AhoiMobileCore' from project 'AhoiMobile')

SwiftCompile normal arm64 Compiling\ CompanionKeyLifecycleTests.swift /Volumes/Macintosh\ HD\ -\ Daten/Cloud/Projekte/Apps/Plattformuebergreifend/AhoiBrowser/apps/AhoiMobile/Tests/AhoiMobileCoreTests/CompanionKeyLifecycleTests.swift (in target 'AhoiMobileCoreTests' from project 'AhoiMobile')

SwiftCompile normal arm64 /Volumes/Macintosh\ HD\ -\ Daten/Cloud/Projekte/Apps/Plattformuebergreifend/AhoiBrowser/apps/AhoiMobile/Tests/AhoiMobileCoreTests/CompanionKeyLifecycleTests.swift (in target 'AhoiMobileCoreTests' from project 'AhoiMobile')
    cd /Volumes/Macintosh\ HD\ -\ Daten/Cloud/Projekte/Apps/Plattformuebergreifend/AhoiBrowser/apps/AhoiMobile
    

SwiftDriverJobDiscovery normal arm64 Compiling CompanionConvergenceTests.swift (in target 'AhoiMobileCoreTests' from project 'AhoiMobile')

SwiftCompile normal arm64 Compiling\ CompanionDeviceRevocationTests.swift /Volumes/Macintosh\ HD\ -\ Daten/Cloud/Projekte/Apps/Plattformuebergreifend/AhoiBrowser/apps/AhoiMobile/Tests/AhoiMobileCoreTests/CompanionDeviceRevocationTests.swift (in target 'AhoiMobileCoreTests' from project 'AhoiMobile')

SwiftCompile normal arm64 /Volumes/Macintosh\ HD\ -\ Daten/Cloud/Projekte/Apps/Plattformuebergreifend/AhoiBrowser/apps/AhoiMobile/Tests/AhoiMobileCoreTests/CompanionDeviceRevocationTests.swift (in target 'AhoiMobileCoreTests' from project 'AhoiMobile')
    cd /Volumes/Macintosh\ HD\ -\ Daten/Cloud/Projekte/Apps/Plattformuebergreifend/AhoiBrowser/apps/AhoiMobile
    

SwiftDriverJobDiscovery normal arm64 Compiling MobileBrowserCoreTests.swift (in target 'AhoiMobileCoreTests' from project 'AhoiMobile')

SwiftDriverJobDiscovery normal arm64 Compiling CompanionCryptographyTests.swift (in target 'AhoiMobileCoreTests' from project 'AhoiMobile')

SwiftDriverJobDiscovery normal arm64 Compiling CompanionKeyRotationTests.swift (in target 'AhoiMobileCoreTests' from project 'AhoiMobile')

SwiftDriverJobDiscovery normal arm64 Compiling CompanionSyncPreferenceTests.swift (in target 'AhoiMobileCoreTests' from project 'AhoiMobile')

SwiftDriverJobDiscovery normal arm64 Compiling CloudKitKeyRotationAdapterTests.swift (in target 'AhoiMobileCoreTests' from project 'AhoiMobile')

SwiftDriverJobDiscovery normal arm64 Compiling MobileBrowserPresentationTests.swift (in target 'AhoiMobileCoreTests' from project 'AhoiMobile')

SwiftDriverJobDiscovery normal arm64 Compiling CompanionReadModelFieldMerge.swift, CompanionRemoteTabRow.swift, CompanionSearchIndex.swift, CompanionSendLinkView.swift, CompanionSettingsView.swift, CompanionSnapshot.swift, CompanionSnapshotCodable.swift (in target 'AhoiMobileCore' from project 'AhoiMobile')

SwiftDriverJobDiscovery normal arm64 Compiling CompanionAppModelSyncLifecycle.swift, CompanionCloudKitKeyRotationBootstrap.swift, CompanionDeviceRevocation.swift, CompanionFieldMerge.swift, CompanionImportBatch.swift, CompanionKeyLifecycle.swift, CompanionKeyRotation.swift (in target 'AhoiMobileCore' from project 'AhoiMobile')

SwiftDriverJobDiscovery normal arm64 Compiling CompanionDeviceRevocationTests.swift (in target 'AhoiMobileCoreTests' from project 'AhoiMobile')

SwiftDriverJobDiscovery normal arm64 Compiling CompanionKeyLifecycleTests.swift (in target 'AhoiMobileCoreTests' from project 'AhoiMobile')

SwiftDriverJobDiscovery normal arm64 Compiling CompanionCoreTests.swift (in target 'AhoiMobileCoreTests' from project 'AhoiMobile')

SwiftDriver\ Compilation AhoiMobileCoreTests normal arm64 com.apple.xcode.tools.swift.compiler (in target 'AhoiMobileCoreTests' from project 'AhoiMobile')
    cd /Volumes/Macintosh\ HD\ -\ Daten/Cloud/Projekte/Apps/Plattformuebergreifend/AhoiBrowser/apps/AhoiMobile
    builtin-Swift-Compilation -- /Applications/Xcode.app/Contents/Developer/Toolchains/XcodeDefault.xctoolchain/usr/bin/swiftc -module-name AhoiMobileCoreTests -Onone @/tmp/ahoi-mobile-4113c14-ipad-derived/Build/Intermediates.noindex/AhoiMobile.build/DebugLocal-iphonesimulator/AhoiMobileCoreTests.build/Objects-normal/arm64/AhoiMobileCoreTests.SwiftFileList -DDEBUG -plugin-path /Applications/Xcode.app/Contents/Developer/Toolchains/XcodeDefault.xctoolchain/usr/lib/swift/host/plugins/testing -enable-experimental-feature DebugDescriptionMacro -sdk /Applications/Xcode.app/Contents/Developer/Platforms/iPhoneSimulator.platform/Developer/SDKs/iPhoneSimulator26.5.sdk -target arm64-apple-ios26.0-simulator -g -module-cache-path /tmp/ahoi-mobile-4113c14-ipad-derived/ModuleCache.noindex -Xfrontend -serialize-debugging-options -enable-testing -index-store-path /tmp/ahoi-mobile-4113c14-ipad-derived/Index.noindex/DataStore -Xcc -D_LIBCPP_HARDENING_MODE\=_LIBCPP_HARDENING_MODE_DEBUG -swift-version 6 -I /tmp/ahoi-mobile-4113c14-ipad-derived/Build/Products/DebugLocal-iphonesimulator -Isystem /Applications/Xcode.app/Contents/Developer/Platforms/iPhoneSimulator.platform/Developer/usr/lib -F /tmp/ahoi-mobile-4113c14-ipad-derived/Build/Products/DebugLocal-iphonesimulator/PackageFrameworks -F /tmp/ahoi-mobile-4113c14-ipad-derived/Build/Products/DebugLocal-iphonesimulator -F /Applications/Xcode.app/Contents/Developer/Platforms/iPhoneSimulator.platform/Developer/Library/Frameworks -F /Applications/Xcode.app/Contents/Developer/Platforms/iPhoneSimulator.platform/Developer/SDKs/iPhoneSimulator26.5.sdk/Developer/Library/Frameworks -c -j12 -enable-batch-mode -incremental -Xcc -ivfsstatcache -Xcc /tmp/ahoi-mobile-4113c14-ipad-derived/SDKStatCaches.noindex/iphonesimulator26.5-23F81a-688ef53f1462e2c8f657fdc38a81448f6cfe768891a92b912361537c460fe42b.sdkstatcache -output-file-map /tmp/ahoi-mobile-4113c14-ipad-derived/Build/Intermediates.noindex/AhoiMobile.build/DebugLocal-iphonesimulator/AhoiMobileCoreTests.build/Objects-normal/arm64/AhoiMobileCoreTests-OutputFileMap.json -use-frontend-parseable-output -save-temps -no-color-diagnostics -explicit-module-build -module-cache-path /tmp/ahoi-mobile-4113c14-ipad-derived/Build/Intermediates.noindex/SwiftExplicitPrecompiledModules -clang-scanner-module-cache-path /tmp/ahoi-mobile-4113c14-ipad-derived/ModuleCache.noindex -sdk-module-cache-path /tmp/ahoi-mobile-4113c14-ipad-derived/ModuleCache.noindex -serialize-diagnostics -emit-dependencies -emit-module -emit-module-path /tmp/ahoi-mobile-4113c14-ipad-derived/Build/Intermediates.noindex/AhoiMobile.build/DebugLocal-iphonesimulator/AhoiMobileCoreTests.build/Objects-normal/arm64/AhoiMobileCoreTests.swiftmodule -validate-clang-modules-once -clang-build-session-file /tmp/ahoi-mobile-4113c14-ipad-derived/ModuleCache.noindex/Session.modulevalidation -Xcc -I/tmp/ahoi-mobile-4113c14-ipad-derived/Build/Intermediates.noindex/AhoiMobile.build/DebugLocal-iphonesimulator/AhoiMobileCoreTests.build/swift-overrides.hmap -emit-const-values -Xfrontend -const-gather-protocols-file -Xfrontend /tmp/ahoi-mobile-4113c14-ipad-derived/Build/Intermediates.noindex/AhoiMobile.build/DebugLocal-iphonesimulator/AhoiMobileCoreTests.build/Objects-normal/arm64/AhoiMobileCoreTests_const_extract_protocols.json -Xcc -iquote -Xcc /tmp/ahoi-mobile-4113c14-ipad-derived/Build/Intermediates.noindex/AhoiMobile.build/DebugLocal-iphonesimulator/AhoiMobileCoreTests.build/AhoiMobileCoreTests-generated-files.hmap -Xcc -I/tmp/ahoi-mobile-4113c14-ipad-derived/Build/Intermediates.noindex/AhoiMobile.build/DebugLocal-iphonesimulator/AhoiMobileCoreTests.build/AhoiMobileCoreTests-own-target-headers.hmap -Xcc -I/tmp/ahoi-mobile-4113c14-ipad-derived/Build/Intermediates.noindex/AhoiMobile.build/DebugLocal-iphonesimulator/AhoiMobileCoreTests.build/AhoiMobileCoreTests-all-non-framework-target-headers.hmap -Xcc -ivfsoverlay -Xcc /tmp/ahoi-mobile-4113c14-ipad-derived/Build/Intermediates.noindex/AhoiMobile.build/DebugLocal-iphonesimulator/AhoiMobile-a44a3a976db28ace36eae5fb72a0335b-VFS-iphonesimulator/all-product-headers.yaml -Xcc -iquote -Xcc /tmp/ahoi-mobile-4113c14-ipad-derived/Build/Intermediates.noindex/AhoiMobile.build/DebugLocal-iphonesimulator/AhoiMobileCoreTests.build/AhoiMobileCoreTests-project-headers.hmap -Xcc -I/tmp/ahoi-mobile-4113c14-ipad-derived/Build/Products/DebugLocal-iphonesimulator/include -Xcc -I/tmp/ahoi-mobile-4113c14-ipad-derived/Build/Intermediates.noindex/AhoiMobile.build/DebugLocal-iphonesimulator/AhoiMobileCoreTests.build/DerivedSources-normal/arm64 -Xcc -I/tmp/ahoi-mobile-4113c14-ipad-derived/Build/Intermediates.noindex/AhoiMobile.build/DebugLocal-iphonesimulator/AhoiMobileCoreTests.build/DerivedSources/arm64 -Xcc -I/tmp/ahoi-mobile-4113c14-ipad-derived/Build/Intermediates.noindex/AhoiMobile.build/DebugLocal-iphonesimulator/AhoiMobileCoreTests.build/DerivedSources -Xcc -DDEBUG\=1 -emit-objc-header -emit-objc-header-path /tmp/ahoi-mobile-4113c14-ipad-derived/Build/Intermediates.noindex/AhoiMobile.build/DebugLocal-iphonesimulator/AhoiMobileCoreTests.build/Objects-normal/arm64/AhoiMobileCoreTests-Swift.h -working-directory /Volumes/Macintosh\ HD\ -\ Daten/Cloud/Projekte/Apps/Plattformuebergreifend/AhoiBrowser/apps/AhoiMobile -experimental-emit-module-separately -disable-cmo

SwiftDriverJobDiscovery normal arm64 Compiling AhoiMobileBrowserView.swift, CloudKitBootstrap.swift, CloudKitKeyBootstrapTransport.swift, CloudKitKeyRotationAdapter.swift, CloudKitSyncProvider+AccountSafety.swift, CloudKitSyncProvider+Delegate.swift, CloudKitSyncProvider+Lifecycle.swift (in target 'AhoiMobileCore' from project 'AhoiMobile')

SwiftDriverJobDiscovery normal arm64 Compiling CompanionStore.swift, CompanionSyncBridge.swift, CompanionSyncBridgeOutbound.swift, CompanionViews.swift, DesktopWirePayloadCodec.swift, DesktopWireProductPayloadCodec.swift (in target 'AhoiMobileCore' from project 'AhoiMobile')

SwiftDriver\ Compilation AhoiMobileCore normal arm64 com.apple.xcode.tools.swift.compiler (in target 'AhoiMobileCore' from project 'AhoiMobile')
    cd /Volumes/Macintosh\ HD\ -\ Daten/Cloud/Projekte/Apps/Plattformuebergreifend/AhoiBrowser/apps/AhoiMobile
    builtin-Swift-Compilation -- /Applications/Xcode.app/Contents/Developer/Toolchains/XcodeDefault.xctoolchain/usr/bin/swiftc -module-name AhoiMobileCore -Onone @/tmp/ahoi-mobile-4113c14-ipad-derived/Build/Intermediates.noindex/AhoiMobile.build/DebugLocal-iphonesimulator/AhoiMobileCore.build/Objects-normal/arm64/AhoiMobileCore.SwiftFileList -DDEBUG -enable-experimental-feature DebugDescriptionMacro -sdk /Applications/Xcode.app/Contents/Developer/Platforms/iPhoneSimulator.platform/Developer/SDKs/iPhoneSimulator26.5.sdk -target arm64-apple-ios26.0-simulator -g -module-cache-path /tmp/ahoi-mobile-4113c14-ipad-derived/ModuleCache.noindex -Xfrontend -serialize-debugging-options -enable-testing -index-store-path /tmp/ahoi-mobile-4113c14-ipad-derived/Index.noindex/DataStore -Xcc -D_LIBCPP_HARDENING_MODE\=_LIBCPP_HARDENING_MODE_DEBUG -swift-version 6 -I /tmp/ahoi-mobile-4113c14-ipad-derived/Build/Products/DebugLocal-iphonesimulator -F /tmp/ahoi-mobile-4113c14-ipad-derived/Build/Products/DebugLocal-iphonesimulator/PackageFrameworks -F /tmp/ahoi-mobile-4113c14-ipad-derived/Build/Products/DebugLocal-iphonesimulator -c -j12 -enable-batch-mode -incremental -Xcc -ivfsstatcache -Xcc /tmp/ahoi-mobile-4113c14-ipad-derived/SDKStatCaches.noindex/iphonesimulator26.5-23F81a-688ef53f1462e2c8f657fdc38a81448f6cfe768891a92b912361537c460fe42b.sdkstatcache -output-file-map /tmp/ahoi-mobile-4113c14-ipad-derived/Build/Intermediates.noindex/AhoiMobile.build/DebugLocal-iphonesimulator/AhoiMobileCore.build/Objects-normal/arm64/AhoiMobileCore-OutputFileMap.json -use-frontend-parseable-output -save-temps -no-color-diagnostics -explicit-module-build -module-cache-path /tmp/ahoi-mobile-4113c14-ipad-derived/Build/Intermediates.noindex/SwiftExplicitPrecompiledModules -clang-scanner-module-cache-path /tmp/ahoi-mobile-4113c14-ipad-derived/ModuleCache.noindex -sdk-module-cache-path /tmp/ahoi-mobile-4113c14-ipad-derived/ModuleCache.noindex -serialize-diagnostics -emit-dependencies -emit-module -emit-module-path /tmp/ahoi-mobile-4113c14-ipad-derived/Build/Intermediates.noindex/AhoiMobile.build/DebugLocal-iphonesimulator/AhoiMobileCore.build/Objects-normal/arm64/AhoiMobileCore.swiftmodule -validate-clang-modules-once -clang-build-session-file /tmp/ahoi-mobile-4113c14-ipad-derived/ModuleCache.noindex/Session.modulevalidation -Xcc -I/tmp/ahoi-mobile-4113c14-ipad-derived/Build/Intermediates.noindex/AhoiMobile.build/DebugLocal-iphonesimulator/AhoiMobileCore.build/swift-overrides.hmap -emit-const-values -Xfrontend -const-gather-protocols-file -Xfrontend /tmp/ahoi-mobile-4113c14-ipad-derived/Build/Intermediates.noindex/AhoiMobile.build/DebugLocal-iphonesimulator/AhoiMobileCore.build/Objects-normal/arm64/AhoiMobileCore_const_extract_protocols.json -Xcc -iquote -Xcc /tmp/ahoi-mobile-4113c14-ipad-derived/Build/Intermediates.noindex/AhoiMobile.build/DebugLocal-iphonesimulator/AhoiMobileCore.build/AhoiMobileCore-generated-files.hmap -Xcc -I/tmp/ahoi-mobile-4113c14-ipad-derived/Build/Intermediates.noindex/AhoiMobile.build/DebugLocal-iphonesimulator/AhoiMobileCore.build/AhoiMobileCore-own-target-headers.hmap -Xcc -I/tmp/ahoi-mobile-4113c14-ipad-derived/Build/Intermediates.noindex/AhoiMobile.build/DebugLocal-iphonesimulator/AhoiMobileCore.build/AhoiMobileCore-all-non-framework-target-headers.hmap -Xcc -ivfsoverlay -Xcc /tmp/ahoi-mobile-4113c14-ipad-derived/Build/Intermediates.noindex/AhoiMobile.build/DebugLocal-iphonesimulator/AhoiMobile-a44a3a976db28ace36eae5fb72a0335b-VFS-iphonesimulator/all-product-headers.yaml -Xcc -iquote -Xcc /tmp/ahoi-mobile-4113c14-ipad-derived/Build/Intermediates.noindex/AhoiMobile.build/DebugLocal-iphonesimulator/AhoiMobileCore.build/AhoiMobileCore-project-headers.hmap -Xcc -I/tmp/ahoi-mobile-4113c14-ipad-derived/Build/Products/DebugLocal-iphonesimulator/include -Xcc -I/tmp/ahoi-mobile-4113c14-ipad-derived/Build/Intermediates.noindex/AhoiMobile.build/DebugLocal-iphonesimulator/AhoiMobileCore.build/DerivedSources-normal/arm64 -Xcc -I/tmp/ahoi-mobile-4113c14-ipad-derived/Build/Intermediates.noindex/AhoiMobile.build/DebugLocal-iphonesimulator/AhoiMobileCore.build/DerivedSources/arm64 -Xcc -I/tmp/ahoi-mobile-4113c14-ipad-derived/Build/Intermediates.noindex/AhoiMobile.build/DebugLocal-iphonesimulator/AhoiMobileCore.build/DerivedSources -Xcc -DDEBUG\=1 -emit-objc-header -emit-objc-header-path /tmp/ahoi-mobile-4113c14-ipad-derived/Build/Intermediates.noindex/AhoiMobile.build/DebugLocal-iphonesimulator/AhoiMobileCore.build/Objects-normal/arm64/AhoiMobileCore-Swift.h -working-directory /Volumes/Macintosh\ HD\ -\ Daten/Cloud/Projekte/Apps/Plattformuebergreifend/AhoiBrowser/apps/AhoiMobile -experimental-emit-module-separately -disable-cmo

Ld /tmp/ahoi-mobile-4113c14-ipad-derived/Build/Products/DebugLocal-iphonesimulator/AhoiMobileCore.framework/AhoiMobileCore normal (in target 'AhoiMobileCore' from project 'AhoiMobile')
    cd /Volumes/Macintosh\ HD\ -\ Daten/Cloud/Projekte/Apps/Plattformuebergreifend/AhoiBrowser/apps/AhoiMobile
    /Applications/Xcode.app/Contents/Developer/Toolchains/XcodeDefault.xctoolchain/usr/bin/clang -Xlinker -reproducible -target arm64-apple-ios26.0-simulator -dynamiclib -isysroot /Applications/Xcode.app/Contents/Developer/Platforms/iPhoneSimulator.platform/Developer/SDKs/iPhoneSimulator26.5.sdk -O0 -L/tmp/ahoi-mobile-4113c14-ipad-derived/Build/Intermediates.noindex/EagerLinkingTBDs/DebugLocal-iphonesimulator -L/tmp/ahoi-mobile-4113c14-ipad-derived/Build/Products/DebugLocal-iphonesimulator -F/tmp/ahoi-mobile-4113c14-ipad-derived/Build/Intermediates.noindex/EagerLinkingTBDs/DebugLocal-iphonesimulator -F/tmp/ahoi-mobile-4113c14-ipad-derived/Build/Products/DebugLocal-iphonesimulator/PackageFrameworks -F/tmp/ahoi-mobile-4113c14-ipad-derived/Build/Products/DebugLocal-iphonesimulator -filelist /tmp/ahoi-mobile-4113c14-ipad-derived/Build/Intermediates.noindex/AhoiMobile.build/DebugLocal-iphonesimulator/AhoiMobileCore.build/Objects-normal/arm64/AhoiMobileCore.LinkFileList -install_name @rpath/AhoiMobileCore.framework/AhoiMobileCore -Xlinker -rpath -Xlinker @executable_path/Frameworks -Xlinker -dead_strip -Xlinker -object_path_lto -Xlinker /tmp/ahoi-mobile-4113c14-ipad-derived/Build/Intermediates.noindex/AhoiMobile.build/DebugLocal-iphonesimulator/AhoiMobileCore.build/Objects-normal/arm64/AhoiMobileCore_lto.o -rdynamic -Xlinker -no_deduplicate -Xlinker -objc_abi_version -Xlinker 2 -Xlinker -dependency_info -Xlinker /tmp/ahoi-mobile-4113c14-ipad-derived/Build/Intermediates.noindex/AhoiMobile.build/DebugLocal-iphonesimulator/AhoiMobileCore.build/Objects-normal/arm64/AhoiMobileCore_dependency_info.dat -fobjc-link-runtime -L/Applications/Xcode.app/Contents/Developer/Toolchains/XcodeDefault.xctoolchain/usr/lib/swift/iphonesimulator -L/usr/lib/swift -Xlinker -add_ast_path -Xlinker /tmp/ahoi-mobile-4113c14-ipad-derived/Build/Intermediates.noindex/AhoiMobile.build/DebugLocal-iphonesimulator/AhoiMobileCore.build/Objects-normal/arm64/AhoiMobileCore.swiftmodule @/tmp/ahoi-mobile-4113c14-ipad-derived/Build/Intermediates.noindex/AhoiMobile.build/DebugLocal-iphonesimulator/AhoiMobileCore.build/Objects-normal/arm64/AhoiMobileCore-linker-args.resp -Wl,-no_warn_duplicate_libraries /tmp/ahoi-mobile-4113c14-ipad-derived/Build/Products/DebugLocal-iphonesimulator/PackageFrameworks/AhoiCloudKitSpike_58C48334F00BB1AD_PackageProduct.framework/AhoiCloudKitSpike_58C48334F00BB1AD_PackageProduct -Xlinker -no_adhoc_codesign -compatibility_version 1 -current_version 1 -o /tmp/ahoi-mobile-4113c14-ipad-derived/Build/Products/DebugLocal-iphonesimulator/AhoiMobileCore.framework/AhoiMobileCore

ExtractAppIntentsMetadata (in target 'AhoiMobileCore' from project 'AhoiMobile')
    cd /Volumes/Macintosh\ HD\ -\ Daten/Cloud/Projekte/Apps/Plattformuebergreifend/AhoiBrowser/apps/AhoiMobile
    /Applications/Xcode.app/Contents/Developer/Toolchains/XcodeDefault.xctoolchain/usr/bin/appintentsmetadataprocessor --toolchain-dir /var/run/com.apple.security.cryptexd/mnt/com.apple.MobileAsset.MetalToolchain-v17.6.109.0.0k2cJr/Metal.xctoolchain --module-name AhoiMobileCore --sdk-root /Applications/Xcode.app/Contents/Developer/Platforms/iPhoneSimulator.platform/Developer/SDKs/iPhoneSimulator26.5.sdk --xcode-version 17F113 --platform-family iOS --deployment-target 26.0 --bundle-identifier app.ahoibrowser.AhoiBrowser.core --output /tmp/ahoi-mobile-4113c14-ipad-derived/Build/Products/DebugLocal-iphonesimulator/AhoiMobileCore.framework --target-triple arm64-apple-ios26.0-simulator --binary-file /tmp/ahoi-mobile-4113c14-ipad-derived/Build/Products/DebugLocal-iphonesimulator/AhoiMobileCore.framework/AhoiMobileCore --dependency-file /tmp/ahoi-mobile-4113c14-ipad-derived/Build/Intermediates.noindex/AhoiMobile.build/DebugLocal-iphonesimulator/AhoiMobileCore.build/Objects-normal/arm64/AhoiMobileCore_dependency_info.dat --stringsdata-file /tmp/ahoi-mobile-4113c14-ipad-derived/Build/Intermediates.noindex/AhoiMobile.build/DebugLocal-iphonesimulator/AhoiMobileCore.build/Objects-normal/arm64/ExtractedAppShortcutsMetadata.stringsdata --source-file-list /tmp/ahoi-mobile-4113c14-ipad-derived/Build/Intermediates.noindex/AhoiMobile.build/DebugLocal-iphonesimulator/AhoiMobileCore.build/Objects-normal/arm64/AhoiMobileCore.SwiftFileList --metadata-file-list /tmp/ahoi-mobile-4113c14-ipad-derived/Build/Intermediates.noindex/AhoiMobile.build/DebugLocal-iphonesimulator/AhoiMobileCore.build/AhoiMobileCore.DependencyMetadataFileList --static-metadata-file-list /tmp/ahoi-mobile-4113c14-ipad-derived/Build/Intermediates.noindex/AhoiMobile.build/DebugLocal-iphonesimulator/AhoiMobileCore.build/AhoiMobileCore.DependencyStaticMetadataFileList --swift-const-vals-list /tmp/ahoi-mobile-4113c14-ipad-derived/Build/Intermediates.noindex/AhoiMobile.build/DebugLocal-iphonesimulator/AhoiMobileCore.build/Objects-normal/arm64/AhoiMobileCore.SwiftConstValuesFileList --compile-time-extraction --deployment-aware-processing --validate-assistant-intents --no-app-shortcuts-localization
2026-08-30 19:29:27.764 appintentsmetadataprocessor[75949:143709862] Starting appintentsmetadataprocessor export
2026-08-30 19:29:27.767 appintentsmetadataprocessor[75949:143709862] warning: Metadata extraction skipped. No AppIntents.framework dependency found.

AppIntentsSSUTraining (in target 'AhoiMobileCore' from project 'AhoiMobile')
    cd /Volumes/Macintosh\ HD\ -\ Daten/Cloud/Projekte/Apps/Plattformuebergreifend/AhoiBrowser/apps/AhoiMobile
    /Applications/Xcode.app/Contents/Developer/Toolchains/XcodeDefault.xctoolchain/usr/bin/appintentsnltrainingprocessor --infoplist-path /tmp/ahoi-mobile-4113c14-ipad-derived/Build/Products/DebugLocal-iphonesimulator/AhoiMobileCore.framework/Info.plist --temp-dir-path /tmp/ahoi-mobile-4113c14-ipad-derived/Build/Intermediates.noindex/AhoiMobile.build/DebugLocal-iphonesimulator/AhoiMobileCore.build/ssu --bundle-id app.ahoibrowser.AhoiBrowser.core --product-path /tmp/ahoi-mobile-4113c14-ipad-derived/Build/Products/DebugLocal-iphonesimulator/AhoiMobileCore.framework --extracted-metadata-path /tmp/ahoi-mobile-4113c14-ipad-derived/Build/Products/DebugLocal-iphonesimulator/AhoiMobileCore.framework/Metadata.appintents --metadata-file-list /tmp/ahoi-mobile-4113c14-ipad-derived/Build/Intermediates.noindex/AhoiMobile.build/DebugLocal-iphonesimulator/AhoiMobileCore.build/AhoiMobileCore.DependencyMetadataFileList --source-file /tmp/ahoi-mobile-4113c14-ipad-derived/Build/Products/DebugLocal-iphonesimulator/AhoiMobileCore.framework/Info.plist --archive-ssu-assets
2026-08-30 19:29:27.795 appintentsnltrainingprocessor[75950:143709863] Parsing options for appintentsnltrainingprocessor
2026-08-30 19:29:27.796 appintentsnltrainingprocessor[75950:143709863] Starting AppIntents SSU YAML Generation
2026-08-30 19:29:27.796 appintentsnltrainingprocessor[75950:143709863] No AppShortcuts found - Skipping.

GenerateTAPI /tmp/ahoi-mobile-4113c14-ipad-derived/Build/Intermediates.noindex/EagerLinkingTBDs/DebugLocal-iphonesimulator/AhoiMobileCore.framework/AhoiMobileCore.tbd (in target 'AhoiMobileCore' from project 'AhoiMobile')
    cd /Volumes/Macintosh\ HD\ -\ Daten/Cloud/Projekte/Apps/Plattformuebergreifend/AhoiBrowser/apps/AhoiMobile
    /Applications/Xcode.app/Contents/Developer/Toolchains/XcodeDefault.xctoolchain/usr/bin/tapi stubify -isysroot /Applications/Xcode.app/Contents/Developer/Platforms/iPhoneSimulator.platform/Developer/SDKs/iPhoneSimulator26.5.sdk -F/tmp/ahoi-mobile-4113c14-ipad-derived/Build/Products/DebugLocal-iphonesimulator/PackageFrameworks -F/tmp/ahoi-mobile-4113c14-ipad-derived/Build/Products/DebugLocal-iphonesimulator -L/tmp/ahoi-mobile-4113c14-ipad-derived/Build/Products/DebugLocal-iphonesimulator /tmp/ahoi-mobile-4113c14-ipad-derived/Build/Products/DebugLocal-iphonesimulator/AhoiMobileCore.framework/AhoiMobileCore -o /tmp/ahoi-mobile-4113c14-ipad-derived/Build/Intermediates.noindex/EagerLinkingTBDs/DebugLocal-iphonesimulator/AhoiMobileCore.framework/AhoiMobileCore.tbd

CodeSign /tmp/ahoi-mobile-4113c14-ipad-derived/Build/Products/DebugLocal-iphonesimulator/AhoiMobileCore.framework (in target 'AhoiMobileCore' from project 'AhoiMobile')
    cd /Volumes/Macintosh\ HD\ -\ Daten/Cloud/Projekte/Apps/Plattformuebergreifend/AhoiBrowser/apps/AhoiMobile
    
    Signing Identity:     "Sign to Run Locally"
    
    /usr/bin/codesign --force --sign - --timestamp\=none --generate-entitlement-der /tmp/ahoi-mobile-4113c14-ipad-derived/Build/Products/DebugLocal-iphonesimulator/AhoiMobileCore.framework

RegisterExecutionPolicyException /tmp/ahoi-mobile-4113c14-ipad-derived/Build/Products/DebugLocal-iphonesimulator/AhoiMobileCore.framework (in target 'AhoiMobileCore' from project 'AhoiMobile')
    cd /Volumes/Macintosh\ HD\ -\ Daten/Cloud/Projekte/Apps/Plattformuebergreifend/AhoiBrowser/apps/AhoiMobile
    builtin-RegisterExecutionPolicyException /tmp/ahoi-mobile-4113c14-ipad-derived/Build/Products/DebugLocal-iphonesimulator/AhoiMobileCore.framework

Touch /tmp/ahoi-mobile-4113c14-ipad-derived/Build/Products/DebugLocal-iphonesimulator/AhoiMobileCore.framework (in target 'AhoiMobileCore' from project 'AhoiMobile')
    cd /Volumes/Macintosh\ HD\ -\ Daten/Cloud/Projekte/Apps/Plattformuebergreifend/AhoiBrowser/apps/AhoiMobile
    /usr/bin/touch -c /tmp/ahoi-mobile-4113c14-ipad-derived/Build/Products/DebugLocal-iphonesimulator/AhoiMobileCore.framework

PhaseScriptExecution Mobile\ signing\ mode\ preflight /tmp/ahoi-mobile-4113c14-ipad-derived/Build/Intermediates.noindex/AhoiMobile.build/DebugLocal-iphonesimulator/AhoiMobile.build/Script-A0DB4133886667C5D797053C.sh (in target 'AhoiMobile' from project 'AhoiMobile')
    cd /Volumes/Macintosh\ HD\ -\ Daten/Cloud/Projekte/Apps/Plattformuebergreifend/AhoiBrowser/apps/AhoiMobile
    export ACTION\=build
    export AD_HOC_CODE_SIGNING_ALLOWED\=YES
    export AGGREGATE_TRACKED_DOMAINS\=YES
    export AHOI_APP_IDENTIFIER_PREFIX\=248AJ5BN47
    export AHOI_APP_USES_NON_EXEMPT_ENCRYPTION\=NO
    export AHOI_BUILD_MODE\=DebugLocal
    export AHOI_CLOUDKIT_E2E_REAL_MUTATION_OPT_IN\=NO
    export AHOI_MANUAL_SIGNING_FALLBACK\=NO
    export AHOI_MOBILE_BUILD_NUMBER\=1
    export AHOI_MOBILE_BUNDLE_ID\=app.ahoibrowser.AhoiBrowser
    export AHOI_MOBILE_CORE_BUNDLE_ID\=app.ahoibrowser.AhoiBrowser.core
    export AHOI_MOBILE_MARKETING_VERSION\=0.1
    export AHOI_MOBILE_TEST_BUNDLE_ID\=app.ahoibrowser.AhoiBrowser.tests
    export AHOI_MOBILE_UI_TEST_BUNDLE_ID\=app.ahoibrowser.AhoiBrowser.uitests
    export AHOI_SOURCE_COMMIT\=4113c14c1e0d21061a1c5927e25ab55663d547a7
    export ALLOW_BUILD_REQUEST_OVERRIDES\=NO
    export ALLOW_TARGET_PLATFORM_SPECIALIZATION\=NO
    export ALTERNATE_GROUP\=staff
    export ALTERNATE_MODE\=u+w,go-w,a+rX
    export ALTERNATE_OWNER\=vossmedien
    export ALTERNATIVE_DISTRIBUTION_WEB\=NO
    export ALWAYS_EMBED_SWIFT_STANDARD_LIBRARIES\=NO
    export ALWAYS_SEARCH_USER_PATHS\=NO
    export ALWAYS_USE_SEPARATE_HEADERMAPS\=NO
    export APPLICATION_EXTENSION_API_ONLY\=NO
    export APPLY_RULES_IN_COPY_FILES\=NO
    export APPLY_RULES_IN_COPY_HEADERS\=NO
    export APP_SHORTCUTS_ENABLE_FLEXIBLE_MATCHING\=YES
    export ARCHS\=arm64
    export ARCHS_BASE\=arm64
    export ARCHS_STANDARD\=arm64\ x86_64
    export ARCHS_STANDARD_32_64_BIT\=arm64\ x86_64
    export ARCHS_STANDARD_64_BIT\=arm64\ x86_64
    export ARCHS_STANDARD_INCLUDING_64_BIT\=arm64\ x86_64
    export ARCHS_UNIVERSAL_IPHONE_OS\=arm64\ x86_64
    export ASSETCATALOG_COMPILER_APPICON_NAME\=AppIcon
    export ASSETCATALOG_FILTER_FOR_DEVICE_MODEL\=iPad17,4-B
    export ASSETCATALOG_FILTER_FOR_DEVICE_OS_VERSION\=26.5
    export ASSETCATALOG_FILTER_FOR_THINNING_DEVICE_CONFIGURATION\=iPad17,4-B
    export AUTOMATICALLY_MERGE_DEPENDENCIES\=NO
    export AUTOMATION_APPLE_EVENTS\=NO
    export AVAILABLE_PLATFORMS\=android\ appletvos\ appletvsimulator\ driverkit\ freebsd\ iphoneos\ iphonesimulator\ linux\ macosx\ none\ openbsd\ qnx\ watchos\ watchsimulator\ webassembly\ xros\ xrsimulator
    export AppIdentifierPrefix\=248AJ5BN47.
    export BUILD_ACTIVE_RESOURCES_ONLY\=YES
    export BUILD_COMPONENTS\=headers\ build
    export BUILD_DIR\=/tmp/ahoi-mobile-4113c14-ipad-derived/Build/Products
    export BUILD_LIBRARY_FOR_DISTRIBUTION\=NO
    export BUILD_ONLY_KNOWN_LOCALIZATIONS\=NO
    export BUILD_ROOT\=/tmp/ahoi-mobile-4113c14-ipad-derived/Build/Products
    export BUILD_STYLE\=
    export BUILD_VARIANTS\=normal
    export BUILT_PRODUCTS_DIR\=/tmp/ahoi-mobile-4113c14-ipad-derived/Build/Products/DebugLocal-iphonesimulator
    export BUNDLE_CONTENTS_FOLDER_PATH_deep\=Contents/
    export BUNDLE_EXECUTABLE_FOLDER_NAME_deep\=MacOS
    export BUNDLE_EXTENSIONS_FOLDER_PATH\=Extensions
    export BUNDLE_FORMAT\=shallow
    export BUNDLE_FRAMEWORKS_FOLDER_PATH\=Frameworks
    export BUNDLE_PLUGINS_FOLDER_PATH\=PlugIns
    export BUNDLE_PRIVATE_HEADERS_FOLDER_PATH\=PrivateHeaders
    export BUNDLE_PUBLIC_HEADERS_FOLDER_PATH\=Headers
    export CACHE_ROOT\=/var/folders/zn/wn74lz2s2bsfp734gbqytmpr0000gn/C/com.apple.DeveloperTools/26.6-17F113/Xcode
    export CCHROOT\=/var/folders/zn/wn74lz2s2bsfp734gbqytmpr0000gn/C/com.apple.DeveloperTools/26.6-17F113/Xcode
    export CHMOD\=/bin/chmod
    export CHOWN\=chown
    export CLANG_ANALYZER_NONNULL\=YES
    export CLANG_ANALYZER_NUMBER_OBJECT_CONVERSION\=YES_AGGRESSIVE
    export CLANG_CACHE_FINE_GRAINED_OUTPUTS\=YES
    export CLANG_CXX_LANGUAGE_STANDARD\=gnu++14
    export CLANG_CXX_LIBRARY\=libc++
    export CLANG_ENABLE_EXPLICIT_MODULES\=YES
    export CLANG_ENABLE_MODULES\=YES
    export CLANG_ENABLE_OBJC_ARC\=YES
    export CLANG_ENABLE_OBJC_WEAK\=YES
    export CLANG_MODULES_BUILD_SESSION_FILE\=/tmp/ahoi-mobile-4113c14-ipad-derived/ModuleCache.noindex/Session.modulevalidation
    export CLANG_WARN_BLOCK_CAPTURE_AUTORELEASING\=YES
    export CLANG_WARN_BOOL_CONVERSION\=YES
    export CLANG_WARN_COMMA\=YES
    export CLANG_WARN_CONSTANT_CONVERSION\=YES
    export CLANG_WARN_DEPRECATED_OBJC_IMPLEMENTATIONS\=YES
    export CLANG_WARN_DIRECT_OBJC_ISA_USAGE\=YES_ERROR
    export CLANG_WARN_DOCUMENTATION_COMMENTS\=YES
    export CLANG_WARN_EMPTY_BODY\=YES
    export CLANG_WARN_ENUM_CONVERSION\=YES
    export CLANG_WARN_INFINITE_RECURSION\=YES
    export CLANG_WARN_INT_CONVERSION\=YES
    export CLANG_WARN_NON_LITERAL_NULL_CONVERSION\=YES
    export CLANG_WARN_OBJC_IMPLICIT_RETAIN_SELF\=YES
    export CLANG_WARN_OBJC_LITERAL_CONVERSION\=YES
    export CLANG_WARN_OBJC_ROOT_CLASS\=YES_ERROR
    export CLANG_WARN_QUOTED_INCLUDE_IN_FRAMEWORK_HEADER\=YES
    export CLANG_WARN_RANGE_LOOP_ANALYSIS\=YES
    export CLANG_WARN_STRICT_PROTOTYPES\=YES
    export CLANG_WARN_SUSPICIOUS_MOVE\=YES
    export CLANG_WARN_UNGUARDED_AVAILABILITY\=YES_AGGRESSIVE
    export CLANG_WARN_UNREACHABLE_CODE\=YES
    export CLANG_WARN__DUPLICATE_METHOD_MATCH\=YES
    export CLASS_FILE_DIR\=/tmp/ahoi-mobile-4113c14-ipad-derived/Build/Intermediates.noindex/AhoiMobile.build/DebugLocal-iphonesimulator/AhoiMobile.build/JavaClasses
    export CLEAN_PRECOMPS\=YES
    export CLONE_HEADERS\=NO
    export CODESIGNING_FOLDER_PATH\=/tmp/ahoi-mobile-4113c14-ipad-derived/Build/Products/DebugLocal-iphonesimulator/AhoiMobile.app
    export CODE_SIGNING_ALLOWED\=YES
    export CODE_SIGNING_REQUIRED\=YES
    export CODE_SIGN_CONTEXT_CLASS\=XCiPhoneSimulatorCodeSignContext
    export CODE_SIGN_IDENTITY\=iPhone\ Developer
    export CODE_SIGN_INJECT_BASE_ENTITLEMENTS\=YES
    export CODE_SIGN_STYLE\=Automatic
    export COLOR_DIAGNOSTICS\=NO
    export COMBINE_HIDPI_IMAGES\=NO
    export COMPILATION_CACHE_CAS_PATH\=/tmp/ahoi-mobile-4113c14-ipad-derived/CompilationCache.noindex
    export COMPILATION_CACHE_KEEP_CAS_DIRECTORY\=YES
    export COMPILER_INDEX_STORE_ENABLE\=Default
    export COMPOSITE_SDK_DIRS\=/tmp/ahoi-mobile-4113c14-ipad-derived/Build/Intermediates.noindex/CompositeSDKs
    export COMPRESS_PNG_FILES\=YES
    export CONFIGURATION\=DebugLocal
    export CONFIGURATION_BUILD_DIR\=/tmp/ahoi-mobile-4113c14-ipad-derived/Build/Products/DebugLocal-iphonesimulator
    export CONFIGURATION_TEMP_DIR\=/tmp/ahoi-mobile-4113c14-ipad-derived/Build/Intermediates.noindex/AhoiMobile.build/DebugLocal-iphonesimulator
    export CONTENTS_FOLDER_PATH\=AhoiMobile.app
    export CONTENTS_FOLDER_PATH_SHALLOW_BUNDLE_NO\=AhoiMobile.app/Contents
    export CONTENTS_FOLDER_PATH_SHALLOW_BUNDLE_YES\=AhoiMobile.app
    export COPYING_PRESERVES_HFS_DATA\=NO
    export COPY_HEADERS_RUN_UNIFDEF\=NO
    export COPY_PHASE_STRIP\=NO
    export CORRESPONDING_DEVICE_PLATFORM_DIR\=/Applications/Xcode.app/Contents/Developer/Platforms/iPhoneOS.platform
    export CORRESPONDING_DEVICE_PLATFORM_NAME\=iphoneos
    export CORRESPONDING_DEVICE_SDK_DIR\=/Applications/Xcode.app/Contents/Developer/Platforms/iPhoneOS.platform/Developer/SDKs/iPhoneOS26.5.sdk
    export CORRESPONDING_DEVICE_SDK_NAME\=iphoneos26.5
    export CP\=/bin/cp
    export CREATE_INFOPLIST_SECTION_IN_BINARY\=NO
    export CURRENT_ARCH\=undefined_arch
    export CURRENT_PROJECT_VERSION\=1
    export CURRENT_VARIANT\=normal
    export DEAD_CODE_STRIPPING\=YES
    export DEBUGGING_SYMBOLS\=YES
    export DEBUG_INFORMATION_FORMAT\=dwarf
    export DEBUG_INFORMATION_VERSION\=compiler-default
    export DEFAULT_COMPILER\=com.apple.compilers.llvm.clang.1_0
    export DEFAULT_DEXT_INSTALL_PATH\=/System/Library/DriverExtensions
    export DEFAULT_KEXT_INSTALL_PATH\=/System/Library/Extensions
    export DEFINES_MODULE\=NO
    export DEPLOYMENT_LOCATION\=NO
    export DEPLOYMENT_POSTPROCESSING\=NO
    export DEPLOYMENT_TARGET_SETTING_NAME\=IPHONEOS_DEPLOYMENT_TARGET
    export DEPLOYMENT_TARGET_SUGGESTED_VALUES\=12.0\ 12.1\ 12.2\ 12.3\ 12.4\ 13.0\ 13.1\ 13.2\ 13.3\ 13.4\ 13.5\ 13.6\ 14.0\ 14.1\ 14.2\ 14.3\ 14.4\ 14.5\ 14.6\ 14.7\ 15.0\ 15.1\ 15.2\ 15.3\ 15.4\ 15.5\ 15.6\ 16.0\ 16.1\ 16.2\ 16.3\ 16.4\ 16.5\ 16.6\ 17.0\ 17.1\ 17.2\ 17.3\ 17.4\ 17.5\ 17.6\ 18.0\ 18.1\ 18.2\ 18.3\ 18.4\ 18.5\ 18.6\ 26.0\ 26.2\ 26.3\ 26.4\ 26.5
    export DERIVED_FILES_DIR\=/tmp/ahoi-mobile-4113c14-ipad-derived/Build/Intermediates.noindex/AhoiMobile.build/DebugLocal-iphonesimulator/AhoiMobile.build/DerivedSources
    export DERIVED_FILE_DIR\=/tmp/ahoi-mobile-4113c14-ipad-derived/Build/Intermediates.noindex/AhoiMobile.build/DebugLocal-iphonesimulator/AhoiMobile.build/DerivedSources
    export DERIVED_SOURCES_DIR\=/tmp/ahoi-mobile-4113c14-ipad-derived/Build/Intermediates.noindex/AhoiMobile.build/DebugLocal-iphonesimulator/AhoiMobile.build/DerivedSources
    export DEVELOPER_APPLICATIONS_DIR\=/Applications/Xcode.app/Contents/Developer/Applications
    export DEVELOPER_BIN_DIR\=/Applications/Xcode.app/Contents/Developer/usr/bin
    export DEVELOPER_DIR\=/Applications/Xcode.app/Contents/Developer
    export DEVELOPER_FRAMEWORKS_DIR\=/Applications/Xcode.app/Contents/Developer/Library/Frameworks
    export DEVELOPER_FRAMEWORKS_DIR_QUOTED\=/Applications/Xcode.app/Contents/Developer/Library/Frameworks
    export DEVELOPER_LIBRARY_DIR\=/Applications/Xcode.app/Contents/Developer/Library
    export DEVELOPER_SDK_DIR\=/Applications/Xcode.app/Contents/Developer/Platforms/MacOSX.platform/Developer/SDKs
    export DEVELOPER_TOOLS_DIR\=/Applications/Xcode.app/Contents/Developer/Tools
    export DEVELOPER_USR_DIR\=/Applications/Xcode.app/Contents/Developer/usr
    export DEVELOPMENT_LANGUAGE\=en
    export DIAGNOSE_MISSING_TARGET_DEPENDENCIES\=YES
    export DIFF\=/usr/bin/diff
    export DOCUMENTATION_FOLDER_PATH\=AhoiMobile.app/en.lproj/Documentation
    export DONT_GENERATE_INFOPLIST_FILE\=NO
    export DSTROOT\=/tmp/AhoiMobile.dst
    export DT_TOOLCHAIN_DIR\=/Applications/Xcode.app/Contents/Developer/Toolchains/XcodeDefault.xctoolchain
    export DUMP_DEPENDENCIES\=NO
    export DUMP_DEPENDENCIES_OUTPUT_PATH\=/tmp/ahoi-mobile-4113c14-ipad-derived/Build/Intermediates.noindex/AhoiMobile.build/DebugLocal-iphonesimulator/AhoiMobile.build/AhoiMobile-BuildDependencyInfo.json
    export DWARF_DSYM_FILE_NAME\=AhoiMobile.app.dSYM
    export DWARF_DSYM_FILE_SHOULD_ACCOMPANY_PRODUCT\=NO
    export DWARF_DSYM_FOLDER_PATH\=/tmp/ahoi-mobile-4113c14-ipad-derived/Build/Products/DebugLocal-iphonesimulator
    export DYNAMIC_LIBRARY_EXTENSION\=dylib
    export EAGER_COMPILATION_ALLOW_SCRIPTS\=NO
    export EAGER_LINKING\=NO
    export EFFECTIVE_PLATFORM_NAME\=-iphonesimulator
    export EFFECTIVE_SWIFT_VERSION\=6
    export EMBEDDED_CONTENT_CONTAINS_SWIFT\=NO
    export EMBED_ASSET_PACKS_IN_PRODUCT_BUNDLE\=NO
    export ENABLE_APP_SANDBOX\=NO
    export ENABLE_CODE_COVERAGE\=YES
    export ENABLE_COHORT_ARCHS\=NO
    export ENABLE_CPLUSPLUS_BOUNDS_SAFE_BUFFERS\=NO
    export ENABLE_C_BOUNDS_SAFETY\=NO
    export ENABLE_DEBUG_DYLIB\=YES
    export ENABLE_DEFAULT_HEADER_SEARCH_PATHS\=YES
    export ENABLE_DEFAULT_SEARCH_PATHS\=YES
    export ENABLE_ENHANCED_SECURITY\=NO
    export ENABLE_HARDENED_RUNTIME\=NO
    export ENABLE_HEADER_DEPENDENCIES\=YES
    export ENABLE_INCOMING_NETWORK_CONNECTIONS\=NO
    export ENABLE_ON_DEMAND_RESOURCES\=YES
    export ENABLE_OUTGOING_NETWORK_CONNECTIONS\=NO
    export ENABLE_POINTER_AUTHENTICATION\=NO
    export ENABLE_PREVIEWS\=NO
    export ENABLE_RESOURCE_ACCESS_AUDIO_INPUT\=NO
    export ENABLE_RESOURCE_ACCESS_BLUETOOTH\=NO
    export ENABLE_RESOURCE_ACCESS_CALENDARS\=NO
    export ENABLE_RESOURCE_ACCESS_CAMERA\=NO
    export ENABLE_RESOURCE_ACCESS_CONTACTS\=NO
    export ENABLE_RESOURCE_ACCESS_LOCATION\=NO
    export ENABLE_RESOURCE_ACCESS_PHOTO_LIBRARY\=NO
    export ENABLE_RESOURCE_ACCESS_PRINTING\=NO
    export ENABLE_RESOURCE_ACCESS_USB\=NO
    export ENABLE_SDK_IMPORTS\=NO
    export ENABLE_SECURITY_COMPILER_WARNINGS\=NO
    export ENABLE_STRICT_OBJC_MSGSEND\=YES
    export ENABLE_TESTABILITY\=YES
    export ENABLE_TESTING_SEARCH_PATHS\=NO
    export ENABLE_USER_SCRIPT_SANDBOXING\=NO
    export ENABLE_XOJIT_PREVIEWS\=YES
    export ENFORCE_VALID_ARCHS\=YES
    export ENTITLEMENTS_ALLOWED\=NO
    export ENTITLEMENTS_DESTINATION\=__entitlements
    export ENTITLEMENTS_REQUIRED\=NO
    export EXCLUDED_INSTALLSRC_SUBDIRECTORY_PATTERNS\=.DS_Store\ .svn\ .git\ .hg\ CVS
    export EXCLUDED_RECURSIVE_SEARCH_PATH_SUBDIRECTORIES\=\*.nib\ \*.lproj\ \*.framework\ \*.gch\ \*.xcode\*\ \*.xcassets\ \*.icon\ \(\*\)\ .DS_Store\ CVS\ .svn\ .git\ .hg\ \*.pbproj\ \*.pbxproj
    export EXECUTABLES_FOLDER_PATH\=AhoiMobile.app/Executables
    export EXECUTABLE_BLANK_INJECTION_DYLIB_PATH\=AhoiMobile.app/__preview.dylib
    export EXECUTABLE_DEBUG_DYLIB_INSTALL_NAME\=@rpath/AhoiMobile.debug.dylib
    export EXECUTABLE_DEBUG_DYLIB_PATH\=AhoiMobile.app/AhoiMobile.debug.dylib
    export EXECUTABLE_FOLDER_PATH\=AhoiMobile.app
    export EXECUTABLE_FOLDER_PATH_SHALLOW_BUNDLE_NO\=AhoiMobile.app/MacOS
    export EXECUTABLE_FOLDER_PATH_SHALLOW_BUNDLE_YES\=AhoiMobile.app
    export EXECUTABLE_NAME\=AhoiMobile
    export EXECUTABLE_PATH\=AhoiMobile.app/AhoiMobile
    export EXPANDED_CODE_SIGN_IDENTITY\=-
    export EXPANDED_CODE_SIGN_IDENTITY_NAME\=Sign\ to\ Run\ Locally
    export EXTENSIONS_FOLDER_PATH\=AhoiMobile.app/Extensions
    export FILE_LIST\=/tmp/ahoi-mobile-4113c14-ipad-derived/Build/Intermediates.noindex/AhoiMobile.build/DebugLocal-iphonesimulator/AhoiMobile.build/Objects/LinkFileList
    export FIXED_FILES_DIR\=/tmp/ahoi-mobile-4113c14-ipad-derived/Build/Intermediates.noindex/AhoiMobile.build/DebugLocal-iphonesimulator/AhoiMobile.build/FixedFiles
    export FRAMEWORKS_FOLDER_PATH\=AhoiMobile.app/Frameworks
    export FRAMEWORK_FLAG_PREFIX\=-framework
    export FRAMEWORK_SEARCH_PATHS\=/tmp/ahoi-mobile-4113c14-ipad-derived/Build/Products/DebugLocal-iphonesimulator/PackageFrameworks\ /tmp/ahoi-mobile-4113c14-ipad-derived/Build/Products/DebugLocal-iphonesimulator\ 
    export FRAMEWORK_VERSION\=A
    export FULL_PRODUCT_NAME\=AhoiMobile.app
    export FUSE_BUILD_PHASES\=YES
    export FUSE_BUILD_SCRIPT_PHASES\=NO
    export GCC3_VERSION\=3.3
    export GCC_C_LANGUAGE_STANDARD\=gnu11
    export GCC_DYNAMIC_NO_PIC\=NO
    export GCC_INLINES_ARE_PRIVATE_EXTERN\=YES
    export GCC_NO_COMMON_BLOCKS\=YES
    export GCC_OBJC_LEGACY_DISPATCH\=YES
    export GCC_OPTIMIZATION_LEVEL\=0
    export GCC_PFE_FILE_C_DIALECTS\=c\ objective-c\ c++\ objective-c++
    export GCC_PREPROCESSOR_DEFINITIONS\=\ DEBUG\=1
    export GCC_SYMBOLS_PRIVATE_EXTERN\=NO
    export GCC_TREAT_WARNINGS_AS_ERRORS\=NO
    export GCC_VERSION\=com.apple.compilers.llvm.clang.1_0
    export GCC_VERSION_IDENTIFIER\=com_apple_compilers_llvm_clang_1_0
    export GCC_WARN_64_TO_32_BIT_CONVERSION\=YES
    export GCC_WARN_ABOUT_RETURN_TYPE\=YES_ERROR
    export GCC_WARN_UNDECLARED_SELECTOR\=YES
    export GCC_WARN_UNINITIALIZED_AUTOS\=YES_AGGRESSIVE
    export GCC_WARN_UNUSED_FUNCTION\=YES
    export GCC_WARN_UNUSED_VARIABLE\=YES
    export GENERATED_MODULEMAP_DIR\=/tmp/ahoi-mobile-4113c14-ipad-derived/Build/Intermediates.noindex/GeneratedModuleMaps-iphonesimulator
    export GENERATE_INFOPLIST_FILE\=YES
    export GENERATE_INTERMEDIATE_TEXT_BASED_STUBS\=YES
    export GENERATE_PKGINFO_FILE\=YES
    export GENERATE_PRELINK_OBJECT_FILE\=NO
    export GENERATE_PROFILING_CODE\=NO
    export GENERATE_TEXT_BASED_STUBS\=NO
    export GID\=20
    export GROUP\=staff
    export HEADERMAP_INCLUDES_FLAT_ENTRIES_FOR_TARGET_BEING_BUILT\=YES
    export HEADERMAP_INCLUDES_FRAMEWORK_ENTRIES_FOR_ALL_PRODUCT_TYPES\=YES
    export HEADERMAP_INCLUDES_FRAMEWORK_ENTRIES_FOR_TARGETS_NOT_BEING_BUILT\=YES
    export HEADERMAP_INCLUDES_NONPUBLIC_NONPRIVATE_HEADERS\=YES
    export HEADERMAP_INCLUDES_PROJECT_HEADERS\=YES
    export HEADERMAP_USES_FRAMEWORK_PREFIX_ENTRIES\=YES
    export HEADERMAP_USES_VFS\=NO
    export HEADER_SEARCH_PATHS\=/tmp/ahoi-mobile-4113c14-ipad-derived/Build/Products/DebugLocal-iphonesimulator/include\ 
    export HOME\=/Users/vossmedien
    export HOST_ARCH\=arm64
    export HOST_PLATFORM\=macosx
    export ICONV\=/usr/bin/iconv
    export IMPLICIT_DEPENDENCY_DOMAIN\=default
    export INDEX_STORE_COMPRESS\=NO
    export INDEX_STORE_ONLY_PROJECT_FILES\=NO
    export INFOPLIST_ENABLE_CFBUNDLEICONS_MERGE\=YES
    export INFOPLIST_EXPAND_BUILD_SETTINGS\=YES
    export INFOPLIST_FILE\=Info.plist
    export INFOPLIST_KEY_ITSAppUsesNonExemptEncryption\=NO
    export INFOPLIST_OUTPUT_FORMAT\=binary
    export INFOPLIST_PATH\=AhoiMobile.app/Info.plist
    export INFOPLIST_PREPROCESS\=NO
    export INFOSTRINGS_PATH\=AhoiMobile.app/en.lproj/InfoPlist.strings
    export INLINE_PRIVATE_FRAMEWORKS\=NO
    export INSTALLAPI_IGNORE_SKIP_INSTALL\=YES
    export INSTALLHDRS_COPY_PHASE\=NO
    export INSTALLHDRS_SCRIPT_PHASE\=NO
    export INSTALL_DIR\=/tmp/AhoiMobile.dst/Applications
    export INSTALL_GROUP\=staff
    export INSTALL_MODE_FLAG\=u+w,go-w,a+rX
    export INSTALL_OWNER\=vossmedien
    export INSTALL_PATH\=/Applications
    export INSTALL_ROOT\=/tmp/AhoiMobile.dst
    export IPHONEOS_DEPLOYMENT_TARGET\=26.0
    export IS_UNOPTIMIZED_BUILD\=YES
    export JAVAC_DEFAULT_FLAGS\=-J-Xms64m\ -J-XX:NewSize\=4M\ -J-Dfile.encoding\=UTF8
    export JAVA_APP_STUB\=/System/Library/Frameworks/JavaVM.framework/Resources/MacOS/JavaApplicationStub
    export JAVA_ARCHIVE_CLASSES\=YES
    export JAVA_ARCHIVE_TYPE\=JAR
    export JAVA_COMPILER\=/usr/bin/javac
    export JAVA_FOLDER_PATH\=AhoiMobile.app/Java
    export JAVA_FRAMEWORK_RESOURCES_DIRS\=Resources
    export JAVA_JAR_FLAGS\=cv
    export JAVA_SOURCE_SUBDIR\=.
    export JAVA_USE_DEPENDENCIES\=YES
    export JAVA_ZIP_FLAGS\=-urg
    export JIKES_DEFAULT_FLAGS\=+E\ +OLDCSO
    export KEEP_PRIVATE_EXTERNS\=NO
    export LD_DEPENDENCY_INFO_FILE\=/tmp/ahoi-mobile-4113c14-ipad-derived/Build/Intermediates.noindex/AhoiMobile.build/DebugLocal-iphonesimulator/AhoiMobile.build/Objects-normal/undefined_arch/AhoiMobile_dependency_info.dat
    export LD_ENTITLEMENTS_SECTION\=/tmp/ahoi-mobile-4113c14-ipad-derived/Build/Intermediates.noindex/AhoiMobile.build/DebugLocal-iphonesimulator/AhoiMobile.build/AhoiMobile.app-Simulated.xcent
    export LD_ENTITLEMENTS_SECTION_DER\=/tmp/ahoi-mobile-4113c14-ipad-derived/Build/Intermediates.noindex/AhoiMobile.build/DebugLocal-iphonesimulator/AhoiMobile.build/AhoiMobile.app-Simulated.xcent.der
    export LD_EXPORT_SYMBOLS\=YES
    export LD_GENERATE_MAP_FILE\=NO
    export LD_MAP_FILE_PATH\=/tmp/ahoi-mobile-4113c14-ipad-derived/Build/Intermediates.noindex/AhoiMobile.build/DebugLocal-iphonesimulator/AhoiMobile.build/AhoiMobile-LinkMap-normal-undefined_arch.txt
    export LD_NO_PIE\=NO
    export LD_QUOTE_LINKER_ARGUMENTS_FOR_COMPILER_DRIVER\=YES
    export LD_RUNPATH_SEARCH_PATHS\=\ @executable_path/Frameworks
    export LD_RUNPATH_SEARCH_PATHS_YES\=@loader_path/../Frameworks
    export LD_SHARED_CACHE_ELIGIBLE\=Automatic
    export LD_WARN_DUPLICATE_LIBRARIES\=NO
    export LD_WARN_UNUSED_DYLIBS\=NO
    export LEGACY_DEVELOPER_DIR\=/Applications/Xcode.app/Contents/PlugIns/Xcode3Core.ideplugin/Contents/SharedSupport/Developer
    export LEX\=lex
    export LIBRARY_DEXT_INSTALL_PATH\=/Library/DriverExtensions
    export LIBRARY_FLAG_NOSPACE\=YES
    export LIBRARY_FLAG_PREFIX\=-l
    export LIBRARY_KEXT_INSTALL_PATH\=/Library/Extensions
    export LIBRARY_SEARCH_PATHS\=/tmp/ahoi-mobile-4113c14-ipad-derived/Build/Products/DebugLocal-iphonesimulator\ 
    export LINKER_DISPLAYS_MANGLED_NAMES\=NO
    export LINK_FILE_LIST_normal_arm64\=/tmp/ahoi-mobile-4113c14-ipad-derived/Build/Intermediates.noindex/AhoiMobile.build/DebugLocal-iphonesimulator/AhoiMobile.build/Objects-normal/arm64/AhoiMobile.LinkFileList
    export LINK_OBJC_RUNTIME\=YES
    export LINK_WITH_STANDARD_LIBRARIES\=YES
    export LLVM_TARGET_TRIPLE_OS_VERSION\=ios26.0
    export LLVM_TARGET_TRIPLE_SUFFIX\=-simulator
    export LLVM_TARGET_TRIPLE_VENDOR\=apple
    export LM_AUX_CONST_METADATA_LIST_PATH_normal_arm64\=/tmp/ahoi-mobile-4113c14-ipad-derived/Build/Intermediates.noindex/AhoiMobile.build/DebugLocal-iphonesimulator/AhoiMobile.build/Objects-normal/arm64/AhoiMobile.SwiftConstValuesFileList
    export LOCALIZATION_EXPORT_SUPPORTED\=YES
    export LOCALIZATION_PREFERS_STRING_CATALOGS\=NO
    export LOCALIZED_RESOURCES_FOLDER_PATH\=AhoiMobile.app/en.lproj
    export LOCALIZED_STRING_CODE_COMMENTS\=NO
    export LOCALIZED_STRING_MACRO_NAMES\=NSLocalizedString\ CFCopyLocalizedString
    export LOCALIZED_STRING_SWIFTUI_SUPPORT\=YES
    export LOCAL_ADMIN_APPS_DIR\=/Applications/Utilities
    export LOCAL_APPS_DIR\=/Applications
    export LOCAL_DEVELOPER_DIR\=/Library/Developer
    export LOCAL_LIBRARY_DIR\=/Library
    export LOCROOT\=/Volumes/Macintosh\ HD\ -\ Daten/Cloud/Projekte/Apps/Plattformuebergreifend/AhoiBrowser/apps/AhoiMobile
    export LOCSYMROOT\=/Volumes/Macintosh\ HD\ -\ Daten/Cloud/Projekte/Apps/Plattformuebergreifend/AhoiBrowser/apps/AhoiMobile
    export MACH_O_TYPE\=mh_execute
    export MAC_OS_X_PRODUCT_BUILD_VERSION\=25G72
    export MAC_OS_X_VERSION_ACTUAL\=260600
    export MAC_OS_X_VERSION_MAJOR\=260000
    export MAC_OS_X_VERSION_MINOR\=260600
    export MAKE_MERGEABLE\=NO
    export MARKETING_VERSION\=0.1
    export MERGEABLE_LIBRARY\=NO
    export MERGED_BINARY_TYPE\=none
    export MERGE_LINKED_LIBRARIES\=NO
    export METAL_LIBRARY_FILE_BASE\=default
    export METAL_LIBRARY_OUTPUT_DIR\=/tmp/ahoi-mobile-4113c14-ipad-derived/Build/Products/DebugLocal-iphonesimulator/AhoiMobile.app
    export MODULES_FOLDER_PATH\=AhoiMobile.app/Modules
    export MODULE_CACHE_DIR\=/tmp/ahoi-mobile-4113c14-ipad-derived/ModuleCache.noindex
    export MTL_ENABLE_DEBUG_INFO\=INCLUDE_SOURCE
    export MTL_FAST_MATH\=YES
    export NATIVE_ARCH\=arm64
    export NATIVE_ARCH_32_BIT\=arm
    export NATIVE_ARCH_64_BIT\=arm64
    export NATIVE_ARCH_ACTUAL\=arm64
    export NO_COMMON\=YES
    export OBJC_ABI_VERSION\=2
    export OBJECT_FILE_DIR\=/tmp/ahoi-mobile-4113c14-ipad-derived/Build/Intermediates.noindex/AhoiMobile.build/DebugLocal-iphonesimulator/AhoiMobile.build/Objects
    export OBJECT_FILE_DIR_normal\=/tmp/ahoi-mobile-4113c14-ipad-derived/Build/Intermediates.noindex/AhoiMobile.build/DebugLocal-iphonesimulator/AhoiMobile.build/Objects-normal
    export OBJROOT\=/tmp/ahoi-mobile-4113c14-ipad-derived/Build/Intermediates.noindex
    export ONLY_ACTIVE_ARCH\=YES
    export OS\=MACOS
    export OSAC\=/usr/bin/osacompile
    export OTHER_CFLAGS\=-fmodule-map-file\=/tmp/ahoi-mobile-4113c14-ipad-derived/Build/Intermediates.noindex/GeneratedModuleMaps-iphonesimulator/AhoiCloudKitSpike.modulemap\ 
    export OTHER_CPLUSPLUSFLAGS\=-fmodule-map-file\=/tmp/ahoi-mobile-4113c14-ipad-derived/Build/Intermediates.noindex/GeneratedModuleMaps-iphonesimulator/AhoiCloudKitSpike.modulemap\ 
    export OTHER_LDFLAGS\=-Wl,-no_warn_duplicate_libraries\ 
    export PACKAGE_TYPE\=com.apple.package-type.wrapper.application
    export PASCAL_STRINGS\=YES
    export PATH\=/Applications/Xcode.app/Contents/SharedFrameworks/SwiftBuild.framework/Versions/A/PlugIns/SWBBuildService.bundle/Contents/PlugIns/SWBUniversalPlatformPlugin.bundle/Contents/Frameworks/SWBUniversalPlatform.framework/Resources:/var/run/com.apple.security.cryptexd/mnt/com.apple.MobileAsset.MetalToolchain-v17.6.109.0.0k2cJr/Metal.xctoolchain/usr/bin:/var/run/com.apple.security.cryptexd/mnt/com.apple.MobileAsset.MetalToolchain-v17.6.109.0.0k2cJr/Metal.xctoolchain/usr/local/bin:/var/run/com.apple.security.cryptexd/mnt/com.apple.MobileAsset.MetalToolchain-v17.6.109.0.0k2cJr/Metal.xctoolchain/usr/libexec:/Applications/Xcode.app/Contents/Developer/Toolchains/XcodeDefault.xctoolchain/usr/bin:/Applications/Xcode.app/Contents/Developer/Toolchains/XcodeDefault.xctoolchain/usr/local/bin:/Applications/Xcode.app/Contents/Developer/Toolchains/XcodeDefault.xctoolchain/usr/libexec:/Applications/Xcode.app/Contents/Developer/Platforms/iPhoneSimulator.platform/usr/bin:/Applications/Xcode.app/Contents/Developer/Platforms/iPhoneSimulator.platform/usr/local/bin:/Applications/Xcode.app/Contents/Developer/Platforms/iPhoneSimulator.platform/Developer/usr/bin:/Applications/Xcode.app/Contents/Developer/Platforms/iPhoneSimulator.platform/Developer/usr/local/bin:/Applications/Xcode.app/Contents/Developer/usr/bin:/Applications/Xcode.app/Contents/Developer/usr/local/bin:/Users/vossmedien/.codex/packages/standalone/releases/0.151.0-aarch64-apple-darwin/codex-path:/Users/vossmedien/.unity/bin:/opt/homebrew/opt/node@22/bin:/opt/homebrew/bin:/opt/homebrew/sbin:/Users/vossmedien/bin:/Users/vossmedien/.local/current/bin:/Users/vossmedien/.bun/bin:/Users/vossmedien/.local/bin:/Users/vossmedien/.rd/bin:/Users/vossmedien/Library/pnpm:/Users/vossmedien/.nvm/versions/node/v22.23.1/bin:/usr/local/bin:/System/Cryptexes/App/usr/bin:/usr/bin:/bin:/usr/sbin:/sbin:/var/run/com.apple.security.cryptexd/codex.system/bootstrap/usr/local/bin:/var/run/com.apple.security.cryptexd/codex.system/bootstrap/usr/bin:/var/run/com.apple.security.cryptexd/codex.system/bootstrap/usr/appleinternal/bin:/pkg/env/global/bin:/Library/Apple/usr/bin:/Applications/VMware\ Fusion.app/Contents/Public:/Users/vossmedien/.codex/tmp/arg0/codex-arg0UZp29a:/Users/vossmedien/vega/bin
    export PATH_PREFIXES_EXCLUDED_FROM_HEADER_DEPENDENCIES\=/usr/include\ /usr/local/include\ /System/Library/Frameworks\ /System/Library/PrivateFrameworks\ /Applications/Xcode.app/Contents/Developer/Headers\ /Applications/Xcode.app/Contents/Developer/SDKs\ /Applications/Xcode.app/Contents/Developer/Platforms
    export PBDEVELOPMENTPLIST_PATH\=AhoiMobile.app/pbdevelopment.plist
    export PER_ARCH_MODULE_FILE_DIR\=/tmp/ahoi-mobile-4113c14-ipad-derived/Build/Intermediates.noindex/AhoiMobile.build/DebugLocal-iphonesimulator/AhoiMobile.build/Objects-normal/undefined_arch
    export PER_ARCH_OBJECT_FILE_DIR\=/tmp/ahoi-mobile-4113c14-ipad-derived/Build/Intermediates.noindex/AhoiMobile.build/DebugLocal-iphonesimulator/AhoiMobile.build/Objects-normal/undefined_arch
    export PER_VARIANT_OBJECT_FILE_DIR\=/tmp/ahoi-mobile-4113c14-ipad-derived/Build/Intermediates.noindex/AhoiMobile.build/DebugLocal-iphonesimulator/AhoiMobile.build/Objects-normal
    export PKGINFO_FILE_PATH\=/tmp/ahoi-mobile-4113c14-ipad-derived/Build/Intermediates.noindex/AhoiMobile.build/DebugLocal-iphonesimulator/AhoiMobile.build/PkgInfo
    export PKGINFO_PATH\=AhoiMobile.app/PkgInfo
    export PLATFORM_DEVELOPER_APPLICATIONS_DIR\=/Applications/Xcode.app/Contents/Developer/Platforms/iPhoneSimulator.platform/Developer/Applications
    export PLATFORM_DEVELOPER_BIN_DIR\=/Applications/Xcode.app/Contents/Developer/Platforms/iPhoneSimulator.platform/Developer/usr/bin
    export PLATFORM_DEVELOPER_LIBRARY_DIR\=/Applications/Xcode.app/Contents/Developer/Platforms/iPhoneSimulator.platform/Developer/Library
    export PLATFORM_DEVELOPER_SDK_DIR\=/Applications/Xcode.app/Contents/Developer/Platforms/iPhoneSimulator.platform/Developer/SDKs
    export PLATFORM_DEVELOPER_TOOLS_DIR\=/Applications/Xcode.app/Contents/Developer/Platforms/iPhoneSimulator.platform/Developer/Tools
    export PLATFORM_DEVELOPER_USR_DIR\=/Applications/Xcode.app/Contents/Developer/Platforms/iPhoneSimulator.platform/Developer/usr
    export PLATFORM_DIR\=/Applications/Xcode.app/Contents/Developer/Platforms/iPhoneSimulator.platform
    export PLATFORM_DISPLAY_NAME\=iOS\ Simulator
    export PLATFORM_FAMILY_NAME\=iOS
    export PLATFORM_NAME\=iphonesimulator
    export PLATFORM_PREFERRED_ARCH\=x86_64
    export PLATFORM_PRODUCT_BUILD_VERSION\=23F81a
    export PLATFORM_REQUIRES_SWIFT_AUTOLINK_EXTRACT\=NO
    export PLATFORM_REQUIRES_SWIFT_MODULEWRAP\=NO
    export PLATFORM_USES_DSYMS\=YES
    export PLIST_FILE_OUTPUT_FORMAT\=binary
    export PLUGINS_FOLDER_PATH\=AhoiMobile.app/PlugIns
    export PRECOMPS_INCLUDE_HEADERS_FROM_BUILT_PRODUCTS_DIR\=YES
    export PRECOMP_DESTINATION_DIR\=/tmp/ahoi-mobile-4113c14-ipad-derived/Build/Intermediates.noindex/AhoiMobile.build/DebugLocal-iphonesimulator/AhoiMobile.build/PrefixHeaders
    export PRIVATE_HEADERS_FOLDER_PATH\=AhoiMobile.app/PrivateHeaders
    export PROCESSED_INFOPLIST_PATH\=/tmp/ahoi-mobile-4113c14-ipad-derived/Build/Intermediates.noindex/AhoiMobile.build/DebugLocal-iphonesimulator/AhoiMobile.build/Objects-normal/undefined_arch/Processed-Info.plist
    export PRODUCT_BUNDLE_IDENTIFIER\=app.ahoibrowser.AhoiBrowser
    export PRODUCT_BUNDLE_PACKAGE_TYPE\=APPL
    export PRODUCT_MODULE_NAME\=AhoiMobile
    export PRODUCT_NAME\=AhoiMobile
    export PRODUCT_SETTINGS_PATH\=/Volumes/Macintosh\ HD\ -\ Daten/Cloud/Projekte/Apps/Plattformuebergreifend/AhoiBrowser/apps/AhoiMobile/Info.plist
    export PRODUCT_TYPE\=com.apple.product-type.application
    export PROFILING_CODE\=NO
    export PROJECT\=AhoiMobile
    export PROJECT_DERIVED_FILE_DIR\=/tmp/ahoi-mobile-4113c14-ipad-derived/Build/Intermediates.noindex/AhoiMobile.build/DerivedSources
    export PROJECT_DIR\=/Volumes/Macintosh\ HD\ -\ Daten/Cloud/Projekte/Apps/Plattformuebergreifend/AhoiBrowser/apps/AhoiMobile
    export PROJECT_FILE_PATH\=/Volumes/Macintosh\ HD\ -\ Daten/Cloud/Projekte/Apps/Plattformuebergreifend/AhoiBrowser/apps/AhoiMobile/AhoiMobile.xcodeproj
    export PROJECT_GUID\=a44a3a976db28ace36eae5fb72a0335b
    export PROJECT_NAME\=AhoiMobile
    export PROJECT_TEMP_DIR\=/tmp/ahoi-mobile-4113c14-ipad-derived/Build/Intermediates.noindex/AhoiMobile.build
    export PROJECT_TEMP_ROOT\=/tmp/ahoi-mobile-4113c14-ipad-derived/Build/Intermediates.noindex
    export PROVISIONING_PROFILE_REQUIRED\=NO
    export PROVISIONING_PROFILE_REQUIRED_YES_YES\=YES
    export PROVISIONING_PROFILE_SUPPORTED\=YES
    export PUBLIC_HEADERS_FOLDER_PATH\=AhoiMobile.app/Headers
    export RECOMMENDED_IPHONEOS_DEPLOYMENT_TARGET\=15.0
    export RECURSIVE_SEARCH_PATHS_FOLLOW_SYMLINKS\=YES
    export REMOVE_CVS_FROM_RESOURCES\=YES
    export REMOVE_GIT_FROM_RESOURCES\=YES
    export REMOVE_HEADERS_FROM_EMBEDDED_BUNDLES\=YES
    export REMOVE_HG_FROM_RESOURCES\=YES
    export REMOVE_STATIC_EXECUTABLES_FROM_EMBEDDED_BUNDLES\=YES
    export REMOVE_SVN_FROM_RESOURCES\=YES
    export RESCHEDULE_INDEPENDENT_HEADERS_PHASES\=YES
    export REZ_COLLECTOR_DIR\=/tmp/ahoi-mobile-4113c14-ipad-derived/Build/Intermediates.noindex/AhoiMobile.build/DebugLocal-iphonesimulator/AhoiMobile.build/ResourceManagerResources
    export REZ_OBJECTS_DIR\=/tmp/ahoi-mobile-4113c14-ipad-derived/Build/Intermediates.noindex/AhoiMobile.build/DebugLocal-iphonesimulator/AhoiMobile.build/ResourceManagerResources/Objects
    export REZ_SEARCH_PATHS\=/tmp/ahoi-mobile-4113c14-ipad-derived/Build/Products/DebugLocal-iphonesimulator\ 
    export RPATH_ORIGIN\=@loader_path
    export RUNTIME_EXCEPTION_ALLOW_DYLD_ENVIRONMENT_VARIABLES\=NO
    export RUNTIME_EXCEPTION_ALLOW_JIT\=NO
    export RUNTIME_EXCEPTION_ALLOW_UNSIGNED_EXECUTABLE_MEMORY\=NO
    export RUNTIME_EXCEPTION_DEBUGGING_TOOL\=NO
    export RUNTIME_EXCEPTION_DISABLE_EXECUTABLE_PAGE_PROTECTION\=NO
    export RUNTIME_EXCEPTION_DISABLE_LIBRARY_VALIDATION\=NO
    export SCANNING_PCM_KEEP_CACHE_DIRECTORY\=YES
    export SCAN_ALL_SOURCE_FILES_FOR_INCLUDES\=NO
    export SCRIPTS_FOLDER_PATH\=AhoiMobile.app/Scripts
    export SCRIPT_INPUT_FILE_COUNT\=0
    export SCRIPT_INPUT_FILE_LIST_COUNT\=0
    export SCRIPT_OUTPUT_FILE_COUNT\=0
    export SCRIPT_OUTPUT_FILE_LIST_COUNT\=0
    export SDKROOT\=/Applications/Xcode.app/Contents/Developer/Platforms/iPhoneSimulator.platform/Developer/SDKs/iPhoneSimulator26.5.sdk
    export SDK_DIR\=/Applications/Xcode.app/Contents/Developer/Platforms/iPhoneSimulator.platform/Developer/SDKs/iPhoneSimulator26.5.sdk
    export SDK_DIR_iphonesimulator\=/Applications/Xcode.app/Contents/Developer/Platforms/iPhoneSimulator.platform/Developer/SDKs/iPhoneSimulator26.5.sdk
    export SDK_DIR_iphonesimulator26_5\=/Applications/Xcode.app/Contents/Developer/Platforms/iPhoneSimulator.platform/Developer/SDKs/iPhoneSimulator26.5.sdk
    export SDK_NAME\=iphonesimulator26.5
    export SDK_NAMES\=iphonesimulator26.5
    export SDK_PRODUCT_BUILD_VERSION\=23F81a
    export SDK_STAT_CACHE_DIR\=/tmp/ahoi-mobile-4113c14-ipad-derived
    export SDK_STAT_CACHE_ENABLE\=YES
    export SDK_STAT_CACHE_PATH\=/tmp/ahoi-mobile-4113c14-ipad-derived/SDKStatCaches.noindex/iphonesimulator26.5-23F81a-688ef53f1462e2c8f657fdc38a81448f6cfe768891a92b912361537c460fe42b.sdkstatcache
    export SDK_VERSION\=26.5
    export SDK_VERSION_ACTUAL\=260500
    export SDK_VERSION_MAJOR\=260000
    export SDK_VERSION_MINOR\=260500
    export SED\=/usr/bin/sed
    export SEPARATE_STRIP\=NO
    export SEPARATE_SYMBOL_EDIT\=NO
    export SET_DIR_MODE_OWNER_GROUP\=YES
    export SET_FILE_MODE_OWNER_GROUP\=NO
    export SHALLOW_BUNDLE\=YES
    export SHALLOW_BUNDLE_TRIPLE\=ios-simulator
    export SHALLOW_BUNDLE_ios_macabi\=NO
    export SHALLOW_BUNDLE_macos\=NO
    export SHARED_DERIVED_FILE_DIR\=/tmp/ahoi-mobile-4113c14-ipad-derived/Build/Products/DebugLocal-iphonesimulator/DerivedSources
    export SHARED_FRAMEWORKS_FOLDER_PATH\=AhoiMobile.app/SharedFrameworks
    export SHARED_PRECOMPS_DIR\=/tmp/ahoi-mobile-4113c14-ipad-derived/Build/Intermediates.noindex/PrecompiledHeaders
    export SHARED_SUPPORT_FOLDER_PATH\=AhoiMobile.app/SharedSupport
    export SKIP_INSTALL\=NO
    export SKIP_MERGEABLE_LIBRARY_BUNDLE_HOOK\=NO
    export SOURCE_ROOT\=/Volumes/Macintosh\ HD\ -\ Daten/Cloud/Projekte/Apps/Plattformuebergreifend/AhoiBrowser/apps/AhoiMobile
    export SRCROOT\=/Volumes/Macintosh\ HD\ -\ Daten/Cloud/Projekte/Apps/Plattformuebergreifend/AhoiBrowser/apps/AhoiMobile
    export STRINGSDATA_DIR\=/tmp/ahoi-mobile-4113c14-ipad-derived/Build/Intermediates.noindex/AhoiMobile.build/DebugLocal-iphonesimulator/AhoiMobile.build/Objects-normal/undefined_arch
    export STRINGSDATA_ROOT\=/tmp/ahoi-mobile-4113c14-ipad-derived/Build/Intermediates.noindex/AhoiMobile.build/DebugLocal-iphonesimulator/AhoiMobile.build
    export STRINGS_FILE_INFOPLIST_RENAME\=YES
    export STRINGS_FILE_OUTPUT_ENCODING\=binary
    export STRING_CATALOG_GENERATE_SYMBOLS\=NO
    export STRIP_BITCODE_FROM_COPIED_FILES\=NO
    export STRIP_INSTALLED_PRODUCT\=NO
    export STRIP_STYLE\=all
    export STRIP_SWIFT_SYMBOLS\=YES
    export SUPPORTED_DEVICE_FAMILIES\=1,2
    export SUPPORTED_PLATFORMS\=iphoneos\ iphonesimulator
    export SUPPORTS_MACCATALYST\=NO
    export SUPPORTS_ON_DEMAND_RESOURCES\=YES
    export SUPPORTS_TEXT_BASED_API\=NO
    export SUPPRESS_WARNINGS\=NO
    export SWIFT_ACTIVE_COMPILATION_CONDITIONS\=DEBUG
    export SWIFT_EMIT_CONST_VALUE_PROTOCOLS\=AnyResolverProviding\ AppEntity\ AppEnum\ AppExtension\ AppIntent\ AppIntentsPackage\ AppShortcutProviding\ AppShortcutsProvider\ DynamicOptionsProvider\ EntityQuery\ ExtensionPointDefining\ IntentValueQuery\ Resolver\ TransientEntity\ _AssistantIntentsProvider\ _GenerativeFunctionExtractable\ _IntentValueRepresentable
    export SWIFT_EMIT_LOC_STRINGS\=NO
    export SWIFT_ENABLE_EXPLICIT_MODULES\=YES
    export SWIFT_OPTIMIZATION_LEVEL\=-Onone
    export SWIFT_PLATFORM_TARGET_PREFIX\=ios
    export SWIFT_RESPONSE_FILE_PATH_normal_arm64\=/tmp/ahoi-mobile-4113c14-ipad-derived/Build/Intermediates.noindex/AhoiMobile.build/DebugLocal-iphonesimulator/AhoiMobile.build/Objects-normal/arm64/AhoiMobile.SwiftFileList
    export SWIFT_STRICT_CONCURRENCY\=complete
    export SWIFT_VERSION\=6.0
    export SYMROOT\=/tmp/ahoi-mobile-4113c14-ipad-derived/Build/Products
    export SYSTEM_ADMIN_APPS_DIR\=/Applications/Utilities
    export SYSTEM_APPS_DIR\=/Applications
    export SYSTEM_CORE_SERVICES_DIR\=/System/Library/CoreServices
    export SYSTEM_DEMOS_DIR\=/Applications/Extras
    export SYSTEM_DEVELOPER_APPS_DIR\=/Applications/Xcode.app/Contents/Developer/Applications
    export SYSTEM_DEVELOPER_BIN_DIR\=/Applications/Xcode.app/Contents/Developer/usr/bin
    export SYSTEM_DEVELOPER_DEMOS_DIR\=/Applications/Xcode.app/Contents/Developer/Applications/Utilities/Built\ Examples
    export SYSTEM_DEVELOPER_DIR\=/Applications/Xcode.app/Contents/Developer
    export SYSTEM_DEVELOPER_DOC_DIR\=/Applications/Xcode.app/Contents/Developer/ADC\ Reference\ Library
    export SYSTEM_DEVELOPER_GRAPHICS_TOOLS_DIR\=/Applications/Xcode.app/Contents/Developer/Applications/Graphics\ Tools
    export SYSTEM_DEVELOPER_JAVA_TOOLS_DIR\=/Applications/Xcode.app/Contents/Developer/Applications/Java\ Tools
    export SYSTEM_DEVELOPER_PERFORMANCE_TOOLS_DIR\=/Applications/Xcode.app/Contents/Developer/Applications/Performance\ Tools
    export SYSTEM_DEVELOPER_RELEASENOTES_DIR\=/Applications/Xcode.app/Contents/Developer/ADC\ Reference\ Library/releasenotes
    export SYSTEM_DEVELOPER_TOOLS\=/Applications/Xcode.app/Contents/Developer/Tools
    export SYSTEM_DEVELOPER_TOOLS_DOC_DIR\=/Applications/Xcode.app/Contents/Developer/ADC\ Reference\ Library/documentation/DeveloperTools
    export SYSTEM_DEVELOPER_TOOLS_RELEASENOTES_DIR\=/Applications/Xcode.app/Contents/Developer/ADC\ Reference\ Library/releasenotes/DeveloperTools
    export SYSTEM_DEVELOPER_USR_DIR\=/Applications/Xcode.app/Contents/Developer/usr
    export SYSTEM_DEVELOPER_UTILITIES_DIR\=/Applications/Xcode.app/Contents/Developer/Applications/Utilities
    export SYSTEM_DEXT_INSTALL_PATH\=/System/Library/DriverExtensions
    export SYSTEM_DOCUMENTATION_DIR\=/Library/Documentation
    export SYSTEM_EXTENSIONS_FOLDER_PATH\=AhoiMobile.app/SystemExtensions
    export SYSTEM_EXTENSIONS_FOLDER_PATH_SHALLOW_BUNDLE_NO\=AhoiMobile.app/Library/SystemExtensions
    export SYSTEM_EXTENSIONS_FOLDER_PATH_SHALLOW_BUNDLE_YES\=AhoiMobile.app/SystemExtensions
    export SYSTEM_KEXT_INSTALL_PATH\=/System/Library/Extensions
    export SYSTEM_LIBRARY_DIR\=/System/Library
    export TAPI_DEMANGLE\=YES
    export TAPI_ENABLE_PROJECT_HEADERS\=NO
    export TAPI_LANGUAGE\=objective-c
    export TAPI_LANGUAGE_STANDARD\=compiler-default
    export TAPI_USE_SRCROOT\=YES
    export TAPI_VERIFY_MODE\=Pedantic
    export TARGETED_DEVICE_FAMILY\=1,2
    export TARGETNAME\=AhoiMobile
    export TARGET_BUILD_DIR\=/tmp/ahoi-mobile-4113c14-ipad-derived/Build/Products/DebugLocal-iphonesimulator
    export TARGET_DEVICE_IDENTIFIER\=712F0CD5-D7F9-4B4B-8254-CFBCA4D138F9
    export TARGET_DEVICE_MODEL\=iPad17,4
    export TARGET_DEVICE_OS_VERSION\=26.5
    export TARGET_DEVICE_PLATFORM_NAME\=iphonesimulator
    export TARGET_NAME\=AhoiMobile
    export TARGET_TEMP_DIR\=/tmp/ahoi-mobile-4113c14-ipad-derived/Build/Intermediates.noindex/AhoiMobile.build/DebugLocal-iphonesimulator/AhoiMobile.build
    export TEMP_DIR\=/tmp/ahoi-mobile-4113c14-ipad-derived/Build/Intermediates.noindex/AhoiMobile.build/DebugLocal-iphonesimulator/AhoiMobile.build
    export TEMP_FILES_DIR\=/tmp/ahoi-mobile-4113c14-ipad-derived/Build/Intermediates.noindex/AhoiMobile.build/DebugLocal-iphonesimulator/AhoiMobile.build
    export TEMP_FILE_DIR\=/tmp/ahoi-mobile-4113c14-ipad-derived/Build/Intermediates.noindex/AhoiMobile.build/DebugLocal-iphonesimulator/AhoiMobile.build
    export TEMP_ROOT\=/tmp/ahoi-mobile-4113c14-ipad-derived/Build/Intermediates.noindex
    export TEMP_SANDBOX_DIR\=/tmp/ahoi-mobile-4113c14-ipad-derived/Build/Intermediates.noindex/TemporaryTaskSandboxes
    export TEST_FRAMEWORK_SEARCH_PATHS\=\ /Applications/Xcode.app/Contents/Developer/Platforms/iPhoneSimulator.platform/Developer/Library/Frameworks\ /Applications/Xcode.app/Contents/Developer/Platforms/iPhoneSimulator.platform/Developer/SDKs/iPhoneSimulator26.5.sdk/Developer/Library/Frameworks
    export TEST_LIBRARY_SEARCH_PATHS\=\ /Applications/Xcode.app/Contents/Developer/Platforms/iPhoneSimulator.platform/Developer/usr/lib
    export TOOLCHAINS\=com.apple.dt.toolchain.Metal.32023.883\ com.apple.dt.toolchain.XcodeDefault
    export TOOLCHAIN_DIR\=/var/run/com.apple.security.cryptexd/mnt/com.apple.MobileAsset.MetalToolchain-v17.6.109.0.0k2cJr/Metal.xctoolchain
    export TOOLCHAIN_VERSION\=32023.883
    export TREAT_MISSING_BASELINES_AS_TEST_FAILURES\=NO
    export TREAT_MISSING_SCRIPT_PHASE_OUTPUTS_AS_ERRORS\=NO
    export TeamIdentifierPrefix\=248AJ5BN47.
    export UID\=501
    export UNINSTALLED_PRODUCTS_DIR\=/tmp/ahoi-mobile-4113c14-ipad-derived/Build/Intermediates.noindex/UninstalledProducts
    export UNLOCALIZED_RESOURCES_FOLDER_PATH\=AhoiMobile.app
    export UNLOCALIZED_RESOURCES_FOLDER_PATH_SHALLOW_BUNDLE_NO\=AhoiMobile.app/Resources
    export UNLOCALIZED_RESOURCES_FOLDER_PATH_SHALLOW_BUNDLE_YES\=AhoiMobile.app
    export UNSTRIPPED_PRODUCT\=NO
    export USER\=vossmedien
    export USER_APPS_DIR\=/Users/vossmedien/Applications
    export USER_LIBRARY_DIR\=/Users/vossmedien/Library
    export USE_DYNAMIC_NO_PIC\=YES
    export USE_HEADERMAP\=YES
    export USE_HEADER_SYMLINKS\=NO
    export VALIDATE_DEVELOPMENT_ASSET_PATHS\=YES_ERROR
    export VALIDATE_PRODUCT\=NO
    export VALID_ARCHS\=arm64\ x86_64
    export VERBOSE_PBXCP\=NO
    export VERSIONING_SYSTEM\=apple-generic
    export VERSIONPLIST_PATH\=AhoiMobile.app/version.plist
    export VERSION_INFO_BUILDER\=vossmedien
    export VERSION_INFO_FILE\=AhoiMobile_vers.c
    export VERSION_INFO_STRING\=\"@\(\#\)PROGRAM:AhoiMobile\ \ PROJECT:AhoiMobile-1\"
    export WORKSPACE_DIR\=/Volumes/Macintosh\ HD\ -\ Daten/Cloud/Projekte/Apps/Plattformuebergreifend/AhoiBrowser/apps/AhoiMobile/AhoiMobile.xcodeproj
    export WRAPPER_EXTENSION\=app
    export WRAPPER_NAME\=AhoiMobile.app
    export WRAPPER_SUFFIX\=.app
    export WRAP_ASSET_PACKS_IN_SEPARATE_DIRECTORIES\=NO
    export XCODE_APP_SUPPORT_DIR\=/Applications/Xcode.app/Contents/Developer/Library/Xcode
    export XCODE_PRODUCT_BUILD_VERSION\=17F113
    export XCODE_VERSION_ACTUAL\=2660
    export XCODE_VERSION_MAJOR\=2600
    export XCODE_VERSION_MINOR\=2660
    export XPCSERVICES_FOLDER_PATH\=AhoiMobile.app/XPCServices
    export YACC\=yacc
    export _DISCOVER_COMMAND_LINE_LINKER_INPUTS\=YES
    export _DISCOVER_COMMAND_LINE_LINKER_INPUTS_INCLUDE_WL\=YES
    export _LD_MULTIARCH\=YES
    export _WRAPPER_CONTENTS_DIR_SHALLOW_BUNDLE_NO\=/Contents
    export _WRAPPER_PARENT_PATH_SHALLOW_BUNDLE_NO\=/..
    export _WRAPPER_RESOURCES_DIR_SHALLOW_BUNDLE_NO\=/Resources
    export __DIAGNOSE_DEPRECATED_ARCHS\=YES
    export __IS_NOT_MACOS\=YES
    export __IS_NOT_MACOS_macosx\=NO
    export __IS_NOT_SIMULATOR\=NO
    export __IS_NOT_SIMULATOR_simulator\=NO
    export __ORIGINAL_SDK_DEFINED_LLVM_TARGET_TRIPLE_SYS\=ios
    export arch\=undefined_arch
    export variant\=normal
    /bin/sh -c /tmp/ahoi-mobile-4113c14-ipad-derived/Build/Intermediates.noindex/AhoiMobile.build/DebugLocal-iphonesimulator/AhoiMobile.build/Script-A0DB4133886667C5D797053C.sh
Ahoi Mobile signing preflight: DebugLocal is provider-free and contains no CloudKit, Push, Keychain-group or browser entitlement

ProcessInfoPlistFile /tmp/ahoi-mobile-4113c14-ipad-derived/Build/Products/DebugLocal-iphonesimulator/AhoiMobileCoreTests.xctest/Info.plist /tmp/ahoi-mobile-4113c14-ipad-derived/Build/Intermediates.noindex/AhoiMobile.build/DebugLocal-iphonesimulator/AhoiMobileCoreTests.build/empty-AhoiMobileCoreTests.plist (in target 'AhoiMobileCoreTests' from project 'AhoiMobile')
    cd /Volumes/Macintosh\ HD\ -\ Daten/Cloud/Projekte/Apps/Plattformuebergreifend/AhoiBrowser/apps/AhoiMobile
    builtin-infoPlistUtility /tmp/ahoi-mobile-4113c14-ipad-derived/Build/Intermediates.noindex/AhoiMobile.build/DebugLocal-iphonesimulator/AhoiMobileCoreTests.build/empty-AhoiMobileCoreTests.plist -producttype com.apple.product-type.bundle.unit-test -expandbuildsettings -format binary -platform iphonesimulator -o /tmp/ahoi-mobile-4113c14-ipad-derived/Build/Products/DebugLocal-iphonesimulator/AhoiMobileCoreTests.xctest/Info.plist

Ld /tmp/ahoi-mobile-4113c14-ipad-derived/Build/Products/DebugLocal-iphonesimulator/AhoiMobileCoreTests.xctest/AhoiMobileCoreTests normal (in target 'AhoiMobileCoreTests' from project 'AhoiMobile')
    cd /Volumes/Macintosh\ HD\ -\ Daten/Cloud/Projekte/Apps/Plattformuebergreifend/AhoiBrowser/apps/AhoiMobile
    /Applications/Xcode.app/Contents/Developer/Toolchains/XcodeDefault.xctoolchain/usr/bin/clang -Xlinker -reproducible -target arm64-apple-ios26.0-simulator -bundle -isysroot /Applications/Xcode.app/Contents/Developer/Platforms/iPhoneSimulator.platform/Developer/SDKs/iPhoneSimulator26.5.sdk -O0 -L/tmp/ahoi-mobile-4113c14-ipad-derived/Build/Intermediates.noindex/EagerLinkingTBDs/DebugLocal-iphonesimulator -L/tmp/ahoi-mobile-4113c14-ipad-derived/Build/Products/DebugLocal-iphonesimulator -L/Applications/Xcode.app/Contents/Developer/Platforms/iPhoneSimulator.platform/Developer/usr/lib -F/tmp/ahoi-mobile-4113c14-ipad-derived/Build/Intermediates.noindex/EagerLinkingTBDs/DebugLocal-iphonesimulator -F/tmp/ahoi-mobile-4113c14-ipad-derived/Build/Products/DebugLocal-iphonesimulator/PackageFrameworks -F/tmp/ahoi-mobile-4113c14-ipad-derived/Build/Products/DebugLocal-iphonesimulator -iframework /Applications/Xcode.app/Contents/Developer/Platforms/iPhoneSimulator.platform/Developer/Library/Frameworks -iframework /Applications/Xcode.app/Contents/Developer/Platforms/iPhoneSimulator.platform/Developer/SDKs/iPhoneSimulator26.5.sdk/Developer/Library/Frameworks -filelist /tmp/ahoi-mobile-4113c14-ipad-derived/Build/Intermediates.noindex/AhoiMobile.build/DebugLocal-iphonesimulator/AhoiMobileCoreTests.build/Objects-normal/arm64/AhoiMobileCoreTests.LinkFileList -Xlinker -rpath -Xlinker @loader_path/Frameworks -Xlinker -rpath -Xlinker @executable_path/Frameworks -Xlinker -dead_strip -Xlinker -object_path_lto -Xlinker /tmp/ahoi-mobile-4113c14-ipad-derived/Build/Intermediates.noindex/AhoiMobile.build/DebugLocal-iphonesimulator/AhoiMobileCoreTests.build/Objects-normal/arm64/AhoiMobileCoreTests_lto.o -rdynamic -Xlinker -no_deduplicate -Xlinker -objc_abi_version -Xlinker 2 -Xlinker -dependency_info -Xlinker /tmp/ahoi-mobile-4113c14-ipad-derived/Build/Intermediates.noindex/AhoiMobile.build/DebugLocal-iphonesimulator/AhoiMobileCoreTests.build/Objects-normal/arm64/AhoiMobileCoreTests_dependency_info.dat -fobjc-link-runtime -L/Applications/Xcode.app/Contents/Developer/Toolchains/XcodeDefault.xctoolchain/usr/lib/swift/iphonesimulator -L/usr/lib/swift -Xlinker -add_ast_path -Xlinker /tmp/ahoi-mobile-4113c14-ipad-derived/Build/Intermediates.noindex/AhoiMobile.build/DebugLocal-iphonesimulator/AhoiMobileCoreTests.build/Objects-normal/arm64/AhoiMobileCoreTests.swiftmodule @/tmp/ahoi-mobile-4113c14-ipad-derived/Build/Intermediates.noindex/AhoiMobile.build/DebugLocal-iphonesimulator/AhoiMobileCoreTests.build/Objects-normal/arm64/AhoiMobileCoreTests-linker-args.resp -Wl,-no_warn_duplicate_libraries -Xlinker -needed_framework -Xlinker XCTest -framework XCTest -Xlinker -needed-lXCTestSwiftSupport -lXCTestSwiftSupport -framework AhoiMobileCore /tmp/ahoi-mobile-4113c14-ipad-derived/Build/Products/DebugLocal-iphonesimulator/PackageFrameworks/AhoiCloudKitSpike_58C48334F00BB1AD_PackageProduct.framework/AhoiCloudKitSpike_58C48334F00BB1AD_PackageProduct -Xlinker -no_adhoc_codesign -o /tmp/ahoi-mobile-4113c14-ipad-derived/Build/Products/DebugLocal-iphonesimulator/AhoiMobileCoreTests.xctest/AhoiMobileCoreTests

Copy /tmp/ahoi-mobile-4113c14-ipad-derived/Build/Products/DebugLocal-iphonesimulator/AhoiMobile.app/Frameworks/AhoiCloudKitSpike_58C48334F00BB1AD_PackageProduct.framework /tmp/ahoi-mobile-4113c14-ipad-derived/Build/Products/DebugLocal-iphonesimulator/PackageFrameworks/AhoiCloudKitSpike_58C48334F00BB1AD_PackageProduct.framework (in target 'AhoiMobile' from project 'AhoiMobile')
    cd /Volumes/Macintosh\ HD\ -\ Daten/Cloud/Projekte/Apps/Plattformuebergreifend/AhoiBrowser/apps/AhoiMobile
    builtin-copy -exclude .DS_Store -exclude CVS -exclude .svn -exclude .git -exclude .hg -resolve-src-symlinks -remove-static-executable /tmp/ahoi-mobile-4113c14-ipad-derived/Build/Products/DebugLocal-iphonesimulator/PackageFrameworks/AhoiCloudKitSpike_58C48334F00BB1AD_PackageProduct.framework /tmp/ahoi-mobile-4113c14-ipad-derived/Build/Products/DebugLocal-iphonesimulator/AhoiMobile.app/Frameworks

Copy /tmp/ahoi-mobile-4113c14-ipad-derived/Build/Products/DebugLocal-iphonesimulator/AhoiMobileCoreTests.xctest/Frameworks/AhoiCloudKitSpike_58C48334F00BB1AD_PackageProduct.framework /tmp/ahoi-mobile-4113c14-ipad-derived/Build/Products/DebugLocal-iphonesimulator/PackageFrameworks/AhoiCloudKitSpike_58C48334F00BB1AD_PackageProduct.framework (in target 'AhoiMobileCoreTests' from project 'AhoiMobile')
    cd /Volumes/Macintosh\ HD\ -\ Daten/Cloud/Projekte/Apps/Plattformuebergreifend/AhoiBrowser/apps/AhoiMobile
    builtin-copy -exclude .DS_Store -exclude CVS -exclude .svn -exclude .git -exclude .hg -resolve-src-symlinks -remove-static-executable /tmp/ahoi-mobile-4113c14-ipad-derived/Build/Products/DebugLocal-iphonesimulator/PackageFrameworks/AhoiCloudKitSpike_58C48334F00BB1AD_PackageProduct.framework /tmp/ahoi-mobile-4113c14-ipad-derived/Build/Products/DebugLocal-iphonesimulator/AhoiMobileCoreTests.xctest/Frameworks

CodeSign /tmp/ahoi-mobile-4113c14-ipad-derived/Build/Products/DebugLocal-iphonesimulator/AhoiMobileCoreTests.xctest/Frameworks/AhoiCloudKitSpike_58C48334F00BB1AD_PackageProduct.framework (in target 'AhoiMobileCoreTests' from project 'AhoiMobile')
    cd /Volumes/Macintosh\ HD\ -\ Daten/Cloud/Projekte/Apps/Plattformuebergreifend/AhoiBrowser/apps/AhoiMobile
    
    Signing Identity:     "Sign to Run Locally"
    
    /usr/bin/codesign --force --sign - --timestamp\=none --preserve-metadata\=identifier,entitlements,flags --generate-entitlement-der /tmp/ahoi-mobile-4113c14-ipad-derived/Build/Products/DebugLocal-iphonesimulator/AhoiMobileCoreTests.xctest/Frameworks/AhoiCloudKitSpike_58C48334F00BB1AD_PackageProduct.framework
/tmp/ahoi-mobile-4113c14-ipad-derived/Build/Products/DebugLocal-iphonesimulator/AhoiMobileCoreTests.xctest/Frameworks/AhoiCloudKitSpike_58C48334F00BB1AD_PackageProduct.framework: replacing existing signature

CodeSign /tmp/ahoi-mobile-4113c14-ipad-derived/Build/Products/DebugLocal-iphonesimulator/AhoiMobile.app/Frameworks/AhoiCloudKitSpike_58C48334F00BB1AD_PackageProduct.framework (in target 'AhoiMobile' from project 'AhoiMobile')
    cd /Volumes/Macintosh\ HD\ -\ Daten/Cloud/Projekte/Apps/Plattformuebergreifend/AhoiBrowser/apps/AhoiMobile
    
    Signing Identity:     "Sign to Run Locally"
    
    /usr/bin/codesign --force --sign - --timestamp\=none --preserve-metadata\=identifier,entitlements,flags --generate-entitlement-der /tmp/ahoi-mobile-4113c14-ipad-derived/Build/Products/DebugLocal-iphonesimulator/AhoiMobile.app/Frameworks/AhoiCloudKitSpike_58C48334F00BB1AD_PackageProduct.framework
/tmp/ahoi-mobile-4113c14-ipad-derived/Build/Products/DebugLocal-iphonesimulator/AhoiMobile.app/Frameworks/AhoiCloudKitSpike_58C48334F00BB1AD_PackageProduct.framework: replacing existing signature

Copy /tmp/ahoi-mobile-4113c14-ipad-derived/Build/Products/DebugLocal-iphonesimulator/AhoiMobileCoreTests.xctest/Frameworks/AhoiMobileCore.framework /tmp/ahoi-mobile-4113c14-ipad-derived/Build/Products/DebugLocal-iphonesimulator/AhoiMobileCore.framework (in target 'AhoiMobileCoreTests' from project 'AhoiMobile')
    cd /Volumes/Macintosh\ HD\ -\ Daten/Cloud/Projekte/Apps/Plattformuebergreifend/AhoiBrowser/apps/AhoiMobile
    builtin-copy -exclude .DS_Store -exclude CVS -exclude .svn -exclude .git -exclude .hg -exclude Headers -exclude PrivateHeaders -exclude Modules -exclude \*.tbd -resolve-src-symlinks -remove-static-executable /tmp/ahoi-mobile-4113c14-ipad-derived/Build/Products/DebugLocal-iphonesimulator/AhoiMobileCore.framework /tmp/ahoi-mobile-4113c14-ipad-derived/Build/Products/DebugLocal-iphonesimulator/AhoiMobileCoreTests.xctest/Frameworks

CodeSign /tmp/ahoi-mobile-4113c14-ipad-derived/Build/Products/DebugLocal-iphonesimulator/AhoiMobileCoreTests.xctest/Frameworks/AhoiMobileCore.framework (in target 'AhoiMobileCoreTests' from project 'AhoiMobile')
    cd /Volumes/Macintosh\ HD\ -\ Daten/Cloud/Projekte/Apps/Plattformuebergreifend/AhoiBrowser/apps/AhoiMobile
    
    Signing Identity:     "Sign to Run Locally"
    
    /usr/bin/codesign --force --sign - --timestamp\=none --preserve-metadata\=identifier,entitlements,flags --generate-entitlement-der /tmp/ahoi-mobile-4113c14-ipad-derived/Build/Products/DebugLocal-iphonesimulator/AhoiMobileCoreTests.xctest/Frameworks/AhoiMobileCore.framework
/tmp/ahoi-mobile-4113c14-ipad-derived/Build/Products/DebugLocal-iphonesimulator/AhoiMobileCoreTests.xctest/Frameworks/AhoiMobileCore.framework: replacing existing signature

CopySwiftLibs /tmp/ahoi-mobile-4113c14-ipad-derived/Build/Products/DebugLocal-iphonesimulator/AhoiMobileCoreTests.xctest (in target 'AhoiMobileCoreTests' from project 'AhoiMobile')
    cd /Volumes/Macintosh\ HD\ -\ Daten/Cloud/Projekte/Apps/Plattformuebergreifend/AhoiBrowser/apps/AhoiMobile
    builtin-swiftStdLibTool --copy --verbose --sign - --scan-executable /tmp/ahoi-mobile-4113c14-ipad-derived/Build/Products/DebugLocal-iphonesimulator/AhoiMobileCoreTests.xctest/AhoiMobileCoreTests --scan-folder /tmp/ahoi-mobile-4113c14-ipad-derived/Build/Products/DebugLocal-iphonesimulator/AhoiMobileCoreTests.xctest/Frameworks --scan-folder /tmp/ahoi-mobile-4113c14-ipad-derived/Build/Products/DebugLocal-iphonesimulator/AhoiMobileCoreTests.xctest/PlugIns --scan-folder /tmp/ahoi-mobile-4113c14-ipad-derived/Build/Products/DebugLocal-iphonesimulator/AhoiMobileCoreTests.xctest/SystemExtensions --scan-folder /tmp/ahoi-mobile-4113c14-ipad-derived/Build/Products/DebugLocal-iphonesimulator/AhoiMobileCoreTests.xctest/Extensions --scan-folder /tmp/ahoi-mobile-4113c14-ipad-derived/Build/Products/DebugLocal-iphonesimulator/AhoiMobileCore.framework --scan-folder /tmp/ahoi-mobile-4113c14-ipad-derived/Build/Products/DebugLocal-iphonesimulator/PackageFrameworks/AhoiCloudKitSpike_58C48334F00BB1AD_PackageProduct.framework --platform iphonesimulator --toolchain /var/run/com.apple.security.cryptexd/mnt/com.apple.MobileAsset.MetalToolchain-v17.6.109.0.0k2cJr/Metal.xctoolchain --toolchain /Applications/Xcode.app/Contents/Developer/Toolchains/XcodeDefault.xctoolchain --destination /tmp/ahoi-mobile-4113c14-ipad-derived/Build/Products/DebugLocal-iphonesimulator/AhoiMobileCoreTests.xctest/Frameworks --strip-bitcode --scan-executable /Applications/Xcode.app/Contents/Developer/Platforms/iPhoneSimulator.platform/Developer/usr/lib/libXCTestSwiftSupport.dylib --strip-bitcode-tool /Applications/Xcode.app/Contents/Developer/Toolchains/XcodeDefault.xctoolchain/usr/bin/bitcode_strip --emit-dependency-info /tmp/ahoi-mobile-4113c14-ipad-derived/Build/Intermediates.noindex/AhoiMobile.build/DebugLocal-iphonesimulator/AhoiMobileCoreTests.build/SwiftStdLibToolInputDependencies.dep --filter-for-swift-os

ExtractAppIntentsMetadata (in target 'AhoiMobileCoreTests' from project 'AhoiMobile')
    cd /Volumes/Macintosh\ HD\ -\ Daten/Cloud/Projekte/Apps/Plattformuebergreifend/AhoiBrowser/apps/AhoiMobile
    /Applications/Xcode.app/Contents/Developer/Toolchains/XcodeDefault.xctoolchain/usr/bin/appintentsmetadataprocessor --toolchain-dir /var/run/com.apple.security.cryptexd/mnt/com.apple.MobileAsset.MetalToolchain-v17.6.109.0.0k2cJr/Metal.xctoolchain --module-name AhoiMobileCoreTests --sdk-root /Applications/Xcode.app/Contents/Developer/Platforms/iPhoneSimulator.platform/Developer/SDKs/iPhoneSimulator26.5.sdk --xcode-version 17F113 --platform-family iOS --deployment-target 26.0 --bundle-identifier app.ahoibrowser.AhoiBrowser.tests --output /tmp/ahoi-mobile-4113c14-ipad-derived/Build/Products/DebugLocal-iphonesimulator/AhoiMobileCoreTests.xctest --target-triple arm64-apple-ios26.0-simulator --binary-file /tmp/ahoi-mobile-4113c14-ipad-derived/Build/Products/DebugLocal-iphonesimulator/AhoiMobileCoreTests.xctest/AhoiMobileCoreTests --dependency-file /tmp/ahoi-mobile-4113c14-ipad-derived/Build/Intermediates.noindex/AhoiMobile.build/DebugLocal-iphonesimulator/AhoiMobileCoreTests.build/Objects-normal/arm64/AhoiMobileCoreTests_dependency_info.dat --stringsdata-file /tmp/ahoi-mobile-4113c14-ipad-derived/Build/Intermediates.noindex/AhoiMobile.build/DebugLocal-iphonesimulator/AhoiMobileCoreTests.build/Objects-normal/arm64/ExtractedAppShortcutsMetadata.stringsdata --source-file-list /tmp/ahoi-mobile-4113c14-ipad-derived/Build/Intermediates.noindex/AhoiMobile.build/DebugLocal-iphonesimulator/AhoiMobileCoreTests.build/Objects-normal/arm64/AhoiMobileCoreTests.SwiftFileList --metadata-file-list /tmp/ahoi-mobile-4113c14-ipad-derived/Build/Intermediates.noindex/AhoiMobile.build/DebugLocal-iphonesimulator/AhoiMobileCoreTests.build/AhoiMobileCoreTests.DependencyMetadataFileList --static-metadata-file-list /tmp/ahoi-mobile-4113c14-ipad-derived/Build/Intermediates.noindex/AhoiMobile.build/DebugLocal-iphonesimulator/AhoiMobileCoreTests.build/AhoiMobileCoreTests.DependencyStaticMetadataFileList --swift-const-vals-list /tmp/ahoi-mobile-4113c14-ipad-derived/Build/Intermediates.noindex/AhoiMobile.build/DebugLocal-iphonesimulator/AhoiMobileCoreTests.build/Objects-normal/arm64/AhoiMobileCoreTests.SwiftConstValuesFileList --compile-time-extraction --deployment-aware-processing --validate-assistant-intents --no-app-shortcuts-localization
2026-08-30 19:29:28.505 appintentsmetadataprocessor[76012:143710004] Starting appintentsmetadataprocessor export
2026-08-30 19:29:28.508 appintentsmetadataprocessor[76012:143710004] warning: Metadata extraction skipped. No AppIntents.framework dependency found.

AppIntentsSSUTraining (in target 'AhoiMobileCoreTests' from project 'AhoiMobile')
    cd /Volumes/Macintosh\ HD\ -\ Daten/Cloud/Projekte/Apps/Plattformuebergreifend/AhoiBrowser/apps/AhoiMobile
    /Applications/Xcode.app/Contents/Developer/Toolchains/XcodeDefault.xctoolchain/usr/bin/appintentsnltrainingprocessor --infoplist-path /tmp/ahoi-mobile-4113c14-ipad-derived/Build/Products/DebugLocal-iphonesimulator/AhoiMobileCoreTests.xctest/Info.plist --temp-dir-path /tmp/ahoi-mobile-4113c14-ipad-derived/Build/Intermediates.noindex/AhoiMobile.build/DebugLocal-iphonesimulator/AhoiMobileCoreTests.build/ssu --bundle-id app.ahoibrowser.AhoiBrowser.tests --product-path /tmp/ahoi-mobile-4113c14-ipad-derived/Build/Products/DebugLocal-iphonesimulator/AhoiMobileCoreTests.xctest --extracted-metadata-path /tmp/ahoi-mobile-4113c14-ipad-derived/Build/Products/DebugLocal-iphonesimulator/AhoiMobileCoreTests.xctest/Metadata.appintents --metadata-file-list /tmp/ahoi-mobile-4113c14-ipad-derived/Build/Intermediates.noindex/AhoiMobile.build/DebugLocal-iphonesimulator/AhoiMobileCoreTests.build/AhoiMobileCoreTests.DependencyMetadataFileList --source-file /tmp/ahoi-mobile-4113c14-ipad-derived/Build/Products/DebugLocal-iphonesimulator/AhoiMobileCoreTests.xctest/Info.plist --archive-ssu-assets
2026-08-30 19:29:28.539 appintentsnltrainingprocessor[76013:143710006] Parsing options for appintentsnltrainingprocessor
2026-08-30 19:29:28.540 appintentsnltrainingprocessor[76013:143710006] Starting AppIntents SSU YAML Generation
2026-08-30 19:29:28.540 appintentsnltrainingprocessor[76013:143710006] No AppShortcuts found - Skipping.

CodeSign /tmp/ahoi-mobile-4113c14-ipad-derived/Build/Products/DebugLocal-iphonesimulator/AhoiMobileCoreTests.xctest (in target 'AhoiMobileCoreTests' from project 'AhoiMobile')
    cd /Volumes/Macintosh\ HD\ -\ Daten/Cloud/Projekte/Apps/Plattformuebergreifend/AhoiBrowser/apps/AhoiMobile
    
    Signing Identity:     "Sign to Run Locally"
    
    /usr/bin/codesign --force --sign - --timestamp\=none --generate-entitlement-der /tmp/ahoi-mobile-4113c14-ipad-derived/Build/Products/DebugLocal-iphonesimulator/AhoiMobileCoreTests.xctest

RegisterExecutionPolicyException /tmp/ahoi-mobile-4113c14-ipad-derived/Build/Products/DebugLocal-iphonesimulator/AhoiMobileCoreTests.xctest (in target 'AhoiMobileCoreTests' from project 'AhoiMobile')
    cd /Volumes/Macintosh\ HD\ -\ Daten/Cloud/Projekte/Apps/Plattformuebergreifend/AhoiBrowser/apps/AhoiMobile
    builtin-RegisterExecutionPolicyException /tmp/ahoi-mobile-4113c14-ipad-derived/Build/Products/DebugLocal-iphonesimulator/AhoiMobileCoreTests.xctest

CpResource /tmp/ahoi-mobile-4113c14-ipad-derived/Build/Products/DebugLocal-iphonesimulator/AhoiMobile.app/PrivacyInfo.xcprivacy /Volumes/Macintosh\ HD\ -\ Daten/Cloud/Projekte/Apps/Plattformuebergreifend/AhoiBrowser/apps/AhoiMobile/Sources/AhoiMobileApp/PrivacyInfo.xcprivacy (in target 'AhoiMobile' from project 'AhoiMobile')
    cd /Volumes/Macintosh\ HD\ -\ Daten/Cloud/Projekte/Apps/Plattformuebergreifend/AhoiBrowser/apps/AhoiMobile
    builtin-copy -exclude .DS_Store -exclude CVS -exclude .svn -exclude .git -exclude .hg -resolve-src-symlinks /Volumes/Macintosh\ HD\ -\ Daten/Cloud/Projekte/Apps/Plattformuebergreifend/AhoiBrowser/apps/AhoiMobile/Sources/AhoiMobileApp/PrivacyInfo.xcprivacy /tmp/ahoi-mobile-4113c14-ipad-derived/Build/Products/DebugLocal-iphonesimulator/AhoiMobile.app

Ld /tmp/ahoi-mobile-4113c14-ipad-derived/Build/Products/DebugLocal-iphonesimulator/AhoiMobile.app/__preview.dylib normal (in target 'AhoiMobile' from project 'AhoiMobile')
    cd /Volumes/Macintosh\ HD\ -\ Daten/Cloud/Projekte/Apps/Plattformuebergreifend/AhoiBrowser/apps/AhoiMobile
    /Applications/Xcode.app/Contents/Developer/Toolchains/XcodeDefault.xctoolchain/usr/bin/clang -Xlinker -reproducible -target arm64-apple-ios26.0-simulator -dynamiclib -isysroot /Applications/Xcode.app/Contents/Developer/Platforms/iPhoneSimulator.platform/Developer/SDKs/iPhoneSimulator26.5.sdk -O0 -L/tmp/ahoi-mobile-4113c14-ipad-derived/Build/Products/DebugLocal-iphonesimulator -F/tmp/ahoi-mobile-4113c14-ipad-derived/Build/Products/DebugLocal-iphonesimulator/PackageFrameworks -F/tmp/ahoi-mobile-4113c14-ipad-derived/Build/Products/DebugLocal-iphonesimulator -install_name @rpath/AhoiMobile.debug.dylib -Xlinker -dead_strip -rdynamic -Xlinker -no_deduplicate -Xlinker -objc_abi_version -Xlinker 2 -Xlinker -dependency_info -Xlinker /tmp/ahoi-mobile-4113c14-ipad-derived/Build/Intermediates.noindex/AhoiMobile.build/DebugLocal-iphonesimulator/AhoiMobile.build/Objects-normal/arm64/AhoiMobile_dependency_info.dat -Xlinker -sectcreate -Xlinker __TEXT -Xlinker __entitlements -Xlinker /tmp/ahoi-mobile-4113c14-ipad-derived/Build/Intermediates.noindex/AhoiMobile.build/DebugLocal-iphonesimulator/AhoiMobile.build/AhoiMobile.app-Simulated.xcent -Xlinker -sectcreate -Xlinker __TEXT -Xlinker __ents_der -Xlinker /tmp/ahoi-mobile-4113c14-ipad-derived/Build/Intermediates.noindex/AhoiMobile.build/DebugLocal-iphonesimulator/AhoiMobile.build/AhoiMobile.app-Simulated.xcent.der -Xlinker -no_adhoc_codesign -o /tmp/ahoi-mobile-4113c14-ipad-derived/Build/Products/DebugLocal-iphonesimulator/AhoiMobile.app/__preview.dylib

MkDir /tmp/ahoi-mobile-4113c14-ipad-derived/Build/Intermediates.noindex/AhoiMobile.build/DebugLocal-iphonesimulator/AhoiMobile.build/assetcatalog_output/thinned (in target 'AhoiMobile' from project 'AhoiMobile')
    cd /Volumes/Macintosh\ HD\ -\ Daten/Cloud/Projekte/Apps/Plattformuebergreifend/AhoiBrowser/apps/AhoiMobile
    /bin/mkdir -p /tmp/ahoi-mobile-4113c14-ipad-derived/Build/Intermediates.noindex/AhoiMobile.build/DebugLocal-iphonesimulator/AhoiMobile.build/assetcatalog_output/thinned

MkDir /tmp/ahoi-mobile-4113c14-ipad-derived/Build/Intermediates.noindex/AhoiMobile.build/DebugLocal-iphonesimulator/AhoiMobile.build/assetcatalog_output/unthinned (in target 'AhoiMobile' from project 'AhoiMobile')
    cd /Volumes/Macintosh\ HD\ -\ Daten/Cloud/Projekte/Apps/Plattformuebergreifend/AhoiBrowser/apps/AhoiMobile
    /bin/mkdir -p /tmp/ahoi-mobile-4113c14-ipad-derived/Build/Intermediates.noindex/AhoiMobile.build/DebugLocal-iphonesimulator/AhoiMobile.build/assetcatalog_output/unthinned

GenerateAssetSymbols /Volumes/Macintosh\ HD\ -\ Daten/Cloud/Projekte/Apps/Plattformuebergreifend/AhoiBrowser/apps/AhoiMobile/Sources/AhoiMobileApp/Assets.xcassets (in target 'AhoiMobile' from project 'AhoiMobile')
    cd /Volumes/Macintosh\ HD\ -\ Daten/Cloud/Projekte/Apps/Plattformuebergreifend/AhoiBrowser/apps/AhoiMobile
    /Applications/Xcode.app/Contents/Developer/usr/bin/actool /Volumes/Macintosh\ HD\ -\ Daten/Cloud/Projekte/Apps/Plattformuebergreifend/AhoiBrowser/apps/AhoiMobile/Sources/AhoiMobileApp/Assets.xcassets --compile /tmp/ahoi-mobile-4113c14-ipad-derived/Build/Products/DebugLocal-iphonesimulator/AhoiMobile.app --output-format human-readable-text --notices --warnings --export-dependency-info /tmp/ahoi-mobile-4113c14-ipad-derived/Build/Intermediates.noindex/AhoiMobile.build/DebugLocal-iphonesimulator/AhoiMobile.build/assetcatalog_dependencies --output-partial-info-plist /tmp/ahoi-mobile-4113c14-ipad-derived/Build/Intermediates.noindex/AhoiMobile.build/DebugLocal-iphonesimulator/AhoiMobile.build/assetcatalog_generated_info.plist --app-icon AppIcon --compress-pngs --enable-on-demand-resources YES --development-region en --target-device iphone --target-device ipad --minimum-deployment-target 26.0 --platform iphonesimulator --bundle-identifier app.ahoibrowser.AhoiBrowser --generate-swift-asset-symbol-extensions NO --generate-swift-asset-symbols /tmp/ahoi-mobile-4113c14-ipad-derived/Build/Intermediates.noindex/AhoiMobile.build/DebugLocal-iphonesimulator/AhoiMobile.build/DerivedSources/GeneratedAssetSymbols.swift --generate-objc-asset-symbols /tmp/ahoi-mobile-4113c14-ipad-derived/Build/Intermediates.noindex/AhoiMobile.build/DebugLocal-iphonesimulator/AhoiMobile.build/DerivedSources/GeneratedAssetSymbols.h --generate-asset-symbol-index /tmp/ahoi-mobile-4113c14-ipad-derived/Build/Intermediates.noindex/AhoiMobile.build/DebugLocal-iphonesimulator/AhoiMobile.build/DerivedSources/GeneratedAssetSymbols-Index.plist
/* com.apple.actool.compilation-results */
/tmp/ahoi-mobile-4113c14-ipad-derived/Build/Intermediates.noindex/AhoiMobile.build/DebugLocal-iphonesimulator/AhoiMobile.build/DerivedSources/GeneratedAssetSymbols-Index.plist
/tmp/ahoi-mobile-4113c14-ipad-derived/Build/Intermediates.noindex/AhoiMobile.build/DebugLocal-iphonesimulator/AhoiMobile.build/DerivedSources/GeneratedAssetSymbols.h
/tmp/ahoi-mobile-4113c14-ipad-derived/Build/Intermediates.noindex/AhoiMobile.build/DebugLocal-iphonesimulator/AhoiMobile.build/DerivedSources/GeneratedAssetSymbols.swift


CopyStringsFile /tmp/ahoi-mobile-4113c14-ipad-derived/Build/Products/DebugLocal-iphonesimulator/AhoiMobile.app/en.lproj/InfoPlist.strings /Volumes/Macintosh\ HD\ -\ Daten/Cloud/Projekte/Apps/Plattformuebergreifend/AhoiBrowser/apps/AhoiMobile/Sources/AhoiMobileApp/en.lproj/InfoPlist.strings (in target 'AhoiMobile' from project 'AhoiMobile')
    cd /Volumes/Macintosh\ HD\ -\ Daten/Cloud/Projekte/Apps/Plattformuebergreifend/AhoiBrowser/apps/AhoiMobile
    builtin-copyStrings --validate --outputencoding binary --outfilename InfoPlist.strings --outdir /tmp/ahoi-mobile-4113c14-ipad-derived/Build/Products/DebugLocal-iphonesimulator/AhoiMobile.app/en.lproj -- /Volumes/Macintosh\ HD\ -\ Daten/Cloud/Projekte/Apps/Plattformuebergreifend/AhoiBrowser/apps/AhoiMobile/Sources/AhoiMobileApp/en.lproj/InfoPlist.strings
/Volumes/Macintosh HD - Daten/Cloud/Projekte/Apps/Plattformuebergreifend/AhoiBrowser/apps/AhoiMobile/Sources/AhoiMobileApp/en.lproj/InfoPlist.strings:1:1: note: detected encoding of input file as Unicode (UTF-8) (in target 'AhoiMobile' from project 'AhoiMobile')

CopyStringsFile /tmp/ahoi-mobile-4113c14-ipad-derived/Build/Products/DebugLocal-iphonesimulator/AhoiMobile.app/de.lproj/InfoPlist.strings /Volumes/Macintosh\ HD\ -\ Daten/Cloud/Projekte/Apps/Plattformuebergreifend/AhoiBrowser/apps/AhoiMobile/Sources/AhoiMobileApp/de.lproj/InfoPlist.strings (in target 'AhoiMobile' from project 'AhoiMobile')
    cd /Volumes/Macintosh\ HD\ -\ Daten/Cloud/Projekte/Apps/Plattformuebergreifend/AhoiBrowser/apps/AhoiMobile
    builtin-copyStrings --validate --outputencoding binary --outfilename InfoPlist.strings --outdir /tmp/ahoi-mobile-4113c14-ipad-derived/Build/Products/DebugLocal-iphonesimulator/AhoiMobile.app/de.lproj -- /Volumes/Macintosh\ HD\ -\ Daten/Cloud/Projekte/Apps/Plattformuebergreifend/AhoiBrowser/apps/AhoiMobile/Sources/AhoiMobileApp/de.lproj/InfoPlist.strings
/Volumes/Macintosh HD - Daten/Cloud/Projekte/Apps/Plattformuebergreifend/AhoiBrowser/apps/AhoiMobile/Sources/AhoiMobileApp/de.lproj/InfoPlist.strings:1:1: note: detected encoding of input file as Unicode (UTF-8) (in target 'AhoiMobile' from project 'AhoiMobile')

CompileAssetCatalogVariant thinned /tmp/ahoi-mobile-4113c14-ipad-derived/Build/Products/DebugLocal-iphonesimulator/AhoiMobile.app /Volumes/Macintosh\ HD\ -\ Daten/Cloud/Projekte/Apps/Plattformuebergreifend/AhoiBrowser/apps/AhoiMobile/Sources/AhoiMobileApp/Assets.xcassets (in target 'AhoiMobile' from project 'AhoiMobile')
    cd /Volumes/Macintosh\ HD\ -\ Daten/Cloud/Projekte/Apps/Plattformuebergreifend/AhoiBrowser/apps/AhoiMobile
    /Applications/Xcode.app/Contents/Developer/usr/bin/actool /Volumes/Macintosh\ HD\ -\ Daten/Cloud/Projekte/Apps/Plattformuebergreifend/AhoiBrowser/apps/AhoiMobile/Sources/AhoiMobileApp/Assets.xcassets --compile /tmp/ahoi-mobile-4113c14-ipad-derived/Build/Intermediates.noindex/AhoiMobile.build/DebugLocal-iphonesimulator/AhoiMobile.build/assetcatalog_output/thinned --output-format human-readable-text --notices --warnings --export-dependency-info /tmp/ahoi-mobile-4113c14-ipad-derived/Build/Intermediates.noindex/AhoiMobile.build/DebugLocal-iphonesimulator/AhoiMobile.build/assetcatalog_dependencies_thinned --output-partial-info-plist /tmp/ahoi-mobile-4113c14-ipad-derived/Build/Intermediates.noindex/AhoiMobile.build/DebugLocal-iphonesimulator/AhoiMobile.build/assetcatalog_generated_info.plist_thinned --app-icon AppIcon --compress-pngs --enable-on-demand-resources YES --filter-for-thinning-device-configuration iPad17,4-B --filter-for-device-os-version 26.5 --development-region en --target-device iphone --target-device ipad --minimum-deployment-target 26.0 --platform iphonesimulator
/* com.apple.actool.compilation-results */
/tmp/ahoi-mobile-4113c14-ipad-derived/Build/Intermediates.noindex/AhoiMobile.build/DebugLocal-iphonesimulator/AhoiMobile.build/assetcatalog_generated_info.plist_thinned
/tmp/ahoi-mobile-4113c14-ipad-derived/Build/Intermediates.noindex/AhoiMobile.build/DebugLocal-iphonesimulator/AhoiMobile.build/assetcatalog_output/thinned/AppIcon60x60@2x.png
/tmp/ahoi-mobile-4113c14-ipad-derived/Build/Intermediates.noindex/AhoiMobile.build/DebugLocal-iphonesimulator/AhoiMobile.build/assetcatalog_output/thinned/AppIcon76x76@2x~ipad.png
/tmp/ahoi-mobile-4113c14-ipad-derived/Build/Intermediates.noindex/AhoiMobile.build/DebugLocal-iphonesimulator/AhoiMobile.build/assetcatalog_output/thinned/Assets.car


Touch /tmp/ahoi-mobile-4113c14-ipad-derived/Build/Products/DebugLocal-iphonesimulator/AhoiMobileCoreTests.xctest (in target 'AhoiMobileCoreTests' from project 'AhoiMobile')
    cd /Volumes/Macintosh\ HD\ -\ Daten/Cloud/Projekte/Apps/Plattformuebergreifend/AhoiBrowser/apps/AhoiMobile
    /usr/bin/touch -c /tmp/ahoi-mobile-4113c14-ipad-derived/Build/Products/DebugLocal-iphonesimulator/AhoiMobileCoreTests.xctest

SwiftDriver AhoiMobile normal arm64 com.apple.xcode.tools.swift.compiler (in target 'AhoiMobile' from project 'AhoiMobile')
    cd /Volumes/Macintosh\ HD\ -\ Daten/Cloud/Projekte/Apps/Plattformuebergreifend/AhoiBrowser/apps/AhoiMobile
    builtin-SwiftDriver -- /Applications/Xcode.app/Contents/Developer/Toolchains/XcodeDefault.xctoolchain/usr/bin/swiftc -module-name AhoiMobile -Onone @/tmp/ahoi-mobile-4113c14-ipad-derived/Build/Intermediates.noindex/AhoiMobile.build/DebugLocal-iphonesimulator/AhoiMobile.build/Objects-normal/arm64/AhoiMobile.SwiftFileList -DDEBUG -enable-experimental-feature DebugDescriptionMacro -sdk /Applications/Xcode.app/Contents/Developer/Platforms/iPhoneSimulator.platform/Developer/SDKs/iPhoneSimulator26.5.sdk -target arm64-apple-ios26.0-simulator -g -module-cache-path /tmp/ahoi-mobile-4113c14-ipad-derived/ModuleCache.noindex -Xfrontend -serialize-debugging-options -enable-testing -index-store-path /tmp/ahoi-mobile-4113c14-ipad-derived/Index.noindex/DataStore -Xcc -D_LIBCPP_HARDENING_MODE\=_LIBCPP_HARDENING_MODE_DEBUG -swift-version 6 -I /tmp/ahoi-mobile-4113c14-ipad-derived/Build/Products/DebugLocal-iphonesimulator -F /tmp/ahoi-mobile-4113c14-ipad-derived/Build/Products/DebugLocal-iphonesimulator/PackageFrameworks -F /tmp/ahoi-mobile-4113c14-ipad-derived/Build/Products/DebugLocal-iphonesimulator -c -j12 -enable-batch-mode -incremental -Xcc -ivfsstatcache -Xcc /tmp/ahoi-mobile-4113c14-ipad-derived/SDKStatCaches.noindex/iphonesimulator26.5-23F81a-688ef53f1462e2c8f657fdc38a81448f6cfe768891a92b912361537c460fe42b.sdkstatcache -output-file-map /tmp/ahoi-mobile-4113c14-ipad-derived/Build/Intermediates.noindex/AhoiMobile.build/DebugLocal-iphonesimulator/AhoiMobile.build/Objects-normal/arm64/AhoiMobile-OutputFileMap.json -use-frontend-parseable-output -save-temps -no-color-diagnostics -explicit-module-build -module-cache-path /tmp/ahoi-mobile-4113c14-ipad-derived/Build/Intermediates.noindex/SwiftExplicitPrecompiledModules -clang-scanner-module-cache-path /tmp/ahoi-mobile-4113c14-ipad-derived/ModuleCache.noindex -sdk-module-cache-path /tmp/ahoi-mobile-4113c14-ipad-derived/ModuleCache.noindex -serialize-diagnostics -emit-dependencies -emit-module -emit-module-path /tmp/ahoi-mobile-4113c14-ipad-derived/Build/Intermediates.noindex/AhoiMobile.build/DebugLocal-iphonesimulator/AhoiMobile.build/Objects-normal/arm64/AhoiMobile.swiftmodule -validate-clang-modules-once -clang-build-session-file /tmp/ahoi-mobile-4113c14-ipad-derived/ModuleCache.noindex/Session.modulevalidation -Xcc -I/tmp/ahoi-mobile-4113c14-ipad-derived/Build/Intermediates.noindex/AhoiMobile.build/DebugLocal-iphonesimulator/AhoiMobile.build/swift-overrides.hmap -emit-const-values -Xfrontend -const-gather-protocols-file -Xfrontend /tmp/ahoi-mobile-4113c14-ipad-derived/Build/Intermediates.noindex/AhoiMobile.build/DebugLocal-iphonesimulator/AhoiMobile.build/Objects-normal/arm64/AhoiMobile_const_extract_protocols.json -Xcc -iquote -Xcc /tmp/ahoi-mobile-4113c14-ipad-derived/Build/Intermediates.noindex/AhoiMobile.build/DebugLocal-iphonesimulator/AhoiMobile.build/AhoiMobile-generated-files.hmap -Xcc -I/tmp/ahoi-mobile-4113c14-ipad-derived/Build/Intermediates.noindex/AhoiMobile.build/DebugLocal-iphonesimulator/AhoiMobile.build/AhoiMobile-own-target-headers.hmap -Xcc -I/tmp/ahoi-mobile-4113c14-ipad-derived/Build/Intermediates.noindex/AhoiMobile.build/DebugLocal-iphonesimulator/AhoiMobile.build/AhoiMobile-all-non-framework-target-headers.hmap -Xcc -ivfsoverlay -Xcc /tmp/ahoi-mobile-4113c14-ipad-derived/Build/Intermediates.noindex/AhoiMobile.build/DebugLocal-iphonesimulator/AhoiMobile-a44a3a976db28ace36eae5fb72a0335b-VFS-iphonesimulator/all-product-headers.yaml -Xcc -iquote -Xcc /tmp/ahoi-mobile-4113c14-ipad-derived/Build/Intermediates.noindex/AhoiMobile.build/DebugLocal-iphonesimulator/AhoiMobile.build/AhoiMobile-project-headers.hmap -Xcc -I/tmp/ahoi-mobile-4113c14-ipad-derived/Build/Products/DebugLocal-iphonesimulator/include -Xcc -I/tmp/ahoi-mobile-4113c14-ipad-derived/Build/Intermediates.noindex/AhoiMobile.build/DebugLocal-iphonesimulator/AhoiMobile.build/DerivedSources-normal/arm64 -Xcc -I/tmp/ahoi-mobile-4113c14-ipad-derived/Build/Intermediates.noindex/AhoiMobile.build/DebugLocal-iphonesimulator/AhoiMobile.build/DerivedSources/arm64 -Xcc -I/tmp/ahoi-mobile-4113c14-ipad-derived/Build/Intermediates.noindex/AhoiMobile.build/DebugLocal-iphonesimulator/AhoiMobile.build/DerivedSources -Xcc -DDEBUG\=1 -emit-objc-header -emit-objc-header-path /tmp/ahoi-mobile-4113c14-ipad-derived/Build/Intermediates.noindex/AhoiMobile.build/DebugLocal-iphonesimulator/AhoiMobile.build/Objects-normal/arm64/AhoiMobile-Swift.h -working-directory /Volumes/Macintosh\ HD\ -\ Daten/Cloud/Projekte/Apps/Plattformuebergreifend/AhoiBrowser/apps/AhoiMobile -experimental-emit-module-separately -disable-cmo

SwiftEmitModule normal arm64 Emitting\ module\ for\ AhoiMobile (in target 'AhoiMobile' from project 'AhoiMobile')

EmitSwiftModule normal arm64 (in target 'AhoiMobile' from project 'AhoiMobile')
    cd /Volumes/Macintosh\ HD\ -\ Daten/Cloud/Projekte/Apps/Plattformuebergreifend/AhoiBrowser/apps/AhoiMobile
    

SwiftCompile normal arm64 Compiling\ AppEntry.swift /Volumes/Macintosh\ HD\ -\ Daten/Cloud/Projekte/Apps/Plattformuebergreifend/AhoiBrowser/apps/AhoiMobile/Sources/AhoiMobileApp/AppEntry.swift (in target 'AhoiMobile' from project 'AhoiMobile')

SwiftCompile normal arm64 /Volumes/Macintosh\ HD\ -\ Daten/Cloud/Projekte/Apps/Plattformuebergreifend/AhoiBrowser/apps/AhoiMobile/Sources/AhoiMobileApp/AppEntry.swift (in target 'AhoiMobile' from project 'AhoiMobile')
    cd /Volumes/Macintosh\ HD\ -\ Daten/Cloud/Projekte/Apps/Plattformuebergreifend/AhoiBrowser/apps/AhoiMobile
    

SwiftCompile normal arm64 Compiling\ GeneratedAssetSymbols.swift /tmp/ahoi-mobile-4113c14-ipad-derived/Build/Intermediates.noindex/AhoiMobile.build/DebugLocal-iphonesimulator/AhoiMobile.build/DerivedSources/GeneratedAssetSymbols.swift (in target 'AhoiMobile' from project 'AhoiMobile')

SwiftCompile normal arm64 /tmp/ahoi-mobile-4113c14-ipad-derived/Build/Intermediates.noindex/AhoiMobile.build/DebugLocal-iphonesimulator/AhoiMobile.build/DerivedSources/GeneratedAssetSymbols.swift (in target 'AhoiMobile' from project 'AhoiMobile')
    cd /Volumes/Macintosh\ HD\ -\ Daten/Cloud/Projekte/Apps/Plattformuebergreifend/AhoiBrowser/apps/AhoiMobile
    

SwiftDriverJobDiscovery normal arm64 Compiling GeneratedAssetSymbols.swift (in target 'AhoiMobile' from project 'AhoiMobile')

SwiftDriverJobDiscovery normal arm64 Emitting module for AhoiMobile (in target 'AhoiMobile' from project 'AhoiMobile')

SwiftDriver\ Compilation\ Requirements AhoiMobile normal arm64 com.apple.xcode.tools.swift.compiler (in target 'AhoiMobile' from project 'AhoiMobile')
    cd /Volumes/Macintosh\ HD\ -\ Daten/Cloud/Projekte/Apps/Plattformuebergreifend/AhoiBrowser/apps/AhoiMobile
    builtin-Swift-Compilation-Requirements -- /Applications/Xcode.app/Contents/Developer/Toolchains/XcodeDefault.xctoolchain/usr/bin/swiftc -module-name AhoiMobile -Onone @/tmp/ahoi-mobile-4113c14-ipad-derived/Build/Intermediates.noindex/AhoiMobile.build/DebugLocal-iphonesimulator/AhoiMobile.build/Objects-normal/arm64/AhoiMobile.SwiftFileList -DDEBUG -enable-experimental-feature DebugDescriptionMacro -sdk /Applications/Xcode.app/Contents/Developer/Platforms/iPhoneSimulator.platform/Developer/SDKs/iPhoneSimulator26.5.sdk -target arm64-apple-ios26.0-simulator -g -module-cache-path /tmp/ahoi-mobile-4113c14-ipad-derived/ModuleCache.noindex -Xfrontend -serialize-debugging-options -enable-testing -index-store-path /tmp/ahoi-mobile-4113c14-ipad-derived/Index.noindex/DataStore -Xcc -D_LIBCPP_HARDENING_MODE\=_LIBCPP_HARDENING_MODE_DEBUG -swift-version 6 -I /tmp/ahoi-mobile-4113c14-ipad-derived/Build/Products/DebugLocal-iphonesimulator -F /tmp/ahoi-mobile-4113c14-ipad-derived/Build/Products/DebugLocal-iphonesimulator/PackageFrameworks -F /tmp/ahoi-mobile-4113c14-ipad-derived/Build/Products/DebugLocal-iphonesimulator -c -j12 -enable-batch-mode -incremental -Xcc -ivfsstatcache -Xcc /tmp/ahoi-mobile-4113c14-ipad-derived/SDKStatCaches.noindex/iphonesimulator26.5-23F81a-688ef53f1462e2c8f657fdc38a81448f6cfe768891a92b912361537c460fe42b.sdkstatcache -output-file-map /tmp/ahoi-mobile-4113c14-ipad-derived/Build/Intermediates.noindex/AhoiMobile.build/DebugLocal-iphonesimulator/AhoiMobile.build/Objects-normal/arm64/AhoiMobile-OutputFileMap.json -use-frontend-parseable-output -save-temps -no-color-diagnostics -explicit-module-build -module-cache-path /tmp/ahoi-mobile-4113c14-ipad-derived/Build/Intermediates.noindex/SwiftExplicitPrecompiledModules -clang-scanner-module-cache-path /tmp/ahoi-mobile-4113c14-ipad-derived/ModuleCache.noindex -sdk-module-cache-path /tmp/ahoi-mobile-4113c14-ipad-derived/ModuleCache.noindex -serialize-diagnostics -emit-dependencies -emit-module -emit-module-path /tmp/ahoi-mobile-4113c14-ipad-derived/Build/Intermediates.noindex/AhoiMobile.build/DebugLocal-iphonesimulator/AhoiMobile.build/Objects-normal/arm64/AhoiMobile.swiftmodule -validate-clang-modules-once -clang-build-session-file /tmp/ahoi-mobile-4113c14-ipad-derived/ModuleCache.noindex/Session.modulevalidation -Xcc -I/tmp/ahoi-mobile-4113c14-ipad-derived/Build/Intermediates.noindex/AhoiMobile.build/DebugLocal-iphonesimulator/AhoiMobile.build/swift-overrides.hmap -emit-const-values -Xfrontend -const-gather-protocols-file -Xfrontend /tmp/ahoi-mobile-4113c14-ipad-derived/Build/Intermediates.noindex/AhoiMobile.build/DebugLocal-iphonesimulator/AhoiMobile.build/Objects-normal/arm64/AhoiMobile_const_extract_protocols.json -Xcc -iquote -Xcc /tmp/ahoi-mobile-4113c14-ipad-derived/Build/Intermediates.noindex/AhoiMobile.build/DebugLocal-iphonesimulator/AhoiMobile.build/AhoiMobile-generated-files.hmap -Xcc -I/tmp/ahoi-mobile-4113c14-ipad-derived/Build/Intermediates.noindex/AhoiMobile.build/DebugLocal-iphonesimulator/AhoiMobile.build/AhoiMobile-own-target-headers.hmap -Xcc -I/tmp/ahoi-mobile-4113c14-ipad-derived/Build/Intermediates.noindex/AhoiMobile.build/DebugLocal-iphonesimulator/AhoiMobile.build/AhoiMobile-all-non-framework-target-headers.hmap -Xcc -ivfsoverlay -Xcc /tmp/ahoi-mobile-4113c14-ipad-derived/Build/Intermediates.noindex/AhoiMobile.build/DebugLocal-iphonesimulator/AhoiMobile-a44a3a976db28ace36eae5fb72a0335b-VFS-iphonesimulator/all-product-headers.yaml -Xcc -iquote -Xcc /tmp/ahoi-mobile-4113c14-ipad-derived/Build/Intermediates.noindex/AhoiMobile.build/DebugLocal-iphonesimulator/AhoiMobile.build/AhoiMobile-project-headers.hmap -Xcc -I/tmp/ahoi-mobile-4113c14-ipad-derived/Build/Products/DebugLocal-iphonesimulator/include -Xcc -I/tmp/ahoi-mobile-4113c14-ipad-derived/Build/Intermediates.noindex/AhoiMobile.build/DebugLocal-iphonesimulator/AhoiMobile.build/DerivedSources-normal/arm64 -Xcc -I/tmp/ahoi-mobile-4113c14-ipad-derived/Build/Intermediates.noindex/AhoiMobile.build/DebugLocal-iphonesimulator/AhoiMobile.build/DerivedSources/arm64 -Xcc -I/tmp/ahoi-mobile-4113c14-ipad-derived/Build/Intermediates.noindex/AhoiMobile.build/DebugLocal-iphonesimulator/AhoiMobile.build/DerivedSources -Xcc -DDEBUG\=1 -emit-objc-header -emit-objc-header-path /tmp/ahoi-mobile-4113c14-ipad-derived/Build/Intermediates.noindex/AhoiMobile.build/DebugLocal-iphonesimulator/AhoiMobile.build/Objects-normal/arm64/AhoiMobile-Swift.h -working-directory /Volumes/Macintosh\ HD\ -\ Daten/Cloud/Projekte/Apps/Plattformuebergreifend/AhoiBrowser/apps/AhoiMobile -experimental-emit-module-separately -disable-cmo

SwiftMergeGeneratedHeaders /tmp/ahoi-mobile-4113c14-ipad-derived/Build/Intermediates.noindex/AhoiMobile.build/DebugLocal-iphonesimulator/AhoiMobile.build/DerivedSources/AhoiMobile-Swift.h /tmp/ahoi-mobile-4113c14-ipad-derived/Build/Intermediates.noindex/AhoiMobile.build/DebugLocal-iphonesimulator/AhoiMobile.build/Objects-normal/arm64/AhoiMobile-Swift.h (in target 'AhoiMobile' from project 'AhoiMobile')
    cd /Volumes/Macintosh\ HD\ -\ Daten/Cloud/Projekte/Apps/Plattformuebergreifend/AhoiBrowser/apps/AhoiMobile
    builtin-swiftHeaderTool -arch arm64 /tmp/ahoi-mobile-4113c14-ipad-derived/Build/Intermediates.noindex/AhoiMobile.build/DebugLocal-iphonesimulator/AhoiMobile.build/Objects-normal/arm64/AhoiMobile-Swift.h -o /tmp/ahoi-mobile-4113c14-ipad-derived/Build/Intermediates.noindex/AhoiMobile.build/DebugLocal-iphonesimulator/AhoiMobile.build/DerivedSources/AhoiMobile-Swift.h

Copy /tmp/ahoi-mobile-4113c14-ipad-derived/Build/Products/DebugLocal-iphonesimulator/AhoiMobile.swiftmodule/arm64-apple-ios-simulator.abi.json /tmp/ahoi-mobile-4113c14-ipad-derived/Build/Intermediates.noindex/AhoiMobile.build/DebugLocal-iphonesimulator/AhoiMobile.build/Objects-normal/arm64/AhoiMobile.abi.json (in target 'AhoiMobile' from project 'AhoiMobile')
    cd /Volumes/Macintosh\ HD\ -\ Daten/Cloud/Projekte/Apps/Plattformuebergreifend/AhoiBrowser/apps/AhoiMobile
    builtin-copy -exclude .DS_Store -exclude CVS -exclude .svn -exclude .git -exclude .hg -resolve-src-symlinks -rename /tmp/ahoi-mobile-4113c14-ipad-derived/Build/Intermediates.noindex/AhoiMobile.build/DebugLocal-iphonesimulator/AhoiMobile.build/Objects-normal/arm64/AhoiMobile.abi.json /tmp/ahoi-mobile-4113c14-ipad-derived/Build/Products/DebugLocal-iphonesimulator/AhoiMobile.swiftmodule/arm64-apple-ios-simulator.abi.json

Copy /tmp/ahoi-mobile-4113c14-ipad-derived/Build/Products/DebugLocal-iphonesimulator/AhoiMobile.swiftmodule/arm64-apple-ios-simulator.swiftdoc /tmp/ahoi-mobile-4113c14-ipad-derived/Build/Intermediates.noindex/AhoiMobile.build/DebugLocal-iphonesimulator/AhoiMobile.build/Objects-normal/arm64/AhoiMobile.swiftdoc (in target 'AhoiMobile' from project 'AhoiMobile')
    cd /Volumes/Macintosh\ HD\ -\ Daten/Cloud/Projekte/Apps/Plattformuebergreifend/AhoiBrowser/apps/AhoiMobile
    builtin-copy -exclude .DS_Store -exclude CVS -exclude .svn -exclude .git -exclude .hg -resolve-src-symlinks -rename /tmp/ahoi-mobile-4113c14-ipad-derived/Build/Intermediates.noindex/AhoiMobile.build/DebugLocal-iphonesimulator/AhoiMobile.build/Objects-normal/arm64/AhoiMobile.swiftdoc /tmp/ahoi-mobile-4113c14-ipad-derived/Build/Products/DebugLocal-iphonesimulator/AhoiMobile.swiftmodule/arm64-apple-ios-simulator.swiftdoc

Copy /tmp/ahoi-mobile-4113c14-ipad-derived/Build/Products/DebugLocal-iphonesimulator/AhoiMobile.swiftmodule/Project/arm64-apple-ios-simulator.swiftsourceinfo /tmp/ahoi-mobile-4113c14-ipad-derived/Build/Intermediates.noindex/AhoiMobile.build/DebugLocal-iphonesimulator/AhoiMobile.build/Objects-normal/arm64/AhoiMobile.swiftsourceinfo (in target 'AhoiMobile' from project 'AhoiMobile')
    cd /Volumes/Macintosh\ HD\ -\ Daten/Cloud/Projekte/Apps/Plattformuebergreifend/AhoiBrowser/apps/AhoiMobile
    builtin-copy -exclude .DS_Store -exclude CVS -exclude .svn -exclude .git -exclude .hg -resolve-src-symlinks -rename /tmp/ahoi-mobile-4113c14-ipad-derived/Build/Intermediates.noindex/AhoiMobile.build/DebugLocal-iphonesimulator/AhoiMobile.build/Objects-normal/arm64/AhoiMobile.swiftsourceinfo /tmp/ahoi-mobile-4113c14-ipad-derived/Build/Products/DebugLocal-iphonesimulator/AhoiMobile.swiftmodule/Project/arm64-apple-ios-simulator.swiftsourceinfo

Copy /tmp/ahoi-mobile-4113c14-ipad-derived/Build/Products/DebugLocal-iphonesimulator/AhoiMobile.swiftmodule/arm64-apple-ios-simulator.swiftmodule /tmp/ahoi-mobile-4113c14-ipad-derived/Build/Intermediates.noindex/AhoiMobile.build/DebugLocal-iphonesimulator/AhoiMobile.build/Objects-normal/arm64/AhoiMobile.swiftmodule (in target 'AhoiMobile' from project 'AhoiMobile')
    cd /Volumes/Macintosh\ HD\ -\ Daten/Cloud/Projekte/Apps/Plattformuebergreifend/AhoiBrowser/apps/AhoiMobile
    builtin-copy -exclude .DS_Store -exclude CVS -exclude .svn -exclude .git -exclude .hg -resolve-src-symlinks -rename /tmp/ahoi-mobile-4113c14-ipad-derived/Build/Intermediates.noindex/AhoiMobile.build/DebugLocal-iphonesimulator/AhoiMobile.build/Objects-normal/arm64/AhoiMobile.swiftmodule /tmp/ahoi-mobile-4113c14-ipad-derived/Build/Products/DebugLocal-iphonesimulator/AhoiMobile.swiftmodule/arm64-apple-ios-simulator.swiftmodule

ScanDependencies /tmp/ahoi-mobile-4113c14-ipad-derived/Build/Intermediates.noindex/AhoiMobile.build/DebugLocal-iphonesimulator/AhoiMobile.build/Objects-normal/arm64/AhoiMobile_vers.o /tmp/ahoi-mobile-4113c14-ipad-derived/Build/Intermediates.noindex/AhoiMobile.build/DebugLocal-iphonesimulator/AhoiMobile.build/DerivedSources/AhoiMobile_vers.c normal arm64 c com.apple.compilers.llvm.clang.1_0.compiler (in target 'AhoiMobile' from project 'AhoiMobile')
    cd /Volumes/Macintosh\ HD\ -\ Daten/Cloud/Projekte/Apps/Plattformuebergreifend/AhoiBrowser/apps/AhoiMobile
    
    Using response file: /tmp/ahoi-mobile-4113c14-ipad-derived/Build/Intermediates.noindex/AhoiMobile.build/DebugLocal-iphonesimulator/AhoiMobile.build/Objects-normal/arm64/7187679823f38a2a940e0043cdf9d637-common-args.resp
    
    builtin-ScanDependencies -o /tmp/ahoi-mobile-4113c14-ipad-derived/Build/Intermediates.noindex/AhoiMobile.build/DebugLocal-iphonesimulator/AhoiMobile.build/Objects-normal/arm64/AhoiMobile_vers.o.scan -- /Applications/Xcode.app/Contents/Developer/Toolchains/XcodeDefault.xctoolchain/usr/bin/clang -x c -ivfsstatcache /tmp/ahoi-mobile-4113c14-ipad-derived/SDKStatCaches.noindex/iphonesimulator26.5-23F81a-688ef53f1462e2c8f657fdc38a81448f6cfe768891a92b912361537c460fe42b.sdkstatcache -target arm64-apple-ios26.0-simulator -fmessage-length\=0 -fdiagnostics-show-note-include-stack -fmacro-backtrace-limit\=0 -fno-color-diagnostics -fmodules-prune-interval\=86400 -fmodules-prune-after\=345600 -fbuild-session-file\=/tmp/ahoi-mobile-4113c14-ipad-derived/ModuleCache.noindex/Session.modulevalidation -fmodules-validate-once-per-build-session -Wnon-modular-include-in-framework-module -Werror\=non-modular-include-in-framework-module -Wno-trigraphs -Wno-missing-field-initializers -Wno-missing-prototypes -Werror\=return-type -Wdocumentation -Wunreachable-code -Wquoted-include-in-framework-header -Werror\=deprecated-objc-isa-usage -Werror\=objc-root-class -Wno-missing-braces -Wparentheses -Wswitch -Wunused-function -Wno-unused-label -Wno-unused-parameter -Wunused-variable -Wunused-value -Wempty-body -Wuninitialized -Wconditional-uninitialized -Wno-unknown-pragmas -Wno-shadow -Wno-four-char-constants -Wno-conversion -Wconstant-conversion -Wint-conversion -Wbool-conversion -Wenum-conversion -Wno-float-conversion -Wnon-literal-null-conversion -Wobjc-literal-conversion -Wshorten-64-to-32 -Wpointer-sign -Wno-newline-eof -Wno-implicit-fallthrough -isysroot /Applications/Xcode.app/Contents/Developer/Platforms/iPhoneSimulator.platform/Developer/SDKs/iPhoneSimulator26.5.sdk -fstrict-aliasing -Wdeprecated-declarations -Wno-sign-conversion -Winfinite-recursion -Wcomma -Wblock-capture-autoreleasing -Wstrict-prototypes -Wno-semicolon-before-method-body -Wunguarded-availability -index-store-path /tmp/ahoi-mobile-4113c14-ipad-derived/Index.noindex/DataStore @/tmp/ahoi-mobile-4113c14-ipad-derived/Build/Intermediates.noindex/AhoiMobile.build/DebugLocal-iphonesimulator/AhoiMobile.build/Objects-normal/arm64/7187679823f38a2a940e0043cdf9d637-common-args.resp -MMD -MT dependencies -MF /tmp/ahoi-mobile-4113c14-ipad-derived/Build/Intermediates.noindex/AhoiMobile.build/DebugLocal-iphonesimulator/AhoiMobile.build/Objects-normal/arm64/AhoiMobile_vers.d --serialize-diagnostics /tmp/ahoi-mobile-4113c14-ipad-derived/Build/Intermediates.noindex/AhoiMobile.build/DebugLocal-iphonesimulator/AhoiMobile.build/Objects-normal/arm64/AhoiMobile_vers.dia -c /tmp/ahoi-mobile-4113c14-ipad-derived/Build/Intermediates.noindex/AhoiMobile.build/DebugLocal-iphonesimulator/AhoiMobile.build/DerivedSources/AhoiMobile_vers.c -o /tmp/ahoi-mobile-4113c14-ipad-derived/Build/Intermediates.noindex/AhoiMobile.build/DebugLocal-iphonesimulator/AhoiMobile.build/Objects-normal/arm64/AhoiMobile_vers.o -index-unit-output-path /AhoiMobile.build/DebugLocal-iphonesimulator/AhoiMobile.build/Objects-normal/arm64/AhoiMobile_vers.o

ProcessProductPackaging "" /tmp/ahoi-mobile-4113c14-ipad-derived/Build/Intermediates.noindex/AhoiMobile.build/DebugLocal-iphonesimulator/AhoiMobileUITests.build/AhoiMobileUITests.xctest-Simulated.xcent (in target 'AhoiMobileUITests' from project 'AhoiMobile')
    cd /Volumes/Macintosh\ HD\ -\ Daten/Cloud/Projekte/Apps/Plattformuebergreifend/AhoiBrowser/apps/AhoiMobile
    
    Entitlements:
    
    {
    "application-identifier" = "248AJ5BN47.app.ahoibrowser.AhoiBrowser.uitests.xctrunner";
    "keychain-access-groups" =     (
        "248AJ5BN47.app.ahoibrowser.AhoiBrowser.uitests.xctrunner"
    );
}
    
    builtin-productPackagingUtility -entitlements -format xml -o /tmp/ahoi-mobile-4113c14-ipad-derived/Build/Intermediates.noindex/AhoiMobile.build/DebugLocal-iphonesimulator/AhoiMobileUITests.build/AhoiMobileUITests.xctest-Simulated.xcent

ProcessProductPackagingDER /tmp/ahoi-mobile-4113c14-ipad-derived/Build/Intermediates.noindex/AhoiMobile.build/DebugLocal-iphonesimulator/AhoiMobileUITests.build/AhoiMobileUITests.xctest-Simulated.xcent /tmp/ahoi-mobile-4113c14-ipad-derived/Build/Intermediates.noindex/AhoiMobile.build/DebugLocal-iphonesimulator/AhoiMobileUITests.build/AhoiMobileUITests.xctest-Simulated.xcent.der (in target 'AhoiMobileUITests' from project 'AhoiMobile')
    cd /Volumes/Macintosh\ HD\ -\ Daten/Cloud/Projekte/Apps/Plattformuebergreifend/AhoiBrowser/apps/AhoiMobile
    /usr/bin/derq query -f xml -i /tmp/ahoi-mobile-4113c14-ipad-derived/Build/Intermediates.noindex/AhoiMobile.build/DebugLocal-iphonesimulator/AhoiMobileUITests.build/AhoiMobileUITests.xctest-Simulated.xcent -o /tmp/ahoi-mobile-4113c14-ipad-derived/Build/Intermediates.noindex/AhoiMobile.build/DebugLocal-iphonesimulator/AhoiMobileUITests.build/AhoiMobileUITests.xctest-Simulated.xcent.der --raw

CompileC /tmp/ahoi-mobile-4113c14-ipad-derived/Build/Intermediates.noindex/AhoiMobile.build/DebugLocal-iphonesimulator/AhoiMobile.build/Objects-normal/arm64/AhoiMobile_vers.o /tmp/ahoi-mobile-4113c14-ipad-derived/Build/Intermediates.noindex/AhoiMobile.build/DebugLocal-iphonesimulator/AhoiMobile.build/DerivedSources/AhoiMobile_vers.c normal arm64 c com.apple.compilers.llvm.clang.1_0.compiler (in target 'AhoiMobile' from project 'AhoiMobile')
    cd /Volumes/Macintosh\ HD\ -\ Daten/Cloud/Projekte/Apps/Plattformuebergreifend/AhoiBrowser/apps/AhoiMobile
    
    Using response file: /tmp/ahoi-mobile-4113c14-ipad-derived/Build/Intermediates.noindex/AhoiMobile.build/DebugLocal-iphonesimulator/AhoiMobile.build/Objects-normal/arm64/7187679823f38a2a940e0043cdf9d637-common-args.resp
    
    /Applications/Xcode.app/Contents/Developer/Toolchains/XcodeDefault.xctoolchain/usr/bin/clang -x c -ivfsstatcache /tmp/ahoi-mobile-4113c14-ipad-derived/SDKStatCaches.noindex/iphonesimulator26.5-23F81a-688ef53f1462e2c8f657fdc38a81448f6cfe768891a92b912361537c460fe42b.sdkstatcache -target arm64-apple-ios26.0-simulator -fmessage-length\=0 -fdiagnostics-show-note-include-stack -fmacro-backtrace-limit\=0 -fno-color-diagnostics -fmodules-prune-interval\=86400 -fmodules-prune-after\=345600 -fbuild-session-file\=/tmp/ahoi-mobile-4113c14-ipad-derived/ModuleCache.noindex/Session.modulevalidation -fmodules-validate-once-per-build-session -Wnon-modular-include-in-framework-module -Werror\=non-modular-include-in-framework-module -Wno-trigraphs -Wno-missing-field-initializers -Wno-missing-prototypes -Werror\=return-type -Wdocumentation -Wunreachable-code -Wquoted-include-in-framework-header -Werror\=deprecated-objc-isa-usage -Werror\=objc-root-class -Wno-missing-braces -Wparentheses -Wswitch -Wunused-function -Wno-unused-label -Wno-unused-parameter -Wunused-variable -Wunused-value -Wempty-body -Wuninitialized -Wconditional-uninitialized -Wno-unknown-pragmas -Wno-shadow -Wno-four-char-constants -Wno-conversion -Wconstant-conversion -Wint-conversion -Wbool-conversion -Wenum-conversion -Wno-float-conversion -Wnon-literal-null-conversion -Wobjc-literal-conversion -Wshorten-64-to-32 -Wpointer-sign -Wno-newline-eof -Wno-implicit-fallthrough -isysroot /Applications/Xcode.app/Contents/Developer/Platforms/iPhoneSimulator.platform/Developer/SDKs/iPhoneSimulator26.5.sdk -fstrict-aliasing -Wdeprecated-declarations -Wno-sign-conversion -Winfinite-recursion -Wcomma -Wblock-capture-autoreleasing -Wstrict-prototypes -Wno-semicolon-before-method-body -Wunguarded-availability -index-store-path /tmp/ahoi-mobile-4113c14-ipad-derived/Index.noindex/DataStore @/tmp/ahoi-mobile-4113c14-ipad-derived/Build/Intermediates.noindex/AhoiMobile.build/DebugLocal-iphonesimulator/AhoiMobile.build/Objects-normal/arm64/7187679823f38a2a940e0043cdf9d637-common-args.resp -MMD -MT dependencies -MF /tmp/ahoi-mobile-4113c14-ipad-derived/Build/Intermediates.noindex/AhoiMobile.build/DebugLocal-iphonesimulator/AhoiMobile.build/Objects-normal/arm64/AhoiMobile_vers.d --serialize-diagnostics /tmp/ahoi-mobile-4113c14-ipad-derived/Build/Intermediates.noindex/AhoiMobile.build/DebugLocal-iphonesimulator/AhoiMobile.build/Objects-normal/arm64/AhoiMobile_vers.dia -c /tmp/ahoi-mobile-4113c14-ipad-derived/Build/Intermediates.noindex/AhoiMobile.build/DebugLocal-iphonesimulator/AhoiMobile.build/DerivedSources/AhoiMobile_vers.c -o /tmp/ahoi-mobile-4113c14-ipad-derived/Build/Intermediates.noindex/AhoiMobile.build/DebugLocal-iphonesimulator/AhoiMobile.build/Objects-normal/arm64/AhoiMobile_vers.o -index-unit-output-path /AhoiMobile.build/DebugLocal-iphonesimulator/AhoiMobile.build/Objects-normal/arm64/AhoiMobile_vers.o

SwiftDriver AhoiMobileUITests normal arm64 com.apple.xcode.tools.swift.compiler (in target 'AhoiMobileUITests' from project 'AhoiMobile')
    cd /Volumes/Macintosh\ HD\ -\ Daten/Cloud/Projekte/Apps/Plattformuebergreifend/AhoiBrowser/apps/AhoiMobile
    builtin-SwiftDriver -- /Applications/Xcode.app/Contents/Developer/Toolchains/XcodeDefault.xctoolchain/usr/bin/swiftc -module-name AhoiMobileUITests -Onone @/tmp/ahoi-mobile-4113c14-ipad-derived/Build/Intermediates.noindex/AhoiMobile.build/DebugLocal-iphonesimulator/AhoiMobileUITests.build/Objects-normal/arm64/AhoiMobileUITests.SwiftFileList -DDEBUG -module-alias Testing\=_Testing_Unavailable -plugin-path /Applications/Xcode.app/Contents/Developer/Toolchains/XcodeDefault.xctoolchain/usr/lib/swift/host/plugins/testing -enable-experimental-feature DebugDescriptionMacro -sdk /Applications/Xcode.app/Contents/Developer/Platforms/iPhoneSimulator.platform/Developer/SDKs/iPhoneSimulator26.5.sdk -target arm64-apple-ios26.0-simulator -g -module-cache-path /tmp/ahoi-mobile-4113c14-ipad-derived/ModuleCache.noindex -Xfrontend -serialize-debugging-options -enable-testing -index-store-path /tmp/ahoi-mobile-4113c14-ipad-derived/Index.noindex/DataStore -Xcc -D_LIBCPP_HARDENING_MODE\=_LIBCPP_HARDENING_MODE_DEBUG -swift-version 6 -I /tmp/ahoi-mobile-4113c14-ipad-derived/Build/Products/DebugLocal-iphonesimulator -Isystem /Applications/Xcode.app/Contents/Developer/Platforms/iPhoneSimulator.platform/Developer/usr/lib -F /tmp/ahoi-mobile-4113c14-ipad-derived/Build/Products/DebugLocal-iphonesimulator -F /Applications/Xcode.app/Contents/Developer/Platforms/iPhoneSimulator.platform/Developer/Library/Frameworks -F /Applications/Xcode.app/Contents/Developer/Platforms/iPhoneSimulator.platform/Developer/SDKs/iPhoneSimulator26.5.sdk/Developer/Library/Frameworks -c -j12 -enable-batch-mode -incremental -Xcc -ivfsstatcache -Xcc /tmp/ahoi-mobile-4113c14-ipad-derived/SDKStatCaches.noindex/iphonesimulator26.5-23F81a-688ef53f1462e2c8f657fdc38a81448f6cfe768891a92b912361537c460fe42b.sdkstatcache -output-file-map /tmp/ahoi-mobile-4113c14-ipad-derived/Build/Intermediates.noindex/AhoiMobile.build/DebugLocal-iphonesimulator/AhoiMobileUITests.build/Objects-normal/arm64/AhoiMobileUITests-OutputFileMap.json -use-frontend-parseable-output -save-temps -no-color-diagnostics -explicit-module-build -module-cache-path /tmp/ahoi-mobile-4113c14-ipad-derived/Build/Intermediates.noindex/SwiftExplicitPrecompiledModules -clang-scanner-module-cache-path /tmp/ahoi-mobile-4113c14-ipad-derived/ModuleCache.noindex -sdk-module-cache-path /tmp/ahoi-mobile-4113c14-ipad-derived/ModuleCache.noindex -serialize-diagnostics -emit-dependencies -emit-module -emit-module-path /tmp/ahoi-mobile-4113c14-ipad-derived/Build/Intermediates.noindex/AhoiMobile.build/DebugLocal-iphonesimulator/AhoiMobileUITests.build/Objects-normal/arm64/AhoiMobileUITests.swiftmodule -validate-clang-modules-once -clang-build-session-file /tmp/ahoi-mobile-4113c14-ipad-derived/ModuleCache.noindex/Session.modulevalidation -Xcc -I/tmp/ahoi-mobile-4113c14-ipad-derived/Build/Intermediates.noindex/AhoiMobile.build/DebugLocal-iphonesimulator/AhoiMobileUITests.build/swift-overrides.hmap -emit-const-values -Xfrontend -const-gather-protocols-file -Xfrontend /tmp/ahoi-mobile-4113c14-ipad-derived/Build/Intermediates.noindex/AhoiMobile.build/DebugLocal-iphonesimulator/AhoiMobileUITests.build/Objects-normal/arm64/AhoiMobileUITests_const_extract_protocols.json -Xcc -iquote -Xcc /tmp/ahoi-mobile-4113c14-ipad-derived/Build/Intermediates.noindex/AhoiMobile.build/DebugLocal-iphonesimulator/AhoiMobileUITests.build/AhoiMobileUITests-generated-files.hmap -Xcc -I/tmp/ahoi-mobile-4113c14-ipad-derived/Build/Intermediates.noindex/AhoiMobile.build/DebugLocal-iphonesimulator/AhoiMobileUITests.build/AhoiMobileUITests-own-target-headers.hmap -Xcc -I/tmp/ahoi-mobile-4113c14-ipad-derived/Build/Intermediates.noindex/AhoiMobile.build/DebugLocal-iphonesimulator/AhoiMobileUITests.build/AhoiMobileUITests-all-non-framework-target-headers.hmap -Xcc -ivfsoverlay -Xcc /tmp/ahoi-mobile-4113c14-ipad-derived/Build/Intermediates.noindex/AhoiMobile.build/DebugLocal-iphonesimulator/AhoiMobile-a44a3a976db28ace36eae5fb72a0335b-VFS-iphonesimulator/all-product-headers.yaml -Xcc -iquote -Xcc /tmp/ahoi-mobile-4113c14-ipad-derived/Build/Intermediates.noindex/AhoiMobile.build/DebugLocal-iphonesimulator/AhoiMobileUITests.build/AhoiMobileUITests-project-headers.hmap -Xcc -I/tmp/ahoi-mobile-4113c14-ipad-derived/Build/Products/DebugLocal-iphonesimulator/include -Xcc -I/tmp/ahoi-mobile-4113c14-ipad-derived/Build/Intermediates.noindex/AhoiMobile.build/DebugLocal-iphonesimulator/AhoiMobileUITests.build/DerivedSources-normal/arm64 -Xcc -I/tmp/ahoi-mobile-4113c14-ipad-derived/Build/Intermediates.noindex/AhoiMobile.build/DebugLocal-iphonesimulator/AhoiMobileUITests.build/DerivedSources/arm64 -Xcc -I/tmp/ahoi-mobile-4113c14-ipad-derived/Build/Intermediates.noindex/AhoiMobile.build/DebugLocal-iphonesimulator/AhoiMobileUITests.build/DerivedSources -Xcc -DDEBUG\=1 -emit-objc-header -emit-objc-header-path /tmp/ahoi-mobile-4113c14-ipad-derived/Build/Intermediates.noindex/AhoiMobile.build/DebugLocal-iphonesimulator/AhoiMobileUITests.build/Objects-normal/arm64/AhoiMobileUITests-Swift.h -working-directory /Volumes/Macintosh\ HD\ -\ Daten/Cloud/Projekte/Apps/Plattformuebergreifend/AhoiBrowser/apps/AhoiMobile -experimental-emit-module-separately -disable-cmo

SwiftDriverJobDiscovery normal arm64 Compiling AppEntry.swift (in target 'AhoiMobile' from project 'AhoiMobile')

SwiftDriver\ Compilation AhoiMobile normal arm64 com.apple.xcode.tools.swift.compiler (in target 'AhoiMobile' from project 'AhoiMobile')
    cd /Volumes/Macintosh\ HD\ -\ Daten/Cloud/Projekte/Apps/Plattformuebergreifend/AhoiBrowser/apps/AhoiMobile
    builtin-Swift-Compilation -- /Applications/Xcode.app/Contents/Developer/Toolchains/XcodeDefault.xctoolchain/usr/bin/swiftc -module-name AhoiMobile -Onone @/tmp/ahoi-mobile-4113c14-ipad-derived/Build/Intermediates.noindex/AhoiMobile.build/DebugLocal-iphonesimulator/AhoiMobile.build/Objects-normal/arm64/AhoiMobile.SwiftFileList -DDEBUG -enable-experimental-feature DebugDescriptionMacro -sdk /Applications/Xcode.app/Contents/Developer/Platforms/iPhoneSimulator.platform/Developer/SDKs/iPhoneSimulator26.5.sdk -target arm64-apple-ios26.0-simulator -g -module-cache-path /tmp/ahoi-mobile-4113c14-ipad-derived/ModuleCache.noindex -Xfrontend -serialize-debugging-options -enable-testing -index-store-path /tmp/ahoi-mobile-4113c14-ipad-derived/Index.noindex/DataStore -Xcc -D_LIBCPP_HARDENING_MODE\=_LIBCPP_HARDENING_MODE_DEBUG -swift-version 6 -I /tmp/ahoi-mobile-4113c14-ipad-derived/Build/Products/DebugLocal-iphonesimulator -F /tmp/ahoi-mobile-4113c14-ipad-derived/Build/Products/DebugLocal-iphonesimulator/PackageFrameworks -F /tmp/ahoi-mobile-4113c14-ipad-derived/Build/Products/DebugLocal-iphonesimulator -c -j12 -enable-batch-mode -incremental -Xcc -ivfsstatcache -Xcc /tmp/ahoi-mobile-4113c14-ipad-derived/SDKStatCaches.noindex/iphonesimulator26.5-23F81a-688ef53f1462e2c8f657fdc38a81448f6cfe768891a92b912361537c460fe42b.sdkstatcache -output-file-map /tmp/ahoi-mobile-4113c14-ipad-derived/Build/Intermediates.noindex/AhoiMobile.build/DebugLocal-iphonesimulator/AhoiMobile.build/Objects-normal/arm64/AhoiMobile-OutputFileMap.json -use-frontend-parseable-output -save-temps -no-color-diagnostics -explicit-module-build -module-cache-path /tmp/ahoi-mobile-4113c14-ipad-derived/Build/Intermediates.noindex/SwiftExplicitPrecompiledModules -clang-scanner-module-cache-path /tmp/ahoi-mobile-4113c14-ipad-derived/ModuleCache.noindex -sdk-module-cache-path /tmp/ahoi-mobile-4113c14-ipad-derived/ModuleCache.noindex -serialize-diagnostics -emit-dependencies -emit-module -emit-module-path /tmp/ahoi-mobile-4113c14-ipad-derived/Build/Intermediates.noindex/AhoiMobile.build/DebugLocal-iphonesimulator/AhoiMobile.build/Objects-normal/arm64/AhoiMobile.swiftmodule -validate-clang-modules-once -clang-build-session-file /tmp/ahoi-mobile-4113c14-ipad-derived/ModuleCache.noindex/Session.modulevalidation -Xcc -I/tmp/ahoi-mobile-4113c14-ipad-derived/Build/Intermediates.noindex/AhoiMobile.build/DebugLocal-iphonesimulator/AhoiMobile.build/swift-overrides.hmap -emit-const-values -Xfrontend -const-gather-protocols-file -Xfrontend /tmp/ahoi-mobile-4113c14-ipad-derived/Build/Intermediates.noindex/AhoiMobile.build/DebugLocal-iphonesimulator/AhoiMobile.build/Objects-normal/arm64/AhoiMobile_const_extract_protocols.json -Xcc -iquote -Xcc /tmp/ahoi-mobile-4113c14-ipad-derived/Build/Intermediates.noindex/AhoiMobile.build/DebugLocal-iphonesimulator/AhoiMobile.build/AhoiMobile-generated-files.hmap -Xcc -I/tmp/ahoi-mobile-4113c14-ipad-derived/Build/Intermediates.noindex/AhoiMobile.build/DebugLocal-iphonesimulator/AhoiMobile.build/AhoiMobile-own-target-headers.hmap -Xcc -I/tmp/ahoi-mobile-4113c14-ipad-derived/Build/Intermediates.noindex/AhoiMobile.build/DebugLocal-iphonesimulator/AhoiMobile.build/AhoiMobile-all-non-framework-target-headers.hmap -Xcc -ivfsoverlay -Xcc /tmp/ahoi-mobile-4113c14-ipad-derived/Build/Intermediates.noindex/AhoiMobile.build/DebugLocal-iphonesimulator/AhoiMobile-a44a3a976db28ace36eae5fb72a0335b-VFS-iphonesimulator/all-product-headers.yaml -Xcc -iquote -Xcc /tmp/ahoi-mobile-4113c14-ipad-derived/Build/Intermediates.noindex/AhoiMobile.build/DebugLocal-iphonesimulator/AhoiMobile.build/AhoiMobile-project-headers.hmap -Xcc -I/tmp/ahoi-mobile-4113c14-ipad-derived/Build/Products/DebugLocal-iphonesimulator/include -Xcc -I/tmp/ahoi-mobile-4113c14-ipad-derived/Build/Intermediates.noindex/AhoiMobile.build/DebugLocal-iphonesimulator/AhoiMobile.build/DerivedSources-normal/arm64 -Xcc -I/tmp/ahoi-mobile-4113c14-ipad-derived/Build/Intermediates.noindex/AhoiMobile.build/DebugLocal-iphonesimulator/AhoiMobile.build/DerivedSources/arm64 -Xcc -I/tmp/ahoi-mobile-4113c14-ipad-derived/Build/Intermediates.noindex/AhoiMobile.build/DebugLocal-iphonesimulator/AhoiMobile.build/DerivedSources -Xcc -DDEBUG\=1 -emit-objc-header -emit-objc-header-path /tmp/ahoi-mobile-4113c14-ipad-derived/Build/Intermediates.noindex/AhoiMobile.build/DebugLocal-iphonesimulator/AhoiMobile.build/Objects-normal/arm64/AhoiMobile-Swift.h -working-directory /Volumes/Macintosh\ HD\ -\ Daten/Cloud/Projekte/Apps/Plattformuebergreifend/AhoiBrowser/apps/AhoiMobile -experimental-emit-module-separately -disable-cmo

Ld /tmp/ahoi-mobile-4113c14-ipad-derived/Build/Products/DebugLocal-iphonesimulator/AhoiMobile.app/AhoiMobile.debug.dylib normal (in target 'AhoiMobile' from project 'AhoiMobile')
    cd /Volumes/Macintosh\ HD\ -\ Daten/Cloud/Projekte/Apps/Plattformuebergreifend/AhoiBrowser/apps/AhoiMobile
    /Applications/Xcode.app/Contents/Developer/Toolchains/XcodeDefault.xctoolchain/usr/bin/clang -Xlinker -reproducible -target arm64-apple-ios26.0-simulator -dynamiclib -isysroot /Applications/Xcode.app/Contents/Developer/Platforms/iPhoneSimulator.platform/Developer/SDKs/iPhoneSimulator26.5.sdk -O0 -L/tmp/ahoi-mobile-4113c14-ipad-derived/Build/Intermediates.noindex/EagerLinkingTBDs/DebugLocal-iphonesimulator -L/tmp/ahoi-mobile-4113c14-ipad-derived/Build/Products/DebugLocal-iphonesimulator -F/tmp/ahoi-mobile-4113c14-ipad-derived/Build/Intermediates.noindex/EagerLinkingTBDs/DebugLocal-iphonesimulator -F/tmp/ahoi-mobile-4113c14-ipad-derived/Build/Products/DebugLocal-iphonesimulator/PackageFrameworks -F/tmp/ahoi-mobile-4113c14-ipad-derived/Build/Products/DebugLocal-iphonesimulator -filelist /tmp/ahoi-mobile-4113c14-ipad-derived/Build/Intermediates.noindex/AhoiMobile.build/DebugLocal-iphonesimulator/AhoiMobile.build/Objects-normal/arm64/AhoiMobile.LinkFileList -install_name @rpath/AhoiMobile.debug.dylib -Xlinker -rpath -Xlinker @executable_path/Frameworks -Xlinker -dead_strip -Xlinker -object_path_lto -Xlinker /tmp/ahoi-mobile-4113c14-ipad-derived/Build/Intermediates.noindex/AhoiMobile.build/DebugLocal-iphonesimulator/AhoiMobile.build/Objects-normal/arm64/AhoiMobile_lto.o -rdynamic -Xlinker -no_deduplicate -Xlinker -objc_abi_version -Xlinker 2 -Xlinker -dependency_info -Xlinker /tmp/ahoi-mobile-4113c14-ipad-derived/Build/Intermediates.noindex/AhoiMobile.build/DebugLocal-iphonesimulator/AhoiMobile.build/Objects-normal/arm64/AhoiMobile_dependency_info.dat -fobjc-link-runtime -L/Applications/Xcode.app/Contents/Developer/Toolchains/XcodeDefault.xctoolchain/usr/lib/swift/iphonesimulator -L/usr/lib/swift -Xlinker -add_ast_path -Xlinker /tmp/ahoi-mobile-4113c14-ipad-derived/Build/Intermediates.noindex/AhoiMobile.build/DebugLocal-iphonesimulator/AhoiMobile.build/Objects-normal/arm64/AhoiMobile.swiftmodule @/tmp/ahoi-mobile-4113c14-ipad-derived/Build/Intermediates.noindex/AhoiMobile.build/DebugLocal-iphonesimulator/AhoiMobile.build/Objects-normal/arm64/AhoiMobile-linker-args.resp -Wl,-no_warn_duplicate_libraries -Xlinker -alias -Xlinker _main -Xlinker ___debug_main_executable_dylib_entry_point -framework AhoiMobileCore /tmp/ahoi-mobile-4113c14-ipad-derived/Build/Products/DebugLocal-iphonesimulator/PackageFrameworks/AhoiCloudKitSpike_58C48334F00BB1AD_PackageProduct.framework/AhoiCloudKitSpike_58C48334F00BB1AD_PackageProduct -Xlinker -no_adhoc_codesign -o /tmp/ahoi-mobile-4113c14-ipad-derived/Build/Products/DebugLocal-iphonesimulator/AhoiMobile.app/AhoiMobile.debug.dylib

SwiftEmitModule normal arm64 Emitting\ module\ for\ AhoiMobileUITests (in target 'AhoiMobileUITests' from project 'AhoiMobile')

EmitSwiftModule normal arm64 (in target 'AhoiMobileUITests' from project 'AhoiMobile')
    cd /Volumes/Macintosh\ HD\ -\ Daten/Cloud/Projekte/Apps/Plattformuebergreifend/AhoiBrowser/apps/AhoiMobile
    

SwiftCompile normal arm64 Compiling\ AhoiMobileUITests.swift /Volumes/Macintosh\ HD\ -\ Daten/Cloud/Projekte/Apps/Plattformuebergreifend/AhoiBrowser/apps/AhoiMobile/Tests/AhoiMobileUITests/AhoiMobileUITests.swift (in target 'AhoiMobileUITests' from project 'AhoiMobile')

SwiftCompile normal arm64 /Volumes/Macintosh\ HD\ -\ Daten/Cloud/Projekte/Apps/Plattformuebergreifend/AhoiBrowser/apps/AhoiMobile/Tests/AhoiMobileUITests/AhoiMobileUITests.swift (in target 'AhoiMobileUITests' from project 'AhoiMobile')
    cd /Volumes/Macintosh\ HD\ -\ Daten/Cloud/Projekte/Apps/Plattformuebergreifend/AhoiBrowser/apps/AhoiMobile
    

SwiftCompile normal arm64 Compiling\ MobileBrowserLayoutUITests.swift /Volumes/Macintosh\ HD\ -\ Daten/Cloud/Projekte/Apps/Plattformuebergreifend/AhoiBrowser/apps/AhoiMobile/Tests/AhoiMobileUITests/MobileBrowserLayoutUITests.swift (in target 'AhoiMobileUITests' from project 'AhoiMobile')

SwiftCompile normal arm64 /Volumes/Macintosh\ HD\ -\ Daten/Cloud/Projekte/Apps/Plattformuebergreifend/AhoiBrowser/apps/AhoiMobile/Tests/AhoiMobileUITests/MobileBrowserLayoutUITests.swift (in target 'AhoiMobileUITests' from project 'AhoiMobile')
    cd /Volumes/Macintosh\ HD\ -\ Daten/Cloud/Projekte/Apps/Plattformuebergreifend/AhoiBrowser/apps/AhoiMobile
    

ConstructStubExecutorLinkFileList /tmp/ahoi-mobile-4113c14-ipad-derived/Build/Intermediates.noindex/AhoiMobile.build/DebugLocal-iphonesimulator/AhoiMobile.build/AhoiMobile-ExecutorLinkFileList-normal-arm64.txt (in target 'AhoiMobile' from project 'AhoiMobile')
    cd /Volumes/Macintosh\ HD\ -\ Daten/Cloud/Projekte/Apps/Plattformuebergreifend/AhoiBrowser/apps/AhoiMobile
    construct-stub-executor-link-file-list /tmp/ahoi-mobile-4113c14-ipad-derived/Build/Products/DebugLocal-iphonesimulator/AhoiMobile.app/AhoiMobile.debug.dylib /Applications/Xcode.app/Contents/Developer/Platforms/iPhoneSimulator.platform/Developer/usr/lib/libPreviewsJITStubExecutor_no_swift_entry_point.a /Applications/Xcode.app/Contents/Developer/Platforms/iPhoneSimulator.platform/Developer/usr/lib/libPreviewsJITStubExecutor.a --output /tmp/ahoi-mobile-4113c14-ipad-derived/Build/Intermediates.noindex/AhoiMobile.build/DebugLocal-iphonesimulator/AhoiMobile.build/AhoiMobile-ExecutorLinkFileList-normal-arm64.txt
note: Using stub executor library with Swift entry point. (in target 'AhoiMobile' from project 'AhoiMobile')

Ld /tmp/ahoi-mobile-4113c14-ipad-derived/Build/Products/DebugLocal-iphonesimulator/AhoiMobile.app/AhoiMobile normal (in target 'AhoiMobile' from project 'AhoiMobile')
    cd /Volumes/Macintosh\ HD\ -\ Daten/Cloud/Projekte/Apps/Plattformuebergreifend/AhoiBrowser/apps/AhoiMobile
    /Applications/Xcode.app/Contents/Developer/Toolchains/XcodeDefault.xctoolchain/usr/bin/clang -Xlinker -reproducible -target arm64-apple-ios26.0-simulator -isysroot /Applications/Xcode.app/Contents/Developer/Platforms/iPhoneSimulator.platform/Developer/SDKs/iPhoneSimulator26.5.sdk -O0 -L/tmp/ahoi-mobile-4113c14-ipad-derived/Build/Products/DebugLocal-iphonesimulator -F/tmp/ahoi-mobile-4113c14-ipad-derived/Build/Products/DebugLocal-iphonesimulator/PackageFrameworks -F/tmp/ahoi-mobile-4113c14-ipad-derived/Build/Products/DebugLocal-iphonesimulator -Xlinker -rpath -Xlinker @executable_path -Xlinker -rpath -Xlinker @executable_path/Frameworks -rdynamic -Xlinker -no_deduplicate -Xlinker -objc_abi_version -Xlinker 2 -e ___debug_blank_executor_main -Xlinker -sectcreate -Xlinker __TEXT -Xlinker __debug_dylib -Xlinker /tmp/ahoi-mobile-4113c14-ipad-derived/Build/Intermediates.noindex/AhoiMobile.build/DebugLocal-iphonesimulator/AhoiMobile.build/AhoiMobile-DebugDylibPath-normal-arm64.txt -Xlinker -sectcreate -Xlinker __TEXT -Xlinker __debug_instlnm -Xlinker /tmp/ahoi-mobile-4113c14-ipad-derived/Build/Intermediates.noindex/AhoiMobile.build/DebugLocal-iphonesimulator/AhoiMobile.build/AhoiMobile-DebugDylibInstallName-normal-arm64.txt -Xlinker -filelist -Xlinker /tmp/ahoi-mobile-4113c14-ipad-derived/Build/Intermediates.noindex/AhoiMobile.build/DebugLocal-iphonesimulator/AhoiMobile.build/AhoiMobile-ExecutorLinkFileList-normal-arm64.txt -Xlinker -sectcreate -Xlinker __TEXT -Xlinker __entitlements -Xlinker /tmp/ahoi-mobile-4113c14-ipad-derived/Build/Intermediates.noindex/AhoiMobile.build/DebugLocal-iphonesimulator/AhoiMobile.build/AhoiMobile.app-Simulated.xcent -Xlinker -sectcreate -Xlinker __TEXT -Xlinker __ents_der -Xlinker /tmp/ahoi-mobile-4113c14-ipad-derived/Build/Intermediates.noindex/AhoiMobile.build/DebugLocal-iphonesimulator/AhoiMobile.build/AhoiMobile.app-Simulated.xcent.der /tmp/ahoi-mobile-4113c14-ipad-derived/Build/Products/DebugLocal-iphonesimulator/AhoiMobile.app/AhoiMobile.debug.dylib -Xlinker -no_adhoc_codesign -o /tmp/ahoi-mobile-4113c14-ipad-derived/Build/Products/DebugLocal-iphonesimulator/AhoiMobile.app/AhoiMobile

SwiftDriverJobDiscovery normal arm64 Emitting module for AhoiMobileUITests (in target 'AhoiMobileUITests' from project 'AhoiMobile')

SwiftDriver\ Compilation\ Requirements AhoiMobileUITests normal arm64 com.apple.xcode.tools.swift.compiler (in target 'AhoiMobileUITests' from project 'AhoiMobile')
    cd /Volumes/Macintosh\ HD\ -\ Daten/Cloud/Projekte/Apps/Plattformuebergreifend/AhoiBrowser/apps/AhoiMobile
    builtin-Swift-Compilation-Requirements -- /Applications/Xcode.app/Contents/Developer/Toolchains/XcodeDefault.xctoolchain/usr/bin/swiftc -module-name AhoiMobileUITests -Onone @/tmp/ahoi-mobile-4113c14-ipad-derived/Build/Intermediates.noindex/AhoiMobile.build/DebugLocal-iphonesimulator/AhoiMobileUITests.build/Objects-normal/arm64/AhoiMobileUITests.SwiftFileList -DDEBUG -module-alias Testing\=_Testing_Unavailable -plugin-path /Applications/Xcode.app/Contents/Developer/Toolchains/XcodeDefault.xctoolchain/usr/lib/swift/host/plugins/testing -enable-experimental-feature DebugDescriptionMacro -sdk /Applications/Xcode.app/Contents/Developer/Platforms/iPhoneSimulator.platform/Developer/SDKs/iPhoneSimulator26.5.sdk -target arm64-apple-ios26.0-simulator -g -module-cache-path /tmp/ahoi-mobile-4113c14-ipad-derived/ModuleCache.noindex -Xfrontend -serialize-debugging-options -enable-testing -index-store-path /tmp/ahoi-mobile-4113c14-ipad-derived/Index.noindex/DataStore -Xcc -D_LIBCPP_HARDENING_MODE\=_LIBCPP_HARDENING_MODE_DEBUG -swift-version 6 -I /tmp/ahoi-mobile-4113c14-ipad-derived/Build/Products/DebugLocal-iphonesimulator -Isystem /Applications/Xcode.app/Contents/Developer/Platforms/iPhoneSimulator.platform/Developer/usr/lib -F /tmp/ahoi-mobile-4113c14-ipad-derived/Build/Products/DebugLocal-iphonesimulator -F /Applications/Xcode.app/Contents/Developer/Platforms/iPhoneSimulator.platform/Developer/Library/Frameworks -F /Applications/Xcode.app/Contents/Developer/Platforms/iPhoneSimulator.platform/Developer/SDKs/iPhoneSimulator26.5.sdk/Developer/Library/Frameworks -c -j12 -enable-batch-mode -incremental -Xcc -ivfsstatcache -Xcc /tmp/ahoi-mobile-4113c14-ipad-derived/SDKStatCaches.noindex/iphonesimulator26.5-23F81a-688ef53f1462e2c8f657fdc38a81448f6cfe768891a92b912361537c460fe42b.sdkstatcache -output-file-map /tmp/ahoi-mobile-4113c14-ipad-derived/Build/Intermediates.noindex/AhoiMobile.build/DebugLocal-iphonesimulator/AhoiMobileUITests.build/Objects-normal/arm64/AhoiMobileUITests-OutputFileMap.json -use-frontend-parseable-output -save-temps -no-color-diagnostics -explicit-module-build -module-cache-path /tmp/ahoi-mobile-4113c14-ipad-derived/Build/Intermediates.noindex/SwiftExplicitPrecompiledModules -clang-scanner-module-cache-path /tmp/ahoi-mobile-4113c14-ipad-derived/ModuleCache.noindex -sdk-module-cache-path /tmp/ahoi-mobile-4113c14-ipad-derived/ModuleCache.noindex -serialize-diagnostics -emit-dependencies -emit-module -emit-module-path /tmp/ahoi-mobile-4113c14-ipad-derived/Build/Intermediates.noindex/AhoiMobile.build/DebugLocal-iphonesimulator/AhoiMobileUITests.build/Objects-normal/arm64/AhoiMobileUITests.swiftmodule -validate-clang-modules-once -clang-build-session-file /tmp/ahoi-mobile-4113c14-ipad-derived/ModuleCache.noindex/Session.modulevalidation -Xcc -I/tmp/ahoi-mobile-4113c14-ipad-derived/Build/Intermediates.noindex/AhoiMobile.build/DebugLocal-iphonesimulator/AhoiMobileUITests.build/swift-overrides.hmap -emit-const-values -Xfrontend -const-gather-protocols-file -Xfrontend /tmp/ahoi-mobile-4113c14-ipad-derived/Build/Intermediates.noindex/AhoiMobile.build/DebugLocal-iphonesimulator/AhoiMobileUITests.build/Objects-normal/arm64/AhoiMobileUITests_const_extract_protocols.json -Xcc -iquote -Xcc /tmp/ahoi-mobile-4113c14-ipad-derived/Build/Intermediates.noindex/AhoiMobile.build/DebugLocal-iphonesimulator/AhoiMobileUITests.build/AhoiMobileUITests-generated-files.hmap -Xcc -I/tmp/ahoi-mobile-4113c14-ipad-derived/Build/Intermediates.noindex/AhoiMobile.build/DebugLocal-iphonesimulator/AhoiMobileUITests.build/AhoiMobileUITests-own-target-headers.hmap -Xcc -I/tmp/ahoi-mobile-4113c14-ipad-derived/Build/Intermediates.noindex/AhoiMobile.build/DebugLocal-iphonesimulator/AhoiMobileUITests.build/AhoiMobileUITests-all-non-framework-target-headers.hmap -Xcc -ivfsoverlay -Xcc /tmp/ahoi-mobile-4113c14-ipad-derived/Build/Intermediates.noindex/AhoiMobile.build/DebugLocal-iphonesimulator/AhoiMobile-a44a3a976db28ace36eae5fb72a0335b-VFS-iphonesimulator/all-product-headers.yaml -Xcc -iquote -Xcc /tmp/ahoi-mobile-4113c14-ipad-derived/Build/Intermediates.noindex/AhoiMobile.build/DebugLocal-iphonesimulator/AhoiMobileUITests.build/AhoiMobileUITests-project-headers.hmap -Xcc -I/tmp/ahoi-mobile-4113c14-ipad-derived/Build/Products/DebugLocal-iphonesimulator/include -Xcc -I/tmp/ahoi-mobile-4113c14-ipad-derived/Build/Intermediates.noindex/AhoiMobile.build/DebugLocal-iphonesimulator/AhoiMobileUITests.build/DerivedSources-normal/arm64 -Xcc -I/tmp/ahoi-mobile-4113c14-ipad-derived/Build/Intermediates.noindex/AhoiMobile.build/DebugLocal-iphonesimulator/AhoiMobileUITests.build/DerivedSources/arm64 -Xcc -I/tmp/ahoi-mobile-4113c14-ipad-derived/Build/Intermediates.noindex/AhoiMobile.build/DebugLocal-iphonesimulator/AhoiMobileUITests.build/DerivedSources -Xcc -DDEBUG\=1 -emit-objc-header -emit-objc-header-path /tmp/ahoi-mobile-4113c14-ipad-derived/Build/Intermediates.noindex/AhoiMobile.build/DebugLocal-iphonesimulator/AhoiMobileUITests.build/Objects-normal/arm64/AhoiMobileUITests-Swift.h -working-directory /Volumes/Macintosh\ HD\ -\ Daten/Cloud/Projekte/Apps/Plattformuebergreifend/AhoiBrowser/apps/AhoiMobile -experimental-emit-module-separately -disable-cmo

SwiftMergeGeneratedHeaders /tmp/ahoi-mobile-4113c14-ipad-derived/Build/Intermediates.noindex/AhoiMobile.build/DebugLocal-iphonesimulator/AhoiMobileUITests.build/DerivedSources/AhoiMobileUITests-Swift.h /tmp/ahoi-mobile-4113c14-ipad-derived/Build/Intermediates.noindex/AhoiMobile.build/DebugLocal-iphonesimulator/AhoiMobileUITests.build/Objects-normal/arm64/AhoiMobileUITests-Swift.h (in target 'AhoiMobileUITests' from project 'AhoiMobile')
    cd /Volumes/Macintosh\ HD\ -\ Daten/Cloud/Projekte/Apps/Plattformuebergreifend/AhoiBrowser/apps/AhoiMobile
    builtin-swiftHeaderTool -arch arm64 /tmp/ahoi-mobile-4113c14-ipad-derived/Build/Intermediates.noindex/AhoiMobile.build/DebugLocal-iphonesimulator/AhoiMobileUITests.build/Objects-normal/arm64/AhoiMobileUITests-Swift.h -o /tmp/ahoi-mobile-4113c14-ipad-derived/Build/Intermediates.noindex/AhoiMobile.build/DebugLocal-iphonesimulator/AhoiMobileUITests.build/DerivedSources/AhoiMobileUITests-Swift.h

Copy /tmp/ahoi-mobile-4113c14-ipad-derived/Build/Products/DebugLocal-iphonesimulator/AhoiMobileUITests.swiftmodule/arm64-apple-ios-simulator.swiftdoc /tmp/ahoi-mobile-4113c14-ipad-derived/Build/Intermediates.noindex/AhoiMobile.build/DebugLocal-iphonesimulator/AhoiMobileUITests.build/Objects-normal/arm64/AhoiMobileUITests.swiftdoc (in target 'AhoiMobileUITests' from project 'AhoiMobile')
    cd /Volumes/Macintosh\ HD\ -\ Daten/Cloud/Projekte/Apps/Plattformuebergreifend/AhoiBrowser/apps/AhoiMobile
    builtin-copy -exclude .DS_Store -exclude CVS -exclude .svn -exclude .git -exclude .hg -resolve-src-symlinks -rename /tmp/ahoi-mobile-4113c14-ipad-derived/Build/Intermediates.noindex/AhoiMobile.build/DebugLocal-iphonesimulator/AhoiMobileUITests.build/Objects-normal/arm64/AhoiMobileUITests.swiftdoc /tmp/ahoi-mobile-4113c14-ipad-derived/Build/Products/DebugLocal-iphonesimulator/AhoiMobileUITests.swiftmodule/arm64-apple-ios-simulator.swiftdoc

Copy /tmp/ahoi-mobile-4113c14-ipad-derived/Build/Products/DebugLocal-iphonesimulator/AhoiMobileUITests.swiftmodule/arm64-apple-ios-simulator.abi.json /tmp/ahoi-mobile-4113c14-ipad-derived/Build/Intermediates.noindex/AhoiMobile.build/DebugLocal-iphonesimulator/AhoiMobileUITests.build/Objects-normal/arm64/AhoiMobileUITests.abi.json (in target 'AhoiMobileUITests' from project 'AhoiMobile')
    cd /Volumes/Macintosh\ HD\ -\ Daten/Cloud/Projekte/Apps/Plattformuebergreifend/AhoiBrowser/apps/AhoiMobile
    builtin-copy -exclude .DS_Store -exclude CVS -exclude .svn -exclude .git -exclude .hg -resolve-src-symlinks -rename /tmp/ahoi-mobile-4113c14-ipad-derived/Build/Intermediates.noindex/AhoiMobile.build/DebugLocal-iphonesimulator/AhoiMobileUITests.build/Objects-normal/arm64/AhoiMobileUITests.abi.json /tmp/ahoi-mobile-4113c14-ipad-derived/Build/Products/DebugLocal-iphonesimulator/AhoiMobileUITests.swiftmodule/arm64-apple-ios-simulator.abi.json

Copy /tmp/ahoi-mobile-4113c14-ipad-derived/Build/Products/DebugLocal-iphonesimulator/AhoiMobileUITests.swiftmodule/arm64-apple-ios-simulator.swiftmodule /tmp/ahoi-mobile-4113c14-ipad-derived/Build/Intermediates.noindex/AhoiMobile.build/DebugLocal-iphonesimulator/AhoiMobileUITests.build/Objects-normal/arm64/AhoiMobileUITests.swiftmodule (in target 'AhoiMobileUITests' from project 'AhoiMobile')
    cd /Volumes/Macintosh\ HD\ -\ Daten/Cloud/Projekte/Apps/Plattformuebergreifend/AhoiBrowser/apps/AhoiMobile
    builtin-copy -exclude .DS_Store -exclude CVS -exclude .svn -exclude .git -exclude .hg -resolve-src-symlinks -rename /tmp/ahoi-mobile-4113c14-ipad-derived/Build/Intermediates.noindex/AhoiMobile.build/DebugLocal-iphonesimulator/AhoiMobileUITests.build/Objects-normal/arm64/AhoiMobileUITests.swiftmodule /tmp/ahoi-mobile-4113c14-ipad-derived/Build/Products/DebugLocal-iphonesimulator/AhoiMobileUITests.swiftmodule/arm64-apple-ios-simulator.swiftmodule

Copy /tmp/ahoi-mobile-4113c14-ipad-derived/Build/Products/DebugLocal-iphonesimulator/AhoiMobileUITests.swiftmodule/Project/arm64-apple-ios-simulator.swiftsourceinfo /tmp/ahoi-mobile-4113c14-ipad-derived/Build/Intermediates.noindex/AhoiMobile.build/DebugLocal-iphonesimulator/AhoiMobileUITests.build/Objects-normal/arm64/AhoiMobileUITests.swiftsourceinfo (in target 'AhoiMobileUITests' from project 'AhoiMobile')
    cd /Volumes/Macintosh\ HD\ -\ Daten/Cloud/Projekte/Apps/Plattformuebergreifend/AhoiBrowser/apps/AhoiMobile
    builtin-copy -exclude .DS_Store -exclude CVS -exclude .svn -exclude .git -exclude .hg -resolve-src-symlinks -rename /tmp/ahoi-mobile-4113c14-ipad-derived/Build/Intermediates.noindex/AhoiMobile.build/DebugLocal-iphonesimulator/AhoiMobileUITests.build/Objects-normal/arm64/AhoiMobileUITests.swiftsourceinfo /tmp/ahoi-mobile-4113c14-ipad-derived/Build/Products/DebugLocal-iphonesimulator/AhoiMobileUITests.swiftmodule/Project/arm64-apple-ios-simulator.swiftsourceinfo

SwiftDriverJobDiscovery normal arm64 Compiling AhoiMobileUITests.swift (in target 'AhoiMobileUITests' from project 'AhoiMobile')

SwiftDriverJobDiscovery normal arm64 Compiling MobileBrowserLayoutUITests.swift (in target 'AhoiMobileUITests' from project 'AhoiMobile')

SwiftDriver\ Compilation AhoiMobileUITests normal arm64 com.apple.xcode.tools.swift.compiler (in target 'AhoiMobileUITests' from project 'AhoiMobile')
    cd /Volumes/Macintosh\ HD\ -\ Daten/Cloud/Projekte/Apps/Plattformuebergreifend/AhoiBrowser/apps/AhoiMobile
    builtin-Swift-Compilation -- /Applications/Xcode.app/Contents/Developer/Toolchains/XcodeDefault.xctoolchain/usr/bin/swiftc -module-name AhoiMobileUITests -Onone @/tmp/ahoi-mobile-4113c14-ipad-derived/Build/Intermediates.noindex/AhoiMobile.build/DebugLocal-iphonesimulator/AhoiMobileUITests.build/Objects-normal/arm64/AhoiMobileUITests.SwiftFileList -DDEBUG -module-alias Testing\=_Testing_Unavailable -plugin-path /Applications/Xcode.app/Contents/Developer/Toolchains/XcodeDefault.xctoolchain/usr/lib/swift/host/plugins/testing -enable-experimental-feature DebugDescriptionMacro -sdk /Applications/Xcode.app/Contents/Developer/Platforms/iPhoneSimulator.platform/Developer/SDKs/iPhoneSimulator26.5.sdk -target arm64-apple-ios26.0-simulator -g -module-cache-path /tmp/ahoi-mobile-4113c14-ipad-derived/ModuleCache.noindex -Xfrontend -serialize-debugging-options -enable-testing -index-store-path /tmp/ahoi-mobile-4113c14-ipad-derived/Index.noindex/DataStore -Xcc -D_LIBCPP_HARDENING_MODE\=_LIBCPP_HARDENING_MODE_DEBUG -swift-version 6 -I /tmp/ahoi-mobile-4113c14-ipad-derived/Build/Products/DebugLocal-iphonesimulator -Isystem /Applications/Xcode.app/Contents/Developer/Platforms/iPhoneSimulator.platform/Developer/usr/lib -F /tmp/ahoi-mobile-4113c14-ipad-derived/Build/Products/DebugLocal-iphonesimulator -F /Applications/Xcode.app/Contents/Developer/Platforms/iPhoneSimulator.platform/Developer/Library/Frameworks -F /Applications/Xcode.app/Contents/Developer/Platforms/iPhoneSimulator.platform/Developer/SDKs/iPhoneSimulator26.5.sdk/Developer/Library/Frameworks -c -j12 -enable-batch-mode -incremental -Xcc -ivfsstatcache -Xcc /tmp/ahoi-mobile-4113c14-ipad-derived/SDKStatCaches.noindex/iphonesimulator26.5-23F81a-688ef53f1462e2c8f657fdc38a81448f6cfe768891a92b912361537c460fe42b.sdkstatcache -output-file-map /tmp/ahoi-mobile-4113c14-ipad-derived/Build/Intermediates.noindex/AhoiMobile.build/DebugLocal-iphonesimulator/AhoiMobileUITests.build/Objects-normal/arm64/AhoiMobileUITests-OutputFileMap.json -use-frontend-parseable-output -save-temps -no-color-diagnostics -explicit-module-build -module-cache-path /tmp/ahoi-mobile-4113c14-ipad-derived/Build/Intermediates.noindex/SwiftExplicitPrecompiledModules -clang-scanner-module-cache-path /tmp/ahoi-mobile-4113c14-ipad-derived/ModuleCache.noindex -sdk-module-cache-path /tmp/ahoi-mobile-4113c14-ipad-derived/ModuleCache.noindex -serialize-diagnostics -emit-dependencies -emit-module -emit-module-path /tmp/ahoi-mobile-4113c14-ipad-derived/Build/Intermediates.noindex/AhoiMobile.build/DebugLocal-iphonesimulator/AhoiMobileUITests.build/Objects-normal/arm64/AhoiMobileUITests.swiftmodule -validate-clang-modules-once -clang-build-session-file /tmp/ahoi-mobile-4113c14-ipad-derived/ModuleCache.noindex/Session.modulevalidation -Xcc -I/tmp/ahoi-mobile-4113c14-ipad-derived/Build/Intermediates.noindex/AhoiMobile.build/DebugLocal-iphonesimulator/AhoiMobileUITests.build/swift-overrides.hmap -emit-const-values -Xfrontend -const-gather-protocols-file -Xfrontend /tmp/ahoi-mobile-4113c14-ipad-derived/Build/Intermediates.noindex/AhoiMobile.build/DebugLocal-iphonesimulator/AhoiMobileUITests.build/Objects-normal/arm64/AhoiMobileUITests_const_extract_protocols.json -Xcc -iquote -Xcc /tmp/ahoi-mobile-4113c14-ipad-derived/Build/Intermediates.noindex/AhoiMobile.build/DebugLocal-iphonesimulator/AhoiMobileUITests.build/AhoiMobileUITests-generated-files.hmap -Xcc -I/tmp/ahoi-mobile-4113c14-ipad-derived/Build/Intermediates.noindex/AhoiMobile.build/DebugLocal-iphonesimulator/AhoiMobileUITests.build/AhoiMobileUITests-own-target-headers.hmap -Xcc -I/tmp/ahoi-mobile-4113c14-ipad-derived/Build/Intermediates.noindex/AhoiMobile.build/DebugLocal-iphonesimulator/AhoiMobileUITests.build/AhoiMobileUITests-all-non-framework-target-headers.hmap -Xcc -ivfsoverlay -Xcc /tmp/ahoi-mobile-4113c14-ipad-derived/Build/Intermediates.noindex/AhoiMobile.build/DebugLocal-iphonesimulator/AhoiMobile-a44a3a976db28ace36eae5fb72a0335b-VFS-iphonesimulator/all-product-headers.yaml -Xcc -iquote -Xcc /tmp/ahoi-mobile-4113c14-ipad-derived/Build/Intermediates.noindex/AhoiMobile.build/DebugLocal-iphonesimulator/AhoiMobileUITests.build/AhoiMobileUITests-project-headers.hmap -Xcc -I/tmp/ahoi-mobile-4113c14-ipad-derived/Build/Products/DebugLocal-iphonesimulator/include -Xcc -I/tmp/ahoi-mobile-4113c14-ipad-derived/Build/Intermediates.noindex/AhoiMobile.build/DebugLocal-iphonesimulator/AhoiMobileUITests.build/DerivedSources-normal/arm64 -Xcc -I/tmp/ahoi-mobile-4113c14-ipad-derived/Build/Intermediates.noindex/AhoiMobile.build/DebugLocal-iphonesimulator/AhoiMobileUITests.build/DerivedSources/arm64 -Xcc -I/tmp/ahoi-mobile-4113c14-ipad-derived/Build/Intermediates.noindex/AhoiMobile.build/DebugLocal-iphonesimulator/AhoiMobileUITests.build/DerivedSources -Xcc -DDEBUG\=1 -emit-objc-header -emit-objc-header-path /tmp/ahoi-mobile-4113c14-ipad-derived/Build/Intermediates.noindex/AhoiMobile.build/DebugLocal-iphonesimulator/AhoiMobileUITests.build/Objects-normal/arm64/AhoiMobileUITests-Swift.h -working-directory /Volumes/Macintosh\ HD\ -\ Daten/Cloud/Projekte/Apps/Plattformuebergreifend/AhoiBrowser/apps/AhoiMobile -experimental-emit-module-separately -disable-cmo

LinkAssetCatalog /Volumes/Macintosh\ HD\ -\ Daten/Cloud/Projekte/Apps/Plattformuebergreifend/AhoiBrowser/apps/AhoiMobile/Sources/AhoiMobileApp/Assets.xcassets (in target 'AhoiMobile' from project 'AhoiMobile')
    cd /Volumes/Macintosh\ HD\ -\ Daten/Cloud/Projekte/Apps/Plattformuebergreifend/AhoiBrowser/apps/AhoiMobile
    builtin-linkAssetCatalog --thinned /tmp/ahoi-mobile-4113c14-ipad-derived/Build/Intermediates.noindex/AhoiMobile.build/DebugLocal-iphonesimulator/AhoiMobile.build/assetcatalog_output/thinned --thinned-dependencies /tmp/ahoi-mobile-4113c14-ipad-derived/Build/Intermediates.noindex/AhoiMobile.build/DebugLocal-iphonesimulator/AhoiMobile.build/assetcatalog_dependencies_thinned --thinned-info-plist-content /tmp/ahoi-mobile-4113c14-ipad-derived/Build/Intermediates.noindex/AhoiMobile.build/DebugLocal-iphonesimulator/AhoiMobile.build/assetcatalog_generated_info.plist_thinned --unthinned /tmp/ahoi-mobile-4113c14-ipad-derived/Build/Intermediates.noindex/AhoiMobile.build/DebugLocal-iphonesimulator/AhoiMobile.build/assetcatalog_output/unthinned --unthinned-dependencies /tmp/ahoi-mobile-4113c14-ipad-derived/Build/Intermediates.noindex/AhoiMobile.build/DebugLocal-iphonesimulator/AhoiMobile.build/assetcatalog_dependencies_unthinned --unthinned-info-plist-content /tmp/ahoi-mobile-4113c14-ipad-derived/Build/Intermediates.noindex/AhoiMobile.build/DebugLocal-iphonesimulator/AhoiMobile.build/assetcatalog_generated_info.plist_unthinned --output /tmp/ahoi-mobile-4113c14-ipad-derived/Build/Products/DebugLocal-iphonesimulator/AhoiMobile.app --plist-output /tmp/ahoi-mobile-4113c14-ipad-derived/Build/Intermediates.noindex/AhoiMobile.build/DebugLocal-iphonesimulator/AhoiMobile.build/assetcatalog_generated_info.plist
note: Emplaced /tmp/ahoi-mobile-4113c14-ipad-derived/Build/Products/DebugLocal-iphonesimulator/AhoiMobile.app/AppIcon76x76@2x~ipad.png (in target 'AhoiMobile' from project 'AhoiMobile')
note: Emplaced /tmp/ahoi-mobile-4113c14-ipad-derived/Build/Products/DebugLocal-iphonesimulator/AhoiMobile.app/Assets.car (in target 'AhoiMobile' from project 'AhoiMobile')
note: Emplaced /tmp/ahoi-mobile-4113c14-ipad-derived/Build/Products/DebugLocal-iphonesimulator/AhoiMobile.app/AppIcon60x60@2x.png (in target 'AhoiMobile' from project 'AhoiMobile')

Copy /tmp/ahoi-mobile-4113c14-ipad-derived/Build/Products/DebugLocal-iphonesimulator/AhoiMobile.app/Frameworks/AhoiMobileCore.framework /tmp/ahoi-mobile-4113c14-ipad-derived/Build/Products/DebugLocal-iphonesimulator/AhoiMobileCore.framework (in target 'AhoiMobile' from project 'AhoiMobile')
    cd /Volumes/Macintosh\ HD\ -\ Daten/Cloud/Projekte/Apps/Plattformuebergreifend/AhoiBrowser/apps/AhoiMobile
    builtin-copy -exclude .DS_Store -exclude CVS -exclude .svn -exclude .git -exclude .hg -exclude Headers -exclude PrivateHeaders -exclude Modules -exclude \*.tbd -resolve-src-symlinks -remove-static-executable /tmp/ahoi-mobile-4113c14-ipad-derived/Build/Products/DebugLocal-iphonesimulator/AhoiMobileCore.framework /tmp/ahoi-mobile-4113c14-ipad-derived/Build/Products/DebugLocal-iphonesimulator/AhoiMobile.app/Frameworks

CodeSign /tmp/ahoi-mobile-4113c14-ipad-derived/Build/Products/DebugLocal-iphonesimulator/AhoiMobile.app/Frameworks/AhoiMobileCore.framework (in target 'AhoiMobile' from project 'AhoiMobile')
    cd /Volumes/Macintosh\ HD\ -\ Daten/Cloud/Projekte/Apps/Plattformuebergreifend/AhoiBrowser/apps/AhoiMobile
    
    Signing Identity:     "Sign to Run Locally"
    
    /usr/bin/codesign --force --sign - --timestamp\=none --preserve-metadata\=identifier,entitlements,flags --generate-entitlement-der /tmp/ahoi-mobile-4113c14-ipad-derived/Build/Products/DebugLocal-iphonesimulator/AhoiMobile.app/Frameworks/AhoiMobileCore.framework
/tmp/ahoi-mobile-4113c14-ipad-derived/Build/Products/DebugLocal-iphonesimulator/AhoiMobile.app/Frameworks/AhoiMobileCore.framework: replacing existing signature

ProcessInfoPlistFile /tmp/ahoi-mobile-4113c14-ipad-derived/Build/Products/DebugLocal-iphonesimulator/AhoiMobile.app/Info.plist /Volumes/Macintosh\ HD\ -\ Daten/Cloud/Projekte/Apps/Plattformuebergreifend/AhoiBrowser/apps/AhoiMobile/Info.plist (in target 'AhoiMobile' from project 'AhoiMobile')
    cd /Volumes/Macintosh\ HD\ -\ Daten/Cloud/Projekte/Apps/Plattformuebergreifend/AhoiBrowser/apps/AhoiMobile
    builtin-infoPlistUtility /Volumes/Macintosh\ HD\ -\ Daten/Cloud/Projekte/Apps/Plattformuebergreifend/AhoiBrowser/apps/AhoiMobile/Info.plist -producttype com.apple.product-type.application -genpkginfo /tmp/ahoi-mobile-4113c14-ipad-derived/Build/Products/DebugLocal-iphonesimulator/AhoiMobile.app/PkgInfo -expandbuildsettings -format binary -platform iphonesimulator -additionalcontentfile /tmp/ahoi-mobile-4113c14-ipad-derived/Build/Intermediates.noindex/AhoiMobile.build/DebugLocal-iphonesimulator/AhoiMobile.build/assetcatalog_generated_info.plist -scanforprivacyfile /tmp/ahoi-mobile-4113c14-ipad-derived/Build/Products/DebugLocal-iphonesimulator/AhoiMobile.app/Frameworks/AhoiCloudKitSpike_58C48334F00BB1AD_PackageProduct.framework -scanforprivacyfile /tmp/ahoi-mobile-4113c14-ipad-derived/Build/Products/DebugLocal-iphonesimulator/AhoiMobile.app/Frameworks/AhoiMobileCore.framework -o /tmp/ahoi-mobile-4113c14-ipad-derived/Build/Products/DebugLocal-iphonesimulator/AhoiMobile.app/Info.plist

ExtractAppIntentsMetadata (in target 'AhoiMobile' from project 'AhoiMobile')
    cd /Volumes/Macintosh\ HD\ -\ Daten/Cloud/Projekte/Apps/Plattformuebergreifend/AhoiBrowser/apps/AhoiMobile
    /Applications/Xcode.app/Contents/Developer/Toolchains/XcodeDefault.xctoolchain/usr/bin/appintentsmetadataprocessor --toolchain-dir /var/run/com.apple.security.cryptexd/mnt/com.apple.MobileAsset.MetalToolchain-v17.6.109.0.0k2cJr/Metal.xctoolchain --module-name AhoiMobile --sdk-root /Applications/Xcode.app/Contents/Developer/Platforms/iPhoneSimulator.platform/Developer/SDKs/iPhoneSimulator26.5.sdk --xcode-version 17F113 --platform-family iOS --deployment-target 26.0 --bundle-identifier app.ahoibrowser.AhoiBrowser --output /tmp/ahoi-mobile-4113c14-ipad-derived/Build/Products/DebugLocal-iphonesimulator/AhoiMobile.app --target-triple arm64-apple-ios26.0-simulator --binary-file /tmp/ahoi-mobile-4113c14-ipad-derived/Build/Products/DebugLocal-iphonesimulator/AhoiMobile.app/AhoiMobile --dependency-file /tmp/ahoi-mobile-4113c14-ipad-derived/Build/Intermediates.noindex/AhoiMobile.build/DebugLocal-iphonesimulator/AhoiMobile.build/Objects-normal/arm64/AhoiMobile_dependency_info.dat --stringsdata-file /tmp/ahoi-mobile-4113c14-ipad-derived/Build/Intermediates.noindex/AhoiMobile.build/DebugLocal-iphonesimulator/AhoiMobile.build/Objects-normal/arm64/ExtractedAppShortcutsMetadata.stringsdata --source-file-list /tmp/ahoi-mobile-4113c14-ipad-derived/Build/Intermediates.noindex/AhoiMobile.build/DebugLocal-iphonesimulator/AhoiMobile.build/Objects-normal/arm64/AhoiMobile.SwiftFileList --metadata-file-list /tmp/ahoi-mobile-4113c14-ipad-derived/Build/Intermediates.noindex/AhoiMobile.build/DebugLocal-iphonesimulator/AhoiMobile.build/AhoiMobile.DependencyMetadataFileList --static-metadata-file-list /tmp/ahoi-mobile-4113c14-ipad-derived/Build/Intermediates.noindex/AhoiMobile.build/DebugLocal-iphonesimulator/AhoiMobile.build/AhoiMobile.DependencyStaticMetadataFileList --swift-const-vals-list /tmp/ahoi-mobile-4113c14-ipad-derived/Build/Intermediates.noindex/AhoiMobile.build/DebugLocal-iphonesimulator/AhoiMobile.build/Objects-normal/arm64/AhoiMobile.SwiftConstValuesFileList --compile-time-extraction --deployment-aware-processing --validate-assistant-intents --no-app-shortcuts-localization
2026-08-30 19:29:38.624 appintentsmetadataprocessor[76092:143710601] Starting appintentsmetadataprocessor export
2026-08-30 19:29:38.627 appintentsmetadataprocessor[76092:143710601] warning: Metadata extraction skipped. No AppIntents.framework dependency found.

CopySwiftLibs /tmp/ahoi-mobile-4113c14-ipad-derived/Build/Products/DebugLocal-iphonesimulator/AhoiMobile.app (in target 'AhoiMobile' from project 'AhoiMobile')
    cd /Volumes/Macintosh\ HD\ -\ Daten/Cloud/Projekte/Apps/Plattformuebergreifend/AhoiBrowser/apps/AhoiMobile
    builtin-swiftStdLibTool --copy --verbose --sign - --scan-executable /tmp/ahoi-mobile-4113c14-ipad-derived/Build/Products/DebugLocal-iphonesimulator/AhoiMobile.app/AhoiMobile.debug.dylib --scan-folder /tmp/ahoi-mobile-4113c14-ipad-derived/Build/Products/DebugLocal-iphonesimulator/AhoiMobile.app/Frameworks --scan-folder /tmp/ahoi-mobile-4113c14-ipad-derived/Build/Products/DebugLocal-iphonesimulator/AhoiMobile.app/PlugIns --scan-folder /tmp/ahoi-mobile-4113c14-ipad-derived/Build/Products/DebugLocal-iphonesimulator/AhoiMobile.app/SystemExtensions --scan-folder /tmp/ahoi-mobile-4113c14-ipad-derived/Build/Products/DebugLocal-iphonesimulator/AhoiMobile.app/Extensions --scan-folder /tmp/ahoi-mobile-4113c14-ipad-derived/Build/Products/DebugLocal-iphonesimulator/AhoiMobileCore.framework --scan-folder /tmp/ahoi-mobile-4113c14-ipad-derived/Build/Products/DebugLocal-iphonesimulator/PackageFrameworks/AhoiCloudKitSpike_58C48334F00BB1AD_PackageProduct.framework --platform iphonesimulator --toolchain /var/run/com.apple.security.cryptexd/mnt/com.apple.MobileAsset.MetalToolchain-v17.6.109.0.0k2cJr/Metal.xctoolchain --toolchain /Applications/Xcode.app/Contents/Developer/Toolchains/XcodeDefault.xctoolchain --destination /tmp/ahoi-mobile-4113c14-ipad-derived/Build/Products/DebugLocal-iphonesimulator/AhoiMobile.app/Frameworks --strip-bitcode --strip-bitcode-tool /Applications/Xcode.app/Contents/Developer/Toolchains/XcodeDefault.xctoolchain/usr/bin/bitcode_strip --emit-dependency-info /tmp/ahoi-mobile-4113c14-ipad-derived/Build/Intermediates.noindex/AhoiMobile.build/DebugLocal-iphonesimulator/AhoiMobile.build/SwiftStdLibToolInputDependencies.dep --filter-for-swift-os

AppIntentsSSUTraining (in target 'AhoiMobile' from project 'AhoiMobile')
    cd /Volumes/Macintosh\ HD\ -\ Daten/Cloud/Projekte/Apps/Plattformuebergreifend/AhoiBrowser/apps/AhoiMobile
    /Applications/Xcode.app/Contents/Developer/Toolchains/XcodeDefault.xctoolchain/usr/bin/appintentsnltrainingprocessor --infoplist-path /tmp/ahoi-mobile-4113c14-ipad-derived/Build/Products/DebugLocal-iphonesimulator/AhoiMobile.app/Info.plist --temp-dir-path /tmp/ahoi-mobile-4113c14-ipad-derived/Build/Intermediates.noindex/AhoiMobile.build/DebugLocal-iphonesimulator/AhoiMobile.build/ssu --bundle-id app.ahoibrowser.AhoiBrowser --product-path /tmp/ahoi-mobile-4113c14-ipad-derived/Build/Products/DebugLocal-iphonesimulator/AhoiMobile.app --extracted-metadata-path /tmp/ahoi-mobile-4113c14-ipad-derived/Build/Products/DebugLocal-iphonesimulator/AhoiMobile.app/Metadata.appintents --metadata-file-list /tmp/ahoi-mobile-4113c14-ipad-derived/Build/Intermediates.noindex/AhoiMobile.build/DebugLocal-iphonesimulator/AhoiMobile.build/AhoiMobile.DependencyMetadataFileList --source-file /tmp/ahoi-mobile-4113c14-ipad-derived/Build/Products/DebugLocal-iphonesimulator/AhoiMobile.app/Info.plist --archive-ssu-assets
2026-08-30 19:29:38.671 appintentsnltrainingprocessor[76093:143710602] Parsing options for appintentsnltrainingprocessor
2026-08-30 19:29:38.672 appintentsnltrainingprocessor[76093:143710602] Starting AppIntents SSU YAML Generation
2026-08-30 19:29:38.672 appintentsnltrainingprocessor[76093:143710602] No AppShortcuts found - Skipping.

CodeSign /tmp/ahoi-mobile-4113c14-ipad-derived/Build/Products/DebugLocal-iphonesimulator/AhoiMobile.app/AhoiMobile.debug.dylib (in target 'AhoiMobile' from project 'AhoiMobile')
    cd /Volumes/Macintosh\ HD\ -\ Daten/Cloud/Projekte/Apps/Plattformuebergreifend/AhoiBrowser/apps/AhoiMobile
    
    Signing Identity:     "Sign to Run Locally"
    
    /usr/bin/codesign --force --sign - --timestamp\=none --generate-entitlement-der /tmp/ahoi-mobile-4113c14-ipad-derived/Build/Products/DebugLocal-iphonesimulator/AhoiMobile.app/AhoiMobile.debug.dylib

CodeSign /tmp/ahoi-mobile-4113c14-ipad-derived/Build/Products/DebugLocal-iphonesimulator/AhoiMobile.app/__preview.dylib (in target 'AhoiMobile' from project 'AhoiMobile')
    cd /Volumes/Macintosh\ HD\ -\ Daten/Cloud/Projekte/Apps/Plattformuebergreifend/AhoiBrowser/apps/AhoiMobile
    
    Signing Identity:     "Sign to Run Locally"
    
    /usr/bin/codesign --force --sign - --timestamp\=none --generate-entitlement-der /tmp/ahoi-mobile-4113c14-ipad-derived/Build/Products/DebugLocal-iphonesimulator/AhoiMobile.app/__preview.dylib

CodeSign /tmp/ahoi-mobile-4113c14-ipad-derived/Build/Products/DebugLocal-iphonesimulator/AhoiMobile.app (in target 'AhoiMobile' from project 'AhoiMobile')
    cd /Volumes/Macintosh\ HD\ -\ Daten/Cloud/Projekte/Apps/Plattformuebergreifend/AhoiBrowser/apps/AhoiMobile
    
    Signing Identity:     "Sign to Run Locally"
    
    /usr/bin/codesign --force --sign - --timestamp\=none --generate-entitlement-der /tmp/ahoi-mobile-4113c14-ipad-derived/Build/Products/DebugLocal-iphonesimulator/AhoiMobile.app

RegisterExecutionPolicyException /tmp/ahoi-mobile-4113c14-ipad-derived/Build/Products/DebugLocal-iphonesimulator/AhoiMobile.app (in target 'AhoiMobile' from project 'AhoiMobile')
    cd /Volumes/Macintosh\ HD\ -\ Daten/Cloud/Projekte/Apps/Plattformuebergreifend/AhoiBrowser/apps/AhoiMobile
    builtin-RegisterExecutionPolicyException /tmp/ahoi-mobile-4113c14-ipad-derived/Build/Products/DebugLocal-iphonesimulator/AhoiMobile.app

Validate /tmp/ahoi-mobile-4113c14-ipad-derived/Build/Products/DebugLocal-iphonesimulator/AhoiMobile.app (in target 'AhoiMobile' from project 'AhoiMobile')
    cd /Volumes/Macintosh\ HD\ -\ Daten/Cloud/Projekte/Apps/Plattformuebergreifend/AhoiBrowser/apps/AhoiMobile
    builtin-validationUtility /tmp/ahoi-mobile-4113c14-ipad-derived/Build/Products/DebugLocal-iphonesimulator/AhoiMobile.app -shallow-bundle -infoplist-subpath Info.plist

Touch /tmp/ahoi-mobile-4113c14-ipad-derived/Build/Products/DebugLocal-iphonesimulator/AhoiMobile.app (in target 'AhoiMobile' from project 'AhoiMobile')
    cd /Volumes/Macintosh\ HD\ -\ Daten/Cloud/Projekte/Apps/Plattformuebergreifend/AhoiBrowser/apps/AhoiMobile
    /usr/bin/touch -c /tmp/ahoi-mobile-4113c14-ipad-derived/Build/Products/DebugLocal-iphonesimulator/AhoiMobile.app

ProcessInfoPlistFile /tmp/ahoi-mobile-4113c14-ipad-derived/Build/Products/DebugLocal-iphonesimulator/AhoiMobileUITests-Runner.app/PlugIns/AhoiMobileUITests.xctest/Info.plist /tmp/ahoi-mobile-4113c14-ipad-derived/Build/Intermediates.noindex/AhoiMobile.build/DebugLocal-iphonesimulator/AhoiMobileUITests.build/empty-AhoiMobileUITests.plist (in target 'AhoiMobileUITests' from project 'AhoiMobile')
    cd /Volumes/Macintosh\ HD\ -\ Daten/Cloud/Projekte/Apps/Plattformuebergreifend/AhoiBrowser/apps/AhoiMobile
    builtin-infoPlistUtility /tmp/ahoi-mobile-4113c14-ipad-derived/Build/Intermediates.noindex/AhoiMobile.build/DebugLocal-iphonesimulator/AhoiMobileUITests.build/empty-AhoiMobileUITests.plist -producttype com.apple.product-type.bundle.ui-testing -expandbuildsettings -format binary -platform iphonesimulator -additionalcontentfile /tmp/ahoi-mobile-4113c14-ipad-derived/Build/Intermediates.noindex/AhoiMobile.build/DebugLocal-iphonesimulator/AhoiMobileUITests.build/ProductTypeInfoPlistAdditions.plist -o /tmp/ahoi-mobile-4113c14-ipad-derived/Build/Products/DebugLocal-iphonesimulator/AhoiMobileUITests-Runner.app/PlugIns/AhoiMobileUITests.xctest/Info.plist

Ld /tmp/ahoi-mobile-4113c14-ipad-derived/Build/Products/DebugLocal-iphonesimulator/AhoiMobileUITests-Runner.app/PlugIns/AhoiMobileUITests.xctest/AhoiMobileUITests normal (in target 'AhoiMobileUITests' from project 'AhoiMobile')
    cd /Volumes/Macintosh\ HD\ -\ Daten/Cloud/Projekte/Apps/Plattformuebergreifend/AhoiBrowser/apps/AhoiMobile
    /Applications/Xcode.app/Contents/Developer/Toolchains/XcodeDefault.xctoolchain/usr/bin/clang -Xlinker -reproducible -target arm64-apple-ios26.0-simulator -bundle -isysroot /Applications/Xcode.app/Contents/Developer/Platforms/iPhoneSimulator.platform/Developer/SDKs/iPhoneSimulator26.5.sdk -O0 -L/tmp/ahoi-mobile-4113c14-ipad-derived/Build/Intermediates.noindex/EagerLinkingTBDs/DebugLocal-iphonesimulator -L/tmp/ahoi-mobile-4113c14-ipad-derived/Build/Products/DebugLocal-iphonesimulator -L/Applications/Xcode.app/Contents/Developer/Platforms/iPhoneSimulator.platform/Developer/usr/lib -F/tmp/ahoi-mobile-4113c14-ipad-derived/Build/Intermediates.noindex/EagerLinkingTBDs/DebugLocal-iphonesimulator -F/tmp/ahoi-mobile-4113c14-ipad-derived/Build/Products/DebugLocal-iphonesimulator -iframework /Applications/Xcode.app/Contents/Developer/Platforms/iPhoneSimulator.platform/Developer/Library/Frameworks -iframework /Applications/Xcode.app/Contents/Developer/Platforms/iPhoneSimulator.platform/Developer/SDKs/iPhoneSimulator26.5.sdk/Developer/Library/Frameworks -filelist /tmp/ahoi-mobile-4113c14-ipad-derived/Build/Intermediates.noindex/AhoiMobile.build/DebugLocal-iphonesimulator/AhoiMobileUITests.build/Objects-normal/arm64/AhoiMobileUITests.LinkFileList -Xlinker -rpath -Xlinker @loader_path/Frameworks -Xlinker -rpath -Xlinker @executable_path/Frameworks -Xlinker -dead_strip -Xlinker -object_path_lto -Xlinker /tmp/ahoi-mobile-4113c14-ipad-derived/Build/Intermediates.noindex/AhoiMobile.build/DebugLocal-iphonesimulator/AhoiMobileUITests.build/Objects-normal/arm64/AhoiMobileUITests_lto.o -rdynamic -Xlinker -no_deduplicate -Xlinker -objc_abi_version -Xlinker 2 -Xlinker -dependency_info -Xlinker /tmp/ahoi-mobile-4113c14-ipad-derived/Build/Intermediates.noindex/AhoiMobile.build/DebugLocal-iphonesimulator/AhoiMobileUITests.build/Objects-normal/arm64/AhoiMobileUITests_dependency_info.dat -fobjc-link-runtime -L/Applications/Xcode.app/Contents/Developer/Toolchains/XcodeDefault.xctoolchain/usr/lib/swift/iphonesimulator -L/usr/lib/swift -Xlinker -add_ast_path -Xlinker /tmp/ahoi-mobile-4113c14-ipad-derived/Build/Intermediates.noindex/AhoiMobile.build/DebugLocal-iphonesimulator/AhoiMobileUITests.build/Objects-normal/arm64/AhoiMobileUITests.swiftmodule @/tmp/ahoi-mobile-4113c14-ipad-derived/Build/Intermediates.noindex/AhoiMobile.build/DebugLocal-iphonesimulator/AhoiMobileUITests.build/Objects-normal/arm64/AhoiMobileUITests-linker-args.resp -Xlinker -needed_framework -Xlinker XCTest -framework XCTest -Xlinker -needed-lXCTestSwiftSupport -lXCTestSwiftSupport -Xlinker -sectcreate -Xlinker __TEXT -Xlinker __entitlements -Xlinker /tmp/ahoi-mobile-4113c14-ipad-derived/Build/Intermediates.noindex/AhoiMobile.build/DebugLocal-iphonesimulator/AhoiMobileUITests.build/AhoiMobileUITests.xctest-Simulated.xcent -Xlinker -sectcreate -Xlinker __TEXT -Xlinker __ents_der -Xlinker /tmp/ahoi-mobile-4113c14-ipad-derived/Build/Intermediates.noindex/AhoiMobile.build/DebugLocal-iphonesimulator/AhoiMobileUITests.build/AhoiMobileUITests.xctest-Simulated.xcent.der -Xlinker -no_adhoc_codesign -o /tmp/ahoi-mobile-4113c14-ipad-derived/Build/Products/DebugLocal-iphonesimulator/AhoiMobileUITests-Runner.app/PlugIns/AhoiMobileUITests.xctest/AhoiMobileUITests

CopySwiftLibs /tmp/ahoi-mobile-4113c14-ipad-derived/Build/Products/DebugLocal-iphonesimulator/AhoiMobileUITests-Runner.app/PlugIns/AhoiMobileUITests.xctest (in target 'AhoiMobileUITests' from project 'AhoiMobile')
    cd /Volumes/Macintosh\ HD\ -\ Daten/Cloud/Projekte/Apps/Plattformuebergreifend/AhoiBrowser/apps/AhoiMobile
    builtin-swiftStdLibTool --copy --verbose --sign - --scan-executable /tmp/ahoi-mobile-4113c14-ipad-derived/Build/Products/DebugLocal-iphonesimulator/AhoiMobileUITests-Runner.app/PlugIns/AhoiMobileUITests.xctest/AhoiMobileUITests --scan-folder /tmp/ahoi-mobile-4113c14-ipad-derived/Build/Products/DebugLocal-iphonesimulator/AhoiMobileUITests-Runner.app/PlugIns/AhoiMobileUITests.xctest/Frameworks --scan-folder /tmp/ahoi-mobile-4113c14-ipad-derived/Build/Products/DebugLocal-iphonesimulator/AhoiMobileUITests-Runner.app/PlugIns/AhoiMobileUITests.xctest/PlugIns --scan-folder /tmp/ahoi-mobile-4113c14-ipad-derived/Build/Products/DebugLocal-iphonesimulator/AhoiMobileUITests-Runner.app/PlugIns/AhoiMobileUITests.xctest/SystemExtensions --scan-folder /tmp/ahoi-mobile-4113c14-ipad-derived/Build/Products/DebugLocal-iphonesimulator/AhoiMobileUITests-Runner.app/PlugIns/AhoiMobileUITests.xctest/Extensions --platform iphonesimulator --toolchain /var/run/com.apple.security.cryptexd/mnt/com.apple.MobileAsset.MetalToolchain-v17.6.109.0.0k2cJr/Metal.xctoolchain --toolchain /Applications/Xcode.app/Contents/Developer/Toolchains/XcodeDefault.xctoolchain --destination /tmp/ahoi-mobile-4113c14-ipad-derived/Build/Products/DebugLocal-iphonesimulator/AhoiMobileUITests-Runner.app/PlugIns/AhoiMobileUITests.xctest/Frameworks --strip-bitcode --scan-executable /Applications/Xcode.app/Contents/Developer/Platforms/iPhoneSimulator.platform/Developer/usr/lib/libXCTestSwiftSupport.dylib --strip-bitcode-tool /Applications/Xcode.app/Contents/Developer/Toolchains/XcodeDefault.xctoolchain/usr/bin/bitcode_strip --emit-dependency-info /tmp/ahoi-mobile-4113c14-ipad-derived/Build/Intermediates.noindex/AhoiMobile.build/DebugLocal-iphonesimulator/AhoiMobileUITests.build/SwiftStdLibToolInputDependencies.dep --filter-for-swift-os

ExtractAppIntentsMetadata (in target 'AhoiMobileUITests' from project 'AhoiMobile')
    cd /Volumes/Macintosh\ HD\ -\ Daten/Cloud/Projekte/Apps/Plattformuebergreifend/AhoiBrowser/apps/AhoiMobile
    /Applications/Xcode.app/Contents/Developer/Toolchains/XcodeDefault.xctoolchain/usr/bin/appintentsmetadataprocessor --toolchain-dir /var/run/com.apple.security.cryptexd/mnt/com.apple.MobileAsset.MetalToolchain-v17.6.109.0.0k2cJr/Metal.xctoolchain --module-name AhoiMobileUITests --sdk-root /Applications/Xcode.app/Contents/Developer/Platforms/iPhoneSimulator.platform/Developer/SDKs/iPhoneSimulator26.5.sdk --xcode-version 17F113 --platform-family iOS --deployment-target 26.0 --bundle-identifier app.ahoibrowser.AhoiBrowser.uitests --output /tmp/ahoi-mobile-4113c14-ipad-derived/Build/Products/DebugLocal-iphonesimulator/AhoiMobileUITests-Runner.app/PlugIns/AhoiMobileUITests.xctest --target-triple arm64-apple-ios26.0-simulator --binary-file /tmp/ahoi-mobile-4113c14-ipad-derived/Build/Products/DebugLocal-iphonesimulator/AhoiMobileUITests-Runner.app/PlugIns/AhoiMobileUITests.xctest/AhoiMobileUITests --dependency-file /tmp/ahoi-mobile-4113c14-ipad-derived/Build/Intermediates.noindex/AhoiMobile.build/DebugLocal-iphonesimulator/AhoiMobileUITests.build/Objects-normal/arm64/AhoiMobileUITests_dependency_info.dat --stringsdata-file /tmp/ahoi-mobile-4113c14-ipad-derived/Build/Intermediates.noindex/AhoiMobile.build/DebugLocal-iphonesimulator/AhoiMobileUITests.build/Objects-normal/arm64/ExtractedAppShortcutsMetadata.stringsdata --source-file-list /tmp/ahoi-mobile-4113c14-ipad-derived/Build/Intermediates.noindex/AhoiMobile.build/DebugLocal-iphonesimulator/AhoiMobileUITests.build/Objects-normal/arm64/AhoiMobileUITests.SwiftFileList --metadata-file-list /tmp/ahoi-mobile-4113c14-ipad-derived/Build/Intermediates.noindex/AhoiMobile.build/DebugLocal-iphonesimulator/AhoiMobileUITests.build/AhoiMobileUITests.DependencyMetadataFileList --static-metadata-file-list /tmp/ahoi-mobile-4113c14-ipad-derived/Build/Intermediates.noindex/AhoiMobile.build/DebugLocal-iphonesimulator/AhoiMobileUITests.build/AhoiMobileUITests.DependencyStaticMetadataFileList --swift-const-vals-list /tmp/ahoi-mobile-4113c14-ipad-derived/Build/Intermediates.noindex/AhoiMobile.build/DebugLocal-iphonesimulator/AhoiMobileUITests.build/Objects-normal/arm64/AhoiMobileUITests.SwiftConstValuesFileList --compile-time-extraction --deployment-aware-processing --validate-assistant-intents --no-app-shortcuts-localization
2026-08-30 19:29:40.319 appintentsmetadataprocessor[76109:143710680] Starting appintentsmetadataprocessor export
2026-08-30 19:29:40.328 appintentsmetadataprocessor[76109:143710680] warning: Metadata extraction skipped. No AppIntents.framework dependency found.

AppIntentsSSUTraining (in target 'AhoiMobileUITests' from project 'AhoiMobile')
    cd /Volumes/Macintosh\ HD\ -\ Daten/Cloud/Projekte/Apps/Plattformuebergreifend/AhoiBrowser/apps/AhoiMobile
    /Applications/Xcode.app/Contents/Developer/Toolchains/XcodeDefault.xctoolchain/usr/bin/appintentsnltrainingprocessor --infoplist-path /tmp/ahoi-mobile-4113c14-ipad-derived/Build/Products/DebugLocal-iphonesimulator/AhoiMobileUITests-Runner.app/PlugIns/AhoiMobileUITests.xctest/Info.plist --temp-dir-path /tmp/ahoi-mobile-4113c14-ipad-derived/Build/Intermediates.noindex/AhoiMobile.build/DebugLocal-iphonesimulator/AhoiMobileUITests.build/ssu --bundle-id app.ahoibrowser.AhoiBrowser.uitests --product-path /tmp/ahoi-mobile-4113c14-ipad-derived/Build/Products/DebugLocal-iphonesimulator/AhoiMobileUITests-Runner.app/PlugIns/AhoiMobileUITests.xctest --extracted-metadata-path /tmp/ahoi-mobile-4113c14-ipad-derived/Build/Products/DebugLocal-iphonesimulator/AhoiMobileUITests-Runner.app/PlugIns/AhoiMobileUITests.xctest/Metadata.appintents --metadata-file-list /tmp/ahoi-mobile-4113c14-ipad-derived/Build/Intermediates.noindex/AhoiMobile.build/DebugLocal-iphonesimulator/AhoiMobileUITests.build/AhoiMobileUITests.DependencyMetadataFileList --source-file /tmp/ahoi-mobile-4113c14-ipad-derived/Build/Products/DebugLocal-iphonesimulator/AhoiMobileUITests-Runner.app/PlugIns/AhoiMobileUITests.xctest/Info.plist --archive-ssu-assets
2026-08-30 19:29:40.406 appintentsnltrainingprocessor[76110:143710682] Parsing options for appintentsnltrainingprocessor
2026-08-30 19:29:40.407 appintentsnltrainingprocessor[76110:143710682] Starting AppIntents SSU YAML Generation
2026-08-30 19:29:40.408 appintentsnltrainingprocessor[76110:143710682] No AppShortcuts found - Skipping.

MkDir /tmp/ahoi-mobile-4113c14-ipad-derived/Build/Products/DebugLocal-iphonesimulator/AhoiMobileUITests-Runner.app (in target 'AhoiMobileUITests' from project 'AhoiMobile')
    cd /Volumes/Macintosh\ HD\ -\ Daten/Cloud/Projekte/Apps/Plattformuebergreifend/AhoiBrowser/apps/AhoiMobile
    /bin/mkdir -p /tmp/ahoi-mobile-4113c14-ipad-derived/Build/Products/DebugLocal-iphonesimulator/AhoiMobileUITests-Runner.app

CopyPlistFile /tmp/ahoi-mobile-4113c14-ipad-derived/Build/Products/DebugLocal-iphonesimulator/AhoiMobileUITests-Runner.app/Info.plist /Applications/Xcode.app/Contents/Developer/Platforms/iPhoneSimulator.platform/Developer/Library/Xcode/Agents/XCTRunner.app/Info.plist (in target 'AhoiMobileUITests' from project 'AhoiMobile')
    cd /Volumes/Macintosh\ HD\ -\ Daten/Cloud/Projekte/Apps/Plattformuebergreifend/AhoiBrowser/apps/AhoiMobile
    builtin-copyPlist --validate --convert xml1 --macro-expansion WRAPPEDPRODUCTNAME AhoiMobileUITests-Runner --macro-expansion WRAPPEDPRODUCTBUNDLEIDENTIFIER app.ahoibrowser.AhoiBrowser.uitests.xctrunner --macro-expansion TESTPRODUCTNAME AhoiMobileUITests --macro-expansion TESTPRODUCTBUNDLEIDENTIFIER app.ahoibrowser.AhoiBrowser.uitests --copy-value UIDeviceFamily /tmp/ahoi-mobile-4113c14-ipad-derived/Build/Products/DebugLocal-iphonesimulator/AhoiMobileUITests-Runner.app/PlugIns/AhoiMobileUITests.xctest/Info.plist --outdir /tmp/ahoi-mobile-4113c14-ipad-derived/Build/Products/DebugLocal-iphonesimulator/AhoiMobileUITests-Runner.app -- /Applications/Xcode.app/Contents/Developer/Platforms/iPhoneSimulator.platform/Developer/Library/Xcode/Agents/XCTRunner.app/Info.plist

CopyAndPreserveArchs /tmp/ahoi-mobile-4113c14-ipad-derived/Build/Products/DebugLocal-iphonesimulator/AhoiMobileUITests-Runner.app/AhoiMobileUITests-Runner (in target 'AhoiMobileUITests' from project 'AhoiMobile')
    cd /Volumes/Macintosh\ HD\ -\ Daten/Cloud/Projekte/Apps/Plattformuebergreifend/AhoiBrowser/apps/AhoiMobile
    /Applications/Xcode.app/Contents/Developer/Toolchains/XcodeDefault.xctoolchain/usr/bin/lipo /Applications/Xcode.app/Contents/Developer/Platforms/iPhoneSimulator.platform/Developer/Library/Xcode/Agents/XCTRunner.app/XCTRunner -output /tmp/ahoi-mobile-4113c14-ipad-derived/Build/Products/DebugLocal-iphonesimulator/AhoiMobileUITests-Runner.app/AhoiMobileUITests-Runner -extract arm64

Copy /tmp/ahoi-mobile-4113c14-ipad-derived/Build/Products/DebugLocal-iphonesimulator/AhoiMobileUITests-Runner.app/PkgInfo /Applications/Xcode.app/Contents/Developer/Platforms/iPhoneSimulator.platform/Developer/Library/Xcode/Agents/XCTRunner.app/PkgInfo (in target 'AhoiMobileUITests' from project 'AhoiMobile')
    cd /Volumes/Macintosh\ HD\ -\ Daten/Cloud/Projekte/Apps/Plattformuebergreifend/AhoiBrowser/apps/AhoiMobile
    builtin-copy -exclude .DS_Store -exclude CVS -exclude .svn -exclude .git -exclude .hg -resolve-src-symlinks /Applications/Xcode.app/Contents/Developer/Platforms/iPhoneSimulator.platform/Developer/Library/Xcode/Agents/XCTRunner.app/PkgInfo /tmp/ahoi-mobile-4113c14-ipad-derived/Build/Products/DebugLocal-iphonesimulator/AhoiMobileUITests-Runner.app

Copy /tmp/ahoi-mobile-4113c14-ipad-derived/Build/Products/DebugLocal-iphonesimulator/AhoiMobileUITests-Runner.app/Frameworks/libXCTestSwiftSupport.dylib /Applications/Xcode.app/Contents/Developer/Platforms/iPhoneSimulator.platform/Developer/usr/lib/libXCTestSwiftSupport.dylib (in target 'AhoiMobileUITests' from project 'AhoiMobile')
    cd /Volumes/Macintosh\ HD\ -\ Daten/Cloud/Projekte/Apps/Plattformuebergreifend/AhoiBrowser/apps/AhoiMobile
    builtin-copy -exclude .DS_Store -exclude CVS -exclude .svn -exclude .git -exclude .hg -exclude Headers -exclude PrivateHeaders -exclude Modules -exclude \*.tbd -resolve-src-symlinks /Applications/Xcode.app/Contents/Developer/Platforms/iPhoneSimulator.platform/Developer/usr/lib/libXCTestSwiftSupport.dylib /tmp/ahoi-mobile-4113c14-ipad-derived/Build/Products/DebugLocal-iphonesimulator/AhoiMobileUITests-Runner.app/Frameworks

Copy /tmp/ahoi-mobile-4113c14-ipad-derived/Build/Products/DebugLocal-iphonesimulator/AhoiMobileUITests-Runner.app/Frameworks/XCUnit.framework /Applications/Xcode.app/Contents/Developer/Platforms/iPhoneSimulator.platform/Developer/Library/PrivateFrameworks/XCUnit.framework (in target 'AhoiMobileUITests' from project 'AhoiMobile')
    cd /Volumes/Macintosh\ HD\ -\ Daten/Cloud/Projekte/Apps/Plattformuebergreifend/AhoiBrowser/apps/AhoiMobile
    builtin-copy -exclude .DS_Store -exclude CVS -exclude .svn -exclude .git -exclude .hg -exclude Headers -exclude PrivateHeaders -exclude Modules -exclude \*.tbd -resolve-src-symlinks /Applications/Xcode.app/Contents/Developer/Platforms/iPhoneSimulator.platform/Developer/Library/PrivateFrameworks/XCUnit.framework /tmp/ahoi-mobile-4113c14-ipad-derived/Build/Products/DebugLocal-iphonesimulator/AhoiMobileUITests-Runner.app/Frameworks

Copy /tmp/ahoi-mobile-4113c14-ipad-derived/Build/Products/DebugLocal-iphonesimulator/AhoiMobileUITests-Runner.app/Frameworks/XCUIAutomation.framework /Applications/Xcode.app/Contents/Developer/Platforms/iPhoneSimulator.platform/Developer/Library/Frameworks/XCUIAutomation.framework (in target 'AhoiMobileUITests' from project 'AhoiMobile')
    cd /Volumes/Macintosh\ HD\ -\ Daten/Cloud/Projekte/Apps/Plattformuebergreifend/AhoiBrowser/apps/AhoiMobile
    builtin-copy -exclude .DS_Store -exclude CVS -exclude .svn -exclude .git -exclude .hg -exclude Headers -exclude PrivateHeaders -exclude Modules -exclude \*.tbd -resolve-src-symlinks /Applications/Xcode.app/Contents/Developer/Platforms/iPhoneSimulator.platform/Developer/Library/Frameworks/XCUIAutomation.framework /tmp/ahoi-mobile-4113c14-ipad-derived/Build/Products/DebugLocal-iphonesimulator/AhoiMobileUITests-Runner.app/Frameworks

Copy /tmp/ahoi-mobile-4113c14-ipad-derived/Build/Products/DebugLocal-iphonesimulator/AhoiMobileUITests-Runner.app/Frameworks/XCTestSupport.framework /Applications/Xcode.app/Contents/Developer/Platforms/iPhoneSimulator.platform/Developer/Library/PrivateFrameworks/XCTestSupport.framework (in target 'AhoiMobileUITests' from project 'AhoiMobile')
    cd /Volumes/Macintosh\ HD\ -\ Daten/Cloud/Projekte/Apps/Plattformuebergreifend/AhoiBrowser/apps/AhoiMobile
    builtin-copy -exclude .DS_Store -exclude CVS -exclude .svn -exclude .git -exclude .hg -exclude Headers -exclude PrivateHeaders -exclude Modules -exclude \*.tbd -resolve-src-symlinks /Applications/Xcode.app/Contents/Developer/Platforms/iPhoneSimulator.platform/Developer/Library/PrivateFrameworks/XCTestSupport.framework /tmp/ahoi-mobile-4113c14-ipad-derived/Build/Products/DebugLocal-iphonesimulator/AhoiMobileUITests-Runner.app/Frameworks

Copy /tmp/ahoi-mobile-4113c14-ipad-derived/Build/Products/DebugLocal-iphonesimulator/AhoiMobileUITests-Runner.app/Frameworks/XCTestCore.framework /Applications/Xcode.app/Contents/Developer/Platforms/iPhoneSimulator.platform/Developer/Library/PrivateFrameworks/XCTestCore.framework (in target 'AhoiMobileUITests' from project 'AhoiMobile')
    cd /Volumes/Macintosh\ HD\ -\ Daten/Cloud/Projekte/Apps/Plattformuebergreifend/AhoiBrowser/apps/AhoiMobile
    builtin-copy -exclude .DS_Store -exclude CVS -exclude .svn -exclude .git -exclude .hg -exclude Headers -exclude PrivateHeaders -exclude Modules -exclude \*.tbd -resolve-src-symlinks /Applications/Xcode.app/Contents/Developer/Platforms/iPhoneSimulator.platform/Developer/Library/PrivateFrameworks/XCTestCore.framework /tmp/ahoi-mobile-4113c14-ipad-derived/Build/Products/DebugLocal-iphonesimulator/AhoiMobileUITests-Runner.app/Frameworks

Copy /tmp/ahoi-mobile-4113c14-ipad-derived/Build/Products/DebugLocal-iphonesimulator/AhoiMobileUITests-Runner.app/Frameworks/XCTest.framework /Applications/Xcode.app/Contents/Developer/Platforms/iPhoneSimulator.platform/Developer/Library/Frameworks/XCTest.framework (in target 'AhoiMobileUITests' from project 'AhoiMobile')
    cd /Volumes/Macintosh\ HD\ -\ Daten/Cloud/Projekte/Apps/Plattformuebergreifend/AhoiBrowser/apps/AhoiMobile
    builtin-copy -exclude .DS_Store -exclude CVS -exclude .svn -exclude .git -exclude .hg -exclude Headers -exclude PrivateHeaders -exclude Modules -exclude \*.tbd -resolve-src-symlinks /Applications/Xcode.app/Contents/Developer/Platforms/iPhoneSimulator.platform/Developer/Library/Frameworks/XCTest.framework /tmp/ahoi-mobile-4113c14-ipad-derived/Build/Products/DebugLocal-iphonesimulator/AhoiMobileUITests-Runner.app/Frameworks

Copy /tmp/ahoi-mobile-4113c14-ipad-derived/Build/Products/DebugLocal-iphonesimulator/AhoiMobileUITests-Runner.app/Frameworks/XCTAutomationSupport.framework /Applications/Xcode.app/Contents/Developer/Platforms/iPhoneSimulator.platform/Developer/Library/PrivateFrameworks/XCTAutomationSupport.framework (in target 'AhoiMobileUITests' from project 'AhoiMobile')
    cd /Volumes/Macintosh\ HD\ -\ Daten/Cloud/Projekte/Apps/Plattformuebergreifend/AhoiBrowser/apps/AhoiMobile
    builtin-copy -exclude .DS_Store -exclude CVS -exclude .svn -exclude .git -exclude .hg -exclude Headers -exclude PrivateHeaders -exclude Modules -exclude \*.tbd -resolve-src-symlinks /Applications/Xcode.app/Contents/Developer/Platforms/iPhoneSimulator.platform/Developer/Library/PrivateFrameworks/XCTAutomationSupport.framework /tmp/ahoi-mobile-4113c14-ipad-derived/Build/Products/DebugLocal-iphonesimulator/AhoiMobileUITests-Runner.app/Frameworks

Copy /tmp/ahoi-mobile-4113c14-ipad-derived/Build/Products/DebugLocal-iphonesimulator/AhoiMobileUITests-Runner.app/Frameworks/Testing.framework /Applications/Xcode.app/Contents/Developer/Platforms/iPhoneSimulator.platform/Developer/Library/Frameworks/Testing.framework (in target 'AhoiMobileUITests' from project 'AhoiMobile')
    cd /Volumes/Macintosh\ HD\ -\ Daten/Cloud/Projekte/Apps/Plattformuebergreifend/AhoiBrowser/apps/AhoiMobile
    builtin-copy -exclude .DS_Store -exclude CVS -exclude .svn -exclude .git -exclude .hg -exclude Headers -exclude PrivateHeaders -exclude Modules -exclude \*.tbd -resolve-src-symlinks /Applications/Xcode.app/Contents/Developer/Platforms/iPhoneSimulator.platform/Developer/Library/Frameworks/Testing.framework /tmp/ahoi-mobile-4113c14-ipad-derived/Build/Products/DebugLocal-iphonesimulator/AhoiMobileUITests-Runner.app/Frameworks

CodeSign /tmp/ahoi-mobile-4113c14-ipad-derived/Build/Products/DebugLocal-iphonesimulator/AhoiMobileUITests-Runner.app/PlugIns/AhoiMobileUITests.xctest (in target 'AhoiMobileUITests' from project 'AhoiMobile')
    cd /Volumes/Macintosh\ HD\ -\ Daten/Cloud/Projekte/Apps/Plattformuebergreifend/AhoiBrowser/apps/AhoiMobile
    
    Signing Identity:     "Sign to Run Locally"
    
    /usr/bin/codesign --force --sign - --timestamp\=none --generate-entitlement-der /tmp/ahoi-mobile-4113c14-ipad-derived/Build/Products/DebugLocal-iphonesimulator/AhoiMobileUITests-Runner.app/PlugIns/AhoiMobileUITests.xctest

RegisterExecutionPolicyException /tmp/ahoi-mobile-4113c14-ipad-derived/Build/Products/DebugLocal-iphonesimulator/AhoiMobileUITests-Runner.app/PlugIns/AhoiMobileUITests.xctest (in target 'AhoiMobileUITests' from project 'AhoiMobile')
    cd /Volumes/Macintosh\ HD\ -\ Daten/Cloud/Projekte/Apps/Plattformuebergreifend/AhoiBrowser/apps/AhoiMobile
    builtin-RegisterExecutionPolicyException /tmp/ahoi-mobile-4113c14-ipad-derived/Build/Products/DebugLocal-iphonesimulator/AhoiMobileUITests-Runner.app/PlugIns/AhoiMobileUITests.xctest

CodeSign /tmp/ahoi-mobile-4113c14-ipad-derived/Build/Products/DebugLocal-iphonesimulator/AhoiMobileUITests-Runner.app (in target 'AhoiMobileUITests' from project 'AhoiMobile')
    cd /Volumes/Macintosh\ HD\ -\ Daten/Cloud/Projekte/Apps/Plattformuebergreifend/AhoiBrowser/apps/AhoiMobile
    
    Signing Identity:     "Sign to Run Locally"
    
    /usr/bin/codesign --force --sign - --timestamp\=none --generate-entitlement-der /tmp/ahoi-mobile-4113c14-ipad-derived/Build/Products/DebugLocal-iphonesimulator/AhoiMobileUITests-Runner.app
/tmp/ahoi-mobile-4113c14-ipad-derived/Build/Products/DebugLocal-iphonesimulator/AhoiMobileUITests-Runner.app: replacing existing signature

Touch /tmp/ahoi-mobile-4113c14-ipad-derived/Build/Products/DebugLocal-iphonesimulator/AhoiMobileUITests-Runner.app/PlugIns/AhoiMobileUITests.xctest (in target 'AhoiMobileUITests' from project 'AhoiMobile')
    cd /Volumes/Macintosh\ HD\ -\ Daten/Cloud/Projekte/Apps/Plattformuebergreifend/AhoiBrowser/apps/AhoiMobile
    /usr/bin/touch -c /tmp/ahoi-mobile-4113c14-ipad-derived/Build/Products/DebugLocal-iphonesimulator/AhoiMobileUITests-Runner.app/PlugIns/AhoiMobileUITests.xctest

note: Run script build phase 'Mobile signing mode preflight' will be run during every build because the option to run the script phase "Based on dependency analysis" is unchecked. (in target 'AhoiMobile' from project 'AhoiMobile')

Result bundle written to path:
	/tmp/ahoi-mobile-4113c14-ipad-build-01.xcresult

** TEST BUILD SUCCEEDED **

