Command line invocation:
    /Applications/Xcode.app/Contents/Developer/usr/bin/xcodebuild -project apps/AhoiMobile/AhoiMobile.xcodeproj -scheme AhoiMobile-CloudKitDevelopment -configuration CloudKitDevelopment -destination generic/platform=iOS -derivedDataPath /private/tmp/ahoi-mobile-shared-tabs.V7PCPC/DerivedData -resultBundlePath "/Volumes/Macintosh HD - Daten/Cloud/Projekte/Apps/Plattformuebergreifend/AhoiBrowser/artifacts/build/mobile-development-77061ad-20260908/build.xcresult" -xcconfig "/Volumes/Macintosh HD - Daten/Cloud/Projekte/Apps/Plattformuebergreifend/AhoiBrowser/artifacts/build/mobile-development-77061ad-20260908/Acceptance.xcconfig" -disableAutomaticPackageResolution -jobs 2 ARCHS=arm64 ONLY_ACTIVE_ARCH=YES "OTHER_SWIFT_FLAGS=$(inherited) -j2" CODE_SIGNING_ALLOWED=NO CODE_SIGNING_REQUIRED=NO build

Build settings from command line:
    ARCHS = arm64
    CODE_SIGNING_ALLOWED = NO
    CODE_SIGNING_REQUIRED = NO
    ONLY_ACTIVE_ARCH = YES
    OTHER_SWIFT_FLAGS = $(inherited) -j2

Build settings from configuration file '/Volumes/Macintosh HD - Daten/Cloud/Projekte/Apps/Plattformuebergreifend/AhoiBrowser/artifacts/build/mobile-development-77061ad-20260908/Acceptance.xcconfig':
    AHOI_CLOUDKIT_CONTAINER_ID = iCloud.app.ahoibrowser.AhoiBrowser
    AHOI_CLOUDKIT_SUBSCRIPTION_ID = AhoiSyncAcceptanceSubscription-bba96b17-f044-4923-9d40-67b15014d59e
    AHOI_CLOUDKIT_ZONE_NAME = AhoiSyncAcceptance-bba96b17-f044-4923-9d40-67b15014d59e
    AHOI_MOBILE_BUILD_NUMBER = 21
    AHOI_MOBILE_MARKETING_VERSION = 0.1
    AHOI_SOURCE_COMMIT = 77061adbee47332e84a98be377447385eaa5fd3a
    AHOI_SYNC_KEY_VERSION = 1
    AHOI_SYNC_KEYCHAIN_ACCESS_GROUP = 248AJ5BN47.app.ahoibrowser.sync
    AHOI_SYNC_KEYCHAIN_ACCOUNT = payload-key.acceptance-bba96b17-f044-4923-9d40-67b15014d59e
    AHOI_SYNC_KEYCHAIN_SERVICE = app.ahoibrowser.sync.payload-key
    CODE_SIGNING_ALLOWED = NO
    CODE_SIGNING_REQUIRED = NO

Resolve Package Graph


Resolved source packages:
  AhoiCloudKitSpike: /tmp/ahoi-mobile-shared-tabs.V7PCPC/repo/spikes/cloudkit

Writing result bundle at path:
	/Volumes/Macintosh HD - Daten/Cloud/Projekte/Apps/Plattformuebergreifend/AhoiBrowser/artifacts/build/mobile-development-77061ad-20260908/build.xcresult

Build Preparation
Build task concurrency set to 2 via user default IDEBuildOperationMaxNumberOfConcurrentCompileTasks

ComputePackagePrebuildTargetDependencyGraph

Prepare packages

CreateBuildRequest

SendProjectDescription

CreateBuildOperation

ComputeTargetDependencyGraph
note: Building targets in dependency order
note: Target dependency graph (4 targets)
    Target 'AhoiMobile' in project 'AhoiMobile'
        ➜ Explicit dependency on target 'AhoiMobileCore' in project 'AhoiMobile'
        ➜ Explicit dependency on target 'AhoiCloudKitSpike' in project 'AhoiCloudKitSpike'
    Target 'AhoiMobileCore' in project 'AhoiMobile'
        ➜ Explicit dependency on target 'AhoiCloudKitSpike' in project 'AhoiCloudKitSpike'
    Target 'AhoiCloudKitSpike' in project 'AhoiCloudKitSpike'
        ➜ Explicit dependency on target 'AhoiCloudKitSpike' in project 'AhoiCloudKitSpike'
    Target 'AhoiCloudKitSpike' in project 'AhoiCloudKitSpike' (no dependencies)

GatherProvisioningInputs

CreateBuildDescription

ExecuteExternalTool /Applications/Xcode.app/Contents/Developer/Toolchains/XcodeDefault.xctoolchain/usr/bin/clang -v -E -dM -isysroot /Applications/Xcode.app/Contents/Developer/Platforms/iPhoneOS.platform/Developer/SDKs/iPhoneOS26.5.sdk -x c -c /dev/null

ExecuteExternalTool /Applications/Xcode.app/Contents/Developer/Toolchains/XcodeDefault.xctoolchain/usr/bin/swiftc --version

ExecuteExternalTool /Applications/Xcode.app/Contents/Developer/usr/bin/xcstringstool compile --dry-run --output-directory /tmp/ahoi-mobile-shared-tabs.V7PCPC/DerivedData/Build/Intermediates.noindex/AhoiMobile.build/CloudKitDevelopment-iphoneos/AhoiMobileCore.build /tmp/ahoi-mobile-shared-tabs.V7PCPC/repo/apps/AhoiMobile/Sources/AhoiMobileCore/Resources/Localizable.xcstrings

ExecuteExternalTool /Applications/Xcode.app/Contents/Developer/Toolchains/XcodeDefault.xctoolchain/usr/bin/clang -v -E -dM -arch arm64 -isysroot /Applications/Xcode.app/Contents/Developer/Platforms/iPhoneOS.platform/Developer/SDKs/iPhoneOS26.5.sdk -x c -c /dev/null

ExecuteExternalTool /Applications/Xcode.app/Contents/Developer/Toolchains/XcodeDefault.xctoolchain/usr/bin/ld -version_details

ExecuteExternalTool /Applications/Xcode.app/Contents/Developer/usr/bin/actool --print-asset-tag-combinations --output-format xml1 /tmp/ahoi-mobile-shared-tabs.V7PCPC/repo/apps/AhoiMobile/Sources/AhoiMobileApp/Assets.xcassets

ExecuteExternalTool /Applications/Xcode.app/Contents/Developer/usr/bin/actool --version --output-format xml1

Build description signature: 76ab84849c766eb90f5d78dce55d8389
Build description path: /tmp/ahoi-mobile-shared-tabs.V7PCPC/DerivedData/Build/Intermediates.noindex/XCBuildData/76ab84849c766eb90f5d78dce55d8389.xcbuilddata
ClangStatCache /Applications/Xcode.app/Contents/Developer/Toolchains/XcodeDefault.xctoolchain/usr/bin/clang-stat-cache /Applications/Xcode.app/Contents/Developer/Platforms/iPhoneOS.platform/Developer/SDKs/iPhoneOS26.5.sdk /tmp/ahoi-mobile-shared-tabs.V7PCPC/DerivedData/SDKStatCaches.noindex/iphoneos26.5-23F81a-688ef53f1462e2c8f657fdc38a81448f32daed1954a7d5dd0789fcaf2a9bb78b.sdkstatcache
    cd /tmp/ahoi-mobile-shared-tabs.V7PCPC/repo/apps/AhoiMobile/AhoiMobile.xcodeproj
    /Applications/Xcode.app/Contents/Developer/Toolchains/XcodeDefault.xctoolchain/usr/bin/clang-stat-cache /Applications/Xcode.app/Contents/Developer/Platforms/iPhoneOS.platform/Developer/SDKs/iPhoneOS26.5.sdk -o /tmp/ahoi-mobile-shared-tabs.V7PCPC/DerivedData/SDKStatCaches.noindex/iphoneos26.5-23F81a-688ef53f1462e2c8f657fdc38a81448f32daed1954a7d5dd0789fcaf2a9bb78b.sdkstatcache

WriteAuxiliaryFile /tmp/ahoi-mobile-shared-tabs.V7PCPC/DerivedData/Build/Intermediates.noindex/AhoiMobile.build/CloudKitDevelopment-iphoneos/AhoiMobile-a44a3a976db28ace36eae5fb72a0335b-VFS-iphoneos/all-product-headers.yaml
    cd /tmp/ahoi-mobile-shared-tabs.V7PCPC/repo/apps/AhoiMobile/AhoiMobile.xcodeproj
    write-file /tmp/ahoi-mobile-shared-tabs.V7PCPC/DerivedData/Build/Intermediates.noindex/AhoiMobile.build/CloudKitDevelopment-iphoneos/AhoiMobile-a44a3a976db28ace36eae5fb72a0335b-VFS-iphoneos/all-product-headers.yaml

CreateBuildDirectory /tmp/ahoi-mobile-shared-tabs.V7PCPC/DerivedData/Build/Products/CloudKitDevelopment-iphoneos
    cd /tmp/ahoi-mobile-shared-tabs.V7PCPC/repo/apps/AhoiMobile/AhoiMobile.xcodeproj
    builtin-create-build-directory /tmp/ahoi-mobile-shared-tabs.V7PCPC/DerivedData/Build/Products/CloudKitDevelopment-iphoneos

CreateBuildDirectory /tmp/ahoi-mobile-shared-tabs.V7PCPC/DerivedData/Build/Intermediates.noindex/EagerLinkingTBDs/CloudKitDevelopment-iphoneos
    cd /tmp/ahoi-mobile-shared-tabs.V7PCPC/repo/apps/AhoiMobile/AhoiMobile.xcodeproj
    builtin-create-build-directory /tmp/ahoi-mobile-shared-tabs.V7PCPC/DerivedData/Build/Intermediates.noindex/EagerLinkingTBDs/CloudKitDevelopment-iphoneos

CreateBuildDirectory /tmp/ahoi-mobile-shared-tabs.V7PCPC/DerivedData/Build/Products/CloudKitDevelopment-iphoneos/PackageFrameworks
    cd /tmp/ahoi-mobile-shared-tabs.V7PCPC/repo/apps/AhoiMobile/AhoiMobile.xcodeproj
    builtin-create-build-directory /tmp/ahoi-mobile-shared-tabs.V7PCPC/DerivedData/Build/Products/CloudKitDevelopment-iphoneos/PackageFrameworks

WriteAuxiliaryFile /tmp/ahoi-mobile-shared-tabs.V7PCPC/DerivedData/Build/Intermediates.noindex/AhoiMobile.build/CloudKitDevelopment-iphoneos/AhoiMobile.build/Script-A0DB4133886667C5D797053C.sh (in target 'AhoiMobile' from project 'AhoiMobile')
    cd /tmp/ahoi-mobile-shared-tabs.V7PCPC/repo/apps/AhoiMobile
    write-file /tmp/ahoi-mobile-shared-tabs.V7PCPC/DerivedData/Build/Intermediates.noindex/AhoiMobile.build/CloudKitDevelopment-iphoneos/AhoiMobile.build/Script-A0DB4133886667C5D797053C.sh

WriteAuxiliaryFile /tmp/ahoi-mobile-shared-tabs.V7PCPC/DerivedData/Build/Intermediates.noindex/AhoiMobile.build/CloudKitDevelopment-iphoneos/AhoiMobileCore.build/module.modulemap (in target 'AhoiMobileCore' from project 'AhoiMobile')
    cd /tmp/ahoi-mobile-shared-tabs.V7PCPC/repo/apps/AhoiMobile
    write-file /tmp/ahoi-mobile-shared-tabs.V7PCPC/DerivedData/Build/Intermediates.noindex/AhoiMobile.build/CloudKitDevelopment-iphoneos/AhoiMobileCore.build/module.modulemap

WriteAuxiliaryFile /tmp/ahoi-mobile-shared-tabs.V7PCPC/DerivedData/Build/Intermediates.noindex/AhoiMobile.build/CloudKitDevelopment-iphoneos/AhoiMobileCore.build/empty-AhoiMobileCore.plist (in target 'AhoiMobileCore' from project 'AhoiMobile')
    cd /tmp/ahoi-mobile-shared-tabs.V7PCPC/repo/apps/AhoiMobile
    write-file /tmp/ahoi-mobile-shared-tabs.V7PCPC/DerivedData/Build/Intermediates.noindex/AhoiMobile.build/CloudKitDevelopment-iphoneos/AhoiMobileCore.build/empty-AhoiMobileCore.plist

WriteAuxiliaryFile /tmp/ahoi-mobile-shared-tabs.V7PCPC/DerivedData/Build/Intermediates.noindex/AhoiMobile.build/CloudKitDevelopment-iphoneos/AhoiMobileCore.build/Objects-normal/arm64/AhoiMobileCore_const_extract_protocols.json (in target 'AhoiMobileCore' from project 'AhoiMobile')
    cd /tmp/ahoi-mobile-shared-tabs.V7PCPC/repo/apps/AhoiMobile
    write-file /tmp/ahoi-mobile-shared-tabs.V7PCPC/DerivedData/Build/Intermediates.noindex/AhoiMobile.build/CloudKitDevelopment-iphoneos/AhoiMobileCore.build/Objects-normal/arm64/AhoiMobileCore_const_extract_protocols.json

WriteAuxiliaryFile /tmp/ahoi-mobile-shared-tabs.V7PCPC/DerivedData/Build/Intermediates.noindex/AhoiMobile.build/CloudKitDevelopment-iphoneos/AhoiMobileCore.build/Objects-normal/arm64/AhoiMobileCore.SwiftFileList (in target 'AhoiMobileCore' from project 'AhoiMobile')
    cd /tmp/ahoi-mobile-shared-tabs.V7PCPC/repo/apps/AhoiMobile
    write-file /tmp/ahoi-mobile-shared-tabs.V7PCPC/DerivedData/Build/Intermediates.noindex/AhoiMobile.build/CloudKitDevelopment-iphoneos/AhoiMobileCore.build/Objects-normal/arm64/AhoiMobileCore.SwiftFileList

WriteAuxiliaryFile /tmp/ahoi-mobile-shared-tabs.V7PCPC/DerivedData/Build/Intermediates.noindex/AhoiMobile.build/CloudKitDevelopment-iphoneos/AhoiMobileCore.build/Objects-normal/arm64/AhoiMobileCore.SwiftConstValuesFileList (in target 'AhoiMobileCore' from project 'AhoiMobile')
    cd /tmp/ahoi-mobile-shared-tabs.V7PCPC/repo/apps/AhoiMobile
    write-file /tmp/ahoi-mobile-shared-tabs.V7PCPC/DerivedData/Build/Intermediates.noindex/AhoiMobile.build/CloudKitDevelopment-iphoneos/AhoiMobileCore.build/Objects-normal/arm64/AhoiMobileCore.SwiftConstValuesFileList

WriteAuxiliaryFile /tmp/ahoi-mobile-shared-tabs.V7PCPC/DerivedData/Build/Intermediates.noindex/AhoiMobile.build/CloudKitDevelopment-iphoneos/AhoiMobileCore.build/Objects-normal/arm64/AhoiMobileCore.LinkFileList (in target 'AhoiMobileCore' from project 'AhoiMobile')
    cd /tmp/ahoi-mobile-shared-tabs.V7PCPC/repo/apps/AhoiMobile
    write-file /tmp/ahoi-mobile-shared-tabs.V7PCPC/DerivedData/Build/Intermediates.noindex/AhoiMobile.build/CloudKitDevelopment-iphoneos/AhoiMobileCore.build/Objects-normal/arm64/AhoiMobileCore.LinkFileList

WriteAuxiliaryFile /tmp/ahoi-mobile-shared-tabs.V7PCPC/DerivedData/Build/Intermediates.noindex/AhoiMobile.build/CloudKitDevelopment-iphoneos/AhoiMobileCore.build/Objects-normal/arm64/AhoiMobileCore-OutputFileMap.json (in target 'AhoiMobileCore' from project 'AhoiMobile')
    cd /tmp/ahoi-mobile-shared-tabs.V7PCPC/repo/apps/AhoiMobile
    write-file /tmp/ahoi-mobile-shared-tabs.V7PCPC/DerivedData/Build/Intermediates.noindex/AhoiMobile.build/CloudKitDevelopment-iphoneos/AhoiMobileCore.build/Objects-normal/arm64/AhoiMobileCore-OutputFileMap.json

WriteAuxiliaryFile /tmp/ahoi-mobile-shared-tabs.V7PCPC/DerivedData/Build/Intermediates.noindex/AhoiMobile.build/CloudKitDevelopment-iphoneos/AhoiMobileCore.build/Objects-normal/arm64/7187679823f38a2a940e0043cdf9d637-common-args.resp (in target 'AhoiMobileCore' from project 'AhoiMobile')
    cd /tmp/ahoi-mobile-shared-tabs.V7PCPC/repo/apps/AhoiMobile
    write-file /tmp/ahoi-mobile-shared-tabs.V7PCPC/DerivedData/Build/Intermediates.noindex/AhoiMobile.build/CloudKitDevelopment-iphoneos/AhoiMobileCore.build/Objects-normal/arm64/7187679823f38a2a940e0043cdf9d637-common-args.resp
'-std=gnu11' -fmodules -gmodules '-fmodules-cache-path=/tmp/ahoi-mobile-shared-tabs.V7PCPC/DerivedData/ModuleCache.noindex' '-fmodule-name=AhoiMobileCore' -fpascal-strings -O0 -fno-common '-DDEBUG=1' -g -iquote /tmp/ahoi-mobile-shared-tabs.V7PCPC/DerivedData/Build/Intermediates.noindex/AhoiMobile.build/CloudKitDevelopment-iphoneos/AhoiMobileCore.build/AhoiMobileCore-generated-files.hmap -I/tmp/ahoi-mobile-shared-tabs.V7PCPC/DerivedData/Build/Intermediates.noindex/AhoiMobile.build/CloudKitDevelopment-iphoneos/AhoiMobileCore.build/AhoiMobileCore-own-target-headers.hmap -I/tmp/ahoi-mobile-shared-tabs.V7PCPC/DerivedData/Build/Intermediates.noindex/AhoiMobile.build/CloudKitDevelopment-iphoneos/AhoiMobileCore.build/AhoiMobileCore-all-non-framework-target-headers.hmap -ivfsoverlay /tmp/ahoi-mobile-shared-tabs.V7PCPC/DerivedData/Build/Intermediates.noindex/AhoiMobile.build/CloudKitDevelopment-iphoneos/AhoiMobile-a44a3a976db28ace36eae5fb72a0335b-VFS-iphoneos/all-product-headers.yaml -iquote /tmp/ahoi-mobile-shared-tabs.V7PCPC/DerivedData/Build/Intermediates.noindex/AhoiMobile.build/CloudKitDevelopment-iphoneos/AhoiMobileCore.build/AhoiMobileCore-project-headers.hmap -I/tmp/ahoi-mobile-shared-tabs.V7PCPC/DerivedData/Build/Products/CloudKitDevelopment-iphoneos/include -I/tmp/ahoi-mobile-shared-tabs.V7PCPC/DerivedData/Build/Intermediates.noindex/AhoiMobile.build/CloudKitDevelopment-iphoneos/AhoiMobileCore.build/DerivedSources-normal/arm64 -I/tmp/ahoi-mobile-shared-tabs.V7PCPC/DerivedData/Build/Intermediates.noindex/AhoiMobile.build/CloudKitDevelopment-iphoneos/AhoiMobileCore.build/DerivedSources/arm64 -I/tmp/ahoi-mobile-shared-tabs.V7PCPC/DerivedData/Build/Intermediates.noindex/AhoiMobile.build/CloudKitDevelopment-iphoneos/AhoiMobileCore.build/DerivedSources -F/tmp/ahoi-mobile-shared-tabs.V7PCPC/DerivedData/Build/Products/CloudKitDevelopment-iphoneos/PackageFrameworks -F/tmp/ahoi-mobile-shared-tabs.V7PCPC/DerivedData/Build/Products/CloudKitDevelopment-iphoneos '-fmodule-map-file=/tmp/ahoi-mobile-shared-tabs.V7PCPC/DerivedData/Build/Intermediates.noindex/GeneratedModuleMaps-iphoneos/AhoiCloudKitSpike.modulemap'

WriteAuxiliaryFile /tmp/ahoi-mobile-shared-tabs.V7PCPC/DerivedData/Build/Intermediates.noindex/AhoiMobile.build/CloudKitDevelopment-iphoneos/AhoiMobileCore.build/DerivedSources/AhoiMobileCore_vers.c (in target 'AhoiMobileCore' from project 'AhoiMobile')
    cd /tmp/ahoi-mobile-shared-tabs.V7PCPC/repo/apps/AhoiMobile
    write-file /tmp/ahoi-mobile-shared-tabs.V7PCPC/DerivedData/Build/Intermediates.noindex/AhoiMobile.build/CloudKitDevelopment-iphoneos/AhoiMobileCore.build/DerivedSources/AhoiMobileCore_vers.c

WriteAuxiliaryFile /tmp/ahoi-mobile-shared-tabs.V7PCPC/DerivedData/Build/Intermediates.noindex/AhoiMobile.build/CloudKitDevelopment-iphoneos/AhoiMobileCore.build/AhoiMobileCore.hmap (in target 'AhoiMobileCore' from project 'AhoiMobile')
    cd /tmp/ahoi-mobile-shared-tabs.V7PCPC/repo/apps/AhoiMobile
    write-file /tmp/ahoi-mobile-shared-tabs.V7PCPC/DerivedData/Build/Intermediates.noindex/AhoiMobile.build/CloudKitDevelopment-iphoneos/AhoiMobileCore.build/AhoiMobileCore.hmap

WriteAuxiliaryFile /tmp/ahoi-mobile-shared-tabs.V7PCPC/DerivedData/Build/Intermediates.noindex/AhoiMobile.build/CloudKitDevelopment-iphoneos/AhoiMobileCore.build/AhoiMobileCore.DependencyStaticMetadataFileList (in target 'AhoiMobileCore' from project 'AhoiMobile')
    cd /tmp/ahoi-mobile-shared-tabs.V7PCPC/repo/apps/AhoiMobile
    write-file /tmp/ahoi-mobile-shared-tabs.V7PCPC/DerivedData/Build/Intermediates.noindex/AhoiMobile.build/CloudKitDevelopment-iphoneos/AhoiMobileCore.build/AhoiMobileCore.DependencyStaticMetadataFileList

WriteAuxiliaryFile /tmp/ahoi-mobile-shared-tabs.V7PCPC/DerivedData/Build/Intermediates.noindex/AhoiMobile.build/CloudKitDevelopment-iphoneos/AhoiMobileCore.build/AhoiMobileCore.DependencyMetadataFileList (in target 'AhoiMobileCore' from project 'AhoiMobile')
    cd /tmp/ahoi-mobile-shared-tabs.V7PCPC/repo/apps/AhoiMobile
    write-file /tmp/ahoi-mobile-shared-tabs.V7PCPC/DerivedData/Build/Intermediates.noindex/AhoiMobile.build/CloudKitDevelopment-iphoneos/AhoiMobileCore.build/AhoiMobileCore.DependencyMetadataFileList

WriteAuxiliaryFile /tmp/ahoi-mobile-shared-tabs.V7PCPC/DerivedData/Build/Intermediates.noindex/AhoiMobile.build/CloudKitDevelopment-iphoneos/AhoiMobileCore.build/AhoiMobileCore-project-headers.hmap (in target 'AhoiMobileCore' from project 'AhoiMobile')
    cd /tmp/ahoi-mobile-shared-tabs.V7PCPC/repo/apps/AhoiMobile
    write-file /tmp/ahoi-mobile-shared-tabs.V7PCPC/DerivedData/Build/Intermediates.noindex/AhoiMobile.build/CloudKitDevelopment-iphoneos/AhoiMobileCore.build/AhoiMobileCore-project-headers.hmap

WriteAuxiliaryFile /tmp/ahoi-mobile-shared-tabs.V7PCPC/DerivedData/Build/Intermediates.noindex/AhoiMobile.build/CloudKitDevelopment-iphoneos/AhoiMobileCore.build/AhoiMobileCore-own-target-headers.hmap (in target 'AhoiMobileCore' from project 'AhoiMobile')
    cd /tmp/ahoi-mobile-shared-tabs.V7PCPC/repo/apps/AhoiMobile
    write-file /tmp/ahoi-mobile-shared-tabs.V7PCPC/DerivedData/Build/Intermediates.noindex/AhoiMobile.build/CloudKitDevelopment-iphoneos/AhoiMobileCore.build/AhoiMobileCore-own-target-headers.hmap

WriteAuxiliaryFile /tmp/ahoi-mobile-shared-tabs.V7PCPC/DerivedData/Build/Intermediates.noindex/AhoiMobile.build/CloudKitDevelopment-iphoneos/AhoiMobileCore.build/AhoiMobileCore-generated-files.hmap (in target 'AhoiMobileCore' from project 'AhoiMobile')
    cd /tmp/ahoi-mobile-shared-tabs.V7PCPC/repo/apps/AhoiMobile
    write-file /tmp/ahoi-mobile-shared-tabs.V7PCPC/DerivedData/Build/Intermediates.noindex/AhoiMobile.build/CloudKitDevelopment-iphoneos/AhoiMobileCore.build/AhoiMobileCore-generated-files.hmap

WriteAuxiliaryFile /tmp/ahoi-mobile-shared-tabs.V7PCPC/DerivedData/Build/Intermediates.noindex/AhoiMobile.build/CloudKitDevelopment-iphoneos/AhoiMobileCore.build/AhoiMobileCore-all-target-headers.hmap (in target 'AhoiMobileCore' from project 'AhoiMobile')
    cd /tmp/ahoi-mobile-shared-tabs.V7PCPC/repo/apps/AhoiMobile
    write-file /tmp/ahoi-mobile-shared-tabs.V7PCPC/DerivedData/Build/Intermediates.noindex/AhoiMobile.build/CloudKitDevelopment-iphoneos/AhoiMobileCore.build/AhoiMobileCore-all-target-headers.hmap

WriteAuxiliaryFile /tmp/ahoi-mobile-shared-tabs.V7PCPC/DerivedData/Build/Intermediates.noindex/AhoiMobile.build/CloudKitDevelopment-iphoneos/AhoiMobileCore.build/AhoiMobileCore-all-non-framework-target-headers.hmap (in target 'AhoiMobileCore' from project 'AhoiMobile')
    cd /tmp/ahoi-mobile-shared-tabs.V7PCPC/repo/apps/AhoiMobile
    write-file /tmp/ahoi-mobile-shared-tabs.V7PCPC/DerivedData/Build/Intermediates.noindex/AhoiMobile.build/CloudKitDevelopment-iphoneos/AhoiMobileCore.build/AhoiMobileCore-all-non-framework-target-headers.hmap

Copy /tmp/ahoi-mobile-shared-tabs.V7PCPC/DerivedData/Build/Products/CloudKitDevelopment-iphoneos/AhoiMobileCore.framework/Modules/module.modulemap /tmp/ahoi-mobile-shared-tabs.V7PCPC/DerivedData/Build/Intermediates.noindex/AhoiMobile.build/CloudKitDevelopment-iphoneos/AhoiMobileCore.build/module.modulemap (in target 'AhoiMobileCore' from project 'AhoiMobile')
    cd /tmp/ahoi-mobile-shared-tabs.V7PCPC/repo/apps/AhoiMobile
    builtin-copy -exclude .DS_Store -exclude CVS -exclude .svn -exclude .git -exclude .hg -resolve-src-symlinks /tmp/ahoi-mobile-shared-tabs.V7PCPC/DerivedData/Build/Intermediates.noindex/AhoiMobile.build/CloudKitDevelopment-iphoneos/AhoiMobileCore.build/module.modulemap /tmp/ahoi-mobile-shared-tabs.V7PCPC/DerivedData/Build/Products/CloudKitDevelopment-iphoneos/AhoiMobileCore.framework/Modules

WriteAuxiliaryFile /tmp/ahoi-mobile-shared-tabs.V7PCPC/DerivedData/Build/Intermediates.noindex/AhoiMobile.build/CloudKitDevelopment-iphoneos/AhoiMobile.build/Objects-normal/arm64/AhoiMobile_const_extract_protocols.json (in target 'AhoiMobile' from project 'AhoiMobile')
    cd /tmp/ahoi-mobile-shared-tabs.V7PCPC/repo/apps/AhoiMobile
    write-file /tmp/ahoi-mobile-shared-tabs.V7PCPC/DerivedData/Build/Intermediates.noindex/AhoiMobile.build/CloudKitDevelopment-iphoneos/AhoiMobile.build/Objects-normal/arm64/AhoiMobile_const_extract_protocols.json

WriteAuxiliaryFile /tmp/ahoi-mobile-shared-tabs.V7PCPC/DerivedData/Build/Intermediates.noindex/AhoiMobile.build/CloudKitDevelopment-iphoneos/AhoiMobile.build/Objects-normal/arm64/AhoiMobile.SwiftFileList (in target 'AhoiMobile' from project 'AhoiMobile')
    cd /tmp/ahoi-mobile-shared-tabs.V7PCPC/repo/apps/AhoiMobile
    write-file /tmp/ahoi-mobile-shared-tabs.V7PCPC/DerivedData/Build/Intermediates.noindex/AhoiMobile.build/CloudKitDevelopment-iphoneos/AhoiMobile.build/Objects-normal/arm64/AhoiMobile.SwiftFileList

WriteAuxiliaryFile /tmp/ahoi-mobile-shared-tabs.V7PCPC/DerivedData/Build/Intermediates.noindex/AhoiMobile.build/CloudKitDevelopment-iphoneos/AhoiMobile.build/Objects-normal/arm64/AhoiMobile.SwiftConstValuesFileList (in target 'AhoiMobile' from project 'AhoiMobile')
    cd /tmp/ahoi-mobile-shared-tabs.V7PCPC/repo/apps/AhoiMobile
    write-file /tmp/ahoi-mobile-shared-tabs.V7PCPC/DerivedData/Build/Intermediates.noindex/AhoiMobile.build/CloudKitDevelopment-iphoneos/AhoiMobile.build/Objects-normal/arm64/AhoiMobile.SwiftConstValuesFileList

WriteAuxiliaryFile /tmp/ahoi-mobile-shared-tabs.V7PCPC/DerivedData/Build/Intermediates.noindex/AhoiMobile.build/CloudKitDevelopment-iphoneos/AhoiMobile.build/Objects-normal/arm64/AhoiMobile.LinkFileList (in target 'AhoiMobile' from project 'AhoiMobile')
    cd /tmp/ahoi-mobile-shared-tabs.V7PCPC/repo/apps/AhoiMobile
    write-file /tmp/ahoi-mobile-shared-tabs.V7PCPC/DerivedData/Build/Intermediates.noindex/AhoiMobile.build/CloudKitDevelopment-iphoneos/AhoiMobile.build/Objects-normal/arm64/AhoiMobile.LinkFileList

WriteAuxiliaryFile /tmp/ahoi-mobile-shared-tabs.V7PCPC/DerivedData/Build/Intermediates.noindex/AhoiMobile.build/CloudKitDevelopment-iphoneos/AhoiMobile.build/Objects-normal/arm64/AhoiMobile-OutputFileMap.json (in target 'AhoiMobile' from project 'AhoiMobile')
    cd /tmp/ahoi-mobile-shared-tabs.V7PCPC/repo/apps/AhoiMobile
    write-file /tmp/ahoi-mobile-shared-tabs.V7PCPC/DerivedData/Build/Intermediates.noindex/AhoiMobile.build/CloudKitDevelopment-iphoneos/AhoiMobile.build/Objects-normal/arm64/AhoiMobile-OutputFileMap.json

WriteAuxiliaryFile /tmp/ahoi-mobile-shared-tabs.V7PCPC/DerivedData/Build/Intermediates.noindex/AhoiMobile.build/CloudKitDevelopment-iphoneos/AhoiMobile.build/Objects-normal/arm64/7187679823f38a2a940e0043cdf9d637-common-args.resp (in target 'AhoiMobile' from project 'AhoiMobile')
    cd /tmp/ahoi-mobile-shared-tabs.V7PCPC/repo/apps/AhoiMobile
    write-file /tmp/ahoi-mobile-shared-tabs.V7PCPC/DerivedData/Build/Intermediates.noindex/AhoiMobile.build/CloudKitDevelopment-iphoneos/AhoiMobile.build/Objects-normal/arm64/7187679823f38a2a940e0043cdf9d637-common-args.resp
'-std=gnu11' -fmodules -gmodules '-fmodules-cache-path=/tmp/ahoi-mobile-shared-tabs.V7PCPC/DerivedData/ModuleCache.noindex' -fpascal-strings -O0 -fno-common '-DDEBUG=1' -g -iquote /tmp/ahoi-mobile-shared-tabs.V7PCPC/DerivedData/Build/Intermediates.noindex/AhoiMobile.build/CloudKitDevelopment-iphoneos/AhoiMobile.build/AhoiMobile-generated-files.hmap -I/tmp/ahoi-mobile-shared-tabs.V7PCPC/DerivedData/Build/Intermediates.noindex/AhoiMobile.build/CloudKitDevelopment-iphoneos/AhoiMobile.build/AhoiMobile-own-target-headers.hmap -I/tmp/ahoi-mobile-shared-tabs.V7PCPC/DerivedData/Build/Intermediates.noindex/AhoiMobile.build/CloudKitDevelopment-iphoneos/AhoiMobile.build/AhoiMobile-all-non-framework-target-headers.hmap -ivfsoverlay /tmp/ahoi-mobile-shared-tabs.V7PCPC/DerivedData/Build/Intermediates.noindex/AhoiMobile.build/CloudKitDevelopment-iphoneos/AhoiMobile-a44a3a976db28ace36eae5fb72a0335b-VFS-iphoneos/all-product-headers.yaml -iquote /tmp/ahoi-mobile-shared-tabs.V7PCPC/DerivedData/Build/Intermediates.noindex/AhoiMobile.build/CloudKitDevelopment-iphoneos/AhoiMobile.build/AhoiMobile-project-headers.hmap -I/tmp/ahoi-mobile-shared-tabs.V7PCPC/DerivedData/Build/Products/CloudKitDevelopment-iphoneos/include -I/tmp/ahoi-mobile-shared-tabs.V7PCPC/DerivedData/Build/Intermediates.noindex/AhoiMobile.build/CloudKitDevelopment-iphoneos/AhoiMobile.build/DerivedSources-normal/arm64 -I/tmp/ahoi-mobile-shared-tabs.V7PCPC/DerivedData/Build/Intermediates.noindex/AhoiMobile.build/CloudKitDevelopment-iphoneos/AhoiMobile.build/DerivedSources/arm64 -I/tmp/ahoi-mobile-shared-tabs.V7PCPC/DerivedData/Build/Intermediates.noindex/AhoiMobile.build/CloudKitDevelopment-iphoneos/AhoiMobile.build/DerivedSources -F/tmp/ahoi-mobile-shared-tabs.V7PCPC/DerivedData/Build/Products/CloudKitDevelopment-iphoneos/PackageFrameworks -F/tmp/ahoi-mobile-shared-tabs.V7PCPC/DerivedData/Build/Products/CloudKitDevelopment-iphoneos '-fmodule-map-file=/tmp/ahoi-mobile-shared-tabs.V7PCPC/DerivedData/Build/Intermediates.noindex/GeneratedModuleMaps-iphoneos/AhoiCloudKitSpike.modulemap'

WriteAuxiliaryFile /tmp/ahoi-mobile-shared-tabs.V7PCPC/DerivedData/Build/Intermediates.noindex/AhoiMobile.build/CloudKitDevelopment-iphoneos/AhoiMobile.build/DerivedSources/AhoiMobile_vers.c (in target 'AhoiMobile' from project 'AhoiMobile')
    cd /tmp/ahoi-mobile-shared-tabs.V7PCPC/repo/apps/AhoiMobile
    write-file /tmp/ahoi-mobile-shared-tabs.V7PCPC/DerivedData/Build/Intermediates.noindex/AhoiMobile.build/CloudKitDevelopment-iphoneos/AhoiMobile.build/DerivedSources/AhoiMobile_vers.c

WriteAuxiliaryFile /tmp/ahoi-mobile-shared-tabs.V7PCPC/DerivedData/Build/Intermediates.noindex/AhoiMobile.build/CloudKitDevelopment-iphoneos/AhoiMobile.build/AhoiMobile.hmap (in target 'AhoiMobile' from project 'AhoiMobile')
    cd /tmp/ahoi-mobile-shared-tabs.V7PCPC/repo/apps/AhoiMobile
    write-file /tmp/ahoi-mobile-shared-tabs.V7PCPC/DerivedData/Build/Intermediates.noindex/AhoiMobile.build/CloudKitDevelopment-iphoneos/AhoiMobile.build/AhoiMobile.hmap

WriteAuxiliaryFile /tmp/ahoi-mobile-shared-tabs.V7PCPC/DerivedData/Build/Intermediates.noindex/AhoiMobile.build/CloudKitDevelopment-iphoneos/AhoiMobile.build/AhoiMobile.DependencyStaticMetadataFileList (in target 'AhoiMobile' from project 'AhoiMobile')
    cd /tmp/ahoi-mobile-shared-tabs.V7PCPC/repo/apps/AhoiMobile
    write-file /tmp/ahoi-mobile-shared-tabs.V7PCPC/DerivedData/Build/Intermediates.noindex/AhoiMobile.build/CloudKitDevelopment-iphoneos/AhoiMobile.build/AhoiMobile.DependencyStaticMetadataFileList

WriteAuxiliaryFile /tmp/ahoi-mobile-shared-tabs.V7PCPC/DerivedData/Build/Intermediates.noindex/AhoiMobile.build/CloudKitDevelopment-iphoneos/AhoiMobile.build/AhoiMobile.DependencyMetadataFileList (in target 'AhoiMobile' from project 'AhoiMobile')
    cd /tmp/ahoi-mobile-shared-tabs.V7PCPC/repo/apps/AhoiMobile
    write-file /tmp/ahoi-mobile-shared-tabs.V7PCPC/DerivedData/Build/Intermediates.noindex/AhoiMobile.build/CloudKitDevelopment-iphoneos/AhoiMobile.build/AhoiMobile.DependencyMetadataFileList

WriteAuxiliaryFile /tmp/ahoi-mobile-shared-tabs.V7PCPC/DerivedData/Build/Intermediates.noindex/AhoiMobile.build/CloudKitDevelopment-iphoneos/AhoiMobile.build/AhoiMobile-project-headers.hmap (in target 'AhoiMobile' from project 'AhoiMobile')
    cd /tmp/ahoi-mobile-shared-tabs.V7PCPC/repo/apps/AhoiMobile
    write-file /tmp/ahoi-mobile-shared-tabs.V7PCPC/DerivedData/Build/Intermediates.noindex/AhoiMobile.build/CloudKitDevelopment-iphoneos/AhoiMobile.build/AhoiMobile-project-headers.hmap

WriteAuxiliaryFile /tmp/ahoi-mobile-shared-tabs.V7PCPC/DerivedData/Build/Intermediates.noindex/AhoiMobile.build/CloudKitDevelopment-iphoneos/AhoiMobile.build/AhoiMobile-own-target-headers.hmap (in target 'AhoiMobile' from project 'AhoiMobile')
    cd /tmp/ahoi-mobile-shared-tabs.V7PCPC/repo/apps/AhoiMobile
    write-file /tmp/ahoi-mobile-shared-tabs.V7PCPC/DerivedData/Build/Intermediates.noindex/AhoiMobile.build/CloudKitDevelopment-iphoneos/AhoiMobile.build/AhoiMobile-own-target-headers.hmap

WriteAuxiliaryFile /tmp/ahoi-mobile-shared-tabs.V7PCPC/DerivedData/Build/Intermediates.noindex/AhoiMobile.build/CloudKitDevelopment-iphoneos/AhoiMobile.build/AhoiMobile-generated-files.hmap (in target 'AhoiMobile' from project 'AhoiMobile')
    cd /tmp/ahoi-mobile-shared-tabs.V7PCPC/repo/apps/AhoiMobile
    write-file /tmp/ahoi-mobile-shared-tabs.V7PCPC/DerivedData/Build/Intermediates.noindex/AhoiMobile.build/CloudKitDevelopment-iphoneos/AhoiMobile.build/AhoiMobile-generated-files.hmap

WriteAuxiliaryFile /tmp/ahoi-mobile-shared-tabs.V7PCPC/DerivedData/Build/Intermediates.noindex/AhoiMobile.build/CloudKitDevelopment-iphoneos/AhoiMobile.build/AhoiMobile-all-target-headers.hmap (in target 'AhoiMobile' from project 'AhoiMobile')
    cd /tmp/ahoi-mobile-shared-tabs.V7PCPC/repo/apps/AhoiMobile
    write-file /tmp/ahoi-mobile-shared-tabs.V7PCPC/DerivedData/Build/Intermediates.noindex/AhoiMobile.build/CloudKitDevelopment-iphoneos/AhoiMobile.build/AhoiMobile-all-target-headers.hmap

WriteAuxiliaryFile /tmp/ahoi-mobile-shared-tabs.V7PCPC/DerivedData/Build/Intermediates.noindex/AhoiMobile.build/CloudKitDevelopment-iphoneos/AhoiMobile.build/AhoiMobile-all-non-framework-target-headers.hmap (in target 'AhoiMobile' from project 'AhoiMobile')
    cd /tmp/ahoi-mobile-shared-tabs.V7PCPC/repo/apps/AhoiMobile
    write-file /tmp/ahoi-mobile-shared-tabs.V7PCPC/DerivedData/Build/Intermediates.noindex/AhoiMobile.build/CloudKitDevelopment-iphoneos/AhoiMobile.build/AhoiMobile-all-non-framework-target-headers.hmap

WriteAuxiliaryFile /tmp/ahoi-mobile-shared-tabs.V7PCPC/DerivedData/Build/Intermediates.noindex/AhoiMobile.build/CloudKitDevelopment-iphoneos/AhoiMobile.build/AhoiMobile-DebugDylibPath-normal-arm64.txt (in target 'AhoiMobile' from project 'AhoiMobile')
    cd /tmp/ahoi-mobile-shared-tabs.V7PCPC/repo/apps/AhoiMobile
    write-file /tmp/ahoi-mobile-shared-tabs.V7PCPC/DerivedData/Build/Intermediates.noindex/AhoiMobile.build/CloudKitDevelopment-iphoneos/AhoiMobile.build/AhoiMobile-DebugDylibPath-normal-arm64.txt

WriteAuxiliaryFile /tmp/ahoi-mobile-shared-tabs.V7PCPC/DerivedData/Build/Intermediates.noindex/AhoiMobile.build/CloudKitDevelopment-iphoneos/AhoiMobile.build/AhoiMobile-DebugDylibInstallName-normal-arm64.txt (in target 'AhoiMobile' from project 'AhoiMobile')
    cd /tmp/ahoi-mobile-shared-tabs.V7PCPC/repo/apps/AhoiMobile
    write-file /tmp/ahoi-mobile-shared-tabs.V7PCPC/DerivedData/Build/Intermediates.noindex/AhoiMobile.build/CloudKitDevelopment-iphoneos/AhoiMobile.build/AhoiMobile-DebugDylibInstallName-normal-arm64.txt

WriteAuxiliaryFile /tmp/ahoi-mobile-shared-tabs.V7PCPC/DerivedData/Build/Intermediates.noindex/AhoiCloudKitSpike.build/CloudKitDevelopment-iphoneos/AhoiCloudKitSpike.build/Objects-normal/arm64/AhoiCloudKitSpike_const_extract_protocols.json (in target 'AhoiCloudKitSpike' from project 'AhoiCloudKitSpike')
    cd /tmp/ahoi-mobile-shared-tabs.V7PCPC/repo/spikes/cloudkit
    write-file /tmp/ahoi-mobile-shared-tabs.V7PCPC/DerivedData/Build/Intermediates.noindex/AhoiCloudKitSpike.build/CloudKitDevelopment-iphoneos/AhoiCloudKitSpike.build/Objects-normal/arm64/AhoiCloudKitSpike_const_extract_protocols.json

WriteAuxiliaryFile /tmp/ahoi-mobile-shared-tabs.V7PCPC/DerivedData/Build/Intermediates.noindex/AhoiCloudKitSpike.build/CloudKitDevelopment-iphoneos/AhoiCloudKitSpike.build/Objects-normal/arm64/AhoiCloudKitSpike.SwiftFileList (in target 'AhoiCloudKitSpike' from project 'AhoiCloudKitSpike')
    cd /tmp/ahoi-mobile-shared-tabs.V7PCPC/repo/spikes/cloudkit
    write-file /tmp/ahoi-mobile-shared-tabs.V7PCPC/DerivedData/Build/Intermediates.noindex/AhoiCloudKitSpike.build/CloudKitDevelopment-iphoneos/AhoiCloudKitSpike.build/Objects-normal/arm64/AhoiCloudKitSpike.SwiftFileList

WriteAuxiliaryFile /tmp/ahoi-mobile-shared-tabs.V7PCPC/DerivedData/Build/Intermediates.noindex/AhoiCloudKitSpike.build/CloudKitDevelopment-iphoneos/AhoiCloudKitSpike.build/Objects-normal/arm64/AhoiCloudKitSpike.SwiftConstValuesFileList (in target 'AhoiCloudKitSpike' from project 'AhoiCloudKitSpike')
    cd /tmp/ahoi-mobile-shared-tabs.V7PCPC/repo/spikes/cloudkit
    write-file /tmp/ahoi-mobile-shared-tabs.V7PCPC/DerivedData/Build/Intermediates.noindex/AhoiCloudKitSpike.build/CloudKitDevelopment-iphoneos/AhoiCloudKitSpike.build/Objects-normal/arm64/AhoiCloudKitSpike.SwiftConstValuesFileList

WriteAuxiliaryFile /tmp/ahoi-mobile-shared-tabs.V7PCPC/DerivedData/Build/Intermediates.noindex/AhoiCloudKitSpike.build/CloudKitDevelopment-iphoneos/AhoiCloudKitSpike.build/Objects-normal/arm64/AhoiCloudKitSpike.LinkFileList (in target 'AhoiCloudKitSpike' from project 'AhoiCloudKitSpike')
    cd /tmp/ahoi-mobile-shared-tabs.V7PCPC/repo/spikes/cloudkit
    write-file /tmp/ahoi-mobile-shared-tabs.V7PCPC/DerivedData/Build/Intermediates.noindex/AhoiCloudKitSpike.build/CloudKitDevelopment-iphoneos/AhoiCloudKitSpike.build/Objects-normal/arm64/AhoiCloudKitSpike.LinkFileList

WriteAuxiliaryFile /tmp/ahoi-mobile-shared-tabs.V7PCPC/DerivedData/Build/Intermediates.noindex/AhoiCloudKitSpike.build/CloudKitDevelopment-iphoneos/AhoiCloudKitSpike.build/Objects-normal/arm64/AhoiCloudKitSpike-OutputFileMap.json (in target 'AhoiCloudKitSpike' from project 'AhoiCloudKitSpike')
    cd /tmp/ahoi-mobile-shared-tabs.V7PCPC/repo/spikes/cloudkit
    write-file /tmp/ahoi-mobile-shared-tabs.V7PCPC/DerivedData/Build/Intermediates.noindex/AhoiCloudKitSpike.build/CloudKitDevelopment-iphoneos/AhoiCloudKitSpike.build/Objects-normal/arm64/AhoiCloudKitSpike-OutputFileMap.json

WriteAuxiliaryFile /tmp/ahoi-mobile-shared-tabs.V7PCPC/DerivedData/Build/Intermediates.noindex/AhoiCloudKitSpike.build/CloudKitDevelopment-iphoneos/AhoiCloudKitSpike.build/AhoiCloudKitSpike.modulemap (in target 'AhoiCloudKitSpike' from project 'AhoiCloudKitSpike')
    cd /tmp/ahoi-mobile-shared-tabs.V7PCPC/repo/spikes/cloudkit
    write-file /tmp/ahoi-mobile-shared-tabs.V7PCPC/DerivedData/Build/Intermediates.noindex/AhoiCloudKitSpike.build/CloudKitDevelopment-iphoneos/AhoiCloudKitSpike.build/AhoiCloudKitSpike.modulemap

WriteAuxiliaryFile /tmp/ahoi-mobile-shared-tabs.V7PCPC/DerivedData/Build/Intermediates.noindex/AhoiCloudKitSpike.build/CloudKitDevelopment-iphoneos/AhoiCloudKitSpike.build/AhoiCloudKitSpike.DependencyStaticMetadataFileList (in target 'AhoiCloudKitSpike' from project 'AhoiCloudKitSpike')
    cd /tmp/ahoi-mobile-shared-tabs.V7PCPC/repo/spikes/cloudkit
    write-file /tmp/ahoi-mobile-shared-tabs.V7PCPC/DerivedData/Build/Intermediates.noindex/AhoiCloudKitSpike.build/CloudKitDevelopment-iphoneos/AhoiCloudKitSpike.build/AhoiCloudKitSpike.DependencyStaticMetadataFileList

WriteAuxiliaryFile /tmp/ahoi-mobile-shared-tabs.V7PCPC/DerivedData/Build/Intermediates.noindex/AhoiCloudKitSpike.build/CloudKitDevelopment-iphoneos/AhoiCloudKitSpike.build/AhoiCloudKitSpike.DependencyMetadataFileList (in target 'AhoiCloudKitSpike' from project 'AhoiCloudKitSpike')
    cd /tmp/ahoi-mobile-shared-tabs.V7PCPC/repo/spikes/cloudkit
    write-file /tmp/ahoi-mobile-shared-tabs.V7PCPC/DerivedData/Build/Intermediates.noindex/AhoiCloudKitSpike.build/CloudKitDevelopment-iphoneos/AhoiCloudKitSpike.build/AhoiCloudKitSpike.DependencyMetadataFileList

Copy /tmp/ahoi-mobile-shared-tabs.V7PCPC/DerivedData/Build/Intermediates.noindex/GeneratedModuleMaps-iphoneos/AhoiCloudKitSpike.modulemap /tmp/ahoi-mobile-shared-tabs.V7PCPC/DerivedData/Build/Intermediates.noindex/AhoiCloudKitSpike.build/CloudKitDevelopment-iphoneos/AhoiCloudKitSpike.build/AhoiCloudKitSpike.modulemap (in target 'AhoiCloudKitSpike' from project 'AhoiCloudKitSpike')
    cd /tmp/ahoi-mobile-shared-tabs.V7PCPC/repo/spikes/cloudkit
    builtin-copy -exclude .DS_Store -exclude CVS -exclude .svn -exclude .git -exclude .hg -resolve-src-symlinks /tmp/ahoi-mobile-shared-tabs.V7PCPC/DerivedData/Build/Intermediates.noindex/AhoiCloudKitSpike.build/CloudKitDevelopment-iphoneos/AhoiCloudKitSpike.build/AhoiCloudKitSpike.modulemap /tmp/ahoi-mobile-shared-tabs.V7PCPC/DerivedData/Build/Intermediates.noindex/GeneratedModuleMaps-iphoneos

WriteAuxiliaryFile /tmp/ahoi-mobile-shared-tabs.V7PCPC/DerivedData/Build/Intermediates.noindex/AhoiCloudKitSpike.build/CloudKitDevelopment-iphoneos/AhoiCloudKitSpike\ product.build/empty-AhoiCloudKitSpike_58C48334F00BB1AD_PackageProduct.plist (in target 'AhoiCloudKitSpike' from project 'AhoiCloudKitSpike')
    cd /tmp/ahoi-mobile-shared-tabs.V7PCPC/repo/spikes/cloudkit
    write-file /tmp/ahoi-mobile-shared-tabs.V7PCPC/DerivedData/Build/Intermediates.noindex/AhoiCloudKitSpike.build/CloudKitDevelopment-iphoneos/AhoiCloudKitSpike\ product.build/empty-AhoiCloudKitSpike_58C48334F00BB1AD_PackageProduct.plist

WriteAuxiliaryFile /tmp/ahoi-mobile-shared-tabs.V7PCPC/DerivedData/Build/Intermediates.noindex/AhoiCloudKitSpike.build/CloudKitDevelopment-iphoneos/AhoiCloudKitSpike\ product.build/Objects-normal/arm64/AhoiCloudKitSpike_58C48334F00BB1AD_PackageProduct.LinkFileList (in target 'AhoiCloudKitSpike' from project 'AhoiCloudKitSpike')
    cd /tmp/ahoi-mobile-shared-tabs.V7PCPC/repo/spikes/cloudkit
    write-file /tmp/ahoi-mobile-shared-tabs.V7PCPC/DerivedData/Build/Intermediates.noindex/AhoiCloudKitSpike.build/CloudKitDevelopment-iphoneos/AhoiCloudKitSpike\ product.build/Objects-normal/arm64/AhoiCloudKitSpike_58C48334F00BB1AD_PackageProduct.LinkFileList

WriteAuxiliaryFile /tmp/ahoi-mobile-shared-tabs.V7PCPC/DerivedData/Build/Intermediates.noindex/AhoiCloudKitSpike.build/CloudKitDevelopment-iphoneos/AhoiCloudKitSpike\ product.build/AhoiCloudKitSpike_58C48334F00BB1AD_PackageProduct.DependencyStaticMetadataFileList (in target 'AhoiCloudKitSpike' from project 'AhoiCloudKitSpike')
    cd /tmp/ahoi-mobile-shared-tabs.V7PCPC/repo/spikes/cloudkit
    write-file /tmp/ahoi-mobile-shared-tabs.V7PCPC/DerivedData/Build/Intermediates.noindex/AhoiCloudKitSpike.build/CloudKitDevelopment-iphoneos/AhoiCloudKitSpike\ product.build/AhoiCloudKitSpike_58C48334F00BB1AD_PackageProduct.DependencyStaticMetadataFileList

WriteAuxiliaryFile /tmp/ahoi-mobile-shared-tabs.V7PCPC/DerivedData/Build/Intermediates.noindex/AhoiCloudKitSpike.build/CloudKitDevelopment-iphoneos/AhoiCloudKitSpike\ product.build/AhoiCloudKitSpike_58C48334F00BB1AD_PackageProduct.DependencyMetadataFileList (in target 'AhoiCloudKitSpike' from project 'AhoiCloudKitSpike')
    cd /tmp/ahoi-mobile-shared-tabs.V7PCPC/repo/spikes/cloudkit
    write-file /tmp/ahoi-mobile-shared-tabs.V7PCPC/DerivedData/Build/Intermediates.noindex/AhoiCloudKitSpike.build/CloudKitDevelopment-iphoneos/AhoiCloudKitSpike\ product.build/AhoiCloudKitSpike_58C48334F00BB1AD_PackageProduct.DependencyMetadataFileList

MkDir /tmp/ahoi-mobile-shared-tabs.V7PCPC/DerivedData/Build/Products/CloudKitDevelopment-iphoneos/AhoiMobileCore.framework/Headers (in target 'AhoiMobileCore' from project 'AhoiMobile')
    cd /tmp/ahoi-mobile-shared-tabs.V7PCPC/repo/apps/AhoiMobile
    /bin/mkdir -p /tmp/ahoi-mobile-shared-tabs.V7PCPC/DerivedData/Build/Products/CloudKitDevelopment-iphoneos/AhoiMobileCore.framework/Headers

MkDir /tmp/ahoi-mobile-shared-tabs.V7PCPC/DerivedData/Build/Products/CloudKitDevelopment-iphoneos/AhoiMobileCore.framework (in target 'AhoiMobileCore' from project 'AhoiMobile')
    cd /tmp/ahoi-mobile-shared-tabs.V7PCPC/repo/apps/AhoiMobile
    /bin/mkdir -p /tmp/ahoi-mobile-shared-tabs.V7PCPC/DerivedData/Build/Products/CloudKitDevelopment-iphoneos/AhoiMobileCore.framework

MkDir /tmp/ahoi-mobile-shared-tabs.V7PCPC/DerivedData/Build/Products/CloudKitDevelopment-iphoneos/AhoiMobile.app/Frameworks (in target 'AhoiMobile' from project 'AhoiMobile')
    cd /tmp/ahoi-mobile-shared-tabs.V7PCPC/repo/apps/AhoiMobile
    /bin/mkdir -p /tmp/ahoi-mobile-shared-tabs.V7PCPC/DerivedData/Build/Products/CloudKitDevelopment-iphoneos/AhoiMobile.app/Frameworks

MkDir /tmp/ahoi-mobile-shared-tabs.V7PCPC/DerivedData/Build/Products/CloudKitDevelopment-iphoneos/AhoiMobile.app (in target 'AhoiMobile' from project 'AhoiMobile')
    cd /tmp/ahoi-mobile-shared-tabs.V7PCPC/repo/apps/AhoiMobile
    /bin/mkdir -p /tmp/ahoi-mobile-shared-tabs.V7PCPC/DerivedData/Build/Products/CloudKitDevelopment-iphoneos/AhoiMobile.app

MkDir /tmp/ahoi-mobile-shared-tabs.V7PCPC/DerivedData/Build/Products/CloudKitDevelopment-iphoneos/PackageFrameworks/AhoiCloudKitSpike_58C48334F00BB1AD_PackageProduct.framework (in target 'AhoiCloudKitSpike' from project 'AhoiCloudKitSpike')
    cd /tmp/ahoi-mobile-shared-tabs.V7PCPC/repo/spikes/cloudkit
    /bin/mkdir -p /tmp/ahoi-mobile-shared-tabs.V7PCPC/DerivedData/Build/Products/CloudKitDevelopment-iphoneos/PackageFrameworks/AhoiCloudKitSpike_58C48334F00BB1AD_PackageProduct.framework

SwiftDriver AhoiCloudKitSpike normal arm64 com.apple.xcode.tools.swift.compiler (in target 'AhoiCloudKitSpike' from project 'AhoiCloudKitSpike')
    cd /tmp/ahoi-mobile-shared-tabs.V7PCPC/repo/apps/AhoiMobile/AhoiMobile.xcodeproj
    builtin-SwiftDriver -- /Applications/Xcode.app/Contents/Developer/Toolchains/XcodeDefault.xctoolchain/usr/bin/swiftc -module-name AhoiCloudKitSpike -Onone @/tmp/ahoi-mobile-shared-tabs.V7PCPC/DerivedData/Build/Intermediates.noindex/AhoiCloudKitSpike.build/CloudKitDevelopment-iphoneos/AhoiCloudKitSpike.build/Objects-normal/arm64/AhoiCloudKitSpike.SwiftFileList -DSWIFT_PACKAGE -DDEBUG -DSWIFT_MODULE_RESOURCE_BUNDLE_UNAVAILABLE -DXcode -j2 -plugin-path /Applications/Xcode.app/Contents/Developer/Toolchains/XcodeDefault.xctoolchain/usr/lib/swift/host/plugins/testing -enable-experimental-feature DebugDescriptionMacro -sdk /Applications/Xcode.app/Contents/Developer/Platforms/iPhoneOS.platform/Developer/SDKs/iPhoneOS26.5.sdk -target arm64-apple-ios16.0 -g -module-cache-path /tmp/ahoi-mobile-shared-tabs.V7PCPC/DerivedData/ModuleCache.noindex -Xfrontend -serialize-debugging-options -enable-testing -index-store-path /tmp/ahoi-mobile-shared-tabs.V7PCPC/DerivedData/Index.noindex/DataStore -Xcc -D_LIBCPP_HARDENING_MODE\=_LIBCPP_HARDENING_MODE_DEBUG -swift-version 5 -I /tmp/ahoi-mobile-shared-tabs.V7PCPC/DerivedData/Build/Products/CloudKitDevelopment-iphoneos -Isystem /Applications/Xcode.app/Contents/Developer/Platforms/iPhoneOS.platform/Developer/usr/lib -F /tmp/ahoi-mobile-shared-tabs.V7PCPC/DerivedData/Build/Products/CloudKitDevelopment-iphoneos -F /Applications/Xcode.app/Contents/Developer/Platforms/iPhoneOS.platform/Developer/Library/Frameworks -F /Applications/Xcode.app/Contents/Developer/Platforms/iPhoneOS.platform/Developer/SDKs/iPhoneOS26.5.sdk/Developer/Library/Frameworks -c -j12 -enable-batch-mode -incremental -Xcc -ivfsstatcache -Xcc /tmp/ahoi-mobile-shared-tabs.V7PCPC/DerivedData/SDKStatCaches.noindex/iphoneos26.5-23F81a-688ef53f1462e2c8f657fdc38a81448f32daed1954a7d5dd0789fcaf2a9bb78b.sdkstatcache -output-file-map /tmp/ahoi-mobile-shared-tabs.V7PCPC/DerivedData/Build/Intermediates.noindex/AhoiCloudKitSpike.build/CloudKitDevelopment-iphoneos/AhoiCloudKitSpike.build/Objects-normal/arm64/AhoiCloudKitSpike-OutputFileMap.json -use-frontend-parseable-output -save-temps -no-color-diagnostics -explicit-module-build -module-cache-path /tmp/ahoi-mobile-shared-tabs.V7PCPC/DerivedData/Build/Intermediates.noindex/SwiftExplicitPrecompiledModules -clang-scanner-module-cache-path /tmp/ahoi-mobile-shared-tabs.V7PCPC/DerivedData/ModuleCache.noindex -sdk-module-cache-path /tmp/ahoi-mobile-shared-tabs.V7PCPC/DerivedData/ModuleCache.noindex -serialize-diagnostics -emit-dependencies -emit-module -emit-module-path /tmp/ahoi-mobile-shared-tabs.V7PCPC/DerivedData/Build/Intermediates.noindex/AhoiCloudKitSpike.build/CloudKitDevelopment-iphoneos/AhoiCloudKitSpike.build/Objects-normal/arm64/AhoiCloudKitSpike.swiftmodule -validate-clang-modules-once -clang-build-session-file /tmp/ahoi-mobile-shared-tabs.V7PCPC/DerivedData/ModuleCache.noindex/Session.modulevalidation -package-name cloudkit -Xcc -I/tmp/ahoi-mobile-shared-tabs.V7PCPC/DerivedData/Build/Intermediates.noindex/AhoiCloudKitSpike.build/CloudKitDevelopment-iphoneos/AhoiCloudKitSpike.build/swift-overrides.hmap -emit-const-values -Xfrontend -const-gather-protocols-file -Xfrontend /tmp/ahoi-mobile-shared-tabs.V7PCPC/DerivedData/Build/Intermediates.noindex/AhoiCloudKitSpike.build/CloudKitDevelopment-iphoneos/AhoiCloudKitSpike.build/Objects-normal/arm64/AhoiCloudKitSpike_const_extract_protocols.json -Xcc -I/tmp/ahoi-mobile-shared-tabs.V7PCPC/DerivedData/Build/Products/CloudKitDevelopment-iphoneos/include -Xcc -I/tmp/ahoi-mobile-shared-tabs.V7PCPC/DerivedData/Build/Intermediates.noindex/AhoiCloudKitSpike.build/CloudKitDevelopment-iphoneos/AhoiCloudKitSpike.build/DerivedSources-normal/arm64 -Xcc -I/tmp/ahoi-mobile-shared-tabs.V7PCPC/DerivedData/Build/Intermediates.noindex/AhoiCloudKitSpike.build/CloudKitDevelopment-iphoneos/AhoiCloudKitSpike.build/DerivedSources/arm64 -Xcc -I/tmp/ahoi-mobile-shared-tabs.V7PCPC/DerivedData/Build/Intermediates.noindex/AhoiCloudKitSpike.build/CloudKitDevelopment-iphoneos/AhoiCloudKitSpike.build/DerivedSources -Xcc -DSWIFT_PACKAGE -Xcc -DDEBUG\=1 -emit-objc-header -emit-objc-header-path /tmp/ahoi-mobile-shared-tabs.V7PCPC/DerivedData/Build/Intermediates.noindex/AhoiCloudKitSpike.build/CloudKitDevelopment-iphoneos/AhoiCloudKitSpike.build/Objects-normal/arm64/AhoiCloudKitSpike-Swift.h -working-directory /tmp/ahoi-mobile-shared-tabs.V7PCPC/repo/apps/AhoiMobile/AhoiMobile.xcodeproj -experimental-emit-module-separately -disable-cmo

SwiftExplicitDependencyGeneratePcm arm64 /tmp/ahoi-mobile-shared-tabs.V7PCPC/DerivedData/ModuleCache.noindex/_Builtin_stddef-BZEXYHUKLC3IUJASTRWSBDJ65.pcm

SwiftExplicitDependencyGeneratePcm arm64 /tmp/ahoi-mobile-shared-tabs.V7PCPC/DerivedData/ModuleCache.noindex/ptrauth-4PL4ZK872S39YKWUBA2YNFA05.pcm

SwiftExplicitDependencyGeneratePcm arm64 /tmp/ahoi-mobile-shared-tabs.V7PCPC/DerivedData/ModuleCache.noindex/ptrcheck-7K7I650C6C54UT94PVPNU659L.pcm

SwiftExplicitDependencyGeneratePcm arm64 /tmp/ahoi-mobile-shared-tabs.V7PCPC/DerivedData/ModuleCache.noindex/_AvailabilityInternal-9HER8S6G5NFDKGKXIJ9UZ335Q.pcm

SwiftExplicitDependencyGeneratePcm arm64 /tmp/ahoi-mobile-shared-tabs.V7PCPC/DerivedData/ModuleCache.noindex/_SwiftConcurrencyShims-57F7T9OOREXNL8JLLSUYOXSW7.pcm

SwiftExplicitDependencyGeneratePcm arm64 /tmp/ahoi-mobile-shared-tabs.V7PCPC/DerivedData/ModuleCache.noindex/_Builtin_float-1URGUEI2X7OR0S7672XRBB81B.pcm

SwiftExplicitDependencyGeneratePcm arm64 /tmp/ahoi-mobile-shared-tabs.V7PCPC/DerivedData/ModuleCache.noindex/_DarwinFoundation1-9DRSBRJP1HK2P8TK5LH12ET3K.pcm

SwiftExplicitDependencyGeneratePcm arm64 /tmp/ahoi-mobile-shared-tabs.V7PCPC/DerivedData/ModuleCache.noindex/_Builtin_stdbool-8PRQUPDGRRV7NYBG1SXUJJ06U.pcm

SwiftExplicitDependencyGeneratePcm arm64 /tmp/ahoi-mobile-shared-tabs.V7PCPC/DerivedData/ModuleCache.noindex/SwiftShims-AREJLQ4VSE4FYORDT3QOVJOTO.pcm

SwiftExplicitDependencyGeneratePcm arm64 /tmp/ahoi-mobile-shared-tabs.V7PCPC/DerivedData/ModuleCache.noindex/_Builtin_stdarg-7HVH7X98AHKQJ4GTSOEYCL2XI.pcm

SwiftExplicitDependencyGeneratePcm arm64 /tmp/ahoi-mobile-shared-tabs.V7PCPC/DerivedData/ModuleCache.noindex/_Builtin_limits-805CGK838I6E4D4XZAIDL5KC1.pcm

SwiftExplicitDependencyGeneratePcm arm64 /tmp/ahoi-mobile-shared-tabs.V7PCPC/DerivedData/ModuleCache.noindex/_DarwinFoundation2-2M173GQERWEROVJM4PE3CAT60.pcm

SwiftExplicitDependencyGeneratePcm arm64 /tmp/ahoi-mobile-shared-tabs.V7PCPC/DerivedData/ModuleCache.noindex/_Builtin_stdint-14PUB8VIIQ6TCV9FLVJD3JD0W.pcm

SwiftExplicitDependencyGeneratePcm arm64 /tmp/ahoi-mobile-shared-tabs.V7PCPC/DerivedData/ModuleCache.noindex/sys_types-4AI3FBF2UNPQIHIQT096I7DIW.pcm

SwiftExplicitDependencyGeneratePcm arm64 /tmp/ahoi-mobile-shared-tabs.V7PCPC/DerivedData/ModuleCache.noindex/_Builtin_stdatomic-8X9MELNEHE4TC24AGT72V28TP.pcm

SwiftExplicitDependencyGeneratePcm arm64 /tmp/ahoi-mobile-shared-tabs.V7PCPC/DerivedData/ModuleCache.noindex/_DarwinFoundation3-3ODH70A6ZYUVBXWY5AERPK3A0.pcm

SwiftExplicitDependencyGeneratePcm arm64 /tmp/ahoi-mobile-shared-tabs.V7PCPC/DerivedData/ModuleCache.noindex/_Builtin_inttypes-23HD3IGFTPU2FKPWHZLBCCMBI.pcm

SwiftExplicitDependencyGeneratePcm arm64 /tmp/ahoi-mobile-shared-tabs.V7PCPC/DerivedData/ModuleCache.noindex/Darwin-EXY08L4DJ2FF2IMVQZH92G583.pcm

SwiftExplicitDependencyGeneratePcm arm64 /tmp/ahoi-mobile-shared-tabs.V7PCPC/DerivedData/ModuleCache.noindex/MachO-5Y08LM42DQ7X05VBFLB6L5ZDO.pcm

SwiftExplicitDependencyGeneratePcm arm64 /tmp/ahoi-mobile-shared-tabs.V7PCPC/DerivedData/ModuleCache.noindex/ObjectiveC-31PUA0LUUN2SDVWZD8WQ6LMEA.pcm

SwiftExplicitDependencyGeneratePcm arm64 /tmp/ahoi-mobile-shared-tabs.V7PCPC/DerivedData/ModuleCache.noindex/os_object-DFHOULDRJ4HSCWF3KJIZJ1CH7.pcm

SwiftExplicitDependencyGeneratePcm arm64 /tmp/ahoi-mobile-shared-tabs.V7PCPC/DerivedData/ModuleCache.noindex/os_workgroup-AI48003BCPZCAPCOU6AAQ58D7.pcm

SwiftExplicitDependencyGeneratePcm arm64 /tmp/ahoi-mobile-shared-tabs.V7PCPC/DerivedData/ModuleCache.noindex/Dispatch-DJJFNVPCJG0E1NMGH07JJYE7Y.pcm

SwiftExplicitDependencyGeneratePcm arm64 /tmp/ahoi-mobile-shared-tabs.V7PCPC/DerivedData/ModuleCache.noindex/XPC-AZYEGVLBX7CFX46DZC6H5WGUS.pcm

SwiftExplicitDependencyGeneratePcm arm64 /tmp/ahoi-mobile-shared-tabs.V7PCPC/DerivedData/ModuleCache.noindex/CoreFoundation-9DEE8KPC0FJ0ES8WS8XZ8V6I2.pcm

SwiftExplicitDependencyGeneratePcm arm64 /tmp/ahoi-mobile-shared-tabs.V7PCPC/DerivedData/ModuleCache.noindex/os-60RWVONTV5DXG7Q74IPL6BDMI.pcm

SwiftExplicitDependencyGeneratePcm arm64 /tmp/ahoi-mobile-shared-tabs.V7PCPC/DerivedData/ModuleCache.noindex/Security-B78HVVIQTTU7ASJJJNZ25A18S.pcm

SwiftExplicitDependencyGeneratePcm arm64 /tmp/ahoi-mobile-shared-tabs.V7PCPC/DerivedData/ModuleCache.noindex/CFNetwork-A336Z46TFPFGL488JHVFFUVZZ.pcm

SwiftExplicitDependencyGeneratePcm arm64 /tmp/ahoi-mobile-shared-tabs.V7PCPC/DerivedData/ModuleCache.noindex/Foundation-CEBCNIT9VQXGLQ9TQ3BFZ3B50.pcm

SwiftExplicitDependencyGeneratePcm arm64 /tmp/ahoi-mobile-shared-tabs.V7PCPC/DerivedData/ModuleCache.noindex/LocalAuthentication-8N0TQR7TJHJDMFYVA76A7WXZL.pcm

SwiftExplicitDependencyGeneratePcm arm64 /tmp/ahoi-mobile-shared-tabs.V7PCPC/DerivedData/ModuleCache.noindex/CoreTransferable-3Z3N10C2M75QE9EOTXV9UR02R.pcm

SwiftExplicitDependencyGeneratePcm arm64 /tmp/ahoi-mobile-shared-tabs.V7PCPC/DerivedData/ModuleCache.noindex/UniformTypeIdentifiers-2OC686K63LA3V768X7WCRY8PI.pcm

SwiftExplicitDependencyGeneratePcm arm64 /tmp/ahoi-mobile-shared-tabs.V7PCPC/DerivedData/ModuleCache.noindex/_LocationEssentials-DXF4POO3QH9AZTEZRQOMQ73X1.pcm

SwiftExplicitDependencyGeneratePcm arm64 /tmp/ahoi-mobile-shared-tabs.V7PCPC/DerivedData/ModuleCache.noindex/CoreLocation-BRXYZ15MNSSM2X3WRSRM79P13.pcm

SwiftExplicitDependencyGeneratePcm arm64 /tmp/ahoi-mobile-shared-tabs.V7PCPC/DerivedData/ModuleCache.noindex/CloudKit-FIJYV8DBTA8X6V3Y68MBVA4W.pcm

SwiftEmitModule normal arm64 Emitting\ module\ for\ AhoiCloudKitSpike (in target 'AhoiCloudKitSpike' from project 'AhoiCloudKitSpike')

EmitSwiftModule normal arm64 (in target 'AhoiCloudKitSpike' from project 'AhoiCloudKitSpike')
    cd /tmp/ahoi-mobile-shared-tabs.V7PCPC/repo/apps/AhoiMobile/AhoiMobile.xcodeproj
    

SwiftCompile normal arm64 Compiling\ SharedSyncFormat.swift,\ SharedTabContract.swift /tmp/ahoi-mobile-shared-tabs.V7PCPC/repo/spikes/cloudkit/Sources/AhoiCloudKitSpike/SharedSyncFormat.swift /tmp/ahoi-mobile-shared-tabs.V7PCPC/repo/spikes/cloudkit/Sources/AhoiCloudKitSpike/SharedTabContract.swift (in target 'AhoiCloudKitSpike' from project 'AhoiCloudKitSpike')
SwiftCompile normal arm64 /tmp/ahoi-mobile-shared-tabs.V7PCPC/repo/spikes/cloudkit/Sources/AhoiCloudKitSpike/SharedSyncFormat.swift (in target 'AhoiCloudKitSpike' from project 'AhoiCloudKitSpike')
    cd /tmp/ahoi-mobile-shared-tabs.V7PCPC/repo/apps/AhoiMobile/AhoiMobile.xcodeproj
    

SwiftCompile normal arm64 /tmp/ahoi-mobile-shared-tabs.V7PCPC/repo/spikes/cloudkit/Sources/AhoiCloudKitSpike/SharedTabContract.swift (in target 'AhoiCloudKitSpike' from project 'AhoiCloudKitSpike')
    cd /tmp/ahoi-mobile-shared-tabs.V7PCPC/repo/apps/AhoiMobile/AhoiMobile.xcodeproj
    

SwiftCompile normal arm64 Compiling\ AppleCloudKitAdapter.swift,\ AppleCloudKitRecordCodec.swift /tmp/ahoi-mobile-shared-tabs.V7PCPC/repo/spikes/cloudkit/Sources/AhoiCloudKitSpike/AppleCloudKitAdapter.swift /tmp/ahoi-mobile-shared-tabs.V7PCPC/repo/spikes/cloudkit/Sources/AhoiCloudKitSpike/AppleCloudKitRecordCodec.swift (in target 'AhoiCloudKitSpike' from project 'AhoiCloudKitSpike')
SwiftCompile normal arm64 /tmp/ahoi-mobile-shared-tabs.V7PCPC/repo/spikes/cloudkit/Sources/AhoiCloudKitSpike/AppleCloudKitAdapter.swift (in target 'AhoiCloudKitSpike' from project 'AhoiCloudKitSpike')
    cd /tmp/ahoi-mobile-shared-tabs.V7PCPC/repo/apps/AhoiMobile/AhoiMobile.xcodeproj
    

SwiftCompile normal arm64 /tmp/ahoi-mobile-shared-tabs.V7PCPC/repo/spikes/cloudkit/Sources/AhoiCloudKitSpike/AppleCloudKitRecordCodec.swift (in target 'AhoiCloudKitSpike' from project 'AhoiCloudKitSpike')
    cd /tmp/ahoi-mobile-shared-tabs.V7PCPC/repo/apps/AhoiMobile/AhoiMobile.xcodeproj
    

SwiftDriverJobDiscovery normal arm64 Emitting module for AhoiCloudKitSpike (in target 'AhoiCloudKitSpike' from project 'AhoiCloudKitSpike')

SwiftDriver\ Compilation\ Requirements AhoiCloudKitSpike normal arm64 com.apple.xcode.tools.swift.compiler (in target 'AhoiCloudKitSpike' from project 'AhoiCloudKitSpike')
    cd /tmp/ahoi-mobile-shared-tabs.V7PCPC/repo/apps/AhoiMobile/AhoiMobile.xcodeproj
    builtin-Swift-Compilation-Requirements -- /Applications/Xcode.app/Contents/Developer/Toolchains/XcodeDefault.xctoolchain/usr/bin/swiftc -module-name AhoiCloudKitSpike -Onone @/tmp/ahoi-mobile-shared-tabs.V7PCPC/DerivedData/Build/Intermediates.noindex/AhoiCloudKitSpike.build/CloudKitDevelopment-iphoneos/AhoiCloudKitSpike.build/Objects-normal/arm64/AhoiCloudKitSpike.SwiftFileList -DSWIFT_PACKAGE -DDEBUG -DSWIFT_MODULE_RESOURCE_BUNDLE_UNAVAILABLE -DXcode -j2 -plugin-path /Applications/Xcode.app/Contents/Developer/Toolchains/XcodeDefault.xctoolchain/usr/lib/swift/host/plugins/testing -enable-experimental-feature DebugDescriptionMacro -sdk /Applications/Xcode.app/Contents/Developer/Platforms/iPhoneOS.platform/Developer/SDKs/iPhoneOS26.5.sdk -target arm64-apple-ios16.0 -g -module-cache-path /tmp/ahoi-mobile-shared-tabs.V7PCPC/DerivedData/ModuleCache.noindex -Xfrontend -serialize-debugging-options -enable-testing -index-store-path /tmp/ahoi-mobile-shared-tabs.V7PCPC/DerivedData/Index.noindex/DataStore -Xcc -D_LIBCPP_HARDENING_MODE\=_LIBCPP_HARDENING_MODE_DEBUG -swift-version 5 -I /tmp/ahoi-mobile-shared-tabs.V7PCPC/DerivedData/Build/Products/CloudKitDevelopment-iphoneos -Isystem /Applications/Xcode.app/Contents/Developer/Platforms/iPhoneOS.platform/Developer/usr/lib -F /tmp/ahoi-mobile-shared-tabs.V7PCPC/DerivedData/Build/Products/CloudKitDevelopment-iphoneos -F /Applications/Xcode.app/Contents/Developer/Platforms/iPhoneOS.platform/Developer/Library/Frameworks -F /Applications/Xcode.app/Contents/Developer/Platforms/iPhoneOS.platform/Developer/SDKs/iPhoneOS26.5.sdk/Developer/Library/Frameworks -c -j12 -enable-batch-mode -incremental -Xcc -ivfsstatcache -Xcc /tmp/ahoi-mobile-shared-tabs.V7PCPC/DerivedData/SDKStatCaches.noindex/iphoneos26.5-23F81a-688ef53f1462e2c8f657fdc38a81448f32daed1954a7d5dd0789fcaf2a9bb78b.sdkstatcache -output-file-map /tmp/ahoi-mobile-shared-tabs.V7PCPC/DerivedData/Build/Intermediates.noindex/AhoiCloudKitSpike.build/CloudKitDevelopment-iphoneos/AhoiCloudKitSpike.build/Objects-normal/arm64/AhoiCloudKitSpike-OutputFileMap.json -use-frontend-parseable-output -save-temps -no-color-diagnostics -explicit-module-build -module-cache-path /tmp/ahoi-mobile-shared-tabs.V7PCPC/DerivedData/Build/Intermediates.noindex/SwiftExplicitPrecompiledModules -clang-scanner-module-cache-path /tmp/ahoi-mobile-shared-tabs.V7PCPC/DerivedData/ModuleCache.noindex -sdk-module-cache-path /tmp/ahoi-mobile-shared-tabs.V7PCPC/DerivedData/ModuleCache.noindex -serialize-diagnostics -emit-dependencies -emit-module -emit-module-path /tmp/ahoi-mobile-shared-tabs.V7PCPC/DerivedData/Build/Intermediates.noindex/AhoiCloudKitSpike.build/CloudKitDevelopment-iphoneos/AhoiCloudKitSpike.build/Objects-normal/arm64/AhoiCloudKitSpike.swiftmodule -validate-clang-modules-once -clang-build-session-file /tmp/ahoi-mobile-shared-tabs.V7PCPC/DerivedData/ModuleCache.noindex/Session.modulevalidation -package-name cloudkit -Xcc -I/tmp/ahoi-mobile-shared-tabs.V7PCPC/DerivedData/Build/Intermediates.noindex/AhoiCloudKitSpike.build/CloudKitDevelopment-iphoneos/AhoiCloudKitSpike.build/swift-overrides.hmap -emit-const-values -Xfrontend -const-gather-protocols-file -Xfrontend /tmp/ahoi-mobile-shared-tabs.V7PCPC/DerivedData/Build/Intermediates.noindex/AhoiCloudKitSpike.build/CloudKitDevelopment-iphoneos/AhoiCloudKitSpike.build/Objects-normal/arm64/AhoiCloudKitSpike_const_extract_protocols.json -Xcc -I/tmp/ahoi-mobile-shared-tabs.V7PCPC/DerivedData/Build/Products/CloudKitDevelopment-iphoneos/include -Xcc -I/tmp/ahoi-mobile-shared-tabs.V7PCPC/DerivedData/Build/Intermediates.noindex/AhoiCloudKitSpike.build/CloudKitDevelopment-iphoneos/AhoiCloudKitSpike.build/DerivedSources-normal/arm64 -Xcc -I/tmp/ahoi-mobile-shared-tabs.V7PCPC/DerivedData/Build/Intermediates.noindex/AhoiCloudKitSpike.build/CloudKitDevelopment-iphoneos/AhoiCloudKitSpike.build/DerivedSources/arm64 -Xcc -I/tmp/ahoi-mobile-shared-tabs.V7PCPC/DerivedData/Build/Intermediates.noindex/AhoiCloudKitSpike.build/CloudKitDevelopment-iphoneos/AhoiCloudKitSpike.build/DerivedSources -Xcc -DSWIFT_PACKAGE -Xcc -DDEBUG\=1 -emit-objc-header -emit-objc-header-path /tmp/ahoi-mobile-shared-tabs.V7PCPC/DerivedData/Build/Intermediates.noindex/AhoiCloudKitSpike.build/CloudKitDevelopment-iphoneos/AhoiCloudKitSpike.build/Objects-normal/arm64/AhoiCloudKitSpike-Swift.h -working-directory /tmp/ahoi-mobile-shared-tabs.V7PCPC/repo/apps/AhoiMobile/AhoiMobile.xcodeproj -experimental-emit-module-separately -disable-cmo

SwiftDriverJobDiscovery normal arm64 Compiling SharedSyncFormat.swift, SharedTabContract.swift (in target 'AhoiCloudKitSpike' from project 'AhoiCloudKitSpike')

SwiftCompile normal arm64 Compiling\ ConflictCanonicalization.swift,\ ConflictResolver.swift /tmp/ahoi-mobile-shared-tabs.V7PCPC/repo/spikes/cloudkit/Sources/AhoiCloudKitSpike/ConflictCanonicalization.swift /tmp/ahoi-mobile-shared-tabs.V7PCPC/repo/spikes/cloudkit/Sources/AhoiCloudKitSpike/ConflictResolver.swift (in target 'AhoiCloudKitSpike' from project 'AhoiCloudKitSpike')
SwiftCompile normal arm64 /tmp/ahoi-mobile-shared-tabs.V7PCPC/repo/spikes/cloudkit/Sources/AhoiCloudKitSpike/ConflictCanonicalization.swift (in target 'AhoiCloudKitSpike' from project 'AhoiCloudKitSpike')
    cd /tmp/ahoi-mobile-shared-tabs.V7PCPC/repo/apps/AhoiMobile/AhoiMobile.xcodeproj
    

SwiftCompile normal arm64 /tmp/ahoi-mobile-shared-tabs.V7PCPC/repo/spikes/cloudkit/Sources/AhoiCloudKitSpike/ConflictResolver.swift (in target 'AhoiCloudKitSpike' from project 'AhoiCloudKitSpike')
    cd /tmp/ahoi-mobile-shared-tabs.V7PCPC/repo/apps/AhoiMobile/AhoiMobile.xcodeproj
    

SwiftMergeGeneratedHeaders /tmp/ahoi-mobile-shared-tabs.V7PCPC/DerivedData/Build/Intermediates.noindex/GeneratedModuleMaps-iphoneos/AhoiCloudKitSpike-Swift.h /tmp/ahoi-mobile-shared-tabs.V7PCPC/DerivedData/Build/Intermediates.noindex/AhoiCloudKitSpike.build/CloudKitDevelopment-iphoneos/AhoiCloudKitSpike.build/Objects-normal/arm64/AhoiCloudKitSpike-Swift.h (in target 'AhoiCloudKitSpike' from project 'AhoiCloudKitSpike')
    cd /tmp/ahoi-mobile-shared-tabs.V7PCPC/repo/spikes/cloudkit
    builtin-swiftHeaderTool -arch arm64 /tmp/ahoi-mobile-shared-tabs.V7PCPC/DerivedData/Build/Intermediates.noindex/AhoiCloudKitSpike.build/CloudKitDevelopment-iphoneos/AhoiCloudKitSpike.build/Objects-normal/arm64/AhoiCloudKitSpike-Swift.h -o /tmp/ahoi-mobile-shared-tabs.V7PCPC/DerivedData/Build/Intermediates.noindex/GeneratedModuleMaps-iphoneos/AhoiCloudKitSpike-Swift.h

SwiftDriverJobDiscovery normal arm64 Compiling AppleCloudKitAdapter.swift, AppleCloudKitRecordCodec.swift (in target 'AhoiCloudKitSpike' from project 'AhoiCloudKitSpike')

Copy /tmp/ahoi-mobile-shared-tabs.V7PCPC/DerivedData/Build/Products/CloudKitDevelopment-iphoneos/AhoiCloudKitSpike.swiftmodule/arm64-apple-ios.swiftmodule /tmp/ahoi-mobile-shared-tabs.V7PCPC/DerivedData/Build/Intermediates.noindex/AhoiCloudKitSpike.build/CloudKitDevelopment-iphoneos/AhoiCloudKitSpike.build/Objects-normal/arm64/AhoiCloudKitSpike.swiftmodule (in target 'AhoiCloudKitSpike' from project 'AhoiCloudKitSpike')
    cd /tmp/ahoi-mobile-shared-tabs.V7PCPC/repo/spikes/cloudkit
    builtin-copy -exclude .DS_Store -exclude CVS -exclude .svn -exclude .git -exclude .hg -resolve-src-symlinks -rename /tmp/ahoi-mobile-shared-tabs.V7PCPC/DerivedData/Build/Intermediates.noindex/AhoiCloudKitSpike.build/CloudKitDevelopment-iphoneos/AhoiCloudKitSpike.build/Objects-normal/arm64/AhoiCloudKitSpike.swiftmodule /tmp/ahoi-mobile-shared-tabs.V7PCPC/DerivedData/Build/Products/CloudKitDevelopment-iphoneos/AhoiCloudKitSpike.swiftmodule/arm64-apple-ios.swiftmodule

Copy /tmp/ahoi-mobile-shared-tabs.V7PCPC/DerivedData/Build/Products/CloudKitDevelopment-iphoneos/AhoiCloudKitSpike.swiftmodule/arm64-apple-ios.swiftdoc /tmp/ahoi-mobile-shared-tabs.V7PCPC/DerivedData/Build/Intermediates.noindex/AhoiCloudKitSpike.build/CloudKitDevelopment-iphoneos/AhoiCloudKitSpike.build/Objects-normal/arm64/AhoiCloudKitSpike.swiftdoc (in target 'AhoiCloudKitSpike' from project 'AhoiCloudKitSpike')
    cd /tmp/ahoi-mobile-shared-tabs.V7PCPC/repo/spikes/cloudkit
    builtin-copy -exclude .DS_Store -exclude CVS -exclude .svn -exclude .git -exclude .hg -resolve-src-symlinks -rename /tmp/ahoi-mobile-shared-tabs.V7PCPC/DerivedData/Build/Intermediates.noindex/AhoiCloudKitSpike.build/CloudKitDevelopment-iphoneos/AhoiCloudKitSpike.build/Objects-normal/arm64/AhoiCloudKitSpike.swiftdoc /tmp/ahoi-mobile-shared-tabs.V7PCPC/DerivedData/Build/Products/CloudKitDevelopment-iphoneos/AhoiCloudKitSpike.swiftmodule/arm64-apple-ios.swiftdoc

Copy /tmp/ahoi-mobile-shared-tabs.V7PCPC/DerivedData/Build/Products/CloudKitDevelopment-iphoneos/AhoiCloudKitSpike.swiftmodule/arm64-apple-ios.abi.json /tmp/ahoi-mobile-shared-tabs.V7PCPC/DerivedData/Build/Intermediates.noindex/AhoiCloudKitSpike.build/CloudKitDevelopment-iphoneos/AhoiCloudKitSpike.build/Objects-normal/arm64/AhoiCloudKitSpike.abi.json (in target 'AhoiCloudKitSpike' from project 'AhoiCloudKitSpike')
    cd /tmp/ahoi-mobile-shared-tabs.V7PCPC/repo/spikes/cloudkit
    builtin-copy -exclude .DS_Store -exclude CVS -exclude .svn -exclude .git -exclude .hg -resolve-src-symlinks -rename /tmp/ahoi-mobile-shared-tabs.V7PCPC/DerivedData/Build/Intermediates.noindex/AhoiCloudKitSpike.build/CloudKitDevelopment-iphoneos/AhoiCloudKitSpike.build/Objects-normal/arm64/AhoiCloudKitSpike.abi.json /tmp/ahoi-mobile-shared-tabs.V7PCPC/DerivedData/Build/Products/CloudKitDevelopment-iphoneos/AhoiCloudKitSpike.swiftmodule/arm64-apple-ios.abi.json

Copy /tmp/ahoi-mobile-shared-tabs.V7PCPC/DerivedData/Build/Products/CloudKitDevelopment-iphoneos/AhoiCloudKitSpike.swiftmodule/Project/arm64-apple-ios.swiftsourceinfo /tmp/ahoi-mobile-shared-tabs.V7PCPC/DerivedData/Build/Intermediates.noindex/AhoiCloudKitSpike.build/CloudKitDevelopment-iphoneos/AhoiCloudKitSpike.build/Objects-normal/arm64/AhoiCloudKitSpike.swiftsourceinfo (in target 'AhoiCloudKitSpike' from project 'AhoiCloudKitSpike')
    cd /tmp/ahoi-mobile-shared-tabs.V7PCPC/repo/spikes/cloudkit
    builtin-copy -exclude .DS_Store -exclude CVS -exclude .svn -exclude .git -exclude .hg -resolve-src-symlinks -rename /tmp/ahoi-mobile-shared-tabs.V7PCPC/DerivedData/Build/Intermediates.noindex/AhoiCloudKitSpike.build/CloudKitDevelopment-iphoneos/AhoiCloudKitSpike.build/Objects-normal/arm64/AhoiCloudKitSpike.swiftsourceinfo /tmp/ahoi-mobile-shared-tabs.V7PCPC/DerivedData/Build/Products/CloudKitDevelopment-iphoneos/AhoiCloudKitSpike.swiftmodule/Project/arm64-apple-ios.swiftsourceinfo

SwiftCompile normal arm64 Compiling\ CommandSecurity.swift,\ CompanionModels.swift /tmp/ahoi-mobile-shared-tabs.V7PCPC/repo/spikes/cloudkit/Sources/AhoiCloudKitSpike/CommandSecurity.swift /tmp/ahoi-mobile-shared-tabs.V7PCPC/repo/spikes/cloudkit/Sources/AhoiCloudKitSpike/CompanionModels.swift (in target 'AhoiCloudKitSpike' from project 'AhoiCloudKitSpike')
SwiftCompile normal arm64 /tmp/ahoi-mobile-shared-tabs.V7PCPC/repo/spikes/cloudkit/Sources/AhoiCloudKitSpike/CommandSecurity.swift (in target 'AhoiCloudKitSpike' from project 'AhoiCloudKitSpike')
    cd /tmp/ahoi-mobile-shared-tabs.V7PCPC/repo/apps/AhoiMobile/AhoiMobile.xcodeproj
    

SwiftCompile normal arm64 /tmp/ahoi-mobile-shared-tabs.V7PCPC/repo/spikes/cloudkit/Sources/AhoiCloudKitSpike/CompanionModels.swift (in target 'AhoiCloudKitSpike' from project 'AhoiCloudKitSpike')
    cd /tmp/ahoi-mobile-shared-tabs.V7PCPC/repo/apps/AhoiMobile/AhoiMobile.xcodeproj
    

SwiftDriverJobDiscovery normal arm64 Compiling ConflictCanonicalization.swift, ConflictResolver.swift (in target 'AhoiCloudKitSpike' from project 'AhoiCloudKitSpike')

SwiftCompile normal arm64 Compiling\ BookmarkModels.swift,\ CloudSyncTransport.swift /tmp/ahoi-mobile-shared-tabs.V7PCPC/repo/spikes/cloudkit/Sources/AhoiCloudKitSpike/BookmarkModels.swift /tmp/ahoi-mobile-shared-tabs.V7PCPC/repo/spikes/cloudkit/Sources/AhoiCloudKitSpike/CloudSyncTransport.swift (in target 'AhoiCloudKitSpike' from project 'AhoiCloudKitSpike')

SwiftCompile normal arm64 /tmp/ahoi-mobile-shared-tabs.V7PCPC/repo/spikes/cloudkit/Sources/AhoiCloudKitSpike/BookmarkModels.swift (in target 'AhoiCloudKitSpike' from project 'AhoiCloudKitSpike')
    cd /tmp/ahoi-mobile-shared-tabs.V7PCPC/repo/apps/AhoiMobile/AhoiMobile.xcodeproj
    

SwiftCompile normal arm64 /tmp/ahoi-mobile-shared-tabs.V7PCPC/repo/spikes/cloudkit/Sources/AhoiCloudKitSpike/CloudSyncTransport.swift (in target 'AhoiCloudKitSpike' from project 'AhoiCloudKitSpike')
    cd /tmp/ahoi-mobile-shared-tabs.V7PCPC/repo/apps/AhoiMobile/AhoiMobile.xcodeproj
    

SwiftCompile normal arm64 Compiling\ SyncBoundary.swift /tmp/ahoi-mobile-shared-tabs.V7PCPC/repo/spikes/cloudkit/Sources/AhoiCloudKitSpike/SyncBoundary.swift (in target 'AhoiCloudKitSpike' from project 'AhoiCloudKitSpike')

SwiftCompile normal arm64 /tmp/ahoi-mobile-shared-tabs.V7PCPC/repo/spikes/cloudkit/Sources/AhoiCloudKitSpike/SyncBoundary.swift (in target 'AhoiCloudKitSpike' from project 'AhoiCloudKitSpike')
    cd /tmp/ahoi-mobile-shared-tabs.V7PCPC/repo/apps/AhoiMobile/AhoiMobile.xcodeproj
    

SwiftDriverJobDiscovery normal arm64 Compiling BookmarkModels.swift, CloudSyncTransport.swift (in target 'AhoiCloudKitSpike' from project 'AhoiCloudKitSpike')

SwiftCompile normal arm64 Compiling\ SyncModels.swift /tmp/ahoi-mobile-shared-tabs.V7PCPC/repo/spikes/cloudkit/Sources/AhoiCloudKitSpike/SyncModels.swift (in target 'AhoiCloudKitSpike' from project 'AhoiCloudKitSpike')

SwiftCompile normal arm64 /tmp/ahoi-mobile-shared-tabs.V7PCPC/repo/spikes/cloudkit/Sources/AhoiCloudKitSpike/SyncModels.swift (in target 'AhoiCloudKitSpike' from project 'AhoiCloudKitSpike')
    cd /tmp/ahoi-mobile-shared-tabs.V7PCPC/repo/apps/AhoiMobile/AhoiMobile.xcodeproj
    

SwiftDriverJobDiscovery normal arm64 Compiling SyncBoundary.swift (in target 'AhoiCloudKitSpike' from project 'AhoiCloudKitSpike')

SwiftCompile normal arm64 Compiling\ SharedTabTarget.swift /tmp/ahoi-mobile-shared-tabs.V7PCPC/repo/spikes/cloudkit/Sources/AhoiCloudKitSpike/SharedTabTarget.swift (in target 'AhoiCloudKitSpike' from project 'AhoiCloudKitSpike')

SwiftCompile normal arm64 /tmp/ahoi-mobile-shared-tabs.V7PCPC/repo/spikes/cloudkit/Sources/AhoiCloudKitSpike/SharedTabTarget.swift (in target 'AhoiCloudKitSpike' from project 'AhoiCloudKitSpike')
    cd /tmp/ahoi-mobile-shared-tabs.V7PCPC/repo/apps/AhoiMobile/AhoiMobile.xcodeproj
    

SwiftDriverJobDiscovery normal arm64 Compiling CommandSecurity.swift, CompanionModels.swift (in target 'AhoiCloudKitSpike' from project 'AhoiCloudKitSpike')

SwiftCompile normal arm64 Compiling\ DeviceCapabilityRecord.swift,\ FileCommandReplayStore.swift /tmp/ahoi-mobile-shared-tabs.V7PCPC/repo/spikes/cloudkit/Sources/AhoiCloudKitSpike/DeviceCapabilityRecord.swift /tmp/ahoi-mobile-shared-tabs.V7PCPC/repo/spikes/cloudkit/Sources/AhoiCloudKitSpike/FileCommandReplayStore.swift (in target 'AhoiCloudKitSpike' from project 'AhoiCloudKitSpike')
SwiftCompile normal arm64 /tmp/ahoi-mobile-shared-tabs.V7PCPC/repo/spikes/cloudkit/Sources/AhoiCloudKitSpike/DeviceCapabilityRecord.swift (in target 'AhoiCloudKitSpike' from project 'AhoiCloudKitSpike')
    cd /tmp/ahoi-mobile-shared-tabs.V7PCPC/repo/apps/AhoiMobile/AhoiMobile.xcodeproj
    

SwiftCompile normal arm64 /tmp/ahoi-mobile-shared-tabs.V7PCPC/repo/spikes/cloudkit/Sources/AhoiCloudKitSpike/FileCommandReplayStore.swift (in target 'AhoiCloudKitSpike' from project 'AhoiCloudKitSpike')
    cd /tmp/ahoi-mobile-shared-tabs.V7PCPC/repo/apps/AhoiMobile/AhoiMobile.xcodeproj
    

SwiftDriverJobDiscovery normal arm64 Compiling SharedTabTarget.swift (in target 'AhoiCloudKitSpike' from project 'AhoiCloudKitSpike')

SwiftCompile normal arm64 Compiling\ TreeNodeEquality.swift /tmp/ahoi-mobile-shared-tabs.V7PCPC/repo/spikes/cloudkit/Sources/AhoiCloudKitSpike/TreeNodeEquality.swift (in target 'AhoiCloudKitSpike' from project 'AhoiCloudKitSpike')

SwiftCompile normal arm64 /tmp/ahoi-mobile-shared-tabs.V7PCPC/repo/spikes/cloudkit/Sources/AhoiCloudKitSpike/TreeNodeEquality.swift (in target 'AhoiCloudKitSpike' from project 'AhoiCloudKitSpike')
    cd /tmp/ahoi-mobile-shared-tabs.V7PCPC/repo/apps/AhoiMobile/AhoiMobile.xcodeproj
    

SwiftDriverJobDiscovery normal arm64 Compiling SyncModels.swift (in target 'AhoiCloudKitSpike' from project 'AhoiCloudKitSpike')

SwiftCompile normal arm64 Compiling\ OrderKey.swift,\ RemoteCommands.swift /tmp/ahoi-mobile-shared-tabs.V7PCPC/repo/spikes/cloudkit/Sources/AhoiCloudKitSpike/OrderKey.swift /tmp/ahoi-mobile-shared-tabs.V7PCPC/repo/spikes/cloudkit/Sources/AhoiCloudKitSpike/RemoteCommands.swift (in target 'AhoiCloudKitSpike' from project 'AhoiCloudKitSpike')
SwiftCompile normal arm64 /tmp/ahoi-mobile-shared-tabs.V7PCPC/repo/spikes/cloudkit/Sources/AhoiCloudKitSpike/OrderKey.swift (in target 'AhoiCloudKitSpike' from project 'AhoiCloudKitSpike')
    cd /tmp/ahoi-mobile-shared-tabs.V7PCPC/repo/apps/AhoiMobile/AhoiMobile.xcodeproj
    

SwiftCompile normal arm64 /tmp/ahoi-mobile-shared-tabs.V7PCPC/repo/spikes/cloudkit/Sources/AhoiCloudKitSpike/RemoteCommands.swift (in target 'AhoiCloudKitSpike' from project 'AhoiCloudKitSpike')
    cd /tmp/ahoi-mobile-shared-tabs.V7PCPC/repo/apps/AhoiMobile/AhoiMobile.xcodeproj
    

SwiftDriverJobDiscovery normal arm64 Compiling TreeNodeEquality.swift (in target 'AhoiCloudKitSpike' from project 'AhoiCloudKitSpike')

SwiftCompile normal arm64 Compiling\ HybridLogicalClock.swift,\ Identifiers.swift /tmp/ahoi-mobile-shared-tabs.V7PCPC/repo/spikes/cloudkit/Sources/AhoiCloudKitSpike/HybridLogicalClock.swift /tmp/ahoi-mobile-shared-tabs.V7PCPC/repo/spikes/cloudkit/Sources/AhoiCloudKitSpike/Identifiers.swift (in target 'AhoiCloudKitSpike' from project 'AhoiCloudKitSpike')

SwiftCompile normal arm64 /tmp/ahoi-mobile-shared-tabs.V7PCPC/repo/spikes/cloudkit/Sources/AhoiCloudKitSpike/HybridLogicalClock.swift (in target 'AhoiCloudKitSpike' from project 'AhoiCloudKitSpike')
    cd /tmp/ahoi-mobile-shared-tabs.V7PCPC/repo/apps/AhoiMobile/AhoiMobile.xcodeproj
    

SwiftCompile normal arm64 /tmp/ahoi-mobile-shared-tabs.V7PCPC/repo/spikes/cloudkit/Sources/AhoiCloudKitSpike/Identifiers.swift (in target 'AhoiCloudKitSpike' from project 'AhoiCloudKitSpike')
    cd /tmp/ahoi-mobile-shared-tabs.V7PCPC/repo/apps/AhoiMobile/AhoiMobile.xcodeproj
    

SwiftDriverJobDiscovery normal arm64 Compiling DeviceCapabilityRecord.swift, FileCommandReplayStore.swift (in target 'AhoiCloudKitSpike' from project 'AhoiCloudKitSpike')

SwiftDriverJobDiscovery normal arm64 Compiling HybridLogicalClock.swift, Identifiers.swift (in target 'AhoiCloudKitSpike' from project 'AhoiCloudKitSpike')

SwiftDriver AhoiMobileCore normal arm64 com.apple.xcode.tools.swift.compiler (in target 'AhoiMobileCore' from project 'AhoiMobile')
    cd /tmp/ahoi-mobile-shared-tabs.V7PCPC/repo/apps/AhoiMobile
    builtin-SwiftDriver -- /Applications/Xcode.app/Contents/Developer/Toolchains/XcodeDefault.xctoolchain/usr/bin/swiftc -module-name AhoiMobileCore -Onone @/tmp/ahoi-mobile-shared-tabs.V7PCPC/DerivedData/Build/Intermediates.noindex/AhoiMobile.build/CloudKitDevelopment-iphoneos/AhoiMobileCore.build/Objects-normal/arm64/AhoiMobileCore.SwiftFileList -DDEBUG -j2 -enable-experimental-feature DebugDescriptionMacro -sdk /Applications/Xcode.app/Contents/Developer/Platforms/iPhoneOS.platform/Developer/SDKs/iPhoneOS26.5.sdk -target arm64-apple-ios26.0 -g -module-cache-path /tmp/ahoi-mobile-shared-tabs.V7PCPC/DerivedData/ModuleCache.noindex -Xfrontend -serialize-debugging-options -enable-testing -index-store-path /tmp/ahoi-mobile-shared-tabs.V7PCPC/DerivedData/Index.noindex/DataStore -Xcc -D_LIBCPP_HARDENING_MODE\=_LIBCPP_HARDENING_MODE_DEBUG -swift-version 6 -I /tmp/ahoi-mobile-shared-tabs.V7PCPC/DerivedData/Build/Products/CloudKitDevelopment-iphoneos -F /tmp/ahoi-mobile-shared-tabs.V7PCPC/DerivedData/Build/Products/CloudKitDevelopment-iphoneos/PackageFrameworks -F /tmp/ahoi-mobile-shared-tabs.V7PCPC/DerivedData/Build/Products/CloudKitDevelopment-iphoneos -c -j12 -enable-batch-mode -incremental -Xcc -ivfsstatcache -Xcc /tmp/ahoi-mobile-shared-tabs.V7PCPC/DerivedData/SDKStatCaches.noindex/iphoneos26.5-23F81a-688ef53f1462e2c8f657fdc38a81448f32daed1954a7d5dd0789fcaf2a9bb78b.sdkstatcache -output-file-map /tmp/ahoi-mobile-shared-tabs.V7PCPC/DerivedData/Build/Intermediates.noindex/AhoiMobile.build/CloudKitDevelopment-iphoneos/AhoiMobileCore.build/Objects-normal/arm64/AhoiMobileCore-OutputFileMap.json -use-frontend-parseable-output -save-temps -no-color-diagnostics -explicit-module-build -module-cache-path /tmp/ahoi-mobile-shared-tabs.V7PCPC/DerivedData/Build/Intermediates.noindex/SwiftExplicitPrecompiledModules -clang-scanner-module-cache-path /tmp/ahoi-mobile-shared-tabs.V7PCPC/DerivedData/ModuleCache.noindex -sdk-module-cache-path /tmp/ahoi-mobile-shared-tabs.V7PCPC/DerivedData/ModuleCache.noindex -serialize-diagnostics -emit-dependencies -emit-module -emit-module-path /tmp/ahoi-mobile-shared-tabs.V7PCPC/DerivedData/Build/Intermediates.noindex/AhoiMobile.build/CloudKitDevelopment-iphoneos/AhoiMobileCore.build/Objects-normal/arm64/AhoiMobileCore.swiftmodule -validate-clang-modules-once -clang-build-session-file /tmp/ahoi-mobile-shared-tabs.V7PCPC/DerivedData/ModuleCache.noindex/Session.modulevalidation -Xcc -I/tmp/ahoi-mobile-shared-tabs.V7PCPC/DerivedData/Build/Intermediates.noindex/AhoiMobile.build/CloudKitDevelopment-iphoneos/AhoiMobileCore.build/swift-overrides.hmap -emit-const-values -Xfrontend -const-gather-protocols-file -Xfrontend /tmp/ahoi-mobile-shared-tabs.V7PCPC/DerivedData/Build/Intermediates.noindex/AhoiMobile.build/CloudKitDevelopment-iphoneos/AhoiMobileCore.build/Objects-normal/arm64/AhoiMobileCore_const_extract_protocols.json -Xcc -iquote -Xcc /tmp/ahoi-mobile-shared-tabs.V7PCPC/DerivedData/Build/Intermediates.noindex/AhoiMobile.build/CloudKitDevelopment-iphoneos/AhoiMobileCore.build/AhoiMobileCore-generated-files.hmap -Xcc -I/tmp/ahoi-mobile-shared-tabs.V7PCPC/DerivedData/Build/Intermediates.noindex/AhoiMobile.build/CloudKitDevelopment-iphoneos/AhoiMobileCore.build/AhoiMobileCore-own-target-headers.hmap -Xcc -I/tmp/ahoi-mobile-shared-tabs.V7PCPC/DerivedData/Build/Intermediates.noindex/AhoiMobile.build/CloudKitDevelopment-iphoneos/AhoiMobileCore.build/AhoiMobileCore-all-non-framework-target-headers.hmap -Xcc -ivfsoverlay -Xcc /tmp/ahoi-mobile-shared-tabs.V7PCPC/DerivedData/Build/Intermediates.noindex/AhoiMobile.build/CloudKitDevelopment-iphoneos/AhoiMobile-a44a3a976db28ace36eae5fb72a0335b-VFS-iphoneos/all-product-headers.yaml -Xcc -iquote -Xcc /tmp/ahoi-mobile-shared-tabs.V7PCPC/DerivedData/Build/Intermediates.noindex/AhoiMobile.build/CloudKitDevelopment-iphoneos/AhoiMobileCore.build/AhoiMobileCore-project-headers.hmap -Xcc -I/tmp/ahoi-mobile-shared-tabs.V7PCPC/DerivedData/Build/Products/CloudKitDevelopment-iphoneos/include -Xcc -I/tmp/ahoi-mobile-shared-tabs.V7PCPC/DerivedData/Build/Intermediates.noindex/AhoiMobile.build/CloudKitDevelopment-iphoneos/AhoiMobileCore.build/DerivedSources-normal/arm64 -Xcc -I/tmp/ahoi-mobile-shared-tabs.V7PCPC/DerivedData/Build/Intermediates.noindex/AhoiMobile.build/CloudKitDevelopment-iphoneos/AhoiMobileCore.build/DerivedSources/arm64 -Xcc -I/tmp/ahoi-mobile-shared-tabs.V7PCPC/DerivedData/Build/Intermediates.noindex/AhoiMobile.build/CloudKitDevelopment-iphoneos/AhoiMobileCore.build/DerivedSources -Xcc -DDEBUG\=1 -emit-objc-header -emit-objc-header-path /tmp/ahoi-mobile-shared-tabs.V7PCPC/DerivedData/Build/Intermediates.noindex/AhoiMobile.build/CloudKitDevelopment-iphoneos/AhoiMobileCore.build/Objects-normal/arm64/AhoiMobileCore-Swift.h -working-directory /tmp/ahoi-mobile-shared-tabs.V7PCPC/repo/apps/AhoiMobile -experimental-emit-module-separately -disable-cmo

SwiftDriverJobDiscovery normal arm64 Compiling OrderKey.swift, RemoteCommands.swift (in target 'AhoiCloudKitSpike' from project 'AhoiCloudKitSpike')

SwiftDriver\ Compilation AhoiCloudKitSpike normal arm64 com.apple.xcode.tools.swift.compiler (in target 'AhoiCloudKitSpike' from project 'AhoiCloudKitSpike')
    cd /tmp/ahoi-mobile-shared-tabs.V7PCPC/repo/apps/AhoiMobile/AhoiMobile.xcodeproj
    builtin-Swift-Compilation -- /Applications/Xcode.app/Contents/Developer/Toolchains/XcodeDefault.xctoolchain/usr/bin/swiftc -module-name AhoiCloudKitSpike -Onone @/tmp/ahoi-mobile-shared-tabs.V7PCPC/DerivedData/Build/Intermediates.noindex/AhoiCloudKitSpike.build/CloudKitDevelopment-iphoneos/AhoiCloudKitSpike.build/Objects-normal/arm64/AhoiCloudKitSpike.SwiftFileList -DSWIFT_PACKAGE -DDEBUG -DSWIFT_MODULE_RESOURCE_BUNDLE_UNAVAILABLE -DXcode -j2 -plugin-path /Applications/Xcode.app/Contents/Developer/Toolchains/XcodeDefault.xctoolchain/usr/lib/swift/host/plugins/testing -enable-experimental-feature DebugDescriptionMacro -sdk /Applications/Xcode.app/Contents/Developer/Platforms/iPhoneOS.platform/Developer/SDKs/iPhoneOS26.5.sdk -target arm64-apple-ios16.0 -g -module-cache-path /tmp/ahoi-mobile-shared-tabs.V7PCPC/DerivedData/ModuleCache.noindex -Xfrontend -serialize-debugging-options -enable-testing -index-store-path /tmp/ahoi-mobile-shared-tabs.V7PCPC/DerivedData/Index.noindex/DataStore -Xcc -D_LIBCPP_HARDENING_MODE\=_LIBCPP_HARDENING_MODE_DEBUG -swift-version 5 -I /tmp/ahoi-mobile-shared-tabs.V7PCPC/DerivedData/Build/Products/CloudKitDevelopment-iphoneos -Isystem /Applications/Xcode.app/Contents/Developer/Platforms/iPhoneOS.platform/Developer/usr/lib -F /tmp/ahoi-mobile-shared-tabs.V7PCPC/DerivedData/Build/Products/CloudKitDevelopment-iphoneos -F /Applications/Xcode.app/Contents/Developer/Platforms/iPhoneOS.platform/Developer/Library/Frameworks -F /Applications/Xcode.app/Contents/Developer/Platforms/iPhoneOS.platform/Developer/SDKs/iPhoneOS26.5.sdk/Developer/Library/Frameworks -c -j12 -enable-batch-mode -incremental -Xcc -ivfsstatcache -Xcc /tmp/ahoi-mobile-shared-tabs.V7PCPC/DerivedData/SDKStatCaches.noindex/iphoneos26.5-23F81a-688ef53f1462e2c8f657fdc38a81448f32daed1954a7d5dd0789fcaf2a9bb78b.sdkstatcache -output-file-map /tmp/ahoi-mobile-shared-tabs.V7PCPC/DerivedData/Build/Intermediates.noindex/AhoiCloudKitSpike.build/CloudKitDevelopment-iphoneos/AhoiCloudKitSpike.build/Objects-normal/arm64/AhoiCloudKitSpike-OutputFileMap.json -use-frontend-parseable-output -save-temps -no-color-diagnostics -explicit-module-build -module-cache-path /tmp/ahoi-mobile-shared-tabs.V7PCPC/DerivedData/Build/Intermediates.noindex/SwiftExplicitPrecompiledModules -clang-scanner-module-cache-path /tmp/ahoi-mobile-shared-tabs.V7PCPC/DerivedData/ModuleCache.noindex -sdk-module-cache-path /tmp/ahoi-mobile-shared-tabs.V7PCPC/DerivedData/ModuleCache.noindex -serialize-diagnostics -emit-dependencies -emit-module -emit-module-path /tmp/ahoi-mobile-shared-tabs.V7PCPC/DerivedData/Build/Intermediates.noindex/AhoiCloudKitSpike.build/CloudKitDevelopment-iphoneos/AhoiCloudKitSpike.build/Objects-normal/arm64/AhoiCloudKitSpike.swiftmodule -validate-clang-modules-once -clang-build-session-file /tmp/ahoi-mobile-shared-tabs.V7PCPC/DerivedData/ModuleCache.noindex/Session.modulevalidation -package-name cloudkit -Xcc -I/tmp/ahoi-mobile-shared-tabs.V7PCPC/DerivedData/Build/Intermediates.noindex/AhoiCloudKitSpike.build/CloudKitDevelopment-iphoneos/AhoiCloudKitSpike.build/swift-overrides.hmap -emit-const-values -Xfrontend -const-gather-protocols-file -Xfrontend /tmp/ahoi-mobile-shared-tabs.V7PCPC/DerivedData/Build/Intermediates.noindex/AhoiCloudKitSpike.build/CloudKitDevelopment-iphoneos/AhoiCloudKitSpike.build/Objects-normal/arm64/AhoiCloudKitSpike_const_extract_protocols.json -Xcc -I/tmp/ahoi-mobile-shared-tabs.V7PCPC/DerivedData/Build/Products/CloudKitDevelopment-iphoneos/include -Xcc -I/tmp/ahoi-mobile-shared-tabs.V7PCPC/DerivedData/Build/Intermediates.noindex/AhoiCloudKitSpike.build/CloudKitDevelopment-iphoneos/AhoiCloudKitSpike.build/DerivedSources-normal/arm64 -Xcc -I/tmp/ahoi-mobile-shared-tabs.V7PCPC/DerivedData/Build/Intermediates.noindex/AhoiCloudKitSpike.build/CloudKitDevelopment-iphoneos/AhoiCloudKitSpike.build/DerivedSources/arm64 -Xcc -I/tmp/ahoi-mobile-shared-tabs.V7PCPC/DerivedData/Build/Intermediates.noindex/AhoiCloudKitSpike.build/CloudKitDevelopment-iphoneos/AhoiCloudKitSpike.build/DerivedSources -Xcc -DSWIFT_PACKAGE -Xcc -DDEBUG\=1 -emit-objc-header -emit-objc-header-path /tmp/ahoi-mobile-shared-tabs.V7PCPC/DerivedData/Build/Intermediates.noindex/AhoiCloudKitSpike.build/CloudKitDevelopment-iphoneos/AhoiCloudKitSpike.build/Objects-normal/arm64/AhoiCloudKitSpike-Swift.h -working-directory /tmp/ahoi-mobile-shared-tabs.V7PCPC/repo/apps/AhoiMobile/AhoiMobile.xcodeproj -experimental-emit-module-separately -disable-cmo

Ld /tmp/ahoi-mobile-shared-tabs.V7PCPC/DerivedData/Build/Products/CloudKitDevelopment-iphoneos/AhoiCloudKitSpike.o normal (in target 'AhoiCloudKitSpike' from project 'AhoiCloudKitSpike')
    cd /tmp/ahoi-mobile-shared-tabs.V7PCPC/repo/spikes/cloudkit
    /Applications/Xcode.app/Contents/Developer/Toolchains/XcodeDefault.xctoolchain/usr/bin/clang -Xlinker -reproducible -target arm64-apple-ios16.0 -r -isysroot /Applications/Xcode.app/Contents/Developer/Platforms/iPhoneOS.platform/Developer/SDKs/iPhoneOS26.5.sdk -O0 -F/tmp/ahoi-mobile-shared-tabs.V7PCPC/DerivedData/Build/Intermediates.noindex/EagerLinkingTBDs/CloudKitDevelopment-iphoneos -F/tmp/ahoi-mobile-shared-tabs.V7PCPC/DerivedData/Build/Products/CloudKitDevelopment-iphoneos -iframework /Applications/Xcode.app/Contents/Developer/Platforms/iPhoneOS.platform/Developer/Library/Frameworks -iframework /Applications/Xcode.app/Contents/Developer/Platforms/iPhoneOS.platform/Developer/SDKs/iPhoneOS26.5.sdk/Developer/Library/Frameworks -filelist /tmp/ahoi-mobile-shared-tabs.V7PCPC/DerivedData/Build/Intermediates.noindex/AhoiCloudKitSpike.build/CloudKitDevelopment-iphoneos/AhoiCloudKitSpike.build/Objects-normal/arm64/AhoiCloudKitSpike.LinkFileList -nostdlib -Xlinker -object_path_lto -Xlinker /tmp/ahoi-mobile-shared-tabs.V7PCPC/DerivedData/Build/Intermediates.noindex/AhoiCloudKitSpike.build/CloudKitDevelopment-iphoneos/AhoiCloudKitSpike.build/Objects-normal/arm64/AhoiCloudKitSpike_lto.o -Xlinker -no_deduplicate -Xlinker -dependency_info -Xlinker /tmp/ahoi-mobile-shared-tabs.V7PCPC/DerivedData/Build/Intermediates.noindex/AhoiCloudKitSpike.build/CloudKitDevelopment-iphoneos/AhoiCloudKitSpike.build/Objects-normal/arm64/AhoiCloudKitSpike_dependency_info.dat -fobjc-link-runtime -L/Applications/Xcode.app/Contents/Developer/Toolchains/XcodeDefault.xctoolchain/usr/lib/swift/iphoneos -L/usr/lib/swift -Xlinker -add_ast_path -Xlinker /tmp/ahoi-mobile-shared-tabs.V7PCPC/DerivedData/Build/Intermediates.noindex/AhoiCloudKitSpike.build/CloudKitDevelopment-iphoneos/AhoiCloudKitSpike.build/Objects-normal/arm64/AhoiCloudKitSpike.swiftmodule @/tmp/ahoi-mobile-shared-tabs.V7PCPC/DerivedData/Build/Intermediates.noindex/AhoiCloudKitSpike.build/CloudKitDevelopment-iphoneos/AhoiCloudKitSpike.build/Objects-normal/arm64/AhoiCloudKitSpike-linker-args.resp -o /tmp/ahoi-mobile-shared-tabs.V7PCPC/DerivedData/Build/Products/CloudKitDevelopment-iphoneos/AhoiCloudKitSpike.o

ExtractAppIntentsMetadata (in target 'AhoiCloudKitSpike' from project 'AhoiCloudKitSpike')
    cd /tmp/ahoi-mobile-shared-tabs.V7PCPC/repo/spikes/cloudkit
    /Applications/Xcode.app/Contents/Developer/Toolchains/XcodeDefault.xctoolchain/usr/bin/appintentsmetadataprocessor --toolchain-dir /var/run/com.apple.security.cryptexd/mnt/com.apple.MobileAsset.MetalToolchain-v17.6.109.0.0k2cJr/Metal.xctoolchain --module-name AhoiCloudKitSpike --sdk-root /Applications/Xcode.app/Contents/Developer/Platforms/iPhoneOS.platform/Developer/SDKs/iPhoneOS26.5.sdk --xcode-version 17F113 --platform-family iOS --deployment-target 16.0 --bundle-identifier cloudkit.AhoiCloudKitSpike --output /tmp/ahoi-mobile-shared-tabs.V7PCPC/DerivedData/Build/Products/CloudKitDevelopment-iphoneos/AhoiCloudKitSpike.appintents --target-triple arm64-apple-ios16.0 --binary-file /tmp/ahoi-mobile-shared-tabs.V7PCPC/DerivedData/Build/Products/CloudKitDevelopment-iphoneos/AhoiCloudKitSpike.o --dependency-file /tmp/ahoi-mobile-shared-tabs.V7PCPC/DerivedData/Build/Intermediates.noindex/AhoiCloudKitSpike.build/CloudKitDevelopment-iphoneos/AhoiCloudKitSpike.build/Objects-normal/arm64/AhoiCloudKitSpike_dependency_info.dat --stringsdata-file /tmp/ahoi-mobile-shared-tabs.V7PCPC/DerivedData/Build/Intermediates.noindex/AhoiCloudKitSpike.build/CloudKitDevelopment-iphoneos/AhoiCloudKitSpike.build/Objects-normal/arm64/ExtractedAppShortcutsMetadata.stringsdata --source-file-list /tmp/ahoi-mobile-shared-tabs.V7PCPC/DerivedData/Build/Intermediates.noindex/AhoiCloudKitSpike.build/CloudKitDevelopment-iphoneos/AhoiCloudKitSpike.build/Objects-normal/arm64/AhoiCloudKitSpike.SwiftFileList --metadata-file-list /tmp/ahoi-mobile-shared-tabs.V7PCPC/DerivedData/Build/Intermediates.noindex/AhoiCloudKitSpike.build/CloudKitDevelopment-iphoneos/AhoiCloudKitSpike.build/AhoiCloudKitSpike.DependencyMetadataFileList --static-metadata-file-list /tmp/ahoi-mobile-shared-tabs.V7PCPC/DerivedData/Build/Intermediates.noindex/AhoiCloudKitSpike.build/CloudKitDevelopment-iphoneos/AhoiCloudKitSpike.build/AhoiCloudKitSpike.DependencyStaticMetadataFileList --swift-const-vals-list /tmp/ahoi-mobile-shared-tabs.V7PCPC/DerivedData/Build/Intermediates.noindex/AhoiCloudKitSpike.build/CloudKitDevelopment-iphoneos/AhoiCloudKitSpike.build/Objects-normal/arm64/AhoiCloudKitSpike.SwiftConstValuesFileList --force --compile-time-extraction --deployment-aware-processing --validate-assistant-intents --no-app-shortcuts-localization
2026-09-08 18:29:48.620 appintentsmetadataprocessor[32067:182733878] Starting appintentsmetadataprocessor export
2026-09-08 18:29:48.648 appintentsmetadataprocessor[32067:182733878] Extracted no relevant App Intents symbols, skipping writing output

RegisterExecutionPolicyException /tmp/ahoi-mobile-shared-tabs.V7PCPC/DerivedData/Build/Products/CloudKitDevelopment-iphoneos/AhoiCloudKitSpike.o (in target 'AhoiCloudKitSpike' from project 'AhoiCloudKitSpike')
    cd /tmp/ahoi-mobile-shared-tabs.V7PCPC/repo/spikes/cloudkit
    builtin-RegisterExecutionPolicyException /tmp/ahoi-mobile-shared-tabs.V7PCPC/DerivedData/Build/Products/CloudKitDevelopment-iphoneos/AhoiCloudKitSpike.o

ProcessInfoPlistFile /tmp/ahoi-mobile-shared-tabs.V7PCPC/DerivedData/Build/Products/CloudKitDevelopment-iphoneos/PackageFrameworks/AhoiCloudKitSpike_58C48334F00BB1AD_PackageProduct.framework/Info.plist /tmp/ahoi-mobile-shared-tabs.V7PCPC/DerivedData/Build/Intermediates.noindex/AhoiCloudKitSpike.build/CloudKitDevelopment-iphoneos/AhoiCloudKitSpike\ product.build/empty-AhoiCloudKitSpike_58C48334F00BB1AD_PackageProduct.plist (in target 'AhoiCloudKitSpike' from project 'AhoiCloudKitSpike')
    cd /tmp/ahoi-mobile-shared-tabs.V7PCPC/repo/spikes/cloudkit
    builtin-infoPlistUtility /tmp/ahoi-mobile-shared-tabs.V7PCPC/DerivedData/Build/Intermediates.noindex/AhoiCloudKitSpike.build/CloudKitDevelopment-iphoneos/AhoiCloudKitSpike\ product.build/empty-AhoiCloudKitSpike_58C48334F00BB1AD_PackageProduct.plist -producttype com.apple.product-type.framework -expandbuildsettings -format binary -platform iphoneos -requiredArchitecture arm64 -o /tmp/ahoi-mobile-shared-tabs.V7PCPC/DerivedData/Build/Products/CloudKitDevelopment-iphoneos/PackageFrameworks/AhoiCloudKitSpike_58C48334F00BB1AD_PackageProduct.framework/Info.plist

Ld /tmp/ahoi-mobile-shared-tabs.V7PCPC/DerivedData/Build/Products/CloudKitDevelopment-iphoneos/PackageFrameworks/AhoiCloudKitSpike_58C48334F00BB1AD_PackageProduct.framework/AhoiCloudKitSpike_58C48334F00BB1AD_PackageProduct normal (in target 'AhoiCloudKitSpike' from project 'AhoiCloudKitSpike')
    cd /tmp/ahoi-mobile-shared-tabs.V7PCPC/repo/spikes/cloudkit
    /Applications/Xcode.app/Contents/Developer/Toolchains/XcodeDefault.xctoolchain/usr/bin/clang -Xlinker -reproducible -target arm64-apple-ios16.0 -dynamiclib -isysroot /Applications/Xcode.app/Contents/Developer/Platforms/iPhoneOS.platform/Developer/SDKs/iPhoneOS26.5.sdk -O0 -L/tmp/ahoi-mobile-shared-tabs.V7PCPC/DerivedData/Build/Intermediates.noindex/EagerLinkingTBDs/CloudKitDevelopment-iphoneos -L/tmp/ahoi-mobile-shared-tabs.V7PCPC/DerivedData/Build/Products/CloudKitDevelopment-iphoneos -L/Applications/Xcode.app/Contents/Developer/Platforms/iPhoneOS.platform/Developer/usr/lib -F/tmp/ahoi-mobile-shared-tabs.V7PCPC/DerivedData/Build/Intermediates.noindex/EagerLinkingTBDs/CloudKitDevelopment-iphoneos -F/tmp/ahoi-mobile-shared-tabs.V7PCPC/DerivedData/Build/Products/CloudKitDevelopment-iphoneos/PackageFrameworks -F/tmp/ahoi-mobile-shared-tabs.V7PCPC/DerivedData/Build/Products/CloudKitDevelopment-iphoneos -iframework /Applications/Xcode.app/Contents/Developer/Platforms/iPhoneOS.platform/Developer/Library/Frameworks -iframework /Applications/Xcode.app/Contents/Developer/Platforms/iPhoneOS.platform/Developer/SDKs/iPhoneOS26.5.sdk/Developer/Library/Frameworks -filelist /tmp/ahoi-mobile-shared-tabs.V7PCPC/DerivedData/Build/Intermediates.noindex/AhoiCloudKitSpike.build/CloudKitDevelopment-iphoneos/AhoiCloudKitSpike\ product.build/Objects-normal/arm64/AhoiCloudKitSpike_58C48334F00BB1AD_PackageProduct.LinkFileList -install_name @rpath/AhoiCloudKitSpike_58C48334F00BB1AD_PackageProduct.framework/AhoiCloudKitSpike_58C48334F00BB1AD_PackageProduct -Xlinker -rpath -Xlinker /usr/lib/swift -Xlinker -dead_strip -Xlinker -object_path_lto -Xlinker /tmp/ahoi-mobile-shared-tabs.V7PCPC/DerivedData/Build/Intermediates.noindex/AhoiCloudKitSpike.build/CloudKitDevelopment-iphoneos/AhoiCloudKitSpike\ product.build/Objects-normal/arm64/AhoiCloudKitSpike_58C48334F00BB1AD_PackageProduct_lto.o -rdynamic -Xlinker -no_deduplicate -Xlinker -dependency_info -Xlinker /tmp/ahoi-mobile-shared-tabs.V7PCPC/DerivedData/Build/Intermediates.noindex/AhoiCloudKitSpike.build/CloudKitDevelopment-iphoneos/AhoiCloudKitSpike\ product.build/Objects-normal/arm64/AhoiCloudKitSpike_58C48334F00BB1AD_PackageProduct_dependency_info.dat -fobjc-link-runtime -L/Applications/Xcode.app/Contents/Developer/Toolchains/XcodeDefault.xctoolchain/usr/lib/swift/iphoneos -L/usr/lib/swift -Wl,-no_warn_duplicate_libraries -o /tmp/ahoi-mobile-shared-tabs.V7PCPC/DerivedData/Build/Products/CloudKitDevelopment-iphoneos/PackageFrameworks/AhoiCloudKitSpike_58C48334F00BB1AD_PackageProduct.framework/AhoiCloudKitSpike_58C48334F00BB1AD_PackageProduct -Xlinker -add_ast_path -Xlinker /tmp/ahoi-mobile-shared-tabs.V7PCPC/DerivedData/Build/Intermediates.noindex/AhoiCloudKitSpike.build/CloudKitDevelopment-iphoneos/AhoiCloudKitSpike.build/Objects-normal/arm64/AhoiCloudKitSpike.swiftmodule @/tmp/ahoi-mobile-shared-tabs.V7PCPC/DerivedData/Build/Intermediates.noindex/AhoiCloudKitSpike.build/CloudKitDevelopment-iphoneos/AhoiCloudKitSpike.build/Objects-normal/arm64/AhoiCloudKitSpike-linker-args.resp

GenerateTAPI /tmp/ahoi-mobile-shared-tabs.V7PCPC/DerivedData/Build/Intermediates.noindex/EagerLinkingTBDs/CloudKitDevelopment-iphoneos/AhoiCloudKitSpike_58C48334F00BB1AD_PackageProduct.framework/AhoiCloudKitSpike_58C48334F00BB1AD_PackageProduct.tbd (in target 'AhoiCloudKitSpike' from project 'AhoiCloudKitSpike')
    cd /tmp/ahoi-mobile-shared-tabs.V7PCPC/repo/spikes/cloudkit
    /Applications/Xcode.app/Contents/Developer/Toolchains/XcodeDefault.xctoolchain/usr/bin/tapi stubify -isysroot /Applications/Xcode.app/Contents/Developer/Platforms/iPhoneOS.platform/Developer/SDKs/iPhoneOS26.5.sdk -F/tmp/ahoi-mobile-shared-tabs.V7PCPC/DerivedData/Build/Products/CloudKitDevelopment-iphoneos/PackageFrameworks -F/tmp/ahoi-mobile-shared-tabs.V7PCPC/DerivedData/Build/Products/CloudKitDevelopment-iphoneos -iframework /Applications/Xcode.app/Contents/Developer/Platforms/iPhoneOS.platform/Developer/Library/Frameworks -iframework /Applications/Xcode.app/Contents/Developer/Platforms/iPhoneOS.platform/Developer/SDKs/iPhoneOS26.5.sdk/Developer/Library/Frameworks -L/tmp/ahoi-mobile-shared-tabs.V7PCPC/DerivedData/Build/Products/CloudKitDevelopment-iphoneos -L/Applications/Xcode.app/Contents/Developer/Platforms/iPhoneOS.platform/Developer/usr/lib /tmp/ahoi-mobile-shared-tabs.V7PCPC/DerivedData/Build/Products/CloudKitDevelopment-iphoneos/PackageFrameworks/AhoiCloudKitSpike_58C48334F00BB1AD_PackageProduct.framework/AhoiCloudKitSpike_58C48334F00BB1AD_PackageProduct -o /tmp/ahoi-mobile-shared-tabs.V7PCPC/DerivedData/Build/Intermediates.noindex/EagerLinkingTBDs/CloudKitDevelopment-iphoneos/AhoiCloudKitSpike_58C48334F00BB1AD_PackageProduct.framework/AhoiCloudKitSpike_58C48334F00BB1AD_PackageProduct.tbd

RegisterExecutionPolicyException /tmp/ahoi-mobile-shared-tabs.V7PCPC/DerivedData/Build/Products/CloudKitDevelopment-iphoneos/PackageFrameworks/AhoiCloudKitSpike_58C48334F00BB1AD_PackageProduct.framework (in target 'AhoiCloudKitSpike' from project 'AhoiCloudKitSpike')
    cd /tmp/ahoi-mobile-shared-tabs.V7PCPC/repo/spikes/cloudkit
    builtin-RegisterExecutionPolicyException /tmp/ahoi-mobile-shared-tabs.V7PCPC/DerivedData/Build/Products/CloudKitDevelopment-iphoneos/PackageFrameworks/AhoiCloudKitSpike_58C48334F00BB1AD_PackageProduct.framework

Touch /tmp/ahoi-mobile-shared-tabs.V7PCPC/DerivedData/Build/Products/CloudKitDevelopment-iphoneos/PackageFrameworks/AhoiCloudKitSpike_58C48334F00BB1AD_PackageProduct.framework (in target 'AhoiCloudKitSpike' from project 'AhoiCloudKitSpike')
    cd /tmp/ahoi-mobile-shared-tabs.V7PCPC/repo/spikes/cloudkit
    /usr/bin/touch -c /tmp/ahoi-mobile-shared-tabs.V7PCPC/DerivedData/Build/Products/CloudKitDevelopment-iphoneos/PackageFrameworks/AhoiCloudKitSpike_58C48334F00BB1AD_PackageProduct.framework

ProcessInfoPlistFile /tmp/ahoi-mobile-shared-tabs.V7PCPC/DerivedData/Build/Products/CloudKitDevelopment-iphoneos/AhoiMobileCore.framework/Info.plist /tmp/ahoi-mobile-shared-tabs.V7PCPC/DerivedData/Build/Intermediates.noindex/AhoiMobile.build/CloudKitDevelopment-iphoneos/AhoiMobileCore.build/empty-AhoiMobileCore.plist (in target 'AhoiMobileCore' from project 'AhoiMobile')
    cd /tmp/ahoi-mobile-shared-tabs.V7PCPC/repo/apps/AhoiMobile
    builtin-infoPlistUtility /tmp/ahoi-mobile-shared-tabs.V7PCPC/DerivedData/Build/Intermediates.noindex/AhoiMobile.build/CloudKitDevelopment-iphoneos/AhoiMobileCore.build/empty-AhoiMobileCore.plist -producttype com.apple.product-type.framework -expandbuildsettings -format binary -platform iphoneos -requiredArchitecture arm64 -o /tmp/ahoi-mobile-shared-tabs.V7PCPC/DerivedData/Build/Products/CloudKitDevelopment-iphoneos/AhoiMobileCore.framework/Info.plist

CpResource /tmp/ahoi-mobile-shared-tabs.V7PCPC/DerivedData/Build/Products/CloudKitDevelopment-iphoneos/AhoiMobileCore.framework/PrivacyInfo.xcprivacy /tmp/ahoi-mobile-shared-tabs.V7PCPC/repo/apps/AhoiMobile/Sources/AhoiMobileCore/Resources/PrivacyInfo.xcprivacy (in target 'AhoiMobileCore' from project 'AhoiMobile')
    cd /tmp/ahoi-mobile-shared-tabs.V7PCPC/repo/apps/AhoiMobile
    builtin-copy -exclude .DS_Store -exclude CVS -exclude .svn -exclude .git -exclude .hg -resolve-src-symlinks /tmp/ahoi-mobile-shared-tabs.V7PCPC/repo/apps/AhoiMobile/Sources/AhoiMobileCore/Resources/PrivacyInfo.xcprivacy /tmp/ahoi-mobile-shared-tabs.V7PCPC/DerivedData/Build/Products/CloudKitDevelopment-iphoneos/AhoiMobileCore.framework

CompileXCStrings /tmp/ahoi-mobile-shared-tabs.V7PCPC/DerivedData/Build/Intermediates.noindex/AhoiMobile.build/CloudKitDevelopment-iphoneos/AhoiMobileCore.build/ /tmp/ahoi-mobile-shared-tabs.V7PCPC/repo/apps/AhoiMobile/Sources/AhoiMobileCore/Resources/Localizable.xcstrings (in target 'AhoiMobileCore' from project 'AhoiMobile')
    cd /tmp/ahoi-mobile-shared-tabs.V7PCPC/repo/apps/AhoiMobile
    /Applications/Xcode.app/Contents/Developer/usr/bin/xcstringstool compile --output-directory /tmp/ahoi-mobile-shared-tabs.V7PCPC/DerivedData/Build/Intermediates.noindex/AhoiMobile.build/CloudKitDevelopment-iphoneos/AhoiMobileCore.build /tmp/ahoi-mobile-shared-tabs.V7PCPC/repo/apps/AhoiMobile/Sources/AhoiMobileCore/Resources/Localizable.xcstrings

CopyStringsFile /tmp/ahoi-mobile-shared-tabs.V7PCPC/DerivedData/Build/Products/CloudKitDevelopment-iphoneos/AhoiMobileCore.framework/en.lproj/Localizable.strings /tmp/ahoi-mobile-shared-tabs.V7PCPC/DerivedData/Build/Intermediates.noindex/AhoiMobile.build/CloudKitDevelopment-iphoneos/AhoiMobileCore.build/en.lproj/Localizable.strings (in target 'AhoiMobileCore' from project 'AhoiMobile')
    cd /tmp/ahoi-mobile-shared-tabs.V7PCPC/repo/apps/AhoiMobile
    builtin-copyStrings --validate --outputencoding binary --outfilename Localizable.strings --outdir /tmp/ahoi-mobile-shared-tabs.V7PCPC/DerivedData/Build/Products/CloudKitDevelopment-iphoneos/AhoiMobileCore.framework/en.lproj -- /tmp/ahoi-mobile-shared-tabs.V7PCPC/DerivedData/Build/Intermediates.noindex/AhoiMobile.build/CloudKitDevelopment-iphoneos/AhoiMobileCore.build/en.lproj/Localizable.strings
/tmp/ahoi-mobile-shared-tabs.V7PCPC/DerivedData/Build/Intermediates.noindex/AhoiMobile.build/CloudKitDevelopment-iphoneos/AhoiMobileCore.build/en.lproj/Localizable.strings:1:1: note: detected encoding of input file as Unicode (UTF-8) (in target 'AhoiMobileCore' from project 'AhoiMobile')

CopyStringsFile /tmp/ahoi-mobile-shared-tabs.V7PCPC/DerivedData/Build/Products/CloudKitDevelopment-iphoneos/AhoiMobileCore.framework/de.lproj/Localizable.strings /tmp/ahoi-mobile-shared-tabs.V7PCPC/DerivedData/Build/Intermediates.noindex/AhoiMobile.build/CloudKitDevelopment-iphoneos/AhoiMobileCore.build/de.lproj/Localizable.strings (in target 'AhoiMobileCore' from project 'AhoiMobile')
    cd /tmp/ahoi-mobile-shared-tabs.V7PCPC/repo/apps/AhoiMobile
    builtin-copyStrings --validate --outputencoding binary --outfilename Localizable.strings --outdir /tmp/ahoi-mobile-shared-tabs.V7PCPC/DerivedData/Build/Products/CloudKitDevelopment-iphoneos/AhoiMobileCore.framework/de.lproj -- /tmp/ahoi-mobile-shared-tabs.V7PCPC/DerivedData/Build/Intermediates.noindex/AhoiMobile.build/CloudKitDevelopment-iphoneos/AhoiMobileCore.build/de.lproj/Localizable.strings
/tmp/ahoi-mobile-shared-tabs.V7PCPC/DerivedData/Build/Intermediates.noindex/AhoiMobile.build/CloudKitDevelopment-iphoneos/AhoiMobileCore.build/de.lproj/Localizable.strings:1:1: note: detected encoding of input file as Unicode (UTF-8) (in target 'AhoiMobileCore' from project 'AhoiMobile')

SwiftExplicitDependencyGeneratePcm arm64 /tmp/ahoi-mobile-shared-tabs.V7PCPC/DerivedData/ModuleCache.noindex/SwiftShims-ARER45H6OZY5LY81HUQW907SF.pcm

SwiftExplicitDependencyGeneratePcm arm64 /tmp/ahoi-mobile-shared-tabs.V7PCPC/DerivedData/ModuleCache.noindex/_Builtin_stdbool-91Z5WVPQKL1NOGGVJXT934B2B.pcm

SwiftExplicitDependencyGeneratePcm arm64 /tmp/ahoi-mobile-shared-tabs.V7PCPC/DerivedData/ModuleCache.noindex/DeveloperToolsSupport-89D6BYAKHT0H4NUIINHQSH1GX.pcm

SwiftExplicitDependencyGeneratePcm arm64 /tmp/ahoi-mobile-shared-tabs.V7PCPC/DerivedData/ModuleCache.noindex/_Builtin_float-GI3YIU67OU24TATANJ45QIZX.pcm

SwiftExplicitDependencyGeneratePcm arm64 /tmp/ahoi-mobile-shared-tabs.V7PCPC/DerivedData/ModuleCache.noindex/_Builtin_stddef-7ENMUOTXOZQRBK7155AJXVKND.pcm

SwiftExplicitDependencyGeneratePcm arm64 /tmp/ahoi-mobile-shared-tabs.V7PCPC/DerivedData/ModuleCache.noindex/_SwiftConcurrencyShims-4C34BWMXP0Y4Z3A3OSRJEY8ZZ.pcm

SwiftExplicitDependencyGeneratePcm arm64 /tmp/ahoi-mobile-shared-tabs.V7PCPC/DerivedData/ModuleCache.noindex/_Builtin_stdarg-8W8T0VGRFXUXNGWQ43AFTOJEZ.pcm

SwiftExplicitDependencyGeneratePcm arm64 /tmp/ahoi-mobile-shared-tabs.V7PCPC/DerivedData/ModuleCache.noindex/_AvailabilityInternal-94ZK4LSMZFH96BZ9YG94Y0J8T.pcm

SwiftExplicitDependencyGeneratePcm arm64 /tmp/ahoi-mobile-shared-tabs.V7PCPC/DerivedData/ModuleCache.noindex/ptrauth-IRBAL6W5C6JOHLQWNT0D1G7A.pcm

SwiftExplicitDependencyGeneratePcm arm64 /tmp/ahoi-mobile-shared-tabs.V7PCPC/DerivedData/ModuleCache.noindex/ptrcheck-9WUMI1D6WUKUP1HKZ1VLFRGNS.pcm

SwiftExplicitDependencyGeneratePcm arm64 /tmp/ahoi-mobile-shared-tabs.V7PCPC/DerivedData/ModuleCache.noindex/_DarwinFoundation1-84DPQN14ITSMUGB0RJ6WFWY7B.pcm

SwiftExplicitDependencyGeneratePcm arm64 /tmp/ahoi-mobile-shared-tabs.V7PCPC/DerivedData/ModuleCache.noindex/ExtensionFoundation-6I683OA0D4ANHTCM0SXAJBC14.pcm

SwiftExplicitDependencyGeneratePcm arm64 /tmp/ahoi-mobile-shared-tabs.V7PCPC/DerivedData/ModuleCache.noindex/_Builtin_limits-6HMZWCH4HJ04UNHZ8SW9UVQ9I.pcm

SwiftExplicitDependencyGeneratePcm arm64 /tmp/ahoi-mobile-shared-tabs.V7PCPC/DerivedData/ModuleCache.noindex/_DarwinFoundation2-BHSFR7BQKFQUZTSQ0QHX89F2P.pcm

SwiftExplicitDependencyGeneratePcm arm64 /tmp/ahoi-mobile-shared-tabs.V7PCPC/DerivedData/ModuleCache.noindex/sys_types-222NNUCYFR2SK22Z83I0M62TH.pcm

SwiftExplicitDependencyGeneratePcm arm64 /tmp/ahoi-mobile-shared-tabs.V7PCPC/DerivedData/ModuleCache.noindex/_Builtin_stdint-74FWDN8N7AIHC3K212KNOKJK2.pcm

SwiftExplicitDependencyGeneratePcm arm64 /tmp/ahoi-mobile-shared-tabs.V7PCPC/DerivedData/ModuleCache.noindex/_Builtin_tgmath-815JG2TTWXBK92DPYCAASWI8L.pcm

SwiftExplicitDependencyGeneratePcm arm64 /tmp/ahoi-mobile-shared-tabs.V7PCPC/DerivedData/ModuleCache.noindex/_DarwinFoundation3-81FDQL2HBFTP7A4SVD0F3M6P7.pcm

SwiftExplicitDependencyGeneratePcm arm64 /tmp/ahoi-mobile-shared-tabs.V7PCPC/DerivedData/ModuleCache.noindex/_Builtin_stdatomic-BA82B3SWCJY404QVWQB8CCSAR.pcm

SwiftExplicitDependencyGeneratePcm arm64 /tmp/ahoi-mobile-shared-tabs.V7PCPC/DerivedData/ModuleCache.noindex/_Builtin_intrinsics-B8HXYGUT7K4OX7D9SLCRGFC9X.pcm

SwiftExplicitDependencyGeneratePcm arm64 /tmp/ahoi-mobile-shared-tabs.V7PCPC/DerivedData/ModuleCache.noindex/_Builtin_inttypes-996PUM7IELH0C4HQF78ZOZBOR.pcm

SwiftExplicitDependencyGeneratePcm arm64 /tmp/ahoi-mobile-shared-tabs.V7PCPC/DerivedData/ModuleCache.noindex/Darwin-7RTM6Y70TALMSPWOEKP9F3DNZ.pcm

SwiftExplicitDependencyGeneratePcm arm64 /tmp/ahoi-mobile-shared-tabs.V7PCPC/DerivedData/ModuleCache.noindex/simd-9R6Y35HTJBFDMPZN4W8TTUDTA.pcm

SwiftExplicitDependencyGeneratePcm arm64 /tmp/ahoi-mobile-shared-tabs.V7PCPC/DerivedData/ModuleCache.noindex/ObjectiveC-7E9OGTMZSLC34EUDOB2ULLV6K.pcm

SwiftExplicitDependencyGeneratePcm arm64 /tmp/ahoi-mobile-shared-tabs.V7PCPC/DerivedData/ModuleCache.noindex/MachO-D4NCU98LGZWQP39VO0Y0K4JTW.pcm

SwiftExplicitDependencyGeneratePcm arm64 /tmp/ahoi-mobile-shared-tabs.V7PCPC/DerivedData/ModuleCache.noindex/os_object-CZURBNP1EXHPDN7HA7XAFPWBA.pcm

SwiftExplicitDependencyGeneratePcm arm64 /tmp/ahoi-mobile-shared-tabs.V7PCPC/DerivedData/ModuleCache.noindex/os_workgroup-3JSGBB35H2OS6BZL56I13X2L8.pcm

SwiftExplicitDependencyGeneratePcm arm64 /tmp/ahoi-mobile-shared-tabs.V7PCPC/DerivedData/ModuleCache.noindex/Spatial-EXVNQ1ZETSBO3G9ILBL4ALKPA.pcm

SwiftExplicitDependencyGeneratePcm arm64 /tmp/ahoi-mobile-shared-tabs.V7PCPC/DerivedData/ModuleCache.noindex/Dispatch-E0EC0QZGFKXOZIM6LMZZ3L0EO.pcm

SwiftExplicitDependencyGeneratePcm arm64 /tmp/ahoi-mobile-shared-tabs.V7PCPC/DerivedData/ModuleCache.noindex/XPC-41CBQ270J8XS924TFJJLLZ2YP.pcm

SwiftExplicitDependencyGeneratePcm arm64 /tmp/ahoi-mobile-shared-tabs.V7PCPC/DerivedData/ModuleCache.noindex/CoreFoundation-3S5AIWDKN0Z14E3V0IQRENI48.pcm

SwiftExplicitDependencyGeneratePcm arm64 /tmp/ahoi-mobile-shared-tabs.V7PCPC/DerivedData/ModuleCache.noindex/dnssd-2C42T3L41RB8J5JOJH40T7Z3E.pcm

SwiftExplicitDependencyGeneratePcm arm64 /tmp/ahoi-mobile-shared-tabs.V7PCPC/DerivedData/ModuleCache.noindex/os-6AQ5IX298UH3WZBRCS5V3HXU0.pcm

SwiftExplicitDependencyGeneratePcm arm64 /tmp/ahoi-mobile-shared-tabs.V7PCPC/DerivedData/ModuleCache.noindex/Security-8FRXNUNXUZ4RVC4UAG10ODYRB.pcm

SwiftExplicitDependencyGeneratePcm arm64 /tmp/ahoi-mobile-shared-tabs.V7PCPC/DerivedData/ModuleCache.noindex/CFNetwork-8DPQH9KA3J5UE23OFQSBJKQWG.pcm

SwiftExplicitDependencyGeneratePcm arm64 /tmp/ahoi-mobile-shared-tabs.V7PCPC/DerivedData/ModuleCache.noindex/CoreGraphics-DEM500S032U7FB6U7UH7NA9LG.pcm

SwiftExplicitDependencyGeneratePcm arm64 /tmp/ahoi-mobile-shared-tabs.V7PCPC/DerivedData/ModuleCache.noindex/Foundation-4J6IF4V3KFABP1X0KTF6EL4AR.pcm

SwiftExplicitDependencyGeneratePcm arm64 /tmp/ahoi-mobile-shared-tabs.V7PCPC/DerivedData/ModuleCache.noindex/ImageIO-7HEGMUTPANT75QQ8SMSLLW09K.pcm

SwiftExplicitDependencyGeneratePcm arm64 /tmp/ahoi-mobile-shared-tabs.V7PCPC/DerivedData/ModuleCache.noindex/CoreText-5SIYIL95O0A3MEO66TRGS7K7L.pcm

SwiftExplicitDependencyGeneratePcm arm64 /tmp/ahoi-mobile-shared-tabs.V7PCPC/DerivedData/ModuleCache.noindex/CoreTransferable-8W7DRWQ782A29S6XBG76F5LAR.pcm

SwiftExplicitDependencyGeneratePcm arm64 /tmp/ahoi-mobile-shared-tabs.V7PCPC/DerivedData/ModuleCache.noindex/OSLog-3HYHB3PSBRANKSS5B2ACWS4CQ.pcm

SwiftExplicitDependencyGeneratePcm arm64 /tmp/ahoi-mobile-shared-tabs.V7PCPC/DerivedData/ModuleCache.noindex/Accessibility-11LQ6PSHNVECE9ACDL7DPANZV.pcm

SwiftExplicitDependencyGeneratePcm arm64 /tmp/ahoi-mobile-shared-tabs.V7PCPC/DerivedData/ModuleCache.noindex/_LocationEssentials-8OJA5CJOTDAR5M455KEER4YEW.pcm

SwiftExplicitDependencyGeneratePcm arm64 /tmp/ahoi-mobile-shared-tabs.V7PCPC/DerivedData/ModuleCache.noindex/DataDetection-OO20CDXPA3PK3TBL2VSHWIEQ.pcm

SwiftExplicitDependencyGeneratePcm arm64 /tmp/ahoi-mobile-shared-tabs.V7PCPC/DerivedData/ModuleCache.noindex/FileProvider-CZWFJJVIVNAP3HVU4WKUVITSH.pcm

SwiftExplicitDependencyGeneratePcm arm64 /tmp/ahoi-mobile-shared-tabs.V7PCPC/DerivedData/ModuleCache.noindex/CoreLocation-2Q2NMMD2HT8GDDXLHZGWENF6P.pcm

SwiftExplicitDependencyGeneratePcm arm64 /tmp/ahoi-mobile-shared-tabs.V7PCPC/DerivedData/ModuleCache.noindex/Network-BEEJ8LIRVM3Z3A6QR8ZBLPTUD.pcm

SwiftExplicitDependencyGeneratePcm arm64 /tmp/ahoi-mobile-shared-tabs.V7PCPC/DerivedData/ModuleCache.noindex/UniformTypeIdentifiers-DGBSH4G2GTD1XTF1MC8JSXDUL.pcm

SwiftExplicitDependencyGeneratePcm arm64 /tmp/ahoi-mobile-shared-tabs.V7PCPC/DerivedData/ModuleCache.noindex/CoreData-25H9S4YFPQH1EA0TK80HYEY3H.pcm

SwiftExplicitDependencyGeneratePcm arm64 /tmp/ahoi-mobile-shared-tabs.V7PCPC/DerivedData/ModuleCache.noindex/Symbols-64NLI6TJJ4BQ24RNOK75WUEGY.pcm

SwiftExplicitDependencyGeneratePcm arm64 /tmp/ahoi-mobile-shared-tabs.V7PCPC/DerivedData/ModuleCache.noindex/QuickLookThumbnailing-8C52B4QP4UJVJEIG99MIPQPQB.pcm

SwiftExplicitDependencyGeneratePcm arm64 /tmp/ahoi-mobile-shared-tabs.V7PCPC/DerivedData/ModuleCache.noindex/IOSurface-3XNG3IO106OKQXUSKCE6FBPW1.pcm

SwiftExplicitDependencyGeneratePcm arm64 /tmp/ahoi-mobile-shared-tabs.V7PCPC/DerivedData/ModuleCache.noindex/LocalAuthentication-IGTUV2BU912LLA549G89ZMKO.pcm

SwiftExplicitDependencyGeneratePcm arm64 /tmp/ahoi-mobile-shared-tabs.V7PCPC/DerivedData/ModuleCache.noindex/UIUtilities-41DEL5NIIBE0DA1948LVH2013.pcm

SwiftExplicitDependencyGeneratePcm arm64 /tmp/ahoi-mobile-shared-tabs.V7PCPC/DerivedData/ModuleCache.noindex/Metal-8QZDPV853JNGPCJBJDOEATQJ4.pcm

SwiftExplicitDependencyGeneratePcm arm64 /tmp/ahoi-mobile-shared-tabs.V7PCPC/DerivedData/ModuleCache.noindex/OpenGLES-AA5ID1JIO9UUE0VCVNNOFQZEL.pcm

SwiftExplicitDependencyGeneratePcm arm64 /tmp/ahoi-mobile-shared-tabs.V7PCPC/DerivedData/ModuleCache.noindex/CloudKit-77ME04NNOS4VR55ZIUJCLNZY3.pcm

SwiftExplicitDependencyGeneratePcm arm64 /tmp/ahoi-mobile-shared-tabs.V7PCPC/DerivedData/ModuleCache.noindex/UserNotifications-AX2788QTHQCG5OF1C3NLUGBG1.pcm

SwiftExplicitDependencyGeneratePcm arm64 /tmp/ahoi-mobile-shared-tabs.V7PCPC/DerivedData/ModuleCache.noindex/CoreVideo-A42GB4S2NGY2G2DUS39WT0I74.pcm

SwiftExplicitDependencyGeneratePcm arm64 /tmp/ahoi-mobile-shared-tabs.V7PCPC/DerivedData/ModuleCache.noindex/CoreImage-68Z9S17AG1U0651DVUJLSZG4J.pcm

SwiftExplicitDependencyGeneratePcm arm64 /tmp/ahoi-mobile-shared-tabs.V7PCPC/DerivedData/ModuleCache.noindex/QuartzCore-1LNZUCRLWYWBBCI19PNKH19QX.pcm

SwiftExplicitDependencyGeneratePcm arm64 /tmp/ahoi-mobile-shared-tabs.V7PCPC/DerivedData/ModuleCache.noindex/SwiftUICore-36M80MESW59EY5AEL1EF16AAH.pcm

SwiftExplicitDependencyGeneratePcm arm64 /tmp/ahoi-mobile-shared-tabs.V7PCPC/DerivedData/ModuleCache.noindex/UIKit-1SU3ALYLD5E9NYEW6OJYKDDIY.pcm

SwiftExplicitDependencyGeneratePcm arm64 /tmp/ahoi-mobile-shared-tabs.V7PCPC/DerivedData/ModuleCache.noindex/SwiftUI-86Z7ZP71HOXQZCDYWIOLEKUED.pcm

SwiftExplicitDependencyGeneratePcm arm64 /tmp/ahoi-mobile-shared-tabs.V7PCPC/DerivedData/ModuleCache.noindex/PDFKit-A4404JPD8HAZ9RP84XLTVC1Z2.pcm

SwiftExplicitDependencyGeneratePcm arm64 /tmp/ahoi-mobile-shared-tabs.V7PCPC/DerivedData/ModuleCache.noindex/WebKit-LJ7MZ044L55IERZ9KDXTP3RX.pcm

SwiftExplicitDependencyGeneratePcm arm64 /tmp/ahoi-mobile-shared-tabs.V7PCPC/DerivedData/ModuleCache.noindex/ExtensionKit-43RPDD4EPWCSPVBMHE5DPNKSA.pcm

SwiftExplicitDependencyGeneratePcm arm64 /tmp/ahoi-mobile-shared-tabs.V7PCPC/DerivedData/ModuleCache.noindex/QuickLook-77K1GVLGBXKZ7ZN86KCYFZ1N.pcm

SwiftEmitModule normal arm64 Emitting\ module\ for\ AhoiMobileCore (in target 'AhoiMobileCore' from project 'AhoiMobile')

EmitSwiftModule normal arm64 (in target 'AhoiMobileCore' from project 'AhoiMobile')
    cd /tmp/ahoi-mobile-shared-tabs.V7PCPC/repo/apps/AhoiMobile
    

SwiftCompile normal arm64 Compiling\ CompanionExtensionSetupSyncAdapter.swift,\ CompanionExtensionStorage.swift,\ CompanionExtensionStorageSyncAdapter.swift,\ CompanionFieldMerge.swift,\ CompanionImportBatch.swift,\ CompanionKeyLifecycle.swift,\ CompanionKeyRotation.swift,\ CompanionLocalization.swift,\ CompanionMobileIntentRecovery.swift,\ CompanionMobilePresenceStore.swift,\ CompanionMobileSharedCapture.swift,\ CompanionMobileSharedClosing.swift /tmp/ahoi-mobile-shared-tabs.V7PCPC/repo/apps/AhoiMobile/Sources/AhoiMobileCore/CompanionExtensionSetupSyncAdapter.swift /tmp/ahoi-mobile-shared-tabs.V7PCPC/repo/apps/AhoiMobile/Sources/AhoiMobileCore/CompanionExtensionStorage.swift /tmp/ahoi-mobile-shared-tabs.V7PCPC/repo/apps/AhoiMobile/Sources/AhoiMobileCore/CompanionExtensionStorageSyncAdapter.swift /tmp/ahoi-mobile-shared-tabs.V7PCPC/repo/apps/AhoiMobile/Sources/AhoiMobileCore/CompanionFieldMerge.swift /tmp/ahoi-mobile-shared-tabs.V7PCPC/repo/apps/AhoiMobile/Sources/AhoiMobileCore/CompanionImportBatch.swift /tmp/ahoi-mobile-shared-tabs.V7PCPC/repo/apps/AhoiMobile/Sources/AhoiMobileCore/CompanionKeyLifecycle.swift /tmp/ahoi-mobile-shared-tabs.V7PCPC/repo/apps/AhoiMobile/Sources/AhoiMobileCore/CompanionKeyRotation.swift /tmp/ahoi-mobile-shared-tabs.V7PCPC/repo/apps/AhoiMobile/Sources/AhoiMobileCore/CompanionLocalization.swift /tmp/ahoi-mobile-shared-tabs.V7PCPC/repo/apps/AhoiMobile/Sources/AhoiMobileCore/CompanionMobileIntentRecovery.swift /tmp/ahoi-mobile-shared-tabs.V7PCPC/repo/apps/AhoiMobile/Sources/AhoiMobileCore/CompanionMobilePresenceStore.swift /tmp/ahoi-mobile-shared-tabs.V7PCPC/repo/apps/AhoiMobile/Sources/AhoiMobileCore/CompanionMobileSharedCapture.swift /tmp/ahoi-mobile-shared-tabs.V7PCPC/repo/apps/AhoiMobile/Sources/AhoiMobileCore/CompanionMobileSharedClosing.swift (in target 'AhoiMobileCore' from project 'AhoiMobile')
SwiftCompile normal arm64 /tmp/ahoi-mobile-shared-tabs.V7PCPC/repo/apps/AhoiMobile/Sources/AhoiMobileCore/CompanionExtensionSetupSyncAdapter.swift (in target 'AhoiMobileCore' from project 'AhoiMobile')
    cd /tmp/ahoi-mobile-shared-tabs.V7PCPC/repo/apps/AhoiMobile
    

SwiftCompile normal arm64 /tmp/ahoi-mobile-shared-tabs.V7PCPC/repo/apps/AhoiMobile/Sources/AhoiMobileCore/CompanionExtensionStorage.swift (in target 'AhoiMobileCore' from project 'AhoiMobile')
    cd /tmp/ahoi-mobile-shared-tabs.V7PCPC/repo/apps/AhoiMobile
    

SwiftCompile normal arm64 /tmp/ahoi-mobile-shared-tabs.V7PCPC/repo/apps/AhoiMobile/Sources/AhoiMobileCore/CompanionExtensionStorageSyncAdapter.swift (in target 'AhoiMobileCore' from project 'AhoiMobile')
    cd /tmp/ahoi-mobile-shared-tabs.V7PCPC/repo/apps/AhoiMobile
    

SwiftCompile normal arm64 /tmp/ahoi-mobile-shared-tabs.V7PCPC/repo/apps/AhoiMobile/Sources/AhoiMobileCore/CompanionFieldMerge.swift (in target 'AhoiMobileCore' from project 'AhoiMobile')
    cd /tmp/ahoi-mobile-shared-tabs.V7PCPC/repo/apps/AhoiMobile
    

SwiftCompile normal arm64 /tmp/ahoi-mobile-shared-tabs.V7PCPC/repo/apps/AhoiMobile/Sources/AhoiMobileCore/CompanionImportBatch.swift (in target 'AhoiMobileCore' from project 'AhoiMobile')
    cd /tmp/ahoi-mobile-shared-tabs.V7PCPC/repo/apps/AhoiMobile
    

SwiftCompile normal arm64 /tmp/ahoi-mobile-shared-tabs.V7PCPC/repo/apps/AhoiMobile/Sources/AhoiMobileCore/CompanionKeyLifecycle.swift (in target 'AhoiMobileCore' from project 'AhoiMobile')
    cd /tmp/ahoi-mobile-shared-tabs.V7PCPC/repo/apps/AhoiMobile
    

SwiftCompile normal arm64 /tmp/ahoi-mobile-shared-tabs.V7PCPC/repo/apps/AhoiMobile/Sources/AhoiMobileCore/CompanionKeyRotation.swift (in target 'AhoiMobileCore' from project 'AhoiMobile')
    cd /tmp/ahoi-mobile-shared-tabs.V7PCPC/repo/apps/AhoiMobile
    

SwiftCompile normal arm64 /tmp/ahoi-mobile-shared-tabs.V7PCPC/repo/apps/AhoiMobile/Sources/AhoiMobileCore/CompanionLocalization.swift (in target 'AhoiMobileCore' from project 'AhoiMobile')
    cd /tmp/ahoi-mobile-shared-tabs.V7PCPC/repo/apps/AhoiMobile
    

SwiftCompile normal arm64 /tmp/ahoi-mobile-shared-tabs.V7PCPC/repo/apps/AhoiMobile/Sources/AhoiMobileCore/CompanionMobileIntentRecovery.swift (in target 'AhoiMobileCore' from project 'AhoiMobile')
    cd /tmp/ahoi-mobile-shared-tabs.V7PCPC/repo/apps/AhoiMobile
    

SwiftCompile normal arm64 /tmp/ahoi-mobile-shared-tabs.V7PCPC/repo/apps/AhoiMobile/Sources/AhoiMobileCore/CompanionMobilePresenceStore.swift (in target 'AhoiMobileCore' from project 'AhoiMobile')
    cd /tmp/ahoi-mobile-shared-tabs.V7PCPC/repo/apps/AhoiMobile
    

SwiftCompile normal arm64 /tmp/ahoi-mobile-shared-tabs.V7PCPC/repo/apps/AhoiMobile/Sources/AhoiMobileCore/CompanionMobileSharedCapture.swift (in target 'AhoiMobileCore' from project 'AhoiMobile')
    cd /tmp/ahoi-mobile-shared-tabs.V7PCPC/repo/apps/AhoiMobile
    

SwiftCompile normal arm64 /tmp/ahoi-mobile-shared-tabs.V7PCPC/repo/apps/AhoiMobile/Sources/AhoiMobileCore/CompanionMobileSharedClosing.swift (in target 'AhoiMobileCore' from project 'AhoiMobile')
    cd /tmp/ahoi-mobile-shared-tabs.V7PCPC/repo/apps/AhoiMobile
    

SwiftCompile normal arm64 Compiling\ CloudKitSystemFieldsStore.swift,\ CompanionAppModel.swift,\ CompanionAppModelBookmarks.swift,\ CompanionAppModelBrowserSettings.swift,\ CompanionAppModelExtensionSetup.swift,\ CompanionAppModelLocalFirstMutation.swift,\ CompanionAppModelRemoteCommands.swift,\ CompanionAppModelSyncLifecycle.swift,\ CompanionBookmarkFieldMerge.swift,\ CompanionBookmarkHierarchy.swift,\ CompanionBookmarkLibraryIntegration.swift,\ CompanionBookmarkLibrarySupport.swift /tmp/ahoi-mobile-shared-tabs.V7PCPC/repo/apps/AhoiMobile/Sources/AhoiMobileCore/CloudKitSystemFieldsStore.swift /tmp/ahoi-mobile-shared-tabs.V7PCPC/repo/apps/AhoiMobile/Sources/AhoiMobileCore/CompanionAppModel.swift /tmp/ahoi-mobile-shared-tabs.V7PCPC/repo/apps/AhoiMobile/Sources/AhoiMobileCore/CompanionAppModelBookmarks.swift /tmp/ahoi-mobile-shared-tabs.V7PCPC/repo/apps/AhoiMobile/Sources/AhoiMobileCore/CompanionAppModelBrowserSettings.swift /tmp/ahoi-mobile-shared-tabs.V7PCPC/repo/apps/AhoiMobile/Sources/AhoiMobileCore/CompanionAppModelExtensionSetup.swift /tmp/ahoi-mobile-shared-tabs.V7PCPC/repo/apps/AhoiMobile/Sources/AhoiMobileCore/CompanionAppModelLocalFirstMutation.swift /tmp/ahoi-mobile-shared-tabs.V7PCPC/repo/apps/AhoiMobile/Sources/AhoiMobileCore/CompanionAppModelRemoteCommands.swift /tmp/ahoi-mobile-shared-tabs.V7PCPC/repo/apps/AhoiMobile/Sources/AhoiMobileCore/CompanionAppModelSyncLifecycle.swift /tmp/ahoi-mobile-shared-tabs.V7PCPC/repo/apps/AhoiMobile/Sources/AhoiMobileCore/CompanionBookmarkFieldMerge.swift /tmp/ahoi-mobile-shared-tabs.V7PCPC/repo/apps/AhoiMobile/Sources/AhoiMobileCore/CompanionBookmarkHierarchy.swift /tmp/ahoi-mobile-shared-tabs.V7PCPC/repo/apps/AhoiMobile/Sources/AhoiMobileCore/CompanionBookmarkLibraryIntegration.swift /tmp/ahoi-mobile-shared-tabs.V7PCPC/repo/apps/AhoiMobile/Sources/AhoiMobileCore/CompanionBookmarkLibrarySupport.swift (in target 'AhoiMobileCore' from project 'AhoiMobile')
SwiftCompile normal arm64 /tmp/ahoi-mobile-shared-tabs.V7PCPC/repo/apps/AhoiMobile/Sources/AhoiMobileCore/CloudKitSystemFieldsStore.swift (in target 'AhoiMobileCore' from project 'AhoiMobile')
    cd /tmp/ahoi-mobile-shared-tabs.V7PCPC/repo/apps/AhoiMobile
    

SwiftCompile normal arm64 /tmp/ahoi-mobile-shared-tabs.V7PCPC/repo/apps/AhoiMobile/Sources/AhoiMobileCore/CompanionAppModel.swift (in target 'AhoiMobileCore' from project 'AhoiMobile')
    cd /tmp/ahoi-mobile-shared-tabs.V7PCPC/repo/apps/AhoiMobile
    

SwiftCompile normal arm64 /tmp/ahoi-mobile-shared-tabs.V7PCPC/repo/apps/AhoiMobile/Sources/AhoiMobileCore/CompanionAppModelBookmarks.swift (in target 'AhoiMobileCore' from project 'AhoiMobile')
    cd /tmp/ahoi-mobile-shared-tabs.V7PCPC/repo/apps/AhoiMobile
    

SwiftCompile normal arm64 /tmp/ahoi-mobile-shared-tabs.V7PCPC/repo/apps/AhoiMobile/Sources/AhoiMobileCore/CompanionAppModelBrowserSettings.swift (in target 'AhoiMobileCore' from project 'AhoiMobile')
    cd /tmp/ahoi-mobile-shared-tabs.V7PCPC/repo/apps/AhoiMobile
    

SwiftCompile normal arm64 /tmp/ahoi-mobile-shared-tabs.V7PCPC/repo/apps/AhoiMobile/Sources/AhoiMobileCore/CompanionAppModelExtensionSetup.swift (in target 'AhoiMobileCore' from project 'AhoiMobile')
    cd /tmp/ahoi-mobile-shared-tabs.V7PCPC/repo/apps/AhoiMobile
    

SwiftCompile normal arm64 /tmp/ahoi-mobile-shared-tabs.V7PCPC/repo/apps/AhoiMobile/Sources/AhoiMobileCore/CompanionAppModelLocalFirstMutation.swift (in target 'AhoiMobileCore' from project 'AhoiMobile')
    cd /tmp/ahoi-mobile-shared-tabs.V7PCPC/repo/apps/AhoiMobile
    

SwiftCompile normal arm64 /tmp/ahoi-mobile-shared-tabs.V7PCPC/repo/apps/AhoiMobile/Sources/AhoiMobileCore/CompanionAppModelRemoteCommands.swift (in target 'AhoiMobileCore' from project 'AhoiMobile')
    cd /tmp/ahoi-mobile-shared-tabs.V7PCPC/repo/apps/AhoiMobile
    

SwiftCompile normal arm64 /tmp/ahoi-mobile-shared-tabs.V7PCPC/repo/apps/AhoiMobile/Sources/AhoiMobileCore/CompanionAppModelSyncLifecycle.swift (in target 'AhoiMobileCore' from project 'AhoiMobile')
    cd /tmp/ahoi-mobile-shared-tabs.V7PCPC/repo/apps/AhoiMobile
    

SwiftCompile normal arm64 /tmp/ahoi-mobile-shared-tabs.V7PCPC/repo/apps/AhoiMobile/Sources/AhoiMobileCore/CompanionBookmarkFieldMerge.swift (in target 'AhoiMobileCore' from project 'AhoiMobile')
    cd /tmp/ahoi-mobile-shared-tabs.V7PCPC/repo/apps/AhoiMobile
    

SwiftCompile normal arm64 /tmp/ahoi-mobile-shared-tabs.V7PCPC/repo/apps/AhoiMobile/Sources/AhoiMobileCore/CompanionBookmarkHierarchy.swift (in target 'AhoiMobileCore' from project 'AhoiMobile')
    cd /tmp/ahoi-mobile-shared-tabs.V7PCPC/repo/apps/AhoiMobile
    

SwiftCompile normal arm64 /tmp/ahoi-mobile-shared-tabs.V7PCPC/repo/apps/AhoiMobile/Sources/AhoiMobileCore/CompanionBookmarkLibraryIntegration.swift (in target 'AhoiMobileCore' from project 'AhoiMobile')
    cd /tmp/ahoi-mobile-shared-tabs.V7PCPC/repo/apps/AhoiMobile
    

SwiftCompile normal arm64 /tmp/ahoi-mobile-shared-tabs.V7PCPC/repo/apps/AhoiMobile/Sources/AhoiMobileCore/CompanionBookmarkLibrarySupport.swift (in target 'AhoiMobileCore' from project 'AhoiMobile')
    cd /tmp/ahoi-mobile-shared-tabs.V7PCPC/repo/apps/AhoiMobile
    

SwiftDriverJobDiscovery normal arm64 Emitting module for AhoiMobileCore (in target 'AhoiMobileCore' from project 'AhoiMobile')

SwiftDriver\ Compilation\ Requirements AhoiMobileCore normal arm64 com.apple.xcode.tools.swift.compiler (in target 'AhoiMobileCore' from project 'AhoiMobile')
    cd /tmp/ahoi-mobile-shared-tabs.V7PCPC/repo/apps/AhoiMobile
    builtin-Swift-Compilation-Requirements -- /Applications/Xcode.app/Contents/Developer/Toolchains/XcodeDefault.xctoolchain/usr/bin/swiftc -module-name AhoiMobileCore -Onone @/tmp/ahoi-mobile-shared-tabs.V7PCPC/DerivedData/Build/Intermediates.noindex/AhoiMobile.build/CloudKitDevelopment-iphoneos/AhoiMobileCore.build/Objects-normal/arm64/AhoiMobileCore.SwiftFileList -DDEBUG -j2 -enable-experimental-feature DebugDescriptionMacro -sdk /Applications/Xcode.app/Contents/Developer/Platforms/iPhoneOS.platform/Developer/SDKs/iPhoneOS26.5.sdk -target arm64-apple-ios26.0 -g -module-cache-path /tmp/ahoi-mobile-shared-tabs.V7PCPC/DerivedData/ModuleCache.noindex -Xfrontend -serialize-debugging-options -enable-testing -index-store-path /tmp/ahoi-mobile-shared-tabs.V7PCPC/DerivedData/Index.noindex/DataStore -Xcc -D_LIBCPP_HARDENING_MODE\=_LIBCPP_HARDENING_MODE_DEBUG -swift-version 6 -I /tmp/ahoi-mobile-shared-tabs.V7PCPC/DerivedData/Build/Products/CloudKitDevelopment-iphoneos -F /tmp/ahoi-mobile-shared-tabs.V7PCPC/DerivedData/Build/Products/CloudKitDevelopment-iphoneos/PackageFrameworks -F /tmp/ahoi-mobile-shared-tabs.V7PCPC/DerivedData/Build/Products/CloudKitDevelopment-iphoneos -c -j12 -enable-batch-mode -incremental -Xcc -ivfsstatcache -Xcc /tmp/ahoi-mobile-shared-tabs.V7PCPC/DerivedData/SDKStatCaches.noindex/iphoneos26.5-23F81a-688ef53f1462e2c8f657fdc38a81448f32daed1954a7d5dd0789fcaf2a9bb78b.sdkstatcache -output-file-map /tmp/ahoi-mobile-shared-tabs.V7PCPC/DerivedData/Build/Intermediates.noindex/AhoiMobile.build/CloudKitDevelopment-iphoneos/AhoiMobileCore.build/Objects-normal/arm64/AhoiMobileCore-OutputFileMap.json -use-frontend-parseable-output -save-temps -no-color-diagnostics -explicit-module-build -module-cache-path /tmp/ahoi-mobile-shared-tabs.V7PCPC/DerivedData/Build/Intermediates.noindex/SwiftExplicitPrecompiledModules -clang-scanner-module-cache-path /tmp/ahoi-mobile-shared-tabs.V7PCPC/DerivedData/ModuleCache.noindex -sdk-module-cache-path /tmp/ahoi-mobile-shared-tabs.V7PCPC/DerivedData/ModuleCache.noindex -serialize-diagnostics -emit-dependencies -emit-module -emit-module-path /tmp/ahoi-mobile-shared-tabs.V7PCPC/DerivedData/Build/Intermediates.noindex/AhoiMobile.build/CloudKitDevelopment-iphoneos/AhoiMobileCore.build/Objects-normal/arm64/AhoiMobileCore.swiftmodule -validate-clang-modules-once -clang-build-session-file /tmp/ahoi-mobile-shared-tabs.V7PCPC/DerivedData/ModuleCache.noindex/Session.modulevalidation -Xcc -I/tmp/ahoi-mobile-shared-tabs.V7PCPC/DerivedData/Build/Intermediates.noindex/AhoiMobile.build/CloudKitDevelopment-iphoneos/AhoiMobileCore.build/swift-overrides.hmap -emit-const-values -Xfrontend -const-gather-protocols-file -Xfrontend /tmp/ahoi-mobile-shared-tabs.V7PCPC/DerivedData/Build/Intermediates.noindex/AhoiMobile.build/CloudKitDevelopment-iphoneos/AhoiMobileCore.build/Objects-normal/arm64/AhoiMobileCore_const_extract_protocols.json -Xcc -iquote -Xcc /tmp/ahoi-mobile-shared-tabs.V7PCPC/DerivedData/Build/Intermediates.noindex/AhoiMobile.build/CloudKitDevelopment-iphoneos/AhoiMobileCore.build/AhoiMobileCore-generated-files.hmap -Xcc -I/tmp/ahoi-mobile-shared-tabs.V7PCPC/DerivedData/Build/Intermediates.noindex/AhoiMobile.build/CloudKitDevelopment-iphoneos/AhoiMobileCore.build/AhoiMobileCore-own-target-headers.hmap -Xcc -I/tmp/ahoi-mobile-shared-tabs.V7PCPC/DerivedData/Build/Intermediates.noindex/AhoiMobile.build/CloudKitDevelopment-iphoneos/AhoiMobileCore.build/AhoiMobileCore-all-non-framework-target-headers.hmap -Xcc -ivfsoverlay -Xcc /tmp/ahoi-mobile-shared-tabs.V7PCPC/DerivedData/Build/Intermediates.noindex/AhoiMobile.build/CloudKitDevelopment-iphoneos/AhoiMobile-a44a3a976db28ace36eae5fb72a0335b-VFS-iphoneos/all-product-headers.yaml -Xcc -iquote -Xcc /tmp/ahoi-mobile-shared-tabs.V7PCPC/DerivedData/Build/Intermediates.noindex/AhoiMobile.build/CloudKitDevelopment-iphoneos/AhoiMobileCore.build/AhoiMobileCore-project-headers.hmap -Xcc -I/tmp/ahoi-mobile-shared-tabs.V7PCPC/DerivedData/Build/Products/CloudKitDevelopment-iphoneos/include -Xcc -I/tmp/ahoi-mobile-shared-tabs.V7PCPC/DerivedData/Build/Intermediates.noindex/AhoiMobile.build/CloudKitDevelopment-iphoneos/AhoiMobileCore.build/DerivedSources-normal/arm64 -Xcc -I/tmp/ahoi-mobile-shared-tabs.V7PCPC/DerivedData/Build/Intermediates.noindex/AhoiMobile.build/CloudKitDevelopment-iphoneos/AhoiMobileCore.build/DerivedSources/arm64 -Xcc -I/tmp/ahoi-mobile-shared-tabs.V7PCPC/DerivedData/Build/Intermediates.noindex/AhoiMobile.build/CloudKitDevelopment-iphoneos/AhoiMobileCore.build/DerivedSources -Xcc -DDEBUG\=1 -emit-objc-header -emit-objc-header-path /tmp/ahoi-mobile-shared-tabs.V7PCPC/DerivedData/Build/Intermediates.noindex/AhoiMobile.build/CloudKitDevelopment-iphoneos/AhoiMobileCore.build/Objects-normal/arm64/AhoiMobileCore-Swift.h -working-directory /tmp/ahoi-mobile-shared-tabs.V7PCPC/repo/apps/AhoiMobile -experimental-emit-module-separately -disable-cmo

SwiftDriverJobDiscovery normal arm64 Compiling CompanionExtensionSetupSyncAdapter.swift, CompanionExtensionStorage.swift, CompanionExtensionStorageSyncAdapter.swift, CompanionFieldMerge.swift, CompanionImportBatch.swift, CompanionKeyLifecycle.swift, CompanionKeyRotation.swift, CompanionLocalization.swift, CompanionMobileIntentRecovery.swift, CompanionMobilePresenceStore.swift, CompanionMobileSharedCapture.swift, CompanionMobileSharedClosing.swift (in target 'AhoiMobileCore' from project 'AhoiMobile')

SwiftCompile normal arm64 Compiling\ CompanionSyncTransport.swift,\ CompanionSyncVisibleEvidence.swift,\ CompanionSyncVisibleEvidenceView.swift,\ CompanionTreeReordering.swift,\ CompanionViews.swift,\ CompanionWorkspaceIcon.swift,\ DesktopWireBookmarkPayloadCodec.swift,\ DesktopWireCapabilityCodec.swift,\ DesktopWirePayloadCodec.swift,\ DesktopWireProductPayloadCodec.swift,\ DesktopWireSharedTabReadPolicy.swift,\ DesktopWireTabTargetCodec.swift /tmp/ahoi-mobile-shared-tabs.V7PCPC/repo/apps/AhoiMobile/Sources/AhoiMobileCore/CompanionSyncTransport.swift /tmp/ahoi-mobile-shared-tabs.V7PCPC/repo/apps/AhoiMobile/Sources/AhoiMobileCore/CompanionSyncVisibleEvidence.swift /tmp/ahoi-mobile-shared-tabs.V7PCPC/repo/apps/AhoiMobile/Sources/AhoiMobileCore/CompanionSyncVisibleEvidenceView.swift /tmp/ahoi-mobile-shared-tabs.V7PCPC/repo/apps/AhoiMobile/Sources/AhoiMobileCore/CompanionTreeReordering.swift /tmp/ahoi-mobile-shared-tabs.V7PCPC/repo/apps/AhoiMobile/Sources/AhoiMobileCore/CompanionViews.swift /tmp/ahoi-mobile-shared-tabs.V7PCPC/repo/apps/AhoiMobile/Sources/AhoiMobileCore/CompanionWorkspaceIcon.swift /tmp/ahoi-mobile-shared-tabs.V7PCPC/repo/apps/AhoiMobile/Sources/AhoiMobileCore/DesktopWireBookmarkPayloadCodec.swift /tmp/ahoi-mobile-shared-tabs.V7PCPC/repo/apps/AhoiMobile/Sources/AhoiMobileCore/DesktopWireCapabilityCodec.swift /tmp/ahoi-mobile-shared-tabs.V7PCPC/repo/apps/AhoiMobile/Sources/AhoiMobileCore/DesktopWirePayloadCodec.swift /tmp/ahoi-mobile-shared-tabs.V7PCPC/repo/apps/AhoiMobile/Sources/AhoiMobileCore/DesktopWireProductPayloadCodec.swift /tmp/ahoi-mobile-shared-tabs.V7PCPC/repo/apps/AhoiMobile/Sources/AhoiMobileCore/DesktopWireSharedTabReadPolicy.swift /tmp/ahoi-mobile-shared-tabs.V7PCPC/repo/apps/AhoiMobile/Sources/AhoiMobileCore/DesktopWireTabTargetCodec.swift (in target 'AhoiMobileCore' from project 'AhoiMobile')
SwiftCompile normal arm64 /tmp/ahoi-mobile-shared-tabs.V7PCPC/repo/apps/AhoiMobile/Sources/AhoiMobileCore/CompanionSyncTransport.swift (in target 'AhoiMobileCore' from project 'AhoiMobile')
    cd /tmp/ahoi-mobile-shared-tabs.V7PCPC/repo/apps/AhoiMobile
    

SwiftCompile normal arm64 /tmp/ahoi-mobile-shared-tabs.V7PCPC/repo/apps/AhoiMobile/Sources/AhoiMobileCore/CompanionSyncVisibleEvidence.swift (in target 'AhoiMobileCore' from project 'AhoiMobile')
    cd /tmp/ahoi-mobile-shared-tabs.V7PCPC/repo/apps/AhoiMobile
    

SwiftCompile normal arm64 /tmp/ahoi-mobile-shared-tabs.V7PCPC/repo/apps/AhoiMobile/Sources/AhoiMobileCore/CompanionSyncVisibleEvidenceView.swift (in target 'AhoiMobileCore' from project 'AhoiMobile')
    cd /tmp/ahoi-mobile-shared-tabs.V7PCPC/repo/apps/AhoiMobile
    

SwiftCompile normal arm64 /tmp/ahoi-mobile-shared-tabs.V7PCPC/repo/apps/AhoiMobile/Sources/AhoiMobileCore/CompanionTreeReordering.swift (in target 'AhoiMobileCore' from project 'AhoiMobile')
    cd /tmp/ahoi-mobile-shared-tabs.V7PCPC/repo/apps/AhoiMobile
    

SwiftCompile normal arm64 /tmp/ahoi-mobile-shared-tabs.V7PCPC/repo/apps/AhoiMobile/Sources/AhoiMobileCore/CompanionViews.swift (in target 'AhoiMobileCore' from project 'AhoiMobile')
    cd /tmp/ahoi-mobile-shared-tabs.V7PCPC/repo/apps/AhoiMobile
    

SwiftCompile normal arm64 /tmp/ahoi-mobile-shared-tabs.V7PCPC/repo/apps/AhoiMobile/Sources/AhoiMobileCore/CompanionWorkspaceIcon.swift (in target 'AhoiMobileCore' from project 'AhoiMobile')
    cd /tmp/ahoi-mobile-shared-tabs.V7PCPC/repo/apps/AhoiMobile
    

SwiftCompile normal arm64 /tmp/ahoi-mobile-shared-tabs.V7PCPC/repo/apps/AhoiMobile/Sources/AhoiMobileCore/DesktopWireBookmarkPayloadCodec.swift (in target 'AhoiMobileCore' from project 'AhoiMobile')
    cd /tmp/ahoi-mobile-shared-tabs.V7PCPC/repo/apps/AhoiMobile
    

SwiftCompile normal arm64 /tmp/ahoi-mobile-shared-tabs.V7PCPC/repo/apps/AhoiMobile/Sources/AhoiMobileCore/DesktopWireCapabilityCodec.swift (in target 'AhoiMobileCore' from project 'AhoiMobile')
    cd /tmp/ahoi-mobile-shared-tabs.V7PCPC/repo/apps/AhoiMobile
    

SwiftCompile normal arm64 /tmp/ahoi-mobile-shared-tabs.V7PCPC/repo/apps/AhoiMobile/Sources/AhoiMobileCore/DesktopWirePayloadCodec.swift (in target 'AhoiMobileCore' from project 'AhoiMobile')
    cd /tmp/ahoi-mobile-shared-tabs.V7PCPC/repo/apps/AhoiMobile
    

SwiftCompile normal arm64 /tmp/ahoi-mobile-shared-tabs.V7PCPC/repo/apps/AhoiMobile/Sources/AhoiMobileCore/DesktopWireProductPayloadCodec.swift (in target 'AhoiMobileCore' from project 'AhoiMobile')
    cd /tmp/ahoi-mobile-shared-tabs.V7PCPC/repo/apps/AhoiMobile
    

SwiftCompile normal arm64 /tmp/ahoi-mobile-shared-tabs.V7PCPC/repo/apps/AhoiMobile/Sources/AhoiMobileCore/DesktopWireSharedTabReadPolicy.swift (in target 'AhoiMobileCore' from project 'AhoiMobile')
    cd /tmp/ahoi-mobile-shared-tabs.V7PCPC/repo/apps/AhoiMobile
    

SwiftCompile normal arm64 /tmp/ahoi-mobile-shared-tabs.V7PCPC/repo/apps/AhoiMobile/Sources/AhoiMobileCore/DesktopWireTabTargetCodec.swift (in target 'AhoiMobileCore' from project 'AhoiMobile')
    cd /tmp/ahoi-mobile-shared-tabs.V7PCPC/repo/apps/AhoiMobile
    

SwiftMergeGeneratedHeaders /tmp/ahoi-mobile-shared-tabs.V7PCPC/DerivedData/Build/Products/CloudKitDevelopment-iphoneos/AhoiMobileCore.framework/Headers/AhoiMobileCore-Swift.h /tmp/ahoi-mobile-shared-tabs.V7PCPC/DerivedData/Build/Intermediates.noindex/AhoiMobile.build/CloudKitDevelopment-iphoneos/AhoiMobileCore.build/Objects-normal/arm64/AhoiMobileCore-Swift.h (in target 'AhoiMobileCore' from project 'AhoiMobile')
    cd /tmp/ahoi-mobile-shared-tabs.V7PCPC/repo/apps/AhoiMobile
    builtin-swiftHeaderTool -arch arm64 /tmp/ahoi-mobile-shared-tabs.V7PCPC/DerivedData/Build/Intermediates.noindex/AhoiMobile.build/CloudKitDevelopment-iphoneos/AhoiMobileCore.build/Objects-normal/arm64/AhoiMobileCore-Swift.h -o /tmp/ahoi-mobile-shared-tabs.V7PCPC/DerivedData/Build/Products/CloudKitDevelopment-iphoneos/AhoiMobileCore.framework/Headers/AhoiMobileCore-Swift.h

SwiftDriverJobDiscovery normal arm64 Compiling CloudKitSystemFieldsStore.swift, CompanionAppModel.swift, CompanionAppModelBookmarks.swift, CompanionAppModelBrowserSettings.swift, CompanionAppModelExtensionSetup.swift, CompanionAppModelLocalFirstMutation.swift, CompanionAppModelRemoteCommands.swift, CompanionAppModelSyncLifecycle.swift, CompanionBookmarkFieldMerge.swift, CompanionBookmarkHierarchy.swift, CompanionBookmarkLibraryIntegration.swift, CompanionBookmarkLibrarySupport.swift (in target 'AhoiMobileCore' from project 'AhoiMobile')

Copy /tmp/ahoi-mobile-shared-tabs.V7PCPC/DerivedData/Build/Products/CloudKitDevelopment-iphoneos/AhoiMobileCore.framework/Modules/AhoiMobileCore.swiftmodule/arm64-apple-ios.swiftmodule /tmp/ahoi-mobile-shared-tabs.V7PCPC/DerivedData/Build/Intermediates.noindex/AhoiMobile.build/CloudKitDevelopment-iphoneos/AhoiMobileCore.build/Objects-normal/arm64/AhoiMobileCore.swiftmodule (in target 'AhoiMobileCore' from project 'AhoiMobile')
    cd /tmp/ahoi-mobile-shared-tabs.V7PCPC/repo/apps/AhoiMobile
    builtin-copy -exclude .DS_Store -exclude CVS -exclude .svn -exclude .git -exclude .hg -resolve-src-symlinks -rename /tmp/ahoi-mobile-shared-tabs.V7PCPC/DerivedData/Build/Intermediates.noindex/AhoiMobile.build/CloudKitDevelopment-iphoneos/AhoiMobileCore.build/Objects-normal/arm64/AhoiMobileCore.swiftmodule /tmp/ahoi-mobile-shared-tabs.V7PCPC/DerivedData/Build/Products/CloudKitDevelopment-iphoneos/AhoiMobileCore.framework/Modules/AhoiMobileCore.swiftmodule/arm64-apple-ios.swiftmodule

Copy /tmp/ahoi-mobile-shared-tabs.V7PCPC/DerivedData/Build/Products/CloudKitDevelopment-iphoneos/AhoiMobileCore.framework/Modules/AhoiMobileCore.swiftmodule/arm64-apple-ios.swiftdoc /tmp/ahoi-mobile-shared-tabs.V7PCPC/DerivedData/Build/Intermediates.noindex/AhoiMobile.build/CloudKitDevelopment-iphoneos/AhoiMobileCore.build/Objects-normal/arm64/AhoiMobileCore.swiftdoc (in target 'AhoiMobileCore' from project 'AhoiMobile')
    cd /tmp/ahoi-mobile-shared-tabs.V7PCPC/repo/apps/AhoiMobile
    builtin-copy -exclude .DS_Store -exclude CVS -exclude .svn -exclude .git -exclude .hg -resolve-src-symlinks -rename /tmp/ahoi-mobile-shared-tabs.V7PCPC/DerivedData/Build/Intermediates.noindex/AhoiMobile.build/CloudKitDevelopment-iphoneos/AhoiMobileCore.build/Objects-normal/arm64/AhoiMobileCore.swiftdoc /tmp/ahoi-mobile-shared-tabs.V7PCPC/DerivedData/Build/Products/CloudKitDevelopment-iphoneos/AhoiMobileCore.framework/Modules/AhoiMobileCore.swiftmodule/arm64-apple-ios.swiftdoc

Copy /tmp/ahoi-mobile-shared-tabs.V7PCPC/DerivedData/Build/Products/CloudKitDevelopment-iphoneos/AhoiMobileCore.framework/Modules/AhoiMobileCore.swiftmodule/arm64-apple-ios.abi.json /tmp/ahoi-mobile-shared-tabs.V7PCPC/DerivedData/Build/Intermediates.noindex/AhoiMobile.build/CloudKitDevelopment-iphoneos/AhoiMobileCore.build/Objects-normal/arm64/AhoiMobileCore.abi.json (in target 'AhoiMobileCore' from project 'AhoiMobile')
    cd /tmp/ahoi-mobile-shared-tabs.V7PCPC/repo/apps/AhoiMobile
    builtin-copy -exclude .DS_Store -exclude CVS -exclude .svn -exclude .git -exclude .hg -resolve-src-symlinks -rename /tmp/ahoi-mobile-shared-tabs.V7PCPC/DerivedData/Build/Intermediates.noindex/AhoiMobile.build/CloudKitDevelopment-iphoneos/AhoiMobileCore.build/Objects-normal/arm64/AhoiMobileCore.abi.json /tmp/ahoi-mobile-shared-tabs.V7PCPC/DerivedData/Build/Products/CloudKitDevelopment-iphoneos/AhoiMobileCore.framework/Modules/AhoiMobileCore.swiftmodule/arm64-apple-ios.abi.json

Copy /tmp/ahoi-mobile-shared-tabs.V7PCPC/DerivedData/Build/Products/CloudKitDevelopment-iphoneos/AhoiMobileCore.framework/Modules/AhoiMobileCore.swiftmodule/Project/arm64-apple-ios.swiftsourceinfo /tmp/ahoi-mobile-shared-tabs.V7PCPC/DerivedData/Build/Intermediates.noindex/AhoiMobile.build/CloudKitDevelopment-iphoneos/AhoiMobileCore.build/Objects-normal/arm64/AhoiMobileCore.swiftsourceinfo (in target 'AhoiMobileCore' from project 'AhoiMobile')
    cd /tmp/ahoi-mobile-shared-tabs.V7PCPC/repo/apps/AhoiMobile
    builtin-copy -exclude .DS_Store -exclude CVS -exclude .svn -exclude .git -exclude .hg -resolve-src-symlinks -rename /tmp/ahoi-mobile-shared-tabs.V7PCPC/DerivedData/Build/Intermediates.noindex/AhoiMobile.build/CloudKitDevelopment-iphoneos/AhoiMobileCore.build/Objects-normal/arm64/AhoiMobileCore.swiftsourceinfo /tmp/ahoi-mobile-shared-tabs.V7PCPC/DerivedData/Build/Products/CloudKitDevelopment-iphoneos/AhoiMobileCore.framework/Modules/AhoiMobileCore.swiftmodule/Project/arm64-apple-ios.swiftsourceinfo

SwiftCompile normal arm64 Compiling\ InMemoryCloudSyncBackend.swift,\ KeychainCompanionPayloadSealer.swift,\ LocalFirstRepositoryHistory.swift,\ MobileAddressCommandSheet.swift,\ MobileBrowserActionsSheet.swift,\ MobileBrowserChromeTheme.swift,\ MobileBrowserController.swift,\ MobileBrowserControllerFailures.swift,\ MobileBrowserControllerSharedTabs.swift,\ MobileBrowserControllerUITesting.swift,\ MobileBrowserControllerVisualMetadata.swift,\ MobileBrowserControllerWebPageLifecycle.swift /tmp/ahoi-mobile-shared-tabs.V7PCPC/repo/apps/AhoiMobile/Sources/AhoiMobileCore/InMemoryCloudSyncBackend.swift /tmp/ahoi-mobile-shared-tabs.V7PCPC/repo/apps/AhoiMobile/Sources/AhoiMobileCore/KeychainCompanionPayloadSealer.swift /tmp/ahoi-mobile-shared-tabs.V7PCPC/repo/apps/AhoiMobile/Sources/AhoiMobileCore/LocalFirstRepositoryHistory.swift /tmp/ahoi-mobile-shared-tabs.V7PCPC/repo/apps/AhoiMobile/Sources/AhoiMobileCore/MobileAddressCommandSheet.swift /tmp/ahoi-mobile-shared-tabs.V7PCPC/repo/apps/AhoiMobile/Sources/AhoiMobileCore/MobileBrowserActionsSheet.swift /tmp/ahoi-mobile-shared-tabs.V7PCPC/repo/apps/AhoiMobile/Sources/AhoiMobileCore/MobileBrowserChromeTheme.swift /tmp/ahoi-mobile-shared-tabs.V7PCPC/repo/apps/AhoiMobile/Sources/AhoiMobileCore/MobileBrowserController.swift /tmp/ahoi-mobile-shared-tabs.V7PCPC/repo/apps/AhoiMobile/Sources/AhoiMobileCore/MobileBrowserControllerFailures.swift /tmp/ahoi-mobile-shared-tabs.V7PCPC/repo/apps/AhoiMobile/Sources/AhoiMobileCore/MobileBrowserControllerSharedTabs.swift /tmp/ahoi-mobile-shared-tabs.V7PCPC/repo/apps/AhoiMobile/Sources/AhoiMobileCore/MobileBrowserControllerUITesting.swift /tmp/ahoi-mobile-shared-tabs.V7PCPC/repo/apps/AhoiMobile/Sources/AhoiMobileCore/MobileBrowserControllerVisualMetadata.swift /tmp/ahoi-mobile-shared-tabs.V7PCPC/repo/apps/AhoiMobile/Sources/AhoiMobileCore/MobileBrowserControllerWebPageLifecycle.swift (in target 'AhoiMobileCore' from project 'AhoiMobile')
SwiftCompile normal arm64 /tmp/ahoi-mobile-shared-tabs.V7PCPC/repo/apps/AhoiMobile/Sources/AhoiMobileCore/InMemoryCloudSyncBackend.swift (in target 'AhoiMobileCore' from project 'AhoiMobile')
    cd /tmp/ahoi-mobile-shared-tabs.V7PCPC/repo/apps/AhoiMobile
    

SwiftCompile normal arm64 /tmp/ahoi-mobile-shared-tabs.V7PCPC/repo/apps/AhoiMobile/Sources/AhoiMobileCore/KeychainCompanionPayloadSealer.swift (in target 'AhoiMobileCore' from project 'AhoiMobile')
    cd /tmp/ahoi-mobile-shared-tabs.V7PCPC/repo/apps/AhoiMobile
    

SwiftCompile normal arm64 /tmp/ahoi-mobile-shared-tabs.V7PCPC/repo/apps/AhoiMobile/Sources/AhoiMobileCore/LocalFirstRepositoryHistory.swift (in target 'AhoiMobileCore' from project 'AhoiMobile')
    cd /tmp/ahoi-mobile-shared-tabs.V7PCPC/repo/apps/AhoiMobile
    

SwiftCompile normal arm64 /tmp/ahoi-mobile-shared-tabs.V7PCPC/repo/apps/AhoiMobile/Sources/AhoiMobileCore/MobileAddressCommandSheet.swift (in target 'AhoiMobileCore' from project 'AhoiMobile')
    cd /tmp/ahoi-mobile-shared-tabs.V7PCPC/repo/apps/AhoiMobile
    

SwiftCompile normal arm64 /tmp/ahoi-mobile-shared-tabs.V7PCPC/repo/apps/AhoiMobile/Sources/AhoiMobileCore/MobileBrowserActionsSheet.swift (in target 'AhoiMobileCore' from project 'AhoiMobile')
    cd /tmp/ahoi-mobile-shared-tabs.V7PCPC/repo/apps/AhoiMobile
    

SwiftCompile normal arm64 /tmp/ahoi-mobile-shared-tabs.V7PCPC/repo/apps/AhoiMobile/Sources/AhoiMobileCore/MobileBrowserChromeTheme.swift (in target 'AhoiMobileCore' from project 'AhoiMobile')
    cd /tmp/ahoi-mobile-shared-tabs.V7PCPC/repo/apps/AhoiMobile
    

SwiftCompile normal arm64 /tmp/ahoi-mobile-shared-tabs.V7PCPC/repo/apps/AhoiMobile/Sources/AhoiMobileCore/MobileBrowserController.swift (in target 'AhoiMobileCore' from project 'AhoiMobile')
    cd /tmp/ahoi-mobile-shared-tabs.V7PCPC/repo/apps/AhoiMobile
    

SwiftCompile normal arm64 /tmp/ahoi-mobile-shared-tabs.V7PCPC/repo/apps/AhoiMobile/Sources/AhoiMobileCore/MobileBrowserControllerFailures.swift (in target 'AhoiMobileCore' from project 'AhoiMobile')
    cd /tmp/ahoi-mobile-shared-tabs.V7PCPC/repo/apps/AhoiMobile
    

SwiftCompile normal arm64 /tmp/ahoi-mobile-shared-tabs.V7PCPC/repo/apps/AhoiMobile/Sources/AhoiMobileCore/MobileBrowserControllerSharedTabs.swift (in target 'AhoiMobileCore' from project 'AhoiMobile')
    cd /tmp/ahoi-mobile-shared-tabs.V7PCPC/repo/apps/AhoiMobile
    

SwiftCompile normal arm64 /tmp/ahoi-mobile-shared-tabs.V7PCPC/repo/apps/AhoiMobile/Sources/AhoiMobileCore/MobileBrowserControllerUITesting.swift (in target 'AhoiMobileCore' from project 'AhoiMobile')
    cd /tmp/ahoi-mobile-shared-tabs.V7PCPC/repo/apps/AhoiMobile
    

SwiftCompile normal arm64 /tmp/ahoi-mobile-shared-tabs.V7PCPC/repo/apps/AhoiMobile/Sources/AhoiMobileCore/MobileBrowserControllerVisualMetadata.swift (in target 'AhoiMobileCore' from project 'AhoiMobile')
    cd /tmp/ahoi-mobile-shared-tabs.V7PCPC/repo/apps/AhoiMobile
    

SwiftCompile normal arm64 /tmp/ahoi-mobile-shared-tabs.V7PCPC/repo/apps/AhoiMobile/Sources/AhoiMobileCore/MobileBrowserControllerWebPageLifecycle.swift (in target 'AhoiMobileCore' from project 'AhoiMobile')
    cd /tmp/ahoi-mobile-shared-tabs.V7PCPC/repo/apps/AhoiMobile
    

SwiftCompile normal arm64 Compiling\ MobileTabSwitcherSheet.swift,\ MobileWebDialogHost.swift,\ MobileWebDialogPresenter.swift,\ MobileWebPageView.swift,\ MobileWorkspaceIconPolicy.swift,\ RemoteCommandOwnershipStore.swift,\ RemoteCommandSigner.swift,\ SharedTabCapabilityReadiness.swift,\ SharedTabCreationProvenance.swift,\ SharedTabFieldReadMerge.swift,\ SyncQuarantineStore.swift,\ SyncRecordStore.swift /tmp/ahoi-mobile-shared-tabs.V7PCPC/repo/apps/AhoiMobile/Sources/AhoiMobileCore/MobileTabSwitcherSheet.swift /tmp/ahoi-mobile-shared-tabs.V7PCPC/repo/apps/AhoiMobile/Sources/AhoiMobileCore/MobileWebDialogHost.swift /tmp/ahoi-mobile-shared-tabs.V7PCPC/repo/apps/AhoiMobile/Sources/AhoiMobileCore/MobileWebDialogPresenter.swift /tmp/ahoi-mobile-shared-tabs.V7PCPC/repo/apps/AhoiMobile/Sources/AhoiMobileCore/MobileWebPageView.swift /tmp/ahoi-mobile-shared-tabs.V7PCPC/repo/apps/AhoiMobile/Sources/AhoiMobileCore/MobileWorkspaceIconPolicy.swift /tmp/ahoi-mobile-shared-tabs.V7PCPC/repo/apps/AhoiMobile/Sources/AhoiMobileCore/RemoteCommandOwnershipStore.swift /tmp/ahoi-mobile-shared-tabs.V7PCPC/repo/apps/AhoiMobile/Sources/AhoiMobileCore/RemoteCommandSigner.swift /tmp/ahoi-mobile-shared-tabs.V7PCPC/repo/apps/AhoiMobile/Sources/AhoiMobileCore/SharedTabCapabilityReadiness.swift /tmp/ahoi-mobile-shared-tabs.V7PCPC/repo/apps/AhoiMobile/Sources/AhoiMobileCore/SharedTabCreationProvenance.swift /tmp/ahoi-mobile-shared-tabs.V7PCPC/repo/apps/AhoiMobile/Sources/AhoiMobileCore/SharedTabFieldReadMerge.swift /tmp/ahoi-mobile-shared-tabs.V7PCPC/repo/apps/AhoiMobile/Sources/AhoiMobileCore/SyncQuarantineStore.swift /tmp/ahoi-mobile-shared-tabs.V7PCPC/repo/apps/AhoiMobile/Sources/AhoiMobileCore/SyncRecordStore.swift (in target 'AhoiMobileCore' from project 'AhoiMobile')
SwiftCompile normal arm64 /tmp/ahoi-mobile-shared-tabs.V7PCPC/repo/apps/AhoiMobile/Sources/AhoiMobileCore/MobileTabSwitcherSheet.swift (in target 'AhoiMobileCore' from project 'AhoiMobile')
    cd /tmp/ahoi-mobile-shared-tabs.V7PCPC/repo/apps/AhoiMobile
    

SwiftCompile normal arm64 /tmp/ahoi-mobile-shared-tabs.V7PCPC/repo/apps/AhoiMobile/Sources/AhoiMobileCore/MobileWebDialogHost.swift (in target 'AhoiMobileCore' from project 'AhoiMobile')
    cd /tmp/ahoi-mobile-shared-tabs.V7PCPC/repo/apps/AhoiMobile
    

SwiftCompile normal arm64 /tmp/ahoi-mobile-shared-tabs.V7PCPC/repo/apps/AhoiMobile/Sources/AhoiMobileCore/MobileWebDialogPresenter.swift (in target 'AhoiMobileCore' from project 'AhoiMobile')
    cd /tmp/ahoi-mobile-shared-tabs.V7PCPC/repo/apps/AhoiMobile
    

SwiftCompile normal arm64 /tmp/ahoi-mobile-shared-tabs.V7PCPC/repo/apps/AhoiMobile/Sources/AhoiMobileCore/MobileWebPageView.swift (in target 'AhoiMobileCore' from project 'AhoiMobile')
    cd /tmp/ahoi-mobile-shared-tabs.V7PCPC/repo/apps/AhoiMobile
    

SwiftCompile normal arm64 /tmp/ahoi-mobile-shared-tabs.V7PCPC/repo/apps/AhoiMobile/Sources/AhoiMobileCore/MobileWorkspaceIconPolicy.swift (in target 'AhoiMobileCore' from project 'AhoiMobile')
    cd /tmp/ahoi-mobile-shared-tabs.V7PCPC/repo/apps/AhoiMobile
    

SwiftCompile normal arm64 /tmp/ahoi-mobile-shared-tabs.V7PCPC/repo/apps/AhoiMobile/Sources/AhoiMobileCore/RemoteCommandOwnershipStore.swift (in target 'AhoiMobileCore' from project 'AhoiMobile')
    cd /tmp/ahoi-mobile-shared-tabs.V7PCPC/repo/apps/AhoiMobile
    

SwiftCompile normal arm64 /tmp/ahoi-mobile-shared-tabs.V7PCPC/repo/apps/AhoiMobile/Sources/AhoiMobileCore/RemoteCommandSigner.swift (in target 'AhoiMobileCore' from project 'AhoiMobile')
    cd /tmp/ahoi-mobile-shared-tabs.V7PCPC/repo/apps/AhoiMobile
    

SwiftCompile normal arm64 /tmp/ahoi-mobile-shared-tabs.V7PCPC/repo/apps/AhoiMobile/Sources/AhoiMobileCore/SharedTabCapabilityReadiness.swift (in target 'AhoiMobileCore' from project 'AhoiMobile')
    cd /tmp/ahoi-mobile-shared-tabs.V7PCPC/repo/apps/AhoiMobile
    

SwiftCompile normal arm64 /tmp/ahoi-mobile-shared-tabs.V7PCPC/repo/apps/AhoiMobile/Sources/AhoiMobileCore/SharedTabCreationProvenance.swift (in target 'AhoiMobileCore' from project 'AhoiMobile')
    cd /tmp/ahoi-mobile-shared-tabs.V7PCPC/repo/apps/AhoiMobile
    

SwiftCompile normal arm64 /tmp/ahoi-mobile-shared-tabs.V7PCPC/repo/apps/AhoiMobile/Sources/AhoiMobileCore/SharedTabFieldReadMerge.swift (in target 'AhoiMobileCore' from project 'AhoiMobile')
    cd /tmp/ahoi-mobile-shared-tabs.V7PCPC/repo/apps/AhoiMobile
    

SwiftCompile normal arm64 /tmp/ahoi-mobile-shared-tabs.V7PCPC/repo/apps/AhoiMobile/Sources/AhoiMobileCore/SyncQuarantineStore.swift (in target 'AhoiMobileCore' from project 'AhoiMobile')
    cd /tmp/ahoi-mobile-shared-tabs.V7PCPC/repo/apps/AhoiMobile
    

SwiftCompile normal arm64 /tmp/ahoi-mobile-shared-tabs.V7PCPC/repo/apps/AhoiMobile/Sources/AhoiMobileCore/SyncRecordStore.swift (in target 'AhoiMobileCore' from project 'AhoiMobile')
    cd /tmp/ahoi-mobile-shared-tabs.V7PCPC/repo/apps/AhoiMobile
    

SwiftDriverJobDiscovery normal arm64 Compiling CompanionSyncTransport.swift, CompanionSyncVisibleEvidence.swift, CompanionSyncVisibleEvidenceView.swift, CompanionTreeReordering.swift, CompanionViews.swift, CompanionWorkspaceIcon.swift, DesktopWireBookmarkPayloadCodec.swift, DesktopWireCapabilityCodec.swift, DesktopWirePayloadCodec.swift, DesktopWireProductPayloadCodec.swift, DesktopWireSharedTabReadPolicy.swift, DesktopWireTabTargetCodec.swift (in target 'AhoiMobileCore' from project 'AhoiMobile')

SwiftCompile normal arm64 Compiling\ MobileBrowserHistoryView.swift,\ MobileBrowserModels.swift,\ MobileBrowserPerformance.swift,\ MobileBrowserPolicies.swift,\ MobileBrowserPreferences.swift,\ MobileBrowserSceneCommands.swift,\ MobileBrowserSessionFailurePresentation.swift,\ MobileBrowserSessionSaveCoordinator.swift,\ MobileBrowserSidebar.swift,\ MobileBrowserSystemAlerts.swift,\ MobileChromeVisibilityPolicy.swift,\ MobileDownloadCoordinator.swift /tmp/ahoi-mobile-shared-tabs.V7PCPC/repo/apps/AhoiMobile/Sources/AhoiMobileCore/MobileBrowserHistoryView.swift /tmp/ahoi-mobile-shared-tabs.V7PCPC/repo/apps/AhoiMobile/Sources/AhoiMobileCore/MobileBrowserModels.swift /tmp/ahoi-mobile-shared-tabs.V7PCPC/repo/apps/AhoiMobile/Sources/AhoiMobileCore/MobileBrowserPerformance.swift /tmp/ahoi-mobile-shared-tabs.V7PCPC/repo/apps/AhoiMobile/Sources/AhoiMobileCore/MobileBrowserPolicies.swift /tmp/ahoi-mobile-shared-tabs.V7PCPC/repo/apps/AhoiMobile/Sources/AhoiMobileCore/MobileBrowserPreferences.swift /tmp/ahoi-mobile-shared-tabs.V7PCPC/repo/apps/AhoiMobile/Sources/AhoiMobileCore/MobileBrowserSceneCommands.swift /tmp/ahoi-mobile-shared-tabs.V7PCPC/repo/apps/AhoiMobile/Sources/AhoiMobileCore/MobileBrowserSessionFailurePresentation.swift /tmp/ahoi-mobile-shared-tabs.V7PCPC/repo/apps/AhoiMobile/Sources/AhoiMobileCore/MobileBrowserSessionSaveCoordinator.swift /tmp/ahoi-mobile-shared-tabs.V7PCPC/repo/apps/AhoiMobile/Sources/AhoiMobileCore/MobileBrowserSidebar.swift /tmp/ahoi-mobile-shared-tabs.V7PCPC/repo/apps/AhoiMobile/Sources/AhoiMobileCore/MobileBrowserSystemAlerts.swift /tmp/ahoi-mobile-shared-tabs.V7PCPC/repo/apps/AhoiMobile/Sources/AhoiMobileCore/MobileChromeVisibilityPolicy.swift /tmp/ahoi-mobile-shared-tabs.V7PCPC/repo/apps/AhoiMobile/Sources/AhoiMobileCore/MobileDownloadCoordinator.swift (in target 'AhoiMobileCore' from project 'AhoiMobile')
SwiftCompile normal arm64 /tmp/ahoi-mobile-shared-tabs.V7PCPC/repo/apps/AhoiMobile/Sources/AhoiMobileCore/MobileBrowserHistoryView.swift (in target 'AhoiMobileCore' from project 'AhoiMobile')
    cd /tmp/ahoi-mobile-shared-tabs.V7PCPC/repo/apps/AhoiMobile
    

SwiftCompile normal arm64 /tmp/ahoi-mobile-shared-tabs.V7PCPC/repo/apps/AhoiMobile/Sources/AhoiMobileCore/MobileBrowserModels.swift (in target 'AhoiMobileCore' from project 'AhoiMobile')
    cd /tmp/ahoi-mobile-shared-tabs.V7PCPC/repo/apps/AhoiMobile
    

SwiftCompile normal arm64 /tmp/ahoi-mobile-shared-tabs.V7PCPC/repo/apps/AhoiMobile/Sources/AhoiMobileCore/MobileBrowserPerformance.swift (in target 'AhoiMobileCore' from project 'AhoiMobile')
    cd /tmp/ahoi-mobile-shared-tabs.V7PCPC/repo/apps/AhoiMobile
    

SwiftCompile normal arm64 /tmp/ahoi-mobile-shared-tabs.V7PCPC/repo/apps/AhoiMobile/Sources/AhoiMobileCore/MobileBrowserPolicies.swift (in target 'AhoiMobileCore' from project 'AhoiMobile')
    cd /tmp/ahoi-mobile-shared-tabs.V7PCPC/repo/apps/AhoiMobile
    

SwiftCompile normal arm64 /tmp/ahoi-mobile-shared-tabs.V7PCPC/repo/apps/AhoiMobile/Sources/AhoiMobileCore/MobileBrowserPreferences.swift (in target 'AhoiMobileCore' from project 'AhoiMobile')
    cd /tmp/ahoi-mobile-shared-tabs.V7PCPC/repo/apps/AhoiMobile
    

SwiftCompile normal arm64 /tmp/ahoi-mobile-shared-tabs.V7PCPC/repo/apps/AhoiMobile/Sources/AhoiMobileCore/MobileBrowserSceneCommands.swift (in target 'AhoiMobileCore' from project 'AhoiMobile')
    cd /tmp/ahoi-mobile-shared-tabs.V7PCPC/repo/apps/AhoiMobile
    

SwiftCompile normal arm64 /tmp/ahoi-mobile-shared-tabs.V7PCPC/repo/apps/AhoiMobile/Sources/AhoiMobileCore/MobileBrowserSessionFailurePresentation.swift (in target 'AhoiMobileCore' from project 'AhoiMobile')
    cd /tmp/ahoi-mobile-shared-tabs.V7PCPC/repo/apps/AhoiMobile
    

SwiftCompile normal arm64 /tmp/ahoi-mobile-shared-tabs.V7PCPC/repo/apps/AhoiMobile/Sources/AhoiMobileCore/MobileBrowserSessionSaveCoordinator.swift (in target 'AhoiMobileCore' from project 'AhoiMobile')
    cd /tmp/ahoi-mobile-shared-tabs.V7PCPC/repo/apps/AhoiMobile
    

SwiftCompile normal arm64 /tmp/ahoi-mobile-shared-tabs.V7PCPC/repo/apps/AhoiMobile/Sources/AhoiMobileCore/MobileBrowserSidebar.swift (in target 'AhoiMobileCore' from project 'AhoiMobile')
    cd /tmp/ahoi-mobile-shared-tabs.V7PCPC/repo/apps/AhoiMobile
    

SwiftCompile normal arm64 /tmp/ahoi-mobile-shared-tabs.V7PCPC/repo/apps/AhoiMobile/Sources/AhoiMobileCore/MobileBrowserSystemAlerts.swift (in target 'AhoiMobileCore' from project 'AhoiMobile')
    cd /tmp/ahoi-mobile-shared-tabs.V7PCPC/repo/apps/AhoiMobile
    

SwiftCompile normal arm64 /tmp/ahoi-mobile-shared-tabs.V7PCPC/repo/apps/AhoiMobile/Sources/AhoiMobileCore/MobileChromeVisibilityPolicy.swift (in target 'AhoiMobileCore' from project 'AhoiMobile')
    cd /tmp/ahoi-mobile-shared-tabs.V7PCPC/repo/apps/AhoiMobile
    

SwiftCompile normal arm64 /tmp/ahoi-mobile-shared-tabs.V7PCPC/repo/apps/AhoiMobile/Sources/AhoiMobileCore/MobileDownloadCoordinator.swift (in target 'AhoiMobileCore' from project 'AhoiMobile')
    cd /tmp/ahoi-mobile-shared-tabs.V7PCPC/repo/apps/AhoiMobile
    

SwiftDriverJobDiscovery normal arm64 Compiling InMemoryCloudSyncBackend.swift, KeychainCompanionPayloadSealer.swift, LocalFirstRepositoryHistory.swift, MobileAddressCommandSheet.swift, MobileBrowserActionsSheet.swift, MobileBrowserChromeTheme.swift, MobileBrowserController.swift, MobileBrowserControllerFailures.swift, MobileBrowserControllerSharedTabs.swift, MobileBrowserControllerUITesting.swift, MobileBrowserControllerVisualMetadata.swift, MobileBrowserControllerWebPageLifecycle.swift (in target 'AhoiMobileCore' from project 'AhoiMobile')

SwiftDriverJobDiscovery normal arm64 Compiling MobileTabSwitcherSheet.swift, MobileWebDialogHost.swift, MobileWebDialogPresenter.swift, MobileWebPageView.swift, MobileWorkspaceIconPolicy.swift, RemoteCommandOwnershipStore.swift, RemoteCommandSigner.swift, SharedTabCapabilityReadiness.swift, SharedTabCreationProvenance.swift, SharedTabFieldReadMerge.swift, SyncQuarantineStore.swift, SyncRecordStore.swift (in target 'AhoiMobileCore' from project 'AhoiMobile')

SwiftCompile normal arm64 Compiling\ CompanionBookmarkLibraryView.swift,\ CompanionBookmarkStore.swift,\ CompanionBookmarkSyncAdapter.swift,\ CompanionBrowserSettingCatalog.swift,\ CompanionBrowserSettingStore.swift,\ CompanionBrowserSettingSyncAdapter.swift,\ CompanionBrowserSettingsSection.swift,\ CompanionCapabilityDomain.swift,\ CompanionCloudKitKeyRotationBootstrap.swift,\ CompanionDeviceRevocation.swift,\ CompanionExtensionSetup.swift,\ CompanionExtensionSetupSection.swift /tmp/ahoi-mobile-shared-tabs.V7PCPC/repo/apps/AhoiMobile/Sources/AhoiMobileCore/CompanionBookmarkLibraryView.swift /tmp/ahoi-mobile-shared-tabs.V7PCPC/repo/apps/AhoiMobile/Sources/AhoiMobileCore/CompanionBookmarkStore.swift /tmp/ahoi-mobile-shared-tabs.V7PCPC/repo/apps/AhoiMobile/Sources/AhoiMobileCore/CompanionBookmarkSyncAdapter.swift /tmp/ahoi-mobile-shared-tabs.V7PCPC/repo/apps/AhoiMobile/Sources/AhoiMobileCore/CompanionBrowserSettingCatalog.swift /tmp/ahoi-mobile-shared-tabs.V7PCPC/repo/apps/AhoiMobile/Sources/AhoiMobileCore/CompanionBrowserSettingStore.swift /tmp/ahoi-mobile-shared-tabs.V7PCPC/repo/apps/AhoiMobile/Sources/AhoiMobileCore/CompanionBrowserSettingSyncAdapter.swift /tmp/ahoi-mobile-shared-tabs.V7PCPC/repo/apps/AhoiMobile/Sources/AhoiMobileCore/CompanionBrowserSettingsSection.swift /tmp/ahoi-mobile-shared-tabs.V7PCPC/repo/apps/AhoiMobile/Sources/AhoiMobileCore/CompanionCapabilityDomain.swift /tmp/ahoi-mobile-shared-tabs.V7PCPC/repo/apps/AhoiMobile/Sources/AhoiMobileCore/CompanionCloudKitKeyRotationBootstrap.swift /tmp/ahoi-mobile-shared-tabs.V7PCPC/repo/apps/AhoiMobile/Sources/AhoiMobileCore/CompanionDeviceRevocation.swift /tmp/ahoi-mobile-shared-tabs.V7PCPC/repo/apps/AhoiMobile/Sources/AhoiMobileCore/CompanionExtensionSetup.swift /tmp/ahoi-mobile-shared-tabs.V7PCPC/repo/apps/AhoiMobile/Sources/AhoiMobileCore/CompanionExtensionSetupSection.swift (in target 'AhoiMobileCore' from project 'AhoiMobile')

SwiftCompile normal arm64 /tmp/ahoi-mobile-shared-tabs.V7PCPC/repo/apps/AhoiMobile/Sources/AhoiMobileCore/CompanionBookmarkLibraryView.swift (in target 'AhoiMobileCore' from project 'AhoiMobile')
    cd /tmp/ahoi-mobile-shared-tabs.V7PCPC/repo/apps/AhoiMobile
    

SwiftCompile normal arm64 /tmp/ahoi-mobile-shared-tabs.V7PCPC/repo/apps/AhoiMobile/Sources/AhoiMobileCore/CompanionBookmarkStore.swift (in target 'AhoiMobileCore' from project 'AhoiMobile')
    cd /tmp/ahoi-mobile-shared-tabs.V7PCPC/repo/apps/AhoiMobile
    

SwiftCompile normal arm64 /tmp/ahoi-mobile-shared-tabs.V7PCPC/repo/apps/AhoiMobile/Sources/AhoiMobileCore/CompanionBookmarkSyncAdapter.swift (in target 'AhoiMobileCore' from project 'AhoiMobile')
    cd /tmp/ahoi-mobile-shared-tabs.V7PCPC/repo/apps/AhoiMobile
    

SwiftCompile normal arm64 /tmp/ahoi-mobile-shared-tabs.V7PCPC/repo/apps/AhoiMobile/Sources/AhoiMobileCore/CompanionBrowserSettingCatalog.swift (in target 'AhoiMobileCore' from project 'AhoiMobile')
    cd /tmp/ahoi-mobile-shared-tabs.V7PCPC/repo/apps/AhoiMobile
    

SwiftCompile normal arm64 /tmp/ahoi-mobile-shared-tabs.V7PCPC/repo/apps/AhoiMobile/Sources/AhoiMobileCore/CompanionBrowserSettingStore.swift (in target 'AhoiMobileCore' from project 'AhoiMobile')
    cd /tmp/ahoi-mobile-shared-tabs.V7PCPC/repo/apps/AhoiMobile
    

SwiftCompile normal arm64 /tmp/ahoi-mobile-shared-tabs.V7PCPC/repo/apps/AhoiMobile/Sources/AhoiMobileCore/CompanionBrowserSettingSyncAdapter.swift (in target 'AhoiMobileCore' from project 'AhoiMobile')
    cd /tmp/ahoi-mobile-shared-tabs.V7PCPC/repo/apps/AhoiMobile
    

SwiftCompile normal arm64 /tmp/ahoi-mobile-shared-tabs.V7PCPC/repo/apps/AhoiMobile/Sources/AhoiMobileCore/CompanionBrowserSettingsSection.swift (in target 'AhoiMobileCore' from project 'AhoiMobile')
    cd /tmp/ahoi-mobile-shared-tabs.V7PCPC/repo/apps/AhoiMobile
    

SwiftCompile normal arm64 /tmp/ahoi-mobile-shared-tabs.V7PCPC/repo/apps/AhoiMobile/Sources/AhoiMobileCore/CompanionCapabilityDomain.swift (in target 'AhoiMobileCore' from project 'AhoiMobile')
    cd /tmp/ahoi-mobile-shared-tabs.V7PCPC/repo/apps/AhoiMobile
    

SwiftCompile normal arm64 /tmp/ahoi-mobile-shared-tabs.V7PCPC/repo/apps/AhoiMobile/Sources/AhoiMobileCore/CompanionCloudKitKeyRotationBootstrap.swift (in target 'AhoiMobileCore' from project 'AhoiMobile')
    cd /tmp/ahoi-mobile-shared-tabs.V7PCPC/repo/apps/AhoiMobile
    

SwiftCompile normal arm64 /tmp/ahoi-mobile-shared-tabs.V7PCPC/repo/apps/AhoiMobile/Sources/AhoiMobileCore/CompanionDeviceRevocation.swift (in target 'AhoiMobileCore' from project 'AhoiMobile')
    cd /tmp/ahoi-mobile-shared-tabs.V7PCPC/repo/apps/AhoiMobile
    

SwiftCompile normal arm64 /tmp/ahoi-mobile-shared-tabs.V7PCPC/repo/apps/AhoiMobile/Sources/AhoiMobileCore/CompanionExtensionSetup.swift (in target 'AhoiMobileCore' from project 'AhoiMobile')
    cd /tmp/ahoi-mobile-shared-tabs.V7PCPC/repo/apps/AhoiMobile
    

SwiftCompile normal arm64 /tmp/ahoi-mobile-shared-tabs.V7PCPC/repo/apps/AhoiMobile/Sources/AhoiMobileCore/CompanionExtensionSetupSection.swift (in target 'AhoiMobileCore' from project 'AhoiMobile')
    cd /tmp/ahoi-mobile-shared-tabs.V7PCPC/repo/apps/AhoiMobile
    

SwiftCompile normal arm64 Compiling\ AhoiMobileBrowserView.swift,\ BookmarkTransportAuthorization.swift,\ BrowserSettingTransportAuthorization.swift,\ CloudKitBootstrap.swift,\ CloudKitKeyBootstrapTransport.swift,\ CloudKitKeyRotationAdapter.swift,\ CloudKitSyncProvider+AccountSafety.swift,\ CloudKitSyncProvider+Delegate.swift,\ CloudKitSyncProvider+Lifecycle.swift,\ CloudKitSyncProvider+Quarantine.swift,\ CloudKitSyncProvider+Synchronization.swift,\ CloudKitSyncProvider+Transport.swift,\ CloudKitSyncProvider.swift /tmp/ahoi-mobile-shared-tabs.V7PCPC/repo/apps/AhoiMobile/Sources/AhoiMobileCore/AhoiMobileBrowserView.swift /tmp/ahoi-mobile-shared-tabs.V7PCPC/repo/apps/AhoiMobile/Sources/AhoiMobileCore/BookmarkTransportAuthorization.swift /tmp/ahoi-mobile-shared-tabs.V7PCPC/repo/apps/AhoiMobile/Sources/AhoiMobileCore/BrowserSettingTransportAuthorization.swift /tmp/ahoi-mobile-shared-tabs.V7PCPC/repo/apps/AhoiMobile/Sources/AhoiMobileCore/CloudKitBootstrap.swift /tmp/ahoi-mobile-shared-tabs.V7PCPC/repo/apps/AhoiMobile/Sources/AhoiMobileCore/CloudKitKeyBootstrapTransport.swift /tmp/ahoi-mobile-shared-tabs.V7PCPC/repo/apps/AhoiMobile/Sources/AhoiMobileCore/CloudKitKeyRotationAdapter.swift /tmp/ahoi-mobile-shared-tabs.V7PCPC/repo/apps/AhoiMobile/Sources/AhoiMobileCore/CloudKitSyncProvider+AccountSafety.swift /tmp/ahoi-mobile-shared-tabs.V7PCPC/repo/apps/AhoiMobile/Sources/AhoiMobileCore/CloudKitSyncProvider+Delegate.swift /tmp/ahoi-mobile-shared-tabs.V7PCPC/repo/apps/AhoiMobile/Sources/AhoiMobileCore/CloudKitSyncProvider+Lifecycle.swift /tmp/ahoi-mobile-shared-tabs.V7PCPC/repo/apps/AhoiMobile/Sources/AhoiMobileCore/CloudKitSyncProvider+Quarantine.swift /tmp/ahoi-mobile-shared-tabs.V7PCPC/repo/apps/AhoiMobile/Sources/AhoiMobileCore/CloudKitSyncProvider+Synchronization.swift /tmp/ahoi-mobile-shared-tabs.V7PCPC/repo/apps/AhoiMobile/Sources/AhoiMobileCore/CloudKitSyncProvider+Transport.swift /tmp/ahoi-mobile-shared-tabs.V7PCPC/repo/apps/AhoiMobile/Sources/AhoiMobileCore/CloudKitSyncProvider.swift (in target 'AhoiMobileCore' from project 'AhoiMobile')
SwiftCompile normal arm64 /tmp/ahoi-mobile-shared-tabs.V7PCPC/repo/apps/AhoiMobile/Sources/AhoiMobileCore/AhoiMobileBrowserView.swift (in target 'AhoiMobileCore' from project 'AhoiMobile')
    cd /tmp/ahoi-mobile-shared-tabs.V7PCPC/repo/apps/AhoiMobile
    

SwiftCompile normal arm64 /tmp/ahoi-mobile-shared-tabs.V7PCPC/repo/apps/AhoiMobile/Sources/AhoiMobileCore/BookmarkTransportAuthorization.swift (in target 'AhoiMobileCore' from project 'AhoiMobile')
    cd /tmp/ahoi-mobile-shared-tabs.V7PCPC/repo/apps/AhoiMobile
    

SwiftCompile normal arm64 /tmp/ahoi-mobile-shared-tabs.V7PCPC/repo/apps/AhoiMobile/Sources/AhoiMobileCore/BrowserSettingTransportAuthorization.swift (in target 'AhoiMobileCore' from project 'AhoiMobile')
    cd /tmp/ahoi-mobile-shared-tabs.V7PCPC/repo/apps/AhoiMobile
    

SwiftCompile normal arm64 /tmp/ahoi-mobile-shared-tabs.V7PCPC/repo/apps/AhoiMobile/Sources/AhoiMobileCore/CloudKitBootstrap.swift (in target 'AhoiMobileCore' from project 'AhoiMobile')
    cd /tmp/ahoi-mobile-shared-tabs.V7PCPC/repo/apps/AhoiMobile
    

SwiftCompile normal arm64 /tmp/ahoi-mobile-shared-tabs.V7PCPC/repo/apps/AhoiMobile/Sources/AhoiMobileCore/CloudKitKeyBootstrapTransport.swift (in target 'AhoiMobileCore' from project 'AhoiMobile')
    cd /tmp/ahoi-mobile-shared-tabs.V7PCPC/repo/apps/AhoiMobile
    

SwiftCompile normal arm64 /tmp/ahoi-mobile-shared-tabs.V7PCPC/repo/apps/AhoiMobile/Sources/AhoiMobileCore/CloudKitKeyRotationAdapter.swift (in target 'AhoiMobileCore' from project 'AhoiMobile')
    cd /tmp/ahoi-mobile-shared-tabs.V7PCPC/repo/apps/AhoiMobile
    

SwiftCompile normal arm64 /tmp/ahoi-mobile-shared-tabs.V7PCPC/repo/apps/AhoiMobile/Sources/AhoiMobileCore/CloudKitSyncProvider+AccountSafety.swift (in target 'AhoiMobileCore' from project 'AhoiMobile')
    cd /tmp/ahoi-mobile-shared-tabs.V7PCPC/repo/apps/AhoiMobile
    

SwiftCompile normal arm64 /tmp/ahoi-mobile-shared-tabs.V7PCPC/repo/apps/AhoiMobile/Sources/AhoiMobileCore/CloudKitSyncProvider+Delegate.swift (in target 'AhoiMobileCore' from project 'AhoiMobile')
    cd /tmp/ahoi-mobile-shared-tabs.V7PCPC/repo/apps/AhoiMobile
    

SwiftCompile normal arm64 /tmp/ahoi-mobile-shared-tabs.V7PCPC/repo/apps/AhoiMobile/Sources/AhoiMobileCore/CloudKitSyncProvider+Lifecycle.swift (in target 'AhoiMobileCore' from project 'AhoiMobile')
    cd /tmp/ahoi-mobile-shared-tabs.V7PCPC/repo/apps/AhoiMobile
    

SwiftCompile normal arm64 /tmp/ahoi-mobile-shared-tabs.V7PCPC/repo/apps/AhoiMobile/Sources/AhoiMobileCore/CloudKitSyncProvider+Quarantine.swift (in target 'AhoiMobileCore' from project 'AhoiMobile')
    cd /tmp/ahoi-mobile-shared-tabs.V7PCPC/repo/apps/AhoiMobile
    

SwiftCompile normal arm64 /tmp/ahoi-mobile-shared-tabs.V7PCPC/repo/apps/AhoiMobile/Sources/AhoiMobileCore/CloudKitSyncProvider+Synchronization.swift (in target 'AhoiMobileCore' from project 'AhoiMobile')
    cd /tmp/ahoi-mobile-shared-tabs.V7PCPC/repo/apps/AhoiMobile
    

SwiftCompile normal arm64 /tmp/ahoi-mobile-shared-tabs.V7PCPC/repo/apps/AhoiMobile/Sources/AhoiMobileCore/CloudKitSyncProvider+Transport.swift (in target 'AhoiMobileCore' from project 'AhoiMobile')
    cd /tmp/ahoi-mobile-shared-tabs.V7PCPC/repo/apps/AhoiMobile
    

SwiftCompile normal arm64 /tmp/ahoi-mobile-shared-tabs.V7PCPC/repo/apps/AhoiMobile/Sources/AhoiMobileCore/CloudKitSyncProvider.swift (in target 'AhoiMobileCore' from project 'AhoiMobile')
    cd /tmp/ahoi-mobile-shared-tabs.V7PCPC/repo/apps/AhoiMobile
    

SwiftDriverJobDiscovery normal arm64 Compiling CompanionBookmarkLibraryView.swift, CompanionBookmarkStore.swift, CompanionBookmarkSyncAdapter.swift, CompanionBrowserSettingCatalog.swift, CompanionBrowserSettingStore.swift, CompanionBrowserSettingSyncAdapter.swift, CompanionBrowserSettingsSection.swift, CompanionCapabilityDomain.swift, CompanionCloudKitKeyRotationBootstrap.swift, CompanionDeviceRevocation.swift, CompanionExtensionSetup.swift, CompanionExtensionSetupSection.swift (in target 'AhoiMobileCore' from project 'AhoiMobile')

SwiftCompile normal arm64 Compiling\ CompanionSearchResultsView.swift,\ CompanionSendLinkView.swift,\ CompanionSettingsView.swift,\ CompanionSnapshot.swift,\ CompanionSnapshotCodable.swift,\ CompanionStore.swift,\ CompanionStoreClock.swift,\ CompanionStoreMetadata.swift,\ CompanionSyncBridge.swift,\ CompanionSyncBridgeOutbound.swift,\ CompanionSyncBridgeSnapshot.swift,\ CompanionSyncRuntimeAuthorization.swift /tmp/ahoi-mobile-shared-tabs.V7PCPC/repo/apps/AhoiMobile/Sources/AhoiMobileCore/CompanionSearchResultsView.swift /tmp/ahoi-mobile-shared-tabs.V7PCPC/repo/apps/AhoiMobile/Sources/AhoiMobileCore/CompanionSendLinkView.swift /tmp/ahoi-mobile-shared-tabs.V7PCPC/repo/apps/AhoiMobile/Sources/AhoiMobileCore/CompanionSettingsView.swift /tmp/ahoi-mobile-shared-tabs.V7PCPC/repo/apps/AhoiMobile/Sources/AhoiMobileCore/CompanionSnapshot.swift /tmp/ahoi-mobile-shared-tabs.V7PCPC/repo/apps/AhoiMobile/Sources/AhoiMobileCore/CompanionSnapshotCodable.swift /tmp/ahoi-mobile-shared-tabs.V7PCPC/repo/apps/AhoiMobile/Sources/AhoiMobileCore/CompanionStore.swift /tmp/ahoi-mobile-shared-tabs.V7PCPC/repo/apps/AhoiMobile/Sources/AhoiMobileCore/CompanionStoreClock.swift /tmp/ahoi-mobile-shared-tabs.V7PCPC/repo/apps/AhoiMobile/Sources/AhoiMobileCore/CompanionStoreMetadata.swift /tmp/ahoi-mobile-shared-tabs.V7PCPC/repo/apps/AhoiMobile/Sources/AhoiMobileCore/CompanionSyncBridge.swift /tmp/ahoi-mobile-shared-tabs.V7PCPC/repo/apps/AhoiMobile/Sources/AhoiMobileCore/CompanionSyncBridgeOutbound.swift /tmp/ahoi-mobile-shared-tabs.V7PCPC/repo/apps/AhoiMobile/Sources/AhoiMobileCore/CompanionSyncBridgeSnapshot.swift /tmp/ahoi-mobile-shared-tabs.V7PCPC/repo/apps/AhoiMobile/Sources/AhoiMobileCore/CompanionSyncRuntimeAuthorization.swift (in target 'AhoiMobileCore' from project 'AhoiMobile')
SwiftCompile normal arm64 /tmp/ahoi-mobile-shared-tabs.V7PCPC/repo/apps/AhoiMobile/Sources/AhoiMobileCore/CompanionSearchResultsView.swift (in target 'AhoiMobileCore' from project 'AhoiMobile')
    cd /tmp/ahoi-mobile-shared-tabs.V7PCPC/repo/apps/AhoiMobile
    

SwiftCompile normal arm64 /tmp/ahoi-mobile-shared-tabs.V7PCPC/repo/apps/AhoiMobile/Sources/AhoiMobileCore/CompanionSendLinkView.swift (in target 'AhoiMobileCore' from project 'AhoiMobile')
    cd /tmp/ahoi-mobile-shared-tabs.V7PCPC/repo/apps/AhoiMobile
    

SwiftCompile normal arm64 /tmp/ahoi-mobile-shared-tabs.V7PCPC/repo/apps/AhoiMobile/Sources/AhoiMobileCore/CompanionSettingsView.swift (in target 'AhoiMobileCore' from project 'AhoiMobile')
    cd /tmp/ahoi-mobile-shared-tabs.V7PCPC/repo/apps/AhoiMobile
    

SwiftCompile normal arm64 /tmp/ahoi-mobile-shared-tabs.V7PCPC/repo/apps/AhoiMobile/Sources/AhoiMobileCore/CompanionSnapshot.swift (in target 'AhoiMobileCore' from project 'AhoiMobile')
    cd /tmp/ahoi-mobile-shared-tabs.V7PCPC/repo/apps/AhoiMobile
    

SwiftCompile normal arm64 /tmp/ahoi-mobile-shared-tabs.V7PCPC/repo/apps/AhoiMobile/Sources/AhoiMobileCore/CompanionSnapshotCodable.swift (in target 'AhoiMobileCore' from project 'AhoiMobile')
    cd /tmp/ahoi-mobile-shared-tabs.V7PCPC/repo/apps/AhoiMobile
    

SwiftCompile normal arm64 /tmp/ahoi-mobile-shared-tabs.V7PCPC/repo/apps/AhoiMobile/Sources/AhoiMobileCore/CompanionStore.swift (in target 'AhoiMobileCore' from project 'AhoiMobile')
    cd /tmp/ahoi-mobile-shared-tabs.V7PCPC/repo/apps/AhoiMobile
    

SwiftCompile normal arm64 /tmp/ahoi-mobile-shared-tabs.V7PCPC/repo/apps/AhoiMobile/Sources/AhoiMobileCore/CompanionStoreClock.swift (in target 'AhoiMobileCore' from project 'AhoiMobile')
    cd /tmp/ahoi-mobile-shared-tabs.V7PCPC/repo/apps/AhoiMobile
    

SwiftCompile normal arm64 /tmp/ahoi-mobile-shared-tabs.V7PCPC/repo/apps/AhoiMobile/Sources/AhoiMobileCore/CompanionStoreMetadata.swift (in target 'AhoiMobileCore' from project 'AhoiMobile')
    cd /tmp/ahoi-mobile-shared-tabs.V7PCPC/repo/apps/AhoiMobile
    

SwiftCompile normal arm64 /tmp/ahoi-mobile-shared-tabs.V7PCPC/repo/apps/AhoiMobile/Sources/AhoiMobileCore/CompanionSyncBridge.swift (in target 'AhoiMobileCore' from project 'AhoiMobile')
    cd /tmp/ahoi-mobile-shared-tabs.V7PCPC/repo/apps/AhoiMobile
    

SwiftCompile normal arm64 /tmp/ahoi-mobile-shared-tabs.V7PCPC/repo/apps/AhoiMobile/Sources/AhoiMobileCore/CompanionSyncBridgeOutbound.swift (in target 'AhoiMobileCore' from project 'AhoiMobile')
    cd /tmp/ahoi-mobile-shared-tabs.V7PCPC/repo/apps/AhoiMobile
    

SwiftCompile normal arm64 /tmp/ahoi-mobile-shared-tabs.V7PCPC/repo/apps/AhoiMobile/Sources/AhoiMobileCore/CompanionSyncBridgeSnapshot.swift (in target 'AhoiMobileCore' from project 'AhoiMobile')
    cd /tmp/ahoi-mobile-shared-tabs.V7PCPC/repo/apps/AhoiMobile
    

SwiftCompile normal arm64 /tmp/ahoi-mobile-shared-tabs.V7PCPC/repo/apps/AhoiMobile/Sources/AhoiMobileCore/CompanionSyncRuntimeAuthorization.swift (in target 'AhoiMobileCore' from project 'AhoiMobile')
    cd /tmp/ahoi-mobile-shared-tabs.V7PCPC/repo/apps/AhoiMobile
    

SwiftDriverJobDiscovery normal arm64 Compiling MobileBrowserHistoryView.swift, MobileBrowserModels.swift, MobileBrowserPerformance.swift, MobileBrowserPolicies.swift, MobileBrowserPreferences.swift, MobileBrowserSceneCommands.swift, MobileBrowserSessionFailurePresentation.swift, MobileBrowserSessionSaveCoordinator.swift, MobileBrowserSidebar.swift, MobileBrowserSystemAlerts.swift, MobileChromeVisibilityPolicy.swift, MobileDownloadCoordinator.swift (in target 'AhoiMobileCore' from project 'AhoiMobile')

SwiftCompile normal arm64 Compiling\ MobileLinkActionSheet.swift,\ MobileLinkInteractionCoordinator.swift,\ MobilePageFailurePresentation.swift,\ MobilePerformanceWorkloadEvidence.swift,\ MobilePrivatePrivacyCoverView.swift,\ MobilePrivateSceneShield.swift,\ MobileSharedTabIdentity.swift,\ MobileSharedTabIntent.swift,\ MobileSharedTabIntentBinding.swift,\ MobileSharedTabProjection.swift,\ MobileStorageMigrator.swift,\ MobileStoragePreparation.swift /tmp/ahoi-mobile-shared-tabs.V7PCPC/repo/apps/AhoiMobile/Sources/AhoiMobileCore/MobileLinkActionSheet.swift /tmp/ahoi-mobile-shared-tabs.V7PCPC/repo/apps/AhoiMobile/Sources/AhoiMobileCore/MobileLinkInteractionCoordinator.swift /tmp/ahoi-mobile-shared-tabs.V7PCPC/repo/apps/AhoiMobile/Sources/AhoiMobileCore/MobilePageFailurePresentation.swift /tmp/ahoi-mobile-shared-tabs.V7PCPC/repo/apps/AhoiMobile/Sources/AhoiMobileCore/MobilePerformanceWorkloadEvidence.swift /tmp/ahoi-mobile-shared-tabs.V7PCPC/repo/apps/AhoiMobile/Sources/AhoiMobileCore/MobilePrivatePrivacyCoverView.swift /tmp/ahoi-mobile-shared-tabs.V7PCPC/repo/apps/AhoiMobile/Sources/AhoiMobileCore/MobilePrivateSceneShield.swift /tmp/ahoi-mobile-shared-tabs.V7PCPC/repo/apps/AhoiMobile/Sources/AhoiMobileCore/MobileSharedTabIdentity.swift /tmp/ahoi-mobile-shared-tabs.V7PCPC/repo/apps/AhoiMobile/Sources/AhoiMobileCore/MobileSharedTabIntent.swift /tmp/ahoi-mobile-shared-tabs.V7PCPC/repo/apps/AhoiMobile/Sources/AhoiMobileCore/MobileSharedTabIntentBinding.swift /tmp/ahoi-mobile-shared-tabs.V7PCPC/repo/apps/AhoiMobile/Sources/AhoiMobileCore/MobileSharedTabProjection.swift /tmp/ahoi-mobile-shared-tabs.V7PCPC/repo/apps/AhoiMobile/Sources/AhoiMobileCore/MobileStorageMigrator.swift /tmp/ahoi-mobile-shared-tabs.V7PCPC/repo/apps/AhoiMobile/Sources/AhoiMobileCore/MobileStoragePreparation.swift (in target 'AhoiMobileCore' from project 'AhoiMobile')
SwiftCompile normal arm64 /tmp/ahoi-mobile-shared-tabs.V7PCPC/repo/apps/AhoiMobile/Sources/AhoiMobileCore/MobileLinkActionSheet.swift (in target 'AhoiMobileCore' from project 'AhoiMobile')
    cd /tmp/ahoi-mobile-shared-tabs.V7PCPC/repo/apps/AhoiMobile
    

SwiftCompile normal arm64 /tmp/ahoi-mobile-shared-tabs.V7PCPC/repo/apps/AhoiMobile/Sources/AhoiMobileCore/MobileLinkInteractionCoordinator.swift (in target 'AhoiMobileCore' from project 'AhoiMobile')
    cd /tmp/ahoi-mobile-shared-tabs.V7PCPC/repo/apps/AhoiMobile
    

SwiftCompile normal arm64 /tmp/ahoi-mobile-shared-tabs.V7PCPC/repo/apps/AhoiMobile/Sources/AhoiMobileCore/MobilePageFailurePresentation.swift (in target 'AhoiMobileCore' from project 'AhoiMobile')
    cd /tmp/ahoi-mobile-shared-tabs.V7PCPC/repo/apps/AhoiMobile
    

SwiftCompile normal arm64 /tmp/ahoi-mobile-shared-tabs.V7PCPC/repo/apps/AhoiMobile/Sources/AhoiMobileCore/MobilePerformanceWorkloadEvidence.swift (in target 'AhoiMobileCore' from project 'AhoiMobile')
    cd /tmp/ahoi-mobile-shared-tabs.V7PCPC/repo/apps/AhoiMobile
    

SwiftCompile normal arm64 /tmp/ahoi-mobile-shared-tabs.V7PCPC/repo/apps/AhoiMobile/Sources/AhoiMobileCore/MobilePrivatePrivacyCoverView.swift (in target 'AhoiMobileCore' from project 'AhoiMobile')
    cd /tmp/ahoi-mobile-shared-tabs.V7PCPC/repo/apps/AhoiMobile
    

SwiftCompile normal arm64 /tmp/ahoi-mobile-shared-tabs.V7PCPC/repo/apps/AhoiMobile/Sources/AhoiMobileCore/MobilePrivateSceneShield.swift (in target 'AhoiMobileCore' from project 'AhoiMobile')
    cd /tmp/ahoi-mobile-shared-tabs.V7PCPC/repo/apps/AhoiMobile
    

SwiftCompile normal arm64 /tmp/ahoi-mobile-shared-tabs.V7PCPC/repo/apps/AhoiMobile/Sources/AhoiMobileCore/MobileSharedTabIdentity.swift (in target 'AhoiMobileCore' from project 'AhoiMobile')
    cd /tmp/ahoi-mobile-shared-tabs.V7PCPC/repo/apps/AhoiMobile
    

SwiftCompile normal arm64 /tmp/ahoi-mobile-shared-tabs.V7PCPC/repo/apps/AhoiMobile/Sources/AhoiMobileCore/MobileSharedTabIntent.swift (in target 'AhoiMobileCore' from project 'AhoiMobile')
    cd /tmp/ahoi-mobile-shared-tabs.V7PCPC/repo/apps/AhoiMobile
    

SwiftCompile normal arm64 /tmp/ahoi-mobile-shared-tabs.V7PCPC/repo/apps/AhoiMobile/Sources/AhoiMobileCore/MobileSharedTabIntentBinding.swift (in target 'AhoiMobileCore' from project 'AhoiMobile')
    cd /tmp/ahoi-mobile-shared-tabs.V7PCPC/repo/apps/AhoiMobile
    

SwiftCompile normal arm64 /tmp/ahoi-mobile-shared-tabs.V7PCPC/repo/apps/AhoiMobile/Sources/AhoiMobileCore/MobileSharedTabProjection.swift (in target 'AhoiMobileCore' from project 'AhoiMobile')
    cd /tmp/ahoi-mobile-shared-tabs.V7PCPC/repo/apps/AhoiMobile
    

SwiftCompile normal arm64 /tmp/ahoi-mobile-shared-tabs.V7PCPC/repo/apps/AhoiMobile/Sources/AhoiMobileCore/MobileStorageMigrator.swift (in target 'AhoiMobileCore' from project 'AhoiMobile')
    cd /tmp/ahoi-mobile-shared-tabs.V7PCPC/repo/apps/AhoiMobile
    

SwiftCompile normal arm64 /tmp/ahoi-mobile-shared-tabs.V7PCPC/repo/apps/AhoiMobile/Sources/AhoiMobileCore/MobileStoragePreparation.swift (in target 'AhoiMobileCore' from project 'AhoiMobile')
    cd /tmp/ahoi-mobile-shared-tabs.V7PCPC/repo/apps/AhoiMobile
    

SwiftDriverJobDiscovery normal arm64 Compiling AhoiMobileBrowserView.swift, BookmarkTransportAuthorization.swift, BrowserSettingTransportAuthorization.swift, CloudKitBootstrap.swift, CloudKitKeyBootstrapTransport.swift, CloudKitKeyRotationAdapter.swift, CloudKitSyncProvider+AccountSafety.swift, CloudKitSyncProvider+Delegate.swift, CloudKitSyncProvider+Lifecycle.swift, CloudKitSyncProvider+Quarantine.swift, CloudKitSyncProvider+Synchronization.swift, CloudKitSyncProvider+Transport.swift, CloudKitSyncProvider.swift (in target 'AhoiMobileCore' from project 'AhoiMobile')

SwiftCompile normal arm64 Compiling\ MobileDownloadFailurePresentation.swift,\ MobileDownloadRuntimePolicy.swift,\ MobileDownloadsSheet.swift,\ MobileE2EEvidenceOverlay.swift,\ MobileExternalOpenPresentation.swift,\ MobileFileInputStaging.swift,\ MobileFocusVoyageContent.swift,\ MobileFocusVoyageView.swift,\ MobileHarborControlsLayout.swift,\ MobileHarborDeckView.swift,\ MobileHarborLayoutPolicy.swift,\ MobileHardwareEscapeContainer.swift /tmp/ahoi-mobile-shared-tabs.V7PCPC/repo/apps/AhoiMobile/Sources/AhoiMobileCore/MobileDownloadFailurePresentation.swift /tmp/ahoi-mobile-shared-tabs.V7PCPC/repo/apps/AhoiMobile/Sources/AhoiMobileCore/MobileDownloadRuntimePolicy.swift /tmp/ahoi-mobile-shared-tabs.V7PCPC/repo/apps/AhoiMobile/Sources/AhoiMobileCore/MobileDownloadsSheet.swift /tmp/ahoi-mobile-shared-tabs.V7PCPC/repo/apps/AhoiMobile/Sources/AhoiMobileCore/MobileE2EEvidenceOverlay.swift /tmp/ahoi-mobile-shared-tabs.V7PCPC/repo/apps/AhoiMobile/Sources/AhoiMobileCore/MobileExternalOpenPresentation.swift /tmp/ahoi-mobile-shared-tabs.V7PCPC/repo/apps/AhoiMobile/Sources/AhoiMobileCore/MobileFileInputStaging.swift /tmp/ahoi-mobile-shared-tabs.V7PCPC/repo/apps/AhoiMobile/Sources/AhoiMobileCore/MobileFocusVoyageContent.swift /tmp/ahoi-mobile-shared-tabs.V7PCPC/repo/apps/AhoiMobile/Sources/AhoiMobileCore/MobileFocusVoyageView.swift /tmp/ahoi-mobile-shared-tabs.V7PCPC/repo/apps/AhoiMobile/Sources/AhoiMobileCore/MobileHarborControlsLayout.swift /tmp/ahoi-mobile-shared-tabs.V7PCPC/repo/apps/AhoiMobile/Sources/AhoiMobileCore/MobileHarborDeckView.swift /tmp/ahoi-mobile-shared-tabs.V7PCPC/repo/apps/AhoiMobile/Sources/AhoiMobileCore/MobileHarborLayoutPolicy.swift /tmp/ahoi-mobile-shared-tabs.V7PCPC/repo/apps/AhoiMobile/Sources/AhoiMobileCore/MobileHardwareEscapeContainer.swift (in target 'AhoiMobileCore' from project 'AhoiMobile')
SwiftCompile normal arm64 /tmp/ahoi-mobile-shared-tabs.V7PCPC/repo/apps/AhoiMobile/Sources/AhoiMobileCore/MobileDownloadFailurePresentation.swift (in target 'AhoiMobileCore' from project 'AhoiMobile')
    cd /tmp/ahoi-mobile-shared-tabs.V7PCPC/repo/apps/AhoiMobile
    

SwiftCompile normal arm64 /tmp/ahoi-mobile-shared-tabs.V7PCPC/repo/apps/AhoiMobile/Sources/AhoiMobileCore/MobileDownloadRuntimePolicy.swift (in target 'AhoiMobileCore' from project 'AhoiMobile')
    cd /tmp/ahoi-mobile-shared-tabs.V7PCPC/repo/apps/AhoiMobile
    

SwiftCompile normal arm64 /tmp/ahoi-mobile-shared-tabs.V7PCPC/repo/apps/AhoiMobile/Sources/AhoiMobileCore/MobileDownloadsSheet.swift (in target 'AhoiMobileCore' from project 'AhoiMobile')
    cd /tmp/ahoi-mobile-shared-tabs.V7PCPC/repo/apps/AhoiMobile
    

SwiftCompile normal arm64 /tmp/ahoi-mobile-shared-tabs.V7PCPC/repo/apps/AhoiMobile/Sources/AhoiMobileCore/MobileE2EEvidenceOverlay.swift (in target 'AhoiMobileCore' from project 'AhoiMobile')
    cd /tmp/ahoi-mobile-shared-tabs.V7PCPC/repo/apps/AhoiMobile
    

SwiftCompile normal arm64 /tmp/ahoi-mobile-shared-tabs.V7PCPC/repo/apps/AhoiMobile/Sources/AhoiMobileCore/MobileExternalOpenPresentation.swift (in target 'AhoiMobileCore' from project 'AhoiMobile')
    cd /tmp/ahoi-mobile-shared-tabs.V7PCPC/repo/apps/AhoiMobile
    

SwiftCompile normal arm64 /tmp/ahoi-mobile-shared-tabs.V7PCPC/repo/apps/AhoiMobile/Sources/AhoiMobileCore/MobileFileInputStaging.swift (in target 'AhoiMobileCore' from project 'AhoiMobile')
    cd /tmp/ahoi-mobile-shared-tabs.V7PCPC/repo/apps/AhoiMobile
    

SwiftCompile normal arm64 /tmp/ahoi-mobile-shared-tabs.V7PCPC/repo/apps/AhoiMobile/Sources/AhoiMobileCore/MobileFocusVoyageContent.swift (in target 'AhoiMobileCore' from project 'AhoiMobile')
    cd /tmp/ahoi-mobile-shared-tabs.V7PCPC/repo/apps/AhoiMobile
    

SwiftCompile normal arm64 /tmp/ahoi-mobile-shared-tabs.V7PCPC/repo/apps/AhoiMobile/Sources/AhoiMobileCore/MobileFocusVoyageView.swift (in target 'AhoiMobileCore' from project 'AhoiMobile')
    cd /tmp/ahoi-mobile-shared-tabs.V7PCPC/repo/apps/AhoiMobile
    

SwiftCompile normal arm64 /tmp/ahoi-mobile-shared-tabs.V7PCPC/repo/apps/AhoiMobile/Sources/AhoiMobileCore/MobileHarborControlsLayout.swift (in target 'AhoiMobileCore' from project 'AhoiMobile')
    cd /tmp/ahoi-mobile-shared-tabs.V7PCPC/repo/apps/AhoiMobile
    

SwiftCompile normal arm64 /tmp/ahoi-mobile-shared-tabs.V7PCPC/repo/apps/AhoiMobile/Sources/AhoiMobileCore/MobileHarborDeckView.swift (in target 'AhoiMobileCore' from project 'AhoiMobile')
    cd /tmp/ahoi-mobile-shared-tabs.V7PCPC/repo/apps/AhoiMobile
    

SwiftCompile normal arm64 /tmp/ahoi-mobile-shared-tabs.V7PCPC/repo/apps/AhoiMobile/Sources/AhoiMobileCore/MobileHarborLayoutPolicy.swift (in target 'AhoiMobileCore' from project 'AhoiMobile')
    cd /tmp/ahoi-mobile-shared-tabs.V7PCPC/repo/apps/AhoiMobile
    

SwiftCompile normal arm64 /tmp/ahoi-mobile-shared-tabs.V7PCPC/repo/apps/AhoiMobile/Sources/AhoiMobileCore/MobileHardwareEscapeContainer.swift (in target 'AhoiMobileCore' from project 'AhoiMobile')
    cd /tmp/ahoi-mobile-shared-tabs.V7PCPC/repo/apps/AhoiMobile
    

SwiftDriverJobDiscovery normal arm64 Compiling CompanionSearchResultsView.swift, CompanionSendLinkView.swift, CompanionSettingsView.swift, CompanionSnapshot.swift, CompanionSnapshotCodable.swift, CompanionStore.swift, CompanionStoreClock.swift, CompanionStoreMetadata.swift, CompanionSyncBridge.swift, CompanionSyncBridgeOutbound.swift, CompanionSyncBridgeSnapshot.swift, CompanionSyncRuntimeAuthorization.swift (in target 'AhoiMobileCore' from project 'AhoiMobile')

SwiftCompile normal arm64 Compiling\ CompanionMobileSharedIntent.swift,\ CompanionMoveTargets.swift,\ CompanionOperationFailurePresentation.swift,\ CompanionPayloadCodec.swift,\ CompanionPayloadKeyStore.swift,\ CompanionPersistenceStores.swift,\ CompanionProductRecords.swift,\ CompanionProductStore.swift,\ CompanionReadModelFieldMerge.swift,\ CompanionRemoteTabRow.swift,\ CompanionSavedPageMutation.swift,\ CompanionSearchIndex.swift /tmp/ahoi-mobile-shared-tabs.V7PCPC/repo/apps/AhoiMobile/Sources/AhoiMobileCore/CompanionMobileSharedIntent.swift /tmp/ahoi-mobile-shared-tabs.V7PCPC/repo/apps/AhoiMobile/Sources/AhoiMobileCore/CompanionMoveTargets.swift /tmp/ahoi-mobile-shared-tabs.V7PCPC/repo/apps/AhoiMobile/Sources/AhoiMobileCore/CompanionOperationFailurePresentation.swift /tmp/ahoi-mobile-shared-tabs.V7PCPC/repo/apps/AhoiMobile/Sources/AhoiMobileCore/CompanionPayloadCodec.swift /tmp/ahoi-mobile-shared-tabs.V7PCPC/repo/apps/AhoiMobile/Sources/AhoiMobileCore/CompanionPayloadKeyStore.swift /tmp/ahoi-mobile-shared-tabs.V7PCPC/repo/apps/AhoiMobile/Sources/AhoiMobileCore/CompanionPersistenceStores.swift /tmp/ahoi-mobile-shared-tabs.V7PCPC/repo/apps/AhoiMobile/Sources/AhoiMobileCore/CompanionProductRecords.swift /tmp/ahoi-mobile-shared-tabs.V7PCPC/repo/apps/AhoiMobile/Sources/AhoiMobileCore/CompanionProductStore.swift /tmp/ahoi-mobile-shared-tabs.V7PCPC/repo/apps/AhoiMobile/Sources/AhoiMobileCore/CompanionReadModelFieldMerge.swift /tmp/ahoi-mobile-shared-tabs.V7PCPC/repo/apps/AhoiMobile/Sources/AhoiMobileCore/CompanionRemoteTabRow.swift /tmp/ahoi-mobile-shared-tabs.V7PCPC/repo/apps/AhoiMobile/Sources/AhoiMobileCore/CompanionSavedPageMutation.swift /tmp/ahoi-mobile-shared-tabs.V7PCPC/repo/apps/AhoiMobile/Sources/AhoiMobileCore/CompanionSearchIndex.swift (in target 'AhoiMobileCore' from project 'AhoiMobile')
SwiftCompile normal arm64 /tmp/ahoi-mobile-shared-tabs.V7PCPC/repo/apps/AhoiMobile/Sources/AhoiMobileCore/CompanionMobileSharedIntent.swift (in target 'AhoiMobileCore' from project 'AhoiMobile')
    cd /tmp/ahoi-mobile-shared-tabs.V7PCPC/repo/apps/AhoiMobile
    

SwiftCompile normal arm64 /tmp/ahoi-mobile-shared-tabs.V7PCPC/repo/apps/AhoiMobile/Sources/AhoiMobileCore/CompanionMoveTargets.swift (in target 'AhoiMobileCore' from project 'AhoiMobile')
    cd /tmp/ahoi-mobile-shared-tabs.V7PCPC/repo/apps/AhoiMobile
    

SwiftCompile normal arm64 /tmp/ahoi-mobile-shared-tabs.V7PCPC/repo/apps/AhoiMobile/Sources/AhoiMobileCore/CompanionOperationFailurePresentation.swift (in target 'AhoiMobileCore' from project 'AhoiMobile')
    cd /tmp/ahoi-mobile-shared-tabs.V7PCPC/repo/apps/AhoiMobile
    

SwiftCompile normal arm64 /tmp/ahoi-mobile-shared-tabs.V7PCPC/repo/apps/AhoiMobile/Sources/AhoiMobileCore/CompanionPayloadCodec.swift (in target 'AhoiMobileCore' from project 'AhoiMobile')
    cd /tmp/ahoi-mobile-shared-tabs.V7PCPC/repo/apps/AhoiMobile
    

SwiftCompile normal arm64 /tmp/ahoi-mobile-shared-tabs.V7PCPC/repo/apps/AhoiMobile/Sources/AhoiMobileCore/CompanionPayloadKeyStore.swift (in target 'AhoiMobileCore' from project 'AhoiMobile')
    cd /tmp/ahoi-mobile-shared-tabs.V7PCPC/repo/apps/AhoiMobile
    

SwiftCompile normal arm64 /tmp/ahoi-mobile-shared-tabs.V7PCPC/repo/apps/AhoiMobile/Sources/AhoiMobileCore/CompanionPersistenceStores.swift (in target 'AhoiMobileCore' from project 'AhoiMobile')
    cd /tmp/ahoi-mobile-shared-tabs.V7PCPC/repo/apps/AhoiMobile
    

SwiftCompile normal arm64 /tmp/ahoi-mobile-shared-tabs.V7PCPC/repo/apps/AhoiMobile/Sources/AhoiMobileCore/CompanionProductRecords.swift (in target 'AhoiMobileCore' from project 'AhoiMobile')
    cd /tmp/ahoi-mobile-shared-tabs.V7PCPC/repo/apps/AhoiMobile
    

SwiftCompile normal arm64 /tmp/ahoi-mobile-shared-tabs.V7PCPC/repo/apps/AhoiMobile/Sources/AhoiMobileCore/CompanionProductStore.swift (in target 'AhoiMobileCore' from project 'AhoiMobile')
    cd /tmp/ahoi-mobile-shared-tabs.V7PCPC/repo/apps/AhoiMobile
    

SwiftCompile normal arm64 /tmp/ahoi-mobile-shared-tabs.V7PCPC/repo/apps/AhoiMobile/Sources/AhoiMobileCore/CompanionReadModelFieldMerge.swift (in target 'AhoiMobileCore' from project 'AhoiMobile')
    cd /tmp/ahoi-mobile-shared-tabs.V7PCPC/repo/apps/AhoiMobile
    

SwiftCompile normal arm64 /tmp/ahoi-mobile-shared-tabs.V7PCPC/repo/apps/AhoiMobile/Sources/AhoiMobileCore/CompanionRemoteTabRow.swift (in target 'AhoiMobileCore' from project 'AhoiMobile')
    cd /tmp/ahoi-mobile-shared-tabs.V7PCPC/repo/apps/AhoiMobile
    

SwiftCompile normal arm64 /tmp/ahoi-mobile-shared-tabs.V7PCPC/repo/apps/AhoiMobile/Sources/AhoiMobileCore/CompanionSavedPageMutation.swift (in target 'AhoiMobileCore' from project 'AhoiMobile')
    cd /tmp/ahoi-mobile-shared-tabs.V7PCPC/repo/apps/AhoiMobile
    

SwiftCompile normal arm64 /tmp/ahoi-mobile-shared-tabs.V7PCPC/repo/apps/AhoiMobile/Sources/AhoiMobileCore/CompanionSearchIndex.swift (in target 'AhoiMobileCore' from project 'AhoiMobile')
    cd /tmp/ahoi-mobile-shared-tabs.V7PCPC/repo/apps/AhoiMobile
    

SwiftDriverJobDiscovery normal arm64 Compiling MobileLinkActionSheet.swift, MobileLinkInteractionCoordinator.swift, MobilePageFailurePresentation.swift, MobilePerformanceWorkloadEvidence.swift, MobilePrivatePrivacyCoverView.swift, MobilePrivateSceneShield.swift, MobileSharedTabIdentity.swift, MobileSharedTabIntent.swift, MobileSharedTabIntentBinding.swift, MobileSharedTabProjection.swift, MobileStorageMigrator.swift, MobileStoragePreparation.swift (in target 'AhoiMobileCore' from project 'AhoiMobile')

SwiftDriverJobDiscovery normal arm64 Compiling MobileDownloadFailurePresentation.swift, MobileDownloadRuntimePolicy.swift, MobileDownloadsSheet.swift, MobileE2EEvidenceOverlay.swift, MobileExternalOpenPresentation.swift, MobileFileInputStaging.swift, MobileFocusVoyageContent.swift, MobileFocusVoyageView.swift, MobileHarborControlsLayout.swift, MobileHarborDeckView.swift, MobileHarborLayoutPolicy.swift, MobileHardwareEscapeContainer.swift (in target 'AhoiMobileCore' from project 'AhoiMobile')

ScanDependencies /tmp/ahoi-mobile-shared-tabs.V7PCPC/DerivedData/Build/Intermediates.noindex/AhoiMobile.build/CloudKitDevelopment-iphoneos/AhoiMobileCore.build/Objects-normal/arm64/AhoiMobileCore_vers.o /tmp/ahoi-mobile-shared-tabs.V7PCPC/DerivedData/Build/Intermediates.noindex/AhoiMobile.build/CloudKitDevelopment-iphoneos/AhoiMobileCore.build/DerivedSources/AhoiMobileCore_vers.c normal arm64 c com.apple.compilers.llvm.clang.1_0.compiler (in target 'AhoiMobileCore' from project 'AhoiMobile')
    cd /tmp/ahoi-mobile-shared-tabs.V7PCPC/repo/apps/AhoiMobile
    
    Using response file: /tmp/ahoi-mobile-shared-tabs.V7PCPC/DerivedData/Build/Intermediates.noindex/AhoiMobile.build/CloudKitDevelopment-iphoneos/AhoiMobileCore.build/Objects-normal/arm64/7187679823f38a2a940e0043cdf9d637-common-args.resp
    
    builtin-ScanDependencies -o /tmp/ahoi-mobile-shared-tabs.V7PCPC/DerivedData/Build/Intermediates.noindex/AhoiMobile.build/CloudKitDevelopment-iphoneos/AhoiMobileCore.build/Objects-normal/arm64/AhoiMobileCore_vers.o.scan -- /Applications/Xcode.app/Contents/Developer/Toolchains/XcodeDefault.xctoolchain/usr/bin/clang -x c -ivfsstatcache /tmp/ahoi-mobile-shared-tabs.V7PCPC/DerivedData/SDKStatCaches.noindex/iphoneos26.5-23F81a-688ef53f1462e2c8f657fdc38a81448f32daed1954a7d5dd0789fcaf2a9bb78b.sdkstatcache -target arm64-apple-ios26.0 -fmessage-length\=0 -fdiagnostics-show-note-include-stack -fmacro-backtrace-limit\=0 -fno-color-diagnostics -fmodules-prune-interval\=86400 -fmodules-prune-after\=345600 -fbuild-session-file\=/tmp/ahoi-mobile-shared-tabs.V7PCPC/DerivedData/ModuleCache.noindex/Session.modulevalidation -fmodules-validate-once-per-build-session -Wnon-modular-include-in-framework-module -Werror\=non-modular-include-in-framework-module -Wno-trigraphs -Wno-missing-field-initializers -Wno-missing-prototypes -Werror\=return-type -Wdocumentation -Wunreachable-code -Wquoted-include-in-framework-header -Werror\=deprecated-objc-isa-usage -Werror\=objc-root-class -Wno-missing-braces -Wparentheses -Wswitch -Wunused-function -Wno-unused-label -Wno-unused-parameter -Wunused-variable -Wunused-value -Wempty-body -Wuninitialized -Wconditional-uninitialized -Wno-unknown-pragmas -Wno-shadow -Wno-four-char-constants -Wno-conversion -Wconstant-conversion -Wint-conversion -Wbool-conversion -Wenum-conversion -Wno-float-conversion -Wnon-literal-null-conversion -Wobjc-literal-conversion -Wshorten-64-to-32 -Wpointer-sign -Wno-newline-eof -Wno-implicit-fallthrough -isysroot /Applications/Xcode.app/Contents/Developer/Platforms/iPhoneOS.platform/Developer/SDKs/iPhoneOS26.5.sdk -fstrict-aliasing -Wdeprecated-declarations -Wno-sign-conversion -Winfinite-recursion -Wcomma -Wblock-capture-autoreleasing -Wstrict-prototypes -Wno-semicolon-before-method-body -Wunguarded-availability -index-store-path /tmp/ahoi-mobile-shared-tabs.V7PCPC/DerivedData/Index.noindex/DataStore @/tmp/ahoi-mobile-shared-tabs.V7PCPC/DerivedData/Build/Intermediates.noindex/AhoiMobile.build/CloudKitDevelopment-iphoneos/AhoiMobileCore.build/Objects-normal/arm64/7187679823f38a2a940e0043cdf9d637-common-args.resp -MMD -MT dependencies -MF /tmp/ahoi-mobile-shared-tabs.V7PCPC/DerivedData/Build/Intermediates.noindex/AhoiMobile.build/CloudKitDevelopment-iphoneos/AhoiMobileCore.build/Objects-normal/arm64/AhoiMobileCore_vers.d --serialize-diagnostics /tmp/ahoi-mobile-shared-tabs.V7PCPC/DerivedData/Build/Intermediates.noindex/AhoiMobile.build/CloudKitDevelopment-iphoneos/AhoiMobileCore.build/Objects-normal/arm64/AhoiMobileCore_vers.dia -c /tmp/ahoi-mobile-shared-tabs.V7PCPC/DerivedData/Build/Intermediates.noindex/AhoiMobile.build/CloudKitDevelopment-iphoneos/AhoiMobileCore.build/DerivedSources/AhoiMobileCore_vers.c -o /tmp/ahoi-mobile-shared-tabs.V7PCPC/DerivedData/Build/Intermediates.noindex/AhoiMobile.build/CloudKitDevelopment-iphoneos/AhoiMobileCore.build/Objects-normal/arm64/AhoiMobileCore_vers.o -index-unit-output-path /AhoiMobile.build/CloudKitDevelopment-iphoneos/AhoiMobileCore.build/Objects-normal/arm64/AhoiMobileCore_vers.o

CompileC /tmp/ahoi-mobile-shared-tabs.V7PCPC/DerivedData/Build/Intermediates.noindex/AhoiMobile.build/CloudKitDevelopment-iphoneos/AhoiMobileCore.build/Objects-normal/arm64/AhoiMobileCore_vers.o /tmp/ahoi-mobile-shared-tabs.V7PCPC/DerivedData/Build/Intermediates.noindex/AhoiMobile.build/CloudKitDevelopment-iphoneos/AhoiMobileCore.build/DerivedSources/AhoiMobileCore_vers.c normal arm64 c com.apple.compilers.llvm.clang.1_0.compiler (in target 'AhoiMobileCore' from project 'AhoiMobile')
    cd /tmp/ahoi-mobile-shared-tabs.V7PCPC/repo/apps/AhoiMobile
    
    Using response file: /tmp/ahoi-mobile-shared-tabs.V7PCPC/DerivedData/Build/Intermediates.noindex/AhoiMobile.build/CloudKitDevelopment-iphoneos/AhoiMobileCore.build/Objects-normal/arm64/7187679823f38a2a940e0043cdf9d637-common-args.resp
    
    /Applications/Xcode.app/Contents/Developer/Toolchains/XcodeDefault.xctoolchain/usr/bin/clang -x c -ivfsstatcache /tmp/ahoi-mobile-shared-tabs.V7PCPC/DerivedData/SDKStatCaches.noindex/iphoneos26.5-23F81a-688ef53f1462e2c8f657fdc38a81448f32daed1954a7d5dd0789fcaf2a9bb78b.sdkstatcache -target arm64-apple-ios26.0 -fmessage-length\=0 -fdiagnostics-show-note-include-stack -fmacro-backtrace-limit\=0 -fno-color-diagnostics -fmodules-prune-interval\=86400 -fmodules-prune-after\=345600 -fbuild-session-file\=/tmp/ahoi-mobile-shared-tabs.V7PCPC/DerivedData/ModuleCache.noindex/Session.modulevalidation -fmodules-validate-once-per-build-session -Wnon-modular-include-in-framework-module -Werror\=non-modular-include-in-framework-module -Wno-trigraphs -Wno-missing-field-initializers -Wno-missing-prototypes -Werror\=return-type -Wdocumentation -Wunreachable-code -Wquoted-include-in-framework-header -Werror\=deprecated-objc-isa-usage -Werror\=objc-root-class -Wno-missing-braces -Wparentheses -Wswitch -Wunused-function -Wno-unused-label -Wno-unused-parameter -Wunused-variable -Wunused-value -Wempty-body -Wuninitialized -Wconditional-uninitialized -Wno-unknown-pragmas -Wno-shadow -Wno-four-char-constants -Wno-conversion -Wconstant-conversion -Wint-conversion -Wbool-conversion -Wenum-conversion -Wno-float-conversion -Wnon-literal-null-conversion -Wobjc-literal-conversion -Wshorten-64-to-32 -Wpointer-sign -Wno-newline-eof -Wno-implicit-fallthrough -isysroot /Applications/Xcode.app/Contents/Developer/Platforms/iPhoneOS.platform/Developer/SDKs/iPhoneOS26.5.sdk -fstrict-aliasing -Wdeprecated-declarations -Wno-sign-conversion -Winfinite-recursion -Wcomma -Wblock-capture-autoreleasing -Wstrict-prototypes -Wno-semicolon-before-method-body -Wunguarded-availability -index-store-path /tmp/ahoi-mobile-shared-tabs.V7PCPC/DerivedData/Index.noindex/DataStore @/tmp/ahoi-mobile-shared-tabs.V7PCPC/DerivedData/Build/Intermediates.noindex/AhoiMobile.build/CloudKitDevelopment-iphoneos/AhoiMobileCore.build/Objects-normal/arm64/7187679823f38a2a940e0043cdf9d637-common-args.resp -MMD -MT dependencies -MF /tmp/ahoi-mobile-shared-tabs.V7PCPC/DerivedData/Build/Intermediates.noindex/AhoiMobile.build/CloudKitDevelopment-iphoneos/AhoiMobileCore.build/Objects-normal/arm64/AhoiMobileCore_vers.d --serialize-diagnostics /tmp/ahoi-mobile-shared-tabs.V7PCPC/DerivedData/Build/Intermediates.noindex/AhoiMobile.build/CloudKitDevelopment-iphoneos/AhoiMobileCore.build/Objects-normal/arm64/AhoiMobileCore_vers.dia -c /tmp/ahoi-mobile-shared-tabs.V7PCPC/DerivedData/Build/Intermediates.noindex/AhoiMobile.build/CloudKitDevelopment-iphoneos/AhoiMobileCore.build/DerivedSources/AhoiMobileCore_vers.c -o /tmp/ahoi-mobile-shared-tabs.V7PCPC/DerivedData/Build/Intermediates.noindex/AhoiMobile.build/CloudKitDevelopment-iphoneos/AhoiMobileCore.build/Objects-normal/arm64/AhoiMobileCore_vers.o -index-unit-output-path /AhoiMobile.build/CloudKitDevelopment-iphoneos/AhoiMobileCore.build/Objects-normal/arm64/AhoiMobileCore_vers.o

SwiftDriverJobDiscovery normal arm64 Compiling CompanionMobileSharedIntent.swift, CompanionMoveTargets.swift, CompanionOperationFailurePresentation.swift, CompanionPayloadCodec.swift, CompanionPayloadKeyStore.swift, CompanionPersistenceStores.swift, CompanionProductRecords.swift, CompanionProductStore.swift, CompanionReadModelFieldMerge.swift, CompanionRemoteTabRow.swift, CompanionSavedPageMutation.swift, CompanionSearchIndex.swift (in target 'AhoiMobileCore' from project 'AhoiMobile')

SwiftDriver\ Compilation AhoiMobileCore normal arm64 com.apple.xcode.tools.swift.compiler (in target 'AhoiMobileCore' from project 'AhoiMobile')
    cd /tmp/ahoi-mobile-shared-tabs.V7PCPC/repo/apps/AhoiMobile
    builtin-Swift-Compilation -- /Applications/Xcode.app/Contents/Developer/Toolchains/XcodeDefault.xctoolchain/usr/bin/swiftc -module-name AhoiMobileCore -Onone @/tmp/ahoi-mobile-shared-tabs.V7PCPC/DerivedData/Build/Intermediates.noindex/AhoiMobile.build/CloudKitDevelopment-iphoneos/AhoiMobileCore.build/Objects-normal/arm64/AhoiMobileCore.SwiftFileList -DDEBUG -j2 -enable-experimental-feature DebugDescriptionMacro -sdk /Applications/Xcode.app/Contents/Developer/Platforms/iPhoneOS.platform/Developer/SDKs/iPhoneOS26.5.sdk -target arm64-apple-ios26.0 -g -module-cache-path /tmp/ahoi-mobile-shared-tabs.V7PCPC/DerivedData/ModuleCache.noindex -Xfrontend -serialize-debugging-options -enable-testing -index-store-path /tmp/ahoi-mobile-shared-tabs.V7PCPC/DerivedData/Index.noindex/DataStore -Xcc -D_LIBCPP_HARDENING_MODE\=_LIBCPP_HARDENING_MODE_DEBUG -swift-version 6 -I /tmp/ahoi-mobile-shared-tabs.V7PCPC/DerivedData/Build/Products/CloudKitDevelopment-iphoneos -F /tmp/ahoi-mobile-shared-tabs.V7PCPC/DerivedData/Build/Products/CloudKitDevelopment-iphoneos/PackageFrameworks -F /tmp/ahoi-mobile-shared-tabs.V7PCPC/DerivedData/Build/Products/CloudKitDevelopment-iphoneos -c -j12 -enable-batch-mode -incremental -Xcc -ivfsstatcache -Xcc /tmp/ahoi-mobile-shared-tabs.V7PCPC/DerivedData/SDKStatCaches.noindex/iphoneos26.5-23F81a-688ef53f1462e2c8f657fdc38a81448f32daed1954a7d5dd0789fcaf2a9bb78b.sdkstatcache -output-file-map /tmp/ahoi-mobile-shared-tabs.V7PCPC/DerivedData/Build/Intermediates.noindex/AhoiMobile.build/CloudKitDevelopment-iphoneos/AhoiMobileCore.build/Objects-normal/arm64/AhoiMobileCore-OutputFileMap.json -use-frontend-parseable-output -save-temps -no-color-diagnostics -explicit-module-build -module-cache-path /tmp/ahoi-mobile-shared-tabs.V7PCPC/DerivedData/Build/Intermediates.noindex/SwiftExplicitPrecompiledModules -clang-scanner-module-cache-path /tmp/ahoi-mobile-shared-tabs.V7PCPC/DerivedData/ModuleCache.noindex -sdk-module-cache-path /tmp/ahoi-mobile-shared-tabs.V7PCPC/DerivedData/ModuleCache.noindex -serialize-diagnostics -emit-dependencies -emit-module -emit-module-path /tmp/ahoi-mobile-shared-tabs.V7PCPC/DerivedData/Build/Intermediates.noindex/AhoiMobile.build/CloudKitDevelopment-iphoneos/AhoiMobileCore.build/Objects-normal/arm64/AhoiMobileCore.swiftmodule -validate-clang-modules-once -clang-build-session-file /tmp/ahoi-mobile-shared-tabs.V7PCPC/DerivedData/ModuleCache.noindex/Session.modulevalidation -Xcc -I/tmp/ahoi-mobile-shared-tabs.V7PCPC/DerivedData/Build/Intermediates.noindex/AhoiMobile.build/CloudKitDevelopment-iphoneos/AhoiMobileCore.build/swift-overrides.hmap -emit-const-values -Xfrontend -const-gather-protocols-file -Xfrontend /tmp/ahoi-mobile-shared-tabs.V7PCPC/DerivedData/Build/Intermediates.noindex/AhoiMobile.build/CloudKitDevelopment-iphoneos/AhoiMobileCore.build/Objects-normal/arm64/AhoiMobileCore_const_extract_protocols.json -Xcc -iquote -Xcc /tmp/ahoi-mobile-shared-tabs.V7PCPC/DerivedData/Build/Intermediates.noindex/AhoiMobile.build/CloudKitDevelopment-iphoneos/AhoiMobileCore.build/AhoiMobileCore-generated-files.hmap -Xcc -I/tmp/ahoi-mobile-shared-tabs.V7PCPC/DerivedData/Build/Intermediates.noindex/AhoiMobile.build/CloudKitDevelopment-iphoneos/AhoiMobileCore.build/AhoiMobileCore-own-target-headers.hmap -Xcc -I/tmp/ahoi-mobile-shared-tabs.V7PCPC/DerivedData/Build/Intermediates.noindex/AhoiMobile.build/CloudKitDevelopment-iphoneos/AhoiMobileCore.build/AhoiMobileCore-all-non-framework-target-headers.hmap -Xcc -ivfsoverlay -Xcc /tmp/ahoi-mobile-shared-tabs.V7PCPC/DerivedData/Build/Intermediates.noindex/AhoiMobile.build/CloudKitDevelopment-iphoneos/AhoiMobile-a44a3a976db28ace36eae5fb72a0335b-VFS-iphoneos/all-product-headers.yaml -Xcc -iquote -Xcc /tmp/ahoi-mobile-shared-tabs.V7PCPC/DerivedData/Build/Intermediates.noindex/AhoiMobile.build/CloudKitDevelopment-iphoneos/AhoiMobileCore.build/AhoiMobileCore-project-headers.hmap -Xcc -I/tmp/ahoi-mobile-shared-tabs.V7PCPC/DerivedData/Build/Products/CloudKitDevelopment-iphoneos/include -Xcc -I/tmp/ahoi-mobile-shared-tabs.V7PCPC/DerivedData/Build/Intermediates.noindex/AhoiMobile.build/CloudKitDevelopment-iphoneos/AhoiMobileCore.build/DerivedSources-normal/arm64 -Xcc -I/tmp/ahoi-mobile-shared-tabs.V7PCPC/DerivedData/Build/Intermediates.noindex/AhoiMobile.build/CloudKitDevelopment-iphoneos/AhoiMobileCore.build/DerivedSources/arm64 -Xcc -I/tmp/ahoi-mobile-shared-tabs.V7PCPC/DerivedData/Build/Intermediates.noindex/AhoiMobile.build/CloudKitDevelopment-iphoneos/AhoiMobileCore.build/DerivedSources -Xcc -DDEBUG\=1 -emit-objc-header -emit-objc-header-path /tmp/ahoi-mobile-shared-tabs.V7PCPC/DerivedData/Build/Intermediates.noindex/AhoiMobile.build/CloudKitDevelopment-iphoneos/AhoiMobileCore.build/Objects-normal/arm64/AhoiMobileCore-Swift.h -working-directory /tmp/ahoi-mobile-shared-tabs.V7PCPC/repo/apps/AhoiMobile -experimental-emit-module-separately -disable-cmo

Ld /tmp/ahoi-mobile-shared-tabs.V7PCPC/DerivedData/Build/Products/CloudKitDevelopment-iphoneos/AhoiMobileCore.framework/AhoiMobileCore normal (in target 'AhoiMobileCore' from project 'AhoiMobile')
    cd /tmp/ahoi-mobile-shared-tabs.V7PCPC/repo/apps/AhoiMobile
    /Applications/Xcode.app/Contents/Developer/Toolchains/XcodeDefault.xctoolchain/usr/bin/clang -Xlinker -reproducible -target arm64-apple-ios26.0 -dynamiclib -isysroot /Applications/Xcode.app/Contents/Developer/Platforms/iPhoneOS.platform/Developer/SDKs/iPhoneOS26.5.sdk -O0 -L/tmp/ahoi-mobile-shared-tabs.V7PCPC/DerivedData/Build/Intermediates.noindex/EagerLinkingTBDs/CloudKitDevelopment-iphoneos -L/tmp/ahoi-mobile-shared-tabs.V7PCPC/DerivedData/Build/Products/CloudKitDevelopment-iphoneos -F/tmp/ahoi-mobile-shared-tabs.V7PCPC/DerivedData/Build/Intermediates.noindex/EagerLinkingTBDs/CloudKitDevelopment-iphoneos -F/tmp/ahoi-mobile-shared-tabs.V7PCPC/DerivedData/Build/Products/CloudKitDevelopment-iphoneos/PackageFrameworks -F/tmp/ahoi-mobile-shared-tabs.V7PCPC/DerivedData/Build/Products/CloudKitDevelopment-iphoneos -filelist /tmp/ahoi-mobile-shared-tabs.V7PCPC/DerivedData/Build/Intermediates.noindex/AhoiMobile.build/CloudKitDevelopment-iphoneos/AhoiMobileCore.build/Objects-normal/arm64/AhoiMobileCore.LinkFileList -install_name @rpath/AhoiMobileCore.framework/AhoiMobileCore -Xlinker -rpath -Xlinker @executable_path/Frameworks -Xlinker -dead_strip -Xlinker -object_path_lto -Xlinker /tmp/ahoi-mobile-shared-tabs.V7PCPC/DerivedData/Build/Intermediates.noindex/AhoiMobile.build/CloudKitDevelopment-iphoneos/AhoiMobileCore.build/Objects-normal/arm64/AhoiMobileCore_lto.o -rdynamic -Xlinker -no_deduplicate -Xlinker -dependency_info -Xlinker /tmp/ahoi-mobile-shared-tabs.V7PCPC/DerivedData/Build/Intermediates.noindex/AhoiMobile.build/CloudKitDevelopment-iphoneos/AhoiMobileCore.build/Objects-normal/arm64/AhoiMobileCore_dependency_info.dat -fobjc-link-runtime -L/Applications/Xcode.app/Contents/Developer/Toolchains/XcodeDefault.xctoolchain/usr/lib/swift/iphoneos -L/usr/lib/swift -Xlinker -add_ast_path -Xlinker /tmp/ahoi-mobile-shared-tabs.V7PCPC/DerivedData/Build/Intermediates.noindex/AhoiMobile.build/CloudKitDevelopment-iphoneos/AhoiMobileCore.build/Objects-normal/arm64/AhoiMobileCore.swiftmodule @/tmp/ahoi-mobile-shared-tabs.V7PCPC/DerivedData/Build/Intermediates.noindex/AhoiMobile.build/CloudKitDevelopment-iphoneos/AhoiMobileCore.build/Objects-normal/arm64/AhoiMobileCore-linker-args.resp -Wl,-no_warn_duplicate_libraries /tmp/ahoi-mobile-shared-tabs.V7PCPC/DerivedData/Build/Products/CloudKitDevelopment-iphoneos/PackageFrameworks/AhoiCloudKitSpike_58C48334F00BB1AD_PackageProduct.framework/AhoiCloudKitSpike_58C48334F00BB1AD_PackageProduct -compatibility_version 1 -current_version 1 -o /tmp/ahoi-mobile-shared-tabs.V7PCPC/DerivedData/Build/Products/CloudKitDevelopment-iphoneos/AhoiMobileCore.framework/AhoiMobileCore

ExtractAppIntentsMetadata (in target 'AhoiMobileCore' from project 'AhoiMobile')
    cd /tmp/ahoi-mobile-shared-tabs.V7PCPC/repo/apps/AhoiMobile
    /Applications/Xcode.app/Contents/Developer/Toolchains/XcodeDefault.xctoolchain/usr/bin/appintentsmetadataprocessor --toolchain-dir /var/run/com.apple.security.cryptexd/mnt/com.apple.MobileAsset.MetalToolchain-v17.6.109.0.0k2cJr/Metal.xctoolchain --module-name AhoiMobileCore --sdk-root /Applications/Xcode.app/Contents/Developer/Platforms/iPhoneOS.platform/Developer/SDKs/iPhoneOS26.5.sdk --xcode-version 17F113 --platform-family iOS --deployment-target 26.0 --bundle-identifier app.ahoibrowser.AhoiBrowser.core --output /tmp/ahoi-mobile-shared-tabs.V7PCPC/DerivedData/Build/Products/CloudKitDevelopment-iphoneos/AhoiMobileCore.framework --target-triple arm64-apple-ios26.0 --binary-file /tmp/ahoi-mobile-shared-tabs.V7PCPC/DerivedData/Build/Products/CloudKitDevelopment-iphoneos/AhoiMobileCore.framework/AhoiMobileCore --dependency-file /tmp/ahoi-mobile-shared-tabs.V7PCPC/DerivedData/Build/Intermediates.noindex/AhoiMobile.build/CloudKitDevelopment-iphoneos/AhoiMobileCore.build/Objects-normal/arm64/AhoiMobileCore_dependency_info.dat --stringsdata-file /tmp/ahoi-mobile-shared-tabs.V7PCPC/DerivedData/Build/Intermediates.noindex/AhoiMobile.build/CloudKitDevelopment-iphoneos/AhoiMobileCore.build/Objects-normal/arm64/ExtractedAppShortcutsMetadata.stringsdata --source-file-list /tmp/ahoi-mobile-shared-tabs.V7PCPC/DerivedData/Build/Intermediates.noindex/AhoiMobile.build/CloudKitDevelopment-iphoneos/AhoiMobileCore.build/Objects-normal/arm64/AhoiMobileCore.SwiftFileList --metadata-file-list /tmp/ahoi-mobile-shared-tabs.V7PCPC/DerivedData/Build/Intermediates.noindex/AhoiMobile.build/CloudKitDevelopment-iphoneos/AhoiMobileCore.build/AhoiMobileCore.DependencyMetadataFileList --static-metadata-file-list /tmp/ahoi-mobile-shared-tabs.V7PCPC/DerivedData/Build/Intermediates.noindex/AhoiMobile.build/CloudKitDevelopment-iphoneos/AhoiMobileCore.build/AhoiMobileCore.DependencyStaticMetadataFileList --swift-const-vals-list /tmp/ahoi-mobile-shared-tabs.V7PCPC/DerivedData/Build/Intermediates.noindex/AhoiMobile.build/CloudKitDevelopment-iphoneos/AhoiMobileCore.build/Objects-normal/arm64/AhoiMobileCore.SwiftConstValuesFileList --compile-time-extraction --deployment-aware-processing --validate-assistant-intents --no-app-shortcuts-localization
2026-09-08 18:30:09.341 appintentsmetadataprocessor[32175:182735003] Starting appintentsmetadataprocessor export
2026-09-08 18:30:09.342 appintentsmetadataprocessor[32175:182735003] warning: Metadata extraction skipped. No AppIntents.framework dependency found.

AppIntentsSSUTraining (in target 'AhoiMobileCore' from project 'AhoiMobile')
    cd /tmp/ahoi-mobile-shared-tabs.V7PCPC/repo/apps/AhoiMobile
    /Applications/Xcode.app/Contents/Developer/Toolchains/XcodeDefault.xctoolchain/usr/bin/appintentsnltrainingprocessor --infoplist-path /tmp/ahoi-mobile-shared-tabs.V7PCPC/DerivedData/Build/Products/CloudKitDevelopment-iphoneos/AhoiMobileCore.framework/Info.plist --temp-dir-path /tmp/ahoi-mobile-shared-tabs.V7PCPC/DerivedData/Build/Intermediates.noindex/AhoiMobile.build/CloudKitDevelopment-iphoneos/AhoiMobileCore.build/ssu --bundle-id app.ahoibrowser.AhoiBrowser.core --product-path /tmp/ahoi-mobile-shared-tabs.V7PCPC/DerivedData/Build/Products/CloudKitDevelopment-iphoneos/AhoiMobileCore.framework --extracted-metadata-path /tmp/ahoi-mobile-shared-tabs.V7PCPC/DerivedData/Build/Products/CloudKitDevelopment-iphoneos/AhoiMobileCore.framework/Metadata.appintents --metadata-file-list /tmp/ahoi-mobile-shared-tabs.V7PCPC/DerivedData/Build/Intermediates.noindex/AhoiMobile.build/CloudKitDevelopment-iphoneos/AhoiMobileCore.build/AhoiMobileCore.DependencyMetadataFileList --source-file /tmp/ahoi-mobile-shared-tabs.V7PCPC/DerivedData/Build/Products/CloudKitDevelopment-iphoneos/AhoiMobileCore.framework/Info.plist --archive-ssu-assets
2026-09-08 18:30:09.358 appintentsnltrainingprocessor[32176:182735004] Parsing options for appintentsnltrainingprocessor
2026-09-08 18:30:09.359 appintentsnltrainingprocessor[32176:182735004] Starting AppIntents SSU YAML Generation
2026-09-08 18:30:09.360 appintentsnltrainingprocessor[32176:182735004] No AppShortcuts found - Skipping.

GenerateTAPI /tmp/ahoi-mobile-shared-tabs.V7PCPC/DerivedData/Build/Intermediates.noindex/EagerLinkingTBDs/CloudKitDevelopment-iphoneos/AhoiMobileCore.framework/AhoiMobileCore.tbd (in target 'AhoiMobileCore' from project 'AhoiMobile')
    cd /tmp/ahoi-mobile-shared-tabs.V7PCPC/repo/apps/AhoiMobile
    /Applications/Xcode.app/Contents/Developer/Toolchains/XcodeDefault.xctoolchain/usr/bin/tapi stubify -isysroot /Applications/Xcode.app/Contents/Developer/Platforms/iPhoneOS.platform/Developer/SDKs/iPhoneOS26.5.sdk -F/tmp/ahoi-mobile-shared-tabs.V7PCPC/DerivedData/Build/Products/CloudKitDevelopment-iphoneos/PackageFrameworks -F/tmp/ahoi-mobile-shared-tabs.V7PCPC/DerivedData/Build/Products/CloudKitDevelopment-iphoneos -L/tmp/ahoi-mobile-shared-tabs.V7PCPC/DerivedData/Build/Products/CloudKitDevelopment-iphoneos /tmp/ahoi-mobile-shared-tabs.V7PCPC/DerivedData/Build/Products/CloudKitDevelopment-iphoneos/AhoiMobileCore.framework/AhoiMobileCore -o /tmp/ahoi-mobile-shared-tabs.V7PCPC/DerivedData/Build/Intermediates.noindex/EagerLinkingTBDs/CloudKitDevelopment-iphoneos/AhoiMobileCore.framework/AhoiMobileCore.tbd

RegisterExecutionPolicyException /tmp/ahoi-mobile-shared-tabs.V7PCPC/DerivedData/Build/Products/CloudKitDevelopment-iphoneos/AhoiMobileCore.framework (in target 'AhoiMobileCore' from project 'AhoiMobile')
    cd /tmp/ahoi-mobile-shared-tabs.V7PCPC/repo/apps/AhoiMobile
    builtin-RegisterExecutionPolicyException /tmp/ahoi-mobile-shared-tabs.V7PCPC/DerivedData/Build/Products/CloudKitDevelopment-iphoneos/AhoiMobileCore.framework

Touch /tmp/ahoi-mobile-shared-tabs.V7PCPC/DerivedData/Build/Products/CloudKitDevelopment-iphoneos/AhoiMobileCore.framework (in target 'AhoiMobileCore' from project 'AhoiMobile')
    cd /tmp/ahoi-mobile-shared-tabs.V7PCPC/repo/apps/AhoiMobile
    /usr/bin/touch -c /tmp/ahoi-mobile-shared-tabs.V7PCPC/DerivedData/Build/Products/CloudKitDevelopment-iphoneos/AhoiMobileCore.framework

PhaseScriptExecution Mobile\ signing\ mode\ preflight /tmp/ahoi-mobile-shared-tabs.V7PCPC/DerivedData/Build/Intermediates.noindex/AhoiMobile.build/CloudKitDevelopment-iphoneos/AhoiMobile.build/Script-A0DB4133886667C5D797053C.sh (in target 'AhoiMobile' from project 'AhoiMobile')
    cd /tmp/ahoi-mobile-shared-tabs.V7PCPC/repo/apps/AhoiMobile
    export ACTION\=build
    export AD_HOC_CODE_SIGNING_ALLOWED\=NO
    export AGGREGATE_TRACKED_DOMAINS\=YES
    export AHOI_APPLE_TEAM_ID\=248AJ5BN47
    export AHOI_APP_IDENTIFIER_PREFIX\=248AJ5BN47
    export AHOI_APP_USES_NON_EXEMPT_ENCRYPTION\=NO
    export AHOI_APS_ENVIRONMENT\=development
    export AHOI_BUILD_MODE\=CloudKitDevelopment
    export AHOI_CLOUDKIT_CONTAINER_ENVIRONMENT\=Development
    export AHOI_CLOUDKIT_CONTAINER_ID\=iCloud.app.ahoibrowser.AhoiBrowser
    export AHOI_CLOUDKIT_E2E_REAL_MUTATION_OPT_IN\=NO
    export AHOI_CLOUDKIT_SUBSCRIPTION_ID\=AhoiSyncAcceptanceSubscription-bba96b17-f044-4923-9d40-67b15014d59e
    export AHOI_CLOUDKIT_ZONE_NAME\=AhoiSyncAcceptance-bba96b17-f044-4923-9d40-67b15014d59e
    export AHOI_COMMAND_KEYCHAIN_ACCESS_GROUP\=248AJ5BN47.app.ahoibrowser.commands
    export AHOI_COMMAND_KEYCHAIN_ACCOUNT\=device-signing-key
    export AHOI_COMMAND_KEYCHAIN_SERVICE\=app.ahoibrowser.remote-command.signing-key
    export AHOI_MANUAL_SIGNING_FALLBACK\=NO
    export AHOI_MOBILE_BUILD_NUMBER\=21
    export AHOI_MOBILE_BUNDLE_ID\=app.ahoibrowser.AhoiBrowser
    export AHOI_MOBILE_CORE_BUNDLE_ID\=app.ahoibrowser.AhoiBrowser.core
    export AHOI_MOBILE_MARKETING_VERSION\=0.1
    export AHOI_MOBILE_TEST_BUNDLE_ID\=app.ahoibrowser.AhoiBrowser.tests
    export AHOI_MOBILE_UI_TEST_BUNDLE_ID\=app.ahoibrowser.AhoiBrowser.uitests
    export AHOI_SOURCE_COMMIT\=77061adbee47332e84a98be377447385eaa5fd3a
    export AHOI_SYNC_KEYCHAIN_ACCESS_GROUP\=248AJ5BN47.app.ahoibrowser.sync
    export AHOI_SYNC_KEYCHAIN_ACCOUNT\=payload-key.acceptance-bba96b17-f044-4923-9d40-67b15014d59e
    export AHOI_SYNC_KEYCHAIN_SERVICE\=app.ahoibrowser.sync.payload-key
    export AHOI_SYNC_KEY_VERSION\=1
    export ALLOW_BUILD_REQUEST_OVERRIDES\=NO
    export ALLOW_TARGET_PLATFORM_SPECIALIZATION\=NO
    export ALTERNATE_GROUP\=staff
    export ALTERNATE_MODE\=u+w,go-w,a+rX
    export ALTERNATE_OWNER\=vossmedien
    export ALTERNATIVE_DISTRIBUTION_WEB\=NO
    export ALWAYS_EMBED_SWIFT_STANDARD_LIBRARIES\=NO
    export ALWAYS_SEARCH_USER_PATHS\=NO
    export ALWAYS_USE_SEPARATE_HEADERMAPS\=NO
    export APPLICATION_EXTENSION_API_ONLY\=NO
    export APPLY_RULES_IN_COPY_FILES\=NO
    export APPLY_RULES_IN_COPY_HEADERS\=NO
    export APP_SHORTCUTS_ENABLE_FLEXIBLE_MATCHING\=YES
    export ARCHS\=arm64
    export ARCHS_BASE\=arm64
    export ARCHS_STANDARD\=arm64
    export ARCHS_STANDARD_32_64_BIT\=armv7\ arm64
    export ARCHS_STANDARD_32_BIT\=armv7
    export ARCHS_STANDARD_64_BIT\=arm64
    export ARCHS_STANDARD_INCLUDING_64_BIT\=arm64
    export ARCHS_UNIVERSAL_IPHONE_OS\=armv7\ arm64
    export ASSETCATALOG_COMPILER_APPICON_NAME\=AppIcon
    export AUTOMATICALLY_MERGE_DEPENDENCIES\=NO
    export AUTOMATION_APPLE_EVENTS\=NO
    export AVAILABLE_PLATFORMS\=android\ appletvos\ appletvsimulator\ driverkit\ freebsd\ iphoneos\ iphonesimulator\ linux\ macosx\ none\ openbsd\ qnx\ watchos\ watchsimulator\ webassembly\ xros\ xrsimulator
    export BUILD_ACTIVE_RESOURCES_ONLY\=NO
    export BUILD_COMPONENTS\=headers\ build
    export BUILD_DIR\=/tmp/ahoi-mobile-shared-tabs.V7PCPC/DerivedData/Build/Products
    export BUILD_LIBRARY_FOR_DISTRIBUTION\=NO
    export BUILD_ONLY_KNOWN_LOCALIZATIONS\=NO
    export BUILD_ROOT\=/tmp/ahoi-mobile-shared-tabs.V7PCPC/DerivedData/Build/Products
    export BUILD_STYLE\=
    export BUILD_VARIANTS\=normal
    export BUILT_PRODUCTS_DIR\=/tmp/ahoi-mobile-shared-tabs.V7PCPC/DerivedData/Build/Products/CloudKitDevelopment-iphoneos
    export BUNDLE_CONTENTS_FOLDER_PATH_deep\=Contents/
    export BUNDLE_EXECUTABLE_FOLDER_NAME_deep\=MacOS
    export BUNDLE_EXTENSIONS_FOLDER_PATH\=Extensions
    export BUNDLE_FORMAT\=shallow
    export BUNDLE_FRAMEWORKS_FOLDER_PATH\=Frameworks
    export BUNDLE_PLUGINS_FOLDER_PATH\=PlugIns
    export BUNDLE_PRIVATE_HEADERS_FOLDER_PATH\=PrivateHeaders
    export BUNDLE_PUBLIC_HEADERS_FOLDER_PATH\=Headers
    export CACHE_ROOT\=/var/folders/zn/wn74lz2s2bsfp734gbqytmpr0000gn/C/com.apple.DeveloperTools/26.6-17F113/Xcode
    export CCHROOT\=/var/folders/zn/wn74lz2s2bsfp734gbqytmpr0000gn/C/com.apple.DeveloperTools/26.6-17F113/Xcode
    export CHMOD\=/bin/chmod
    export CHOWN\=chown
    export CLANG_ANALYZER_NONNULL\=YES
    export CLANG_ANALYZER_NUMBER_OBJECT_CONVERSION\=YES_AGGRESSIVE
    export CLANG_CACHE_FINE_GRAINED_OUTPUTS\=YES
    export CLANG_CXX_LANGUAGE_STANDARD\=gnu++14
    export CLANG_CXX_LIBRARY\=libc++
    export CLANG_ENABLE_EXPLICIT_MODULES\=YES
    export CLANG_ENABLE_MODULES\=YES
    export CLANG_ENABLE_OBJC_ARC\=YES
    export CLANG_ENABLE_OBJC_WEAK\=YES
    export CLANG_MODULES_BUILD_SESSION_FILE\=/tmp/ahoi-mobile-shared-tabs.V7PCPC/DerivedData/ModuleCache.noindex/Session.modulevalidation
    export CLANG_WARN_BLOCK_CAPTURE_AUTORELEASING\=YES
    export CLANG_WARN_BOOL_CONVERSION\=YES
    export CLANG_WARN_COMMA\=YES
    export CLANG_WARN_CONSTANT_CONVERSION\=YES
    export CLANG_WARN_DEPRECATED_OBJC_IMPLEMENTATIONS\=YES
    export CLANG_WARN_DIRECT_OBJC_ISA_USAGE\=YES_ERROR
    export CLANG_WARN_DOCUMENTATION_COMMENTS\=YES
    export CLANG_WARN_EMPTY_BODY\=YES
    export CLANG_WARN_ENUM_CONVERSION\=YES
    export CLANG_WARN_INFINITE_RECURSION\=YES
    export CLANG_WARN_INT_CONVERSION\=YES
    export CLANG_WARN_NON_LITERAL_NULL_CONVERSION\=YES
    export CLANG_WARN_OBJC_IMPLICIT_RETAIN_SELF\=YES
    export CLANG_WARN_OBJC_LITERAL_CONVERSION\=YES
    export CLANG_WARN_OBJC_ROOT_CLASS\=YES_ERROR
    export CLANG_WARN_QUOTED_INCLUDE_IN_FRAMEWORK_HEADER\=YES
    export CLANG_WARN_RANGE_LOOP_ANALYSIS\=YES
    export CLANG_WARN_STRICT_PROTOTYPES\=YES
    export CLANG_WARN_SUSPICIOUS_MOVE\=YES
    export CLANG_WARN_UNGUARDED_AVAILABILITY\=YES_AGGRESSIVE
    export CLANG_WARN_UNREACHABLE_CODE\=YES
    export CLANG_WARN__DUPLICATE_METHOD_MATCH\=YES
    export CLASS_FILE_DIR\=/tmp/ahoi-mobile-shared-tabs.V7PCPC/DerivedData/Build/Intermediates.noindex/AhoiMobile.build/CloudKitDevelopment-iphoneos/AhoiMobile.build/JavaClasses
    export CLEAN_PRECOMPS\=YES
    export CLONE_HEADERS\=NO
    export CODESIGNING_FOLDER_PATH\=/tmp/ahoi-mobile-shared-tabs.V7PCPC/DerivedData/Build/Products/CloudKitDevelopment-iphoneos/AhoiMobile.app
    export CODE_SIGNING_ALLOWED\=NO
    export CODE_SIGNING_REQUIRED\=NO
    export CODE_SIGN_CONTEXT_CLASS\=XCiPhoneOSCodeSignContext
    export CODE_SIGN_ENTITLEMENTS\=AhoiMobile.entitlements.template
    export CODE_SIGN_IDENTITY\=iPhone\ Developer
    export CODE_SIGN_INJECT_BASE_ENTITLEMENTS\=YES
    export CODE_SIGN_STYLE\=Automatic
    export COLOR_DIAGNOSTICS\=NO
    export COMBINE_HIDPI_IMAGES\=NO
    export COMPILATION_CACHE_CAS_PATH\=/tmp/ahoi-mobile-shared-tabs.V7PCPC/DerivedData/CompilationCache.noindex
    export COMPILATION_CACHE_KEEP_CAS_DIRECTORY\=YES
    export COMPILER_INDEX_STORE_ENABLE\=Default
    export COMPOSITE_SDK_DIRS\=/tmp/ahoi-mobile-shared-tabs.V7PCPC/DerivedData/Build/Intermediates.noindex/CompositeSDKs
    export COMPRESS_PNG_FILES\=YES
    export CONFIGURATION\=CloudKitDevelopment
    export CONFIGURATION_BUILD_DIR\=/tmp/ahoi-mobile-shared-tabs.V7PCPC/DerivedData/Build/Products/CloudKitDevelopment-iphoneos
    export CONFIGURATION_TEMP_DIR\=/tmp/ahoi-mobile-shared-tabs.V7PCPC/DerivedData/Build/Intermediates.noindex/AhoiMobile.build/CloudKitDevelopment-iphoneos
    export CONTENTS_FOLDER_PATH\=AhoiMobile.app
    export CONTENTS_FOLDER_PATH_SHALLOW_BUNDLE_NO\=AhoiMobile.app/Contents
    export CONTENTS_FOLDER_PATH_SHALLOW_BUNDLE_YES\=AhoiMobile.app
    export COPYING_PRESERVES_HFS_DATA\=NO
    export COPY_HEADERS_RUN_UNIFDEF\=NO
    export COPY_PHASE_STRIP\=NO
    export CORRESPONDING_SIMULATOR_PLATFORM_DIR\=/Applications/Xcode.app/Contents/Developer/Platforms/iPhoneSimulator.platform
    export CORRESPONDING_SIMULATOR_PLATFORM_NAME\=iphonesimulator
    export CORRESPONDING_SIMULATOR_SDK_DIR\=/Applications/Xcode.app/Contents/Developer/Platforms/iPhoneSimulator.platform/Developer/SDKs/iPhoneSimulator26.5.sdk
    export CORRESPONDING_SIMULATOR_SDK_NAME\=iphonesimulator26.5
    export CP\=/bin/cp
    export CREATE_INFOPLIST_SECTION_IN_BINARY\=NO
    export CURRENT_ARCH\=undefined_arch
    export CURRENT_PROJECT_VERSION\=21
    export CURRENT_VARIANT\=normal
    export DEAD_CODE_STRIPPING\=YES
    export DEBUGGING_SYMBOLS\=YES
    export DEBUG_INFORMATION_FORMAT\=dwarf
    export DEBUG_INFORMATION_VERSION\=compiler-default
    export DEFAULT_COMPILER\=com.apple.compilers.llvm.clang.1_0
    export DEFAULT_DEXT_INSTALL_PATH\=/System/Library/DriverExtensions
    export DEFAULT_KEXT_INSTALL_PATH\=/System/Library/Extensions
    export DEFINES_MODULE\=NO
    export DEPLOYMENT_LOCATION\=NO
    export DEPLOYMENT_POSTPROCESSING\=NO
    export DEPLOYMENT_TARGET_SETTING_NAME\=IPHONEOS_DEPLOYMENT_TARGET
    export DEPLOYMENT_TARGET_SUGGESTED_VALUES\=12.0\ 12.1\ 12.2\ 12.3\ 12.4\ 13.0\ 13.1\ 13.2\ 13.3\ 13.4\ 13.5\ 13.6\ 14.0\ 14.1\ 14.2\ 14.3\ 14.4\ 14.5\ 14.6\ 14.7\ 15.0\ 15.1\ 15.2\ 15.3\ 15.4\ 15.5\ 15.6\ 16.0\ 16.1\ 16.2\ 16.3\ 16.4\ 16.5\ 16.6\ 17.0\ 17.1\ 17.2\ 17.3\ 17.4\ 17.5\ 17.6\ 18.0\ 18.1\ 18.2\ 18.3\ 18.4\ 18.5\ 18.6\ 26.0\ 26.2\ 26.3\ 26.4\ 26.5
    export DERIVED_FILES_DIR\=/tmp/ahoi-mobile-shared-tabs.V7PCPC/DerivedData/Build/Intermediates.noindex/AhoiMobile.build/CloudKitDevelopment-iphoneos/AhoiMobile.build/DerivedSources
    export DERIVED_FILE_DIR\=/tmp/ahoi-mobile-shared-tabs.V7PCPC/DerivedData/Build/Intermediates.noindex/AhoiMobile.build/CloudKitDevelopment-iphoneos/AhoiMobile.build/DerivedSources
    export DERIVED_SOURCES_DIR\=/tmp/ahoi-mobile-shared-tabs.V7PCPC/DerivedData/Build/Intermediates.noindex/AhoiMobile.build/CloudKitDevelopment-iphoneos/AhoiMobile.build/DerivedSources
    export DERIVE_MACCATALYST_PRODUCT_BUNDLE_IDENTIFIER\=NO
    export DEVELOPER_APPLICATIONS_DIR\=/Applications/Xcode.app/Contents/Developer/Applications
    export DEVELOPER_BIN_DIR\=/Applications/Xcode.app/Contents/Developer/usr/bin
    export DEVELOPER_DIR\=/Applications/Xcode.app/Contents/Developer
    export DEVELOPER_FRAMEWORKS_DIR\=/Applications/Xcode.app/Contents/Developer/Library/Frameworks
    export DEVELOPER_FRAMEWORKS_DIR_QUOTED\=/Applications/Xcode.app/Contents/Developer/Library/Frameworks
    export DEVELOPER_LIBRARY_DIR\=/Applications/Xcode.app/Contents/Developer/Library
    export DEVELOPER_SDK_DIR\=/Applications/Xcode.app/Contents/Developer/Platforms/MacOSX.platform/Developer/SDKs
    export DEVELOPER_TOOLS_DIR\=/Applications/Xcode.app/Contents/Developer/Tools
    export DEVELOPER_USR_DIR\=/Applications/Xcode.app/Contents/Developer/usr
    export DEVELOPMENT_LANGUAGE\=en
    export DEVELOPMENT_TEAM\=248AJ5BN47
    export DIAGNOSE_MISSING_TARGET_DEPENDENCIES\=YES
    export DIFF\=/usr/bin/diff
    export DOCUMENTATION_FOLDER_PATH\=AhoiMobile.app/en.lproj/Documentation
    export DONT_GENERATE_INFOPLIST_FILE\=NO
    export DSTROOT\=/tmp/AhoiMobile.dst
    export DT_TOOLCHAIN_DIR\=/Applications/Xcode.app/Contents/Developer/Toolchains/XcodeDefault.xctoolchain
    export DUMP_DEPENDENCIES\=NO
    export DUMP_DEPENDENCIES_OUTPUT_PATH\=/tmp/ahoi-mobile-shared-tabs.V7PCPC/DerivedData/Build/Intermediates.noindex/AhoiMobile.build/CloudKitDevelopment-iphoneos/AhoiMobile.build/AhoiMobile-BuildDependencyInfo.json
    export DWARF_DSYM_FILE_NAME\=AhoiMobile.app.dSYM
    export DWARF_DSYM_FILE_SHOULD_ACCOMPANY_PRODUCT\=NO
    export DWARF_DSYM_FOLDER_PATH\=/tmp/ahoi-mobile-shared-tabs.V7PCPC/DerivedData/Build/Products/CloudKitDevelopment-iphoneos
    export DYNAMIC_LIBRARY_EXTENSION\=dylib
    export EAGER_COMPILATION_ALLOW_SCRIPTS\=NO
    export EAGER_LINKING\=NO
    export EFFECTIVE_PLATFORM_NAME\=-iphoneos
    export EFFECTIVE_SWIFT_VERSION\=6
    export EMBEDDED_CONTENT_CONTAINS_SWIFT\=NO
    export EMBEDDED_PROFILE_NAME\=embedded.mobileprovision
    export EMBED_ASSET_PACKS_IN_PRODUCT_BUNDLE\=NO
    export ENABLE_APP_SANDBOX\=NO
    export ENABLE_CODE_COVERAGE\=YES
    export ENABLE_COHORT_ARCHS\=NO
    export ENABLE_CPLUSPLUS_BOUNDS_SAFE_BUFFERS\=NO
    export ENABLE_C_BOUNDS_SAFETY\=NO
    export ENABLE_DEBUG_DYLIB\=YES
    export ENABLE_DEFAULT_HEADER_SEARCH_PATHS\=YES
    export ENABLE_DEFAULT_SEARCH_PATHS\=YES
    export ENABLE_ENHANCED_SECURITY\=NO
    export ENABLE_HARDENED_RUNTIME\=NO
    export ENABLE_HEADER_DEPENDENCIES\=YES
    export ENABLE_INCOMING_NETWORK_CONNECTIONS\=NO
    export ENABLE_ON_DEMAND_RESOURCES\=YES
    export ENABLE_OUTGOING_NETWORK_CONNECTIONS\=NO
    export ENABLE_POINTER_AUTHENTICATION\=NO
    export ENABLE_PREVIEWS\=NO
    export ENABLE_RESOURCE_ACCESS_AUDIO_INPUT\=NO
    export ENABLE_RESOURCE_ACCESS_BLUETOOTH\=NO
    export ENABLE_RESOURCE_ACCESS_CALENDARS\=NO
    export ENABLE_RESOURCE_ACCESS_CAMERA\=NO
    export ENABLE_RESOURCE_ACCESS_CONTACTS\=NO
    export ENABLE_RESOURCE_ACCESS_LOCATION\=NO
    export ENABLE_RESOURCE_ACCESS_PHOTO_LIBRARY\=NO
    export ENABLE_RESOURCE_ACCESS_PRINTING\=NO
    export ENABLE_RESOURCE_ACCESS_USB\=NO
    export ENABLE_SDK_IMPORTS\=NO
    export ENABLE_SECURITY_COMPILER_WARNINGS\=NO
    export ENABLE_STRICT_OBJC_MSGSEND\=YES
    export ENABLE_TESTABILITY\=YES
    export ENABLE_TESTING_SEARCH_PATHS\=NO
    export ENABLE_USER_SCRIPT_SANDBOXING\=NO
    export ENABLE_XOJIT_PREVIEWS\=YES
    export ENFORCE_VALID_ARCHS\=YES
    export ENTITLEMENTS_ALLOWED\=YES
    export ENTITLEMENTS_DESTINATION\=Signature
    export ENTITLEMENTS_REQUIRED\=NO
    export EXCLUDED_INSTALLSRC_SUBDIRECTORY_PATTERNS\=.DS_Store\ .svn\ .git\ .hg\ CVS
    export EXCLUDED_RECURSIVE_SEARCH_PATH_SUBDIRECTORIES\=\*.nib\ \*.lproj\ \*.framework\ \*.gch\ \*.xcode\*\ \*.xcassets\ \*.icon\ \(\*\)\ .DS_Store\ CVS\ .svn\ .git\ .hg\ \*.pbproj\ \*.pbxproj
    export EXECUTABLES_FOLDER_PATH\=AhoiMobile.app/Executables
    export EXECUTABLE_BLANK_INJECTION_DYLIB_PATH\=AhoiMobile.app/__preview.dylib
    export EXECUTABLE_DEBUG_DYLIB_INSTALL_NAME\=@rpath/AhoiMobile.debug.dylib
    export EXECUTABLE_DEBUG_DYLIB_PATH\=AhoiMobile.app/AhoiMobile.debug.dylib
    export EXECUTABLE_FOLDER_PATH\=AhoiMobile.app
    export EXECUTABLE_FOLDER_PATH_SHALLOW_BUNDLE_NO\=AhoiMobile.app/MacOS
    export EXECUTABLE_FOLDER_PATH_SHALLOW_BUNDLE_YES\=AhoiMobile.app
    export EXECUTABLE_NAME\=AhoiMobile
    export EXECUTABLE_PATH\=AhoiMobile.app/AhoiMobile
    export EXTENSIONS_FOLDER_PATH\=AhoiMobile.app/Extensions
    export FILE_LIST\=/tmp/ahoi-mobile-shared-tabs.V7PCPC/DerivedData/Build/Intermediates.noindex/AhoiMobile.build/CloudKitDevelopment-iphoneos/AhoiMobile.build/Objects/LinkFileList
    export FIXED_FILES_DIR\=/tmp/ahoi-mobile-shared-tabs.V7PCPC/DerivedData/Build/Intermediates.noindex/AhoiMobile.build/CloudKitDevelopment-iphoneos/AhoiMobile.build/FixedFiles
    export FRAMEWORKS_FOLDER_PATH\=AhoiMobile.app/Frameworks
    export FRAMEWORK_FLAG_PREFIX\=-framework
    export FRAMEWORK_SEARCH_PATHS\=/tmp/ahoi-mobile-shared-tabs.V7PCPC/DerivedData/Build/Products/CloudKitDevelopment-iphoneos/PackageFrameworks\ /tmp/ahoi-mobile-shared-tabs.V7PCPC/DerivedData/Build/Products/CloudKitDevelopment-iphoneos\ 
    export FRAMEWORK_VERSION\=A
    export FULL_PRODUCT_NAME\=AhoiMobile.app
    export FUSE_BUILD_PHASES\=YES
    export FUSE_BUILD_SCRIPT_PHASES\=NO
    export GCC3_VERSION\=3.3
    export GCC_C_LANGUAGE_STANDARD\=gnu11
    export GCC_DYNAMIC_NO_PIC\=NO
    export GCC_INLINES_ARE_PRIVATE_EXTERN\=YES
    export GCC_NO_COMMON_BLOCKS\=YES
    export GCC_OPTIMIZATION_LEVEL\=0
    export GCC_PFE_FILE_C_DIALECTS\=c\ objective-c\ c++\ objective-c++
    export GCC_PREPROCESSOR_DEFINITIONS\=\ DEBUG\=1
    export GCC_SYMBOLS_PRIVATE_EXTERN\=NO
    export GCC_THUMB_SUPPORT\=YES
    export GCC_TREAT_WARNINGS_AS_ERRORS\=NO
    export GCC_VERSION\=com.apple.compilers.llvm.clang.1_0
    export GCC_VERSION_IDENTIFIER\=com_apple_compilers_llvm_clang_1_0
    export GCC_WARN_64_TO_32_BIT_CONVERSION\=YES
    export GCC_WARN_ABOUT_RETURN_TYPE\=YES_ERROR
    export GCC_WARN_UNDECLARED_SELECTOR\=YES
    export GCC_WARN_UNINITIALIZED_AUTOS\=YES_AGGRESSIVE
    export GCC_WARN_UNUSED_FUNCTION\=YES
    export GCC_WARN_UNUSED_VARIABLE\=YES
    export GENERATED_MODULEMAP_DIR\=/tmp/ahoi-mobile-shared-tabs.V7PCPC/DerivedData/Build/Intermediates.noindex/GeneratedModuleMaps-iphoneos
    export GENERATE_INFOPLIST_FILE\=YES
    export GENERATE_INTERMEDIATE_TEXT_BASED_STUBS\=YES
    export GENERATE_PKGINFO_FILE\=YES
    export GENERATE_PRELINK_OBJECT_FILE\=NO
    export GENERATE_PROFILING_CODE\=NO
    export GENERATE_TEXT_BASED_STUBS\=NO
    export GID\=20
    export GROUP\=staff
    export HEADERMAP_INCLUDES_FLAT_ENTRIES_FOR_TARGET_BEING_BUILT\=YES
    export HEADERMAP_INCLUDES_FRAMEWORK_ENTRIES_FOR_ALL_PRODUCT_TYPES\=YES
    export HEADERMAP_INCLUDES_FRAMEWORK_ENTRIES_FOR_TARGETS_NOT_BEING_BUILT\=YES
    export HEADERMAP_INCLUDES_NONPUBLIC_NONPRIVATE_HEADERS\=YES
    export HEADERMAP_INCLUDES_PROJECT_HEADERS\=YES
    export HEADERMAP_USES_FRAMEWORK_PREFIX_ENTRIES\=YES
    export HEADERMAP_USES_VFS\=NO
    export HEADER_SEARCH_PATHS\=/tmp/ahoi-mobile-shared-tabs.V7PCPC/DerivedData/Build/Products/CloudKitDevelopment-iphoneos/include\ 
    export HOME\=/Users/vossmedien
    export HOST_ARCH\=arm64
    export HOST_PLATFORM\=macosx
    export ICONV\=/usr/bin/iconv
    export IMPLICIT_DEPENDENCY_DOMAIN\=default
    export INDEX_STORE_COMPRESS\=NO
    export INDEX_STORE_ONLY_PROJECT_FILES\=NO
    export INFOPLIST_ENABLE_CFBUNDLEICONS_MERGE\=YES
    export INFOPLIST_EXPAND_BUILD_SETTINGS\=YES
    export INFOPLIST_FILE\=Info.plist
    export INFOPLIST_KEY_ITSAppUsesNonExemptEncryption\=NO
    export INFOPLIST_OUTPUT_FORMAT\=binary
    export INFOPLIST_PATH\=AhoiMobile.app/Info.plist
    export INFOPLIST_PREPROCESS\=NO
    export INFOSTRINGS_PATH\=AhoiMobile.app/en.lproj/InfoPlist.strings
    export INLINE_PRIVATE_FRAMEWORKS\=NO
    export INSTALLAPI_IGNORE_SKIP_INSTALL\=YES
    export INSTALLHDRS_COPY_PHASE\=NO
    export INSTALLHDRS_SCRIPT_PHASE\=NO
    export INSTALL_DIR\=/tmp/AhoiMobile.dst/Applications
    export INSTALL_GROUP\=staff
    export INSTALL_MODE_FLAG\=u+w,go-w,a+rX
    export INSTALL_OWNER\=vossmedien
    export INSTALL_PATH\=/Applications
    export INSTALL_ROOT\=/tmp/AhoiMobile.dst
    export IPHONEOS_DEPLOYMENT_TARGET\=26.0
    export IS_UNOPTIMIZED_BUILD\=YES
    export JAVAC_DEFAULT_FLAGS\=-J-Xms64m\ -J-XX:NewSize\=4M\ -J-Dfile.encoding\=UTF8
    export JAVA_APP_STUB\=/System/Library/Frameworks/JavaVM.framework/Resources/MacOS/JavaApplicationStub
    export JAVA_ARCHIVE_CLASSES\=YES
    export JAVA_ARCHIVE_TYPE\=JAR
    export JAVA_COMPILER\=/usr/bin/javac
    export JAVA_FOLDER_PATH\=AhoiMobile.app/Java
    export JAVA_FRAMEWORK_RESOURCES_DIRS\=Resources
    export JAVA_JAR_FLAGS\=cv
    export JAVA_SOURCE_SUBDIR\=.
    export JAVA_USE_DEPENDENCIES\=YES
    export JAVA_ZIP_FLAGS\=-urg
    export JIKES_DEFAULT_FLAGS\=+E\ +OLDCSO
    export KASAN_CFLAGS_CLASSIC\=-DKASAN\=1\ -DKASAN_CLASSIC\=1\ -fsanitize\=address\ -mllvm\ -asan-globals-live-support\ -mllvm\ -asan-force-dynamic-shadow
    export KASAN_CFLAGS_TBI\=-DKASAN\=1\ -DKASAN_TBI\=1\ -fsanitize\=kernel-hwaddress\ -mllvm\ -hwasan-recover\=0\ -mllvm\ -hwasan-instrument-atomics\=0\ -mllvm\ -hwasan-instrument-stack\=1\ -mllvm\ -hwasan-generate-tags-with-calls\=1\ -mllvm\ -hwasan-instrument-with-calls\=1\ -mllvm\ -hwasan-use-short-granules\=0\ -mllvm\ -hwasan-memory-access-callback-prefix\=__asan_
    export KASAN_DEFAULT_CFLAGS\=-DKASAN\=1\ -DKASAN_CLASSIC\=1\ -fsanitize\=address\ -mllvm\ -asan-globals-live-support\ -mllvm\ -asan-force-dynamic-shadow
    export KEEP_PRIVATE_EXTERNS\=NO
    export LD_DEPENDENCY_INFO_FILE\=/tmp/ahoi-mobile-shared-tabs.V7PCPC/DerivedData/Build/Intermediates.noindex/AhoiMobile.build/CloudKitDevelopment-iphoneos/AhoiMobile.build/Objects-normal/undefined_arch/AhoiMobile_dependency_info.dat
    export LD_EXPORT_SYMBOLS\=YES
    export LD_GENERATE_MAP_FILE\=NO
    export LD_MAP_FILE_PATH\=/tmp/ahoi-mobile-shared-tabs.V7PCPC/DerivedData/Build/Intermediates.noindex/AhoiMobile.build/CloudKitDevelopment-iphoneos/AhoiMobile.build/AhoiMobile-LinkMap-normal-undefined_arch.txt
    export LD_NO_PIE\=NO
    export LD_QUOTE_LINKER_ARGUMENTS_FOR_COMPILER_DRIVER\=YES
    export LD_RUNPATH_SEARCH_PATHS\=\ @executable_path/Frameworks
    export LD_RUNPATH_SEARCH_PATHS_YES\=@loader_path/../Frameworks
    export LD_SHARED_CACHE_ELIGIBLE\=Automatic
    export LD_WARN_DUPLICATE_LIBRARIES\=NO
    export LD_WARN_UNUSED_DYLIBS\=NO
    export LEGACY_DEVELOPER_DIR\=/Applications/Xcode.app/Contents/PlugIns/Xcode3Core.ideplugin/Contents/SharedSupport/Developer
    export LEX\=lex
    export LIBRARY_DEXT_INSTALL_PATH\=/Library/DriverExtensions
    export LIBRARY_FLAG_NOSPACE\=YES
    export LIBRARY_FLAG_PREFIX\=-l
    export LIBRARY_KEXT_INSTALL_PATH\=/Library/Extensions
    export LIBRARY_SEARCH_PATHS\=/tmp/ahoi-mobile-shared-tabs.V7PCPC/DerivedData/Build/Products/CloudKitDevelopment-iphoneos\ 
    export LINKER_DISPLAYS_MANGLED_NAMES\=NO
    export LINK_FILE_LIST_normal_arm64\=/tmp/ahoi-mobile-shared-tabs.V7PCPC/DerivedData/Build/Intermediates.noindex/AhoiMobile.build/CloudKitDevelopment-iphoneos/AhoiMobile.build/Objects-normal/arm64/AhoiMobile.LinkFileList
    export LINK_OBJC_RUNTIME\=YES
    export LINK_WITH_STANDARD_LIBRARIES\=YES
    export LLVM_TARGET_TRIPLE_OS_VERSION\=ios26.0
    export LLVM_TARGET_TRIPLE_VENDOR\=apple
    export LM_AUX_CONST_METADATA_LIST_PATH_normal_arm64\=/tmp/ahoi-mobile-shared-tabs.V7PCPC/DerivedData/Build/Intermediates.noindex/AhoiMobile.build/CloudKitDevelopment-iphoneos/AhoiMobile.build/Objects-normal/arm64/AhoiMobile.SwiftConstValuesFileList
    export LOCALIZATION_EXPORT_SUPPORTED\=YES
    export LOCALIZATION_PREFERS_STRING_CATALOGS\=NO
    export LOCALIZED_RESOURCES_FOLDER_PATH\=AhoiMobile.app/en.lproj
    export LOCALIZED_STRING_CODE_COMMENTS\=NO
    export LOCALIZED_STRING_MACRO_NAMES\=NSLocalizedString\ CFCopyLocalizedString
    export LOCALIZED_STRING_SWIFTUI_SUPPORT\=YES
    export LOCAL_ADMIN_APPS_DIR\=/Applications/Utilities
    export LOCAL_APPS_DIR\=/Applications
    export LOCAL_DEVELOPER_DIR\=/Library/Developer
    export LOCAL_LIBRARY_DIR\=/Library
    export LOCROOT\=/tmp/ahoi-mobile-shared-tabs.V7PCPC/repo/apps/AhoiMobile
    export LOCSYMROOT\=/tmp/ahoi-mobile-shared-tabs.V7PCPC/repo/apps/AhoiMobile
    export MACH_O_TYPE\=mh_execute
    export MAC_OS_X_PRODUCT_BUILD_VERSION\=25G72
    export MAC_OS_X_VERSION_ACTUAL\=260600
    export MAC_OS_X_VERSION_MAJOR\=260000
    export MAC_OS_X_VERSION_MINOR\=260600
    export MAKE_MERGEABLE\=NO
    export MARKETING_VERSION\=0.1
    export MERGEABLE_LIBRARY\=NO
    export MERGED_BINARY_TYPE\=none
    export MERGE_LINKED_LIBRARIES\=NO
    export METAL_LIBRARY_FILE_BASE\=default
    export METAL_LIBRARY_OUTPUT_DIR\=/tmp/ahoi-mobile-shared-tabs.V7PCPC/DerivedData/Build/Products/CloudKitDevelopment-iphoneos/AhoiMobile.app
    export MODULES_FOLDER_PATH\=AhoiMobile.app/Modules
    export MODULE_CACHE_DIR\=/tmp/ahoi-mobile-shared-tabs.V7PCPC/DerivedData/ModuleCache.noindex
    export MTL_ENABLE_DEBUG_INFO\=INCLUDE_SOURCE
    export MTL_FAST_MATH\=YES
    export NATIVE_ARCH\=arm64
    export NATIVE_ARCH_32_BIT\=arm
    export NATIVE_ARCH_64_BIT\=arm64
    export NATIVE_ARCH_ACTUAL\=arm64
    export NO_COMMON\=YES
    export OBJECT_FILE_DIR\=/tmp/ahoi-mobile-shared-tabs.V7PCPC/DerivedData/Build/Intermediates.noindex/AhoiMobile.build/CloudKitDevelopment-iphoneos/AhoiMobile.build/Objects
    export OBJECT_FILE_DIR_normal\=/tmp/ahoi-mobile-shared-tabs.V7PCPC/DerivedData/Build/Intermediates.noindex/AhoiMobile.build/CloudKitDevelopment-iphoneos/AhoiMobile.build/Objects-normal
    export OBJROOT\=/tmp/ahoi-mobile-shared-tabs.V7PCPC/DerivedData/Build/Intermediates.noindex
    export ONLY_ACTIVE_ARCH\=NO
    export OS\=MACOS
    export OSAC\=/usr/bin/osacompile
    export OTHER_CFLAGS\=-fmodule-map-file\=/tmp/ahoi-mobile-shared-tabs.V7PCPC/DerivedData/Build/Intermediates.noindex/GeneratedModuleMaps-iphoneos/AhoiCloudKitSpike.modulemap\ 
    export OTHER_CPLUSPLUSFLAGS\=-fmodule-map-file\=/tmp/ahoi-mobile-shared-tabs.V7PCPC/DerivedData/Build/Intermediates.noindex/GeneratedModuleMaps-iphoneos/AhoiCloudKitSpike.modulemap\ 
    export OTHER_LDFLAGS\=-Wl,-no_warn_duplicate_libraries\ 
    export OTHER_SWIFT_FLAGS\=\ -j2
    export PACKAGE_TYPE\=com.apple.package-type.wrapper.application
    export PASCAL_STRINGS\=YES
    export PATH\=/Applications/Xcode.app/Contents/SharedFrameworks/SwiftBuild.framework/Versions/A/PlugIns/SWBBuildService.bundle/Contents/PlugIns/SWBUniversalPlatformPlugin.bundle/Contents/Frameworks/SWBUniversalPlatform.framework/Resources:/var/run/com.apple.security.cryptexd/mnt/com.apple.MobileAsset.MetalToolchain-v17.6.109.0.0k2cJr/Metal.xctoolchain/usr/bin:/var/run/com.apple.security.cryptexd/mnt/com.apple.MobileAsset.MetalToolchain-v17.6.109.0.0k2cJr/Metal.xctoolchain/usr/local/bin:/var/run/com.apple.security.cryptexd/mnt/com.apple.MobileAsset.MetalToolchain-v17.6.109.0.0k2cJr/Metal.xctoolchain/usr/libexec:/Applications/Xcode.app/Contents/Developer/Toolchains/XcodeDefault.xctoolchain/usr/bin:/Applications/Xcode.app/Contents/Developer/Toolchains/XcodeDefault.xctoolchain/usr/local/bin:/Applications/Xcode.app/Contents/Developer/Toolchains/XcodeDefault.xctoolchain/usr/libexec:/Applications/Xcode.app/Contents/Developer/Platforms/iPhoneOS.platform/usr/bin:/Applications/Xcode.app/Contents/Developer/Platforms/iPhoneOS.platform/usr/local/bin:/Applications/Xcode.app/Contents/Developer/Platforms/iPhoneOS.platform/Developer/usr/bin:/Applications/Xcode.app/Contents/Developer/Platforms/iPhoneOS.platform/Developer/usr/local/bin:/Applications/Xcode.app/Contents/Developer/usr/bin:/Applications/Xcode.app/Contents/Developer/usr/local/bin:/opt/homebrew/opt/node@22/bin:/opt/homebrew/bin:/opt/homebrew/sbin:/Users/vossmedien/.nvm/versions/node/v22.23.1/bin:/usr/local/bin:/System/Cryptexes/App/usr/bin:/usr/bin:/bin:/usr/sbin:/sbin:/var/run/com.apple.security.cryptexd/codex.system/bootstrap/usr/local/bin:/var/run/com.apple.security.cryptexd/codex.system/bootstrap/usr/bin:/var/run/com.apple.security.cryptexd/codex.system/bootstrap/usr/appleinternal/bin:/pkg/env/global/bin:/Library/Apple/usr/bin:/Applications/VMware\ Fusion.app/Contents/Public:/Users/vossmedien/.codex/packages/standalone/releases/0.153.4-aarch64-apple-darwin/codex-path:/Users/vossmedien/.codex/tmp/arg0/codex-arg04qHXza:/Users/vossmedien/.unity/bin:/Users/vossmedien/bin:/Users/vossmedien/.local/current/bin:/Users/vossmedien/.bun/bin:/Users/vossmedien/.local/bin:/Users/vossmedien/.rd/bin:/Users/vossmedien/Library/pnpm:/Users/vossmedien/vega/bin
    export PATH_PREFIXES_EXCLUDED_FROM_HEADER_DEPENDENCIES\=/usr/include\ /usr/local/include\ /System/Library/Frameworks\ /System/Library/PrivateFrameworks\ /Applications/Xcode.app/Contents/Developer/Headers\ /Applications/Xcode.app/Contents/Developer/SDKs\ /Applications/Xcode.app/Contents/Developer/Platforms
    export PBDEVELOPMENTPLIST_PATH\=AhoiMobile.app/pbdevelopment.plist
    export PER_ARCH_MODULE_FILE_DIR\=/tmp/ahoi-mobile-shared-tabs.V7PCPC/DerivedData/Build/Intermediates.noindex/AhoiMobile.build/CloudKitDevelopment-iphoneos/AhoiMobile.build/Objects-normal/undefined_arch
    export PER_ARCH_OBJECT_FILE_DIR\=/tmp/ahoi-mobile-shared-tabs.V7PCPC/DerivedData/Build/Intermediates.noindex/AhoiMobile.build/CloudKitDevelopment-iphoneos/AhoiMobile.build/Objects-normal/undefined_arch
    export PER_VARIANT_OBJECT_FILE_DIR\=/tmp/ahoi-mobile-shared-tabs.V7PCPC/DerivedData/Build/Intermediates.noindex/AhoiMobile.build/CloudKitDevelopment-iphoneos/AhoiMobile.build/Objects-normal
    export PKGINFO_FILE_PATH\=/tmp/ahoi-mobile-shared-tabs.V7PCPC/DerivedData/Build/Intermediates.noindex/AhoiMobile.build/CloudKitDevelopment-iphoneos/AhoiMobile.build/PkgInfo
    export PKGINFO_PATH\=AhoiMobile.app/PkgInfo
    export PLATFORM_DEVELOPER_APPLICATIONS_DIR\=/Applications/Xcode.app/Contents/Developer/Platforms/iPhoneOS.platform/Developer/Applications
    export PLATFORM_DEVELOPER_BIN_DIR\=/Applications/Xcode.app/Contents/Developer/Platforms/iPhoneOS.platform/Developer/usr/bin
    export PLATFORM_DEVELOPER_LIBRARY_DIR\=/Applications/Xcode.app/Contents/Developer/Platforms/iPhoneOS.platform/Developer/Library
    export PLATFORM_DEVELOPER_SDK_DIR\=/Applications/Xcode.app/Contents/Developer/Platforms/iPhoneOS.platform/Developer/SDKs
    export PLATFORM_DEVELOPER_TOOLS_DIR\=/Applications/Xcode.app/Contents/Developer/Platforms/iPhoneOS.platform/Developer/Tools
    export PLATFORM_DEVELOPER_USR_DIR\=/Applications/Xcode.app/Contents/Developer/Platforms/iPhoneOS.platform/Developer/usr
    export PLATFORM_DIR\=/Applications/Xcode.app/Contents/Developer/Platforms/iPhoneOS.platform
    export PLATFORM_DISPLAY_NAME\=iOS
    export PLATFORM_FAMILY_NAME\=iOS
    export PLATFORM_NAME\=iphoneos
    export PLATFORM_PREFERRED_ARCH\=arm64
    export PLATFORM_PRODUCT_BUILD_VERSION\=23F81a
    export PLATFORM_REQUIRES_SWIFT_AUTOLINK_EXTRACT\=NO
    export PLATFORM_REQUIRES_SWIFT_MODULEWRAP\=NO
    export PLATFORM_USES_DSYMS\=YES
    export PLIST_FILE_OUTPUT_FORMAT\=binary
    export PLUGINS_FOLDER_PATH\=AhoiMobile.app/PlugIns
    export PRECOMPS_INCLUDE_HEADERS_FROM_BUILT_PRODUCTS_DIR\=YES
    export PRECOMP_DESTINATION_DIR\=/tmp/ahoi-mobile-shared-tabs.V7PCPC/DerivedData/Build/Intermediates.noindex/AhoiMobile.build/CloudKitDevelopment-iphoneos/AhoiMobile.build/PrefixHeaders
    export PRIVATE_HEADERS_FOLDER_PATH\=AhoiMobile.app/PrivateHeaders
    export PROCESSED_INFOPLIST_PATH\=/tmp/ahoi-mobile-shared-tabs.V7PCPC/DerivedData/Build/Intermediates.noindex/AhoiMobile.build/CloudKitDevelopment-iphoneos/AhoiMobile.build/Objects-normal/undefined_arch/Processed-Info.plist
    export PRODUCT_BUNDLE_IDENTIFIER\=app.ahoibrowser.AhoiBrowser
    export PRODUCT_BUNDLE_PACKAGE_TYPE\=APPL
    export PRODUCT_MODULE_NAME\=AhoiMobile
    export PRODUCT_NAME\=AhoiMobile
    export PRODUCT_SETTINGS_PATH\=/tmp/ahoi-mobile-shared-tabs.V7PCPC/repo/apps/AhoiMobile/Info.plist
    export PRODUCT_TYPE\=com.apple.product-type.application
    export PROFILING_CODE\=NO
    export PROJECT\=AhoiMobile
    export PROJECT_DERIVED_FILE_DIR\=/tmp/ahoi-mobile-shared-tabs.V7PCPC/DerivedData/Build/Intermediates.noindex/AhoiMobile.build/DerivedSources
    export PROJECT_DIR\=/tmp/ahoi-mobile-shared-tabs.V7PCPC/repo/apps/AhoiMobile
    export PROJECT_FILE_PATH\=/tmp/ahoi-mobile-shared-tabs.V7PCPC/repo/apps/AhoiMobile/AhoiMobile.xcodeproj
    export PROJECT_GUID\=a44a3a976db28ace36eae5fb72a0335b
    export PROJECT_NAME\=AhoiMobile
    export PROJECT_TEMP_DIR\=/tmp/ahoi-mobile-shared-tabs.V7PCPC/DerivedData/Build/Intermediates.noindex/AhoiMobile.build
    export PROJECT_TEMP_ROOT\=/tmp/ahoi-mobile-shared-tabs.V7PCPC/DerivedData/Build/Intermediates.noindex
    export PROVISIONING_PROFILE_REQUIRED\=YES
    export PROVISIONING_PROFILE_REQUIRED_YES_YES\=YES
    export PROVISIONING_PROFILE_SUPPORTED\=YES
    export PUBLIC_HEADERS_FOLDER_PATH\=AhoiMobile.app/Headers
    export RECOMMENDED_IPHONEOS_DEPLOYMENT_TARGET\=15.0
    export RECURSIVE_SEARCH_PATHS_FOLLOW_SYMLINKS\=YES
    export REMOVE_CVS_FROM_RESOURCES\=YES
    export REMOVE_GIT_FROM_RESOURCES\=YES
    export REMOVE_HEADERS_FROM_EMBEDDED_BUNDLES\=YES
    export REMOVE_HG_FROM_RESOURCES\=YES
    export REMOVE_STATIC_EXECUTABLES_FROM_EMBEDDED_BUNDLES\=YES
    export REMOVE_SVN_FROM_RESOURCES\=YES
    export RESCHEDULE_INDEPENDENT_HEADERS_PHASES\=YES
    export REZ_COLLECTOR_DIR\=/tmp/ahoi-mobile-shared-tabs.V7PCPC/DerivedData/Build/Intermediates.noindex/AhoiMobile.build/CloudKitDevelopment-iphoneos/AhoiMobile.build/ResourceManagerResources
    export REZ_OBJECTS_DIR\=/tmp/ahoi-mobile-shared-tabs.V7PCPC/DerivedData/Build/Intermediates.noindex/AhoiMobile.build/CloudKitDevelopment-iphoneos/AhoiMobile.build/ResourceManagerResources/Objects
    export REZ_SEARCH_PATHS\=/tmp/ahoi-mobile-shared-tabs.V7PCPC/DerivedData/Build/Products/CloudKitDevelopment-iphoneos\ 
    export RPATH_ORIGIN\=@loader_path
    export RUNTIME_EXCEPTION_ALLOW_DYLD_ENVIRONMENT_VARIABLES\=NO
    export RUNTIME_EXCEPTION_ALLOW_JIT\=NO
    export RUNTIME_EXCEPTION_ALLOW_UNSIGNED_EXECUTABLE_MEMORY\=NO
    export RUNTIME_EXCEPTION_DEBUGGING_TOOL\=NO
    export RUNTIME_EXCEPTION_DISABLE_EXECUTABLE_PAGE_PROTECTION\=NO
    export RUNTIME_EXCEPTION_DISABLE_LIBRARY_VALIDATION\=NO
    export SCANNING_PCM_KEEP_CACHE_DIRECTORY\=YES
    export SCAN_ALL_SOURCE_FILES_FOR_INCLUDES\=NO
    export SCRIPTS_FOLDER_PATH\=AhoiMobile.app/Scripts
    export SCRIPT_INPUT_FILE_COUNT\=0
    export SCRIPT_INPUT_FILE_LIST_COUNT\=0
    export SCRIPT_OUTPUT_FILE_COUNT\=0
    export SCRIPT_OUTPUT_FILE_LIST_COUNT\=0
    export SDKROOT\=/Applications/Xcode.app/Contents/Developer/Platforms/iPhoneOS.platform/Developer/SDKs/iPhoneOS26.5.sdk
    export SDK_DIR\=/Applications/Xcode.app/Contents/Developer/Platforms/iPhoneOS.platform/Developer/SDKs/iPhoneOS26.5.sdk
    export SDK_DIR_iphoneos\=/Applications/Xcode.app/Contents/Developer/Platforms/iPhoneOS.platform/Developer/SDKs/iPhoneOS26.5.sdk
    export SDK_DIR_iphoneos26_5\=/Applications/Xcode.app/Contents/Developer/Platforms/iPhoneOS.platform/Developer/SDKs/iPhoneOS26.5.sdk
    export SDK_NAME\=iphoneos26.5
    export SDK_NAMES\=iphoneos26.5
    export SDK_PRODUCT_BUILD_VERSION\=23F81a
    export SDK_STAT_CACHE_DIR\=/tmp/ahoi-mobile-shared-tabs.V7PCPC/DerivedData
    export SDK_STAT_CACHE_ENABLE\=YES
    export SDK_STAT_CACHE_PATH\=/tmp/ahoi-mobile-shared-tabs.V7PCPC/DerivedData/SDKStatCaches.noindex/iphoneos26.5-23F81a-688ef53f1462e2c8f657fdc38a81448f32daed1954a7d5dd0789fcaf2a9bb78b.sdkstatcache
    export SDK_VERSION\=26.5
    export SDK_VERSION_ACTUAL\=260500
    export SDK_VERSION_MAJOR\=260000
    export SDK_VERSION_MINOR\=260500
    export SED\=/usr/bin/sed
    export SEPARATE_STRIP\=NO
    export SEPARATE_SYMBOL_EDIT\=NO
    export SET_DIR_MODE_OWNER_GROUP\=YES
    export SET_FILE_MODE_OWNER_GROUP\=NO
    export SHALLOW_BUNDLE\=YES
    export SHALLOW_BUNDLE_TRIPLE\=ios
    export SHALLOW_BUNDLE_ios_macabi\=NO
    export SHALLOW_BUNDLE_macos\=NO
    export SHARED_DERIVED_FILE_DIR\=/tmp/ahoi-mobile-shared-tabs.V7PCPC/DerivedData/Build/Products/CloudKitDevelopment-iphoneos/DerivedSources
    export SHARED_FRAMEWORKS_FOLDER_PATH\=AhoiMobile.app/SharedFrameworks
    export SHARED_PRECOMPS_DIR\=/tmp/ahoi-mobile-shared-tabs.V7PCPC/DerivedData/Build/Intermediates.noindex/PrecompiledHeaders
    export SHARED_SUPPORT_FOLDER_PATH\=AhoiMobile.app/SharedSupport
    export SKIP_INSTALL\=NO
    export SKIP_MERGEABLE_LIBRARY_BUNDLE_HOOK\=NO
    export SOURCE_ROOT\=/tmp/ahoi-mobile-shared-tabs.V7PCPC/repo/apps/AhoiMobile
    export SRCROOT\=/tmp/ahoi-mobile-shared-tabs.V7PCPC/repo/apps/AhoiMobile
    export STRINGSDATA_DIR\=/tmp/ahoi-mobile-shared-tabs.V7PCPC/DerivedData/Build/Intermediates.noindex/AhoiMobile.build/CloudKitDevelopment-iphoneos/AhoiMobile.build/Objects-normal/undefined_arch
    export STRINGSDATA_ROOT\=/tmp/ahoi-mobile-shared-tabs.V7PCPC/DerivedData/Build/Intermediates.noindex/AhoiMobile.build/CloudKitDevelopment-iphoneos/AhoiMobile.build
    export STRINGS_FILE_INFOPLIST_RENAME\=YES
    export STRINGS_FILE_OUTPUT_ENCODING\=binary
    export STRING_CATALOG_GENERATE_SYMBOLS\=NO
    export STRIP_BITCODE_FROM_COPIED_FILES\=YES
    export STRIP_INSTALLED_PRODUCT\=NO
    export STRIP_STYLE\=all
    export STRIP_SWIFT_SYMBOLS\=YES
    export SUPPORTED_DEVICE_FAMILIES\=1,2
    export SUPPORTED_PLATFORMS\=iphoneos\ iphonesimulator
    export SUPPORTS_MACCATALYST\=NO
    export SUPPORTS_MAC_DESIGNED_FOR_IPHONE_IPAD\=YES
    export SUPPORTS_ON_DEMAND_RESOURCES\=YES
    export SUPPORTS_TEXT_BASED_API\=NO
    export SUPPORTS_XR_DESIGNED_FOR_IPHONE_IPAD\=YES
    export SUPPRESS_WARNINGS\=NO
    export SWIFT_ACTIVE_COMPILATION_CONDITIONS\=DEBUG
    export SWIFT_EMIT_CONST_VALUE_PROTOCOLS\=AnyResolverProviding\ AppEntity\ AppEnum\ AppExtension\ AppIntent\ AppIntentsPackage\ AppShortcutProviding\ AppShortcutsProvider\ DynamicOptionsProvider\ EntityQuery\ ExtensionPointDefining\ IntentValueQuery\ Resolver\ TransientEntity\ _AssistantIntentsProvider\ _GenerativeFunctionExtractable\ _IntentValueRepresentable
    export SWIFT_EMIT_LOC_STRINGS\=NO
    export SWIFT_ENABLE_EXPLICIT_MODULES\=YES
    export SWIFT_OPTIMIZATION_LEVEL\=-Onone
    export SWIFT_PLATFORM_TARGET_PREFIX\=ios
    export SWIFT_RESPONSE_FILE_PATH_normal_arm64\=/tmp/ahoi-mobile-shared-tabs.V7PCPC/DerivedData/Build/Intermediates.noindex/AhoiMobile.build/CloudKitDevelopment-iphoneos/AhoiMobile.build/Objects-normal/arm64/AhoiMobile.SwiftFileList
    export SWIFT_STRICT_CONCURRENCY\=complete
    export SWIFT_VERSION\=6.0
    export SYMROOT\=/tmp/ahoi-mobile-shared-tabs.V7PCPC/DerivedData/Build/Products
    export SYSTEM_ADMIN_APPS_DIR\=/Applications/Utilities
    export SYSTEM_APPS_DIR\=/Applications
    export SYSTEM_CORE_SERVICES_DIR\=/System/Library/CoreServices
    export SYSTEM_DEMOS_DIR\=/Applications/Extras
    export SYSTEM_DEVELOPER_APPS_DIR\=/Applications/Xcode.app/Contents/Developer/Applications
    export SYSTEM_DEVELOPER_BIN_DIR\=/Applications/Xcode.app/Contents/Developer/usr/bin
    export SYSTEM_DEVELOPER_DEMOS_DIR\=/Applications/Xcode.app/Contents/Developer/Applications/Utilities/Built\ Examples
    export SYSTEM_DEVELOPER_DIR\=/Applications/Xcode.app/Contents/Developer
    export SYSTEM_DEVELOPER_DOC_DIR\=/Applications/Xcode.app/Contents/Developer/ADC\ Reference\ Library
    export SYSTEM_DEVELOPER_GRAPHICS_TOOLS_DIR\=/Applications/Xcode.app/Contents/Developer/Applications/Graphics\ Tools
    export SYSTEM_DEVELOPER_JAVA_TOOLS_DIR\=/Applications/Xcode.app/Contents/Developer/Applications/Java\ Tools
    export SYSTEM_DEVELOPER_PERFORMANCE_TOOLS_DIR\=/Applications/Xcode.app/Contents/Developer/Applications/Performance\ Tools
    export SYSTEM_DEVELOPER_RELEASENOTES_DIR\=/Applications/Xcode.app/Contents/Developer/ADC\ Reference\ Library/releasenotes
    export SYSTEM_DEVELOPER_TOOLS\=/Applications/Xcode.app/Contents/Developer/Tools
    export SYSTEM_DEVELOPER_TOOLS_DOC_DIR\=/Applications/Xcode.app/Contents/Developer/ADC\ Reference\ Library/documentation/DeveloperTools
    export SYSTEM_DEVELOPER_TOOLS_RELEASENOTES_DIR\=/Applications/Xcode.app/Contents/Developer/ADC\ Reference\ Library/releasenotes/DeveloperTools
    export SYSTEM_DEVELOPER_USR_DIR\=/Applications/Xcode.app/Contents/Developer/usr
    export SYSTEM_DEVELOPER_UTILITIES_DIR\=/Applications/Xcode.app/Contents/Developer/Applications/Utilities
    export SYSTEM_DEXT_INSTALL_PATH\=/System/Library/DriverExtensions
    export SYSTEM_DOCUMENTATION_DIR\=/Library/Documentation
    export SYSTEM_EXTENSIONS_FOLDER_PATH\=AhoiMobile.app/SystemExtensions
    export SYSTEM_EXTENSIONS_FOLDER_PATH_SHALLOW_BUNDLE_NO\=AhoiMobile.app/Library/SystemExtensions
    export SYSTEM_EXTENSIONS_FOLDER_PATH_SHALLOW_BUNDLE_YES\=AhoiMobile.app/SystemExtensions
    export SYSTEM_KEXT_INSTALL_PATH\=/System/Library/Extensions
    export SYSTEM_LIBRARY_DIR\=/System/Library
    export TAPI_DEMANGLE\=YES
    export TAPI_ENABLE_PROJECT_HEADERS\=NO
    export TAPI_LANGUAGE\=objective-c
    export TAPI_LANGUAGE_STANDARD\=compiler-default
    export TAPI_USE_SRCROOT\=YES
    export TAPI_VERIFY_MODE\=Pedantic
    export TARGETED_DEVICE_FAMILY\=1,2
    export TARGETNAME\=AhoiMobile
    export TARGET_BUILD_DIR\=/tmp/ahoi-mobile-shared-tabs.V7PCPC/DerivedData/Build/Products/CloudKitDevelopment-iphoneos
    export TARGET_NAME\=AhoiMobile
    export TARGET_TEMP_DIR\=/tmp/ahoi-mobile-shared-tabs.V7PCPC/DerivedData/Build/Intermediates.noindex/AhoiMobile.build/CloudKitDevelopment-iphoneos/AhoiMobile.build
    export TEMP_DIR\=/tmp/ahoi-mobile-shared-tabs.V7PCPC/DerivedData/Build/Intermediates.noindex/AhoiMobile.build/CloudKitDevelopment-iphoneos/AhoiMobile.build
    export TEMP_FILES_DIR\=/tmp/ahoi-mobile-shared-tabs.V7PCPC/DerivedData/Build/Intermediates.noindex/AhoiMobile.build/CloudKitDevelopment-iphoneos/AhoiMobile.build
    export TEMP_FILE_DIR\=/tmp/ahoi-mobile-shared-tabs.V7PCPC/DerivedData/Build/Intermediates.noindex/AhoiMobile.build/CloudKitDevelopment-iphoneos/AhoiMobile.build
    export TEMP_ROOT\=/tmp/ahoi-mobile-shared-tabs.V7PCPC/DerivedData/Build/Intermediates.noindex
    export TEMP_SANDBOX_DIR\=/tmp/ahoi-mobile-shared-tabs.V7PCPC/DerivedData/Build/Intermediates.noindex/TemporaryTaskSandboxes
    export TEST_FRAMEWORK_SEARCH_PATHS\=\ /Applications/Xcode.app/Contents/Developer/Platforms/iPhoneOS.platform/Developer/Library/Frameworks\ /Applications/Xcode.app/Contents/Developer/Platforms/iPhoneOS.platform/Developer/SDKs/iPhoneOS26.5.sdk/Developer/Library/Frameworks
    export TEST_LIBRARY_SEARCH_PATHS\=\ /Applications/Xcode.app/Contents/Developer/Platforms/iPhoneOS.platform/Developer/usr/lib
    export TOOLCHAINS\=com.apple.dt.toolchain.Metal.32023.883\ com.apple.dt.toolchain.XcodeDefault
    export TOOLCHAIN_DIR\=/var/run/com.apple.security.cryptexd/mnt/com.apple.MobileAsset.MetalToolchain-v17.6.109.0.0k2cJr/Metal.xctoolchain
    export TOOLCHAIN_VERSION\=32023.883
    export TREAT_MISSING_BASELINES_AS_TEST_FAILURES\=NO
    export TREAT_MISSING_SCRIPT_PHASE_OUTPUTS_AS_ERRORS\=NO
    export UID\=501
    export UNINSTALLED_PRODUCTS_DIR\=/tmp/ahoi-mobile-shared-tabs.V7PCPC/DerivedData/Build/Intermediates.noindex/UninstalledProducts
    export UNLOCALIZED_RESOURCES_FOLDER_PATH\=AhoiMobile.app
    export UNLOCALIZED_RESOURCES_FOLDER_PATH_SHALLOW_BUNDLE_NO\=AhoiMobile.app/Resources
    export UNLOCALIZED_RESOURCES_FOLDER_PATH_SHALLOW_BUNDLE_YES\=AhoiMobile.app
    export UNSTRIPPED_PRODUCT\=NO
    export USER\=vossmedien
    export USER_APPS_DIR\=/Users/vossmedien/Applications
    export USER_LIBRARY_DIR\=/Users/vossmedien/Library
    export USE_DYNAMIC_NO_PIC\=YES
    export USE_HEADERMAP\=YES
    export USE_HEADER_SYMLINKS\=NO
    export VALIDATE_DEVELOPMENT_ASSET_PATHS\=YES_ERROR
    export VALIDATE_PRODUCT\=NO
    export VALID_ARCHS\=arm64\ arm64e\ armv7\ armv7s
    export VERBOSE_PBXCP\=NO
    export VERSIONING_SYSTEM\=apple-generic
    export VERSIONPLIST_PATH\=AhoiMobile.app/version.plist
    export VERSION_INFO_BUILDER\=vossmedien
    export VERSION_INFO_FILE\=AhoiMobile_vers.c
    export VERSION_INFO_STRING\=\"@\(\#\)PROGRAM:AhoiMobile\ \ PROJECT:AhoiMobile-21\"
    export WORKSPACE_DIR\=/tmp/ahoi-mobile-shared-tabs.V7PCPC/repo/apps/AhoiMobile/AhoiMobile.xcodeproj
    export WRAPPER_EXTENSION\=app
    export WRAPPER_NAME\=AhoiMobile.app
    export WRAPPER_SUFFIX\=.app
    export WRAP_ASSET_PACKS_IN_SEPARATE_DIRECTORIES\=NO
    export XCODE_APP_SUPPORT_DIR\=/Applications/Xcode.app/Contents/Developer/Library/Xcode
    export XCODE_PRODUCT_BUILD_VERSION\=17F113
    export XCODE_VERSION_ACTUAL\=2660
    export XCODE_VERSION_MAJOR\=2600
    export XCODE_VERSION_MINOR\=2660
    export XPCSERVICES_FOLDER_PATH\=AhoiMobile.app/XPCServices
    export YACC\=yacc
    export _DISCOVER_COMMAND_LINE_LINKER_INPUTS\=YES
    export _DISCOVER_COMMAND_LINE_LINKER_INPUTS_INCLUDE_WL\=YES
    export _LD_MULTIARCH\=YES
    export _WRAPPER_CONTENTS_DIR_SHALLOW_BUNDLE_NO\=/Contents
    export _WRAPPER_PARENT_PATH_SHALLOW_BUNDLE_NO\=/..
    export _WRAPPER_RESOURCES_DIR_SHALLOW_BUNDLE_NO\=/Resources
    export __DIAGNOSE_DEPRECATED_ARCHS\=YES
    export __IS_NOT_MACOS\=YES
    export __IS_NOT_MACOS_macosx\=NO
    export __IS_NOT_SIMULATOR\=YES
    export __IS_NOT_SIMULATOR_simulator\=NO
    export __ORIGINAL_SDK_DEFINED_LLVM_TARGET_TRIPLE_SYS\=ios
    export arch\=undefined_arch
    export variant\=normal
    /bin/sh -c /tmp/ahoi-mobile-shared-tabs.V7PCPC/DerivedData/Build/Intermediates.noindex/AhoiMobile.build/CloudKitDevelopment-iphoneos/AhoiMobile.build/Script-A0DB4133886667C5D797053C.sh
Ahoi Mobile signing preflight: ERROR: AHOI_SYNC_KEYCHAIN_ACCOUNT must equal payload-key for CloudKitDevelopment
Command PhaseScriptExecution failed with a nonzero exit code

Copy /tmp/ahoi-mobile-shared-tabs.V7PCPC/DerivedData/Build/Products/CloudKitDevelopment-iphoneos/AhoiMobile.app/Frameworks/AhoiCloudKitSpike_58C48334F00BB1AD_PackageProduct.framework /tmp/ahoi-mobile-shared-tabs.V7PCPC/DerivedData/Build/Products/CloudKitDevelopment-iphoneos/PackageFrameworks/AhoiCloudKitSpike_58C48334F00BB1AD_PackageProduct.framework (in target 'AhoiMobile' from project 'AhoiMobile')
    cd /tmp/ahoi-mobile-shared-tabs.V7PCPC/repo/apps/AhoiMobile
    builtin-copy -exclude .DS_Store -exclude CVS -exclude .svn -exclude .git -exclude .hg -bitcode-strip all -bitcode-strip-tool /Applications/Xcode.app/Contents/Developer/Toolchains/XcodeDefault.xctoolchain/usr/bin/bitcode_strip -resolve-src-symlinks -remove-static-executable /tmp/ahoi-mobile-shared-tabs.V7PCPC/DerivedData/Build/Products/CloudKitDevelopment-iphoneos/PackageFrameworks/AhoiCloudKitSpike_58C48334F00BB1AD_PackageProduct.framework /tmp/ahoi-mobile-shared-tabs.V7PCPC/DerivedData/Build/Products/CloudKitDevelopment-iphoneos/AhoiMobile.app/Frameworks
/Applications/Xcode.app/Contents/Developer/Toolchains/XcodeDefault.xctoolchain/usr/bin/bitcode_strip /tmp/ahoi-mobile-shared-tabs.V7PCPC/DerivedData/Build/Products/CloudKitDevelopment-iphoneos/PackageFrameworks/AhoiCloudKitSpike_58C48334F00BB1AD_PackageProduct.framework/AhoiCloudKitSpike_58C48334F00BB1AD_PackageProduct -r -o /tmp/ahoi-mobile-shared-tabs.V7PCPC/DerivedData/Build/Products/CloudKitDevelopment-iphoneos/AhoiMobile.app/Frameworks/AhoiCloudKitSpike_58C48334F00BB1AD_PackageProduct.framework/AhoiCloudKitSpike_58C48334F00BB1AD_PackageProduct

note: Run script build phase 'Mobile signing mode preflight' will be run during every build because the option to run the script phase "Based on dependency analysis" is unchecked. (in target 'AhoiMobile' from project 'AhoiMobile')

Result bundle written to path:
	/Volumes/Macintosh HD - Daten/Cloud/Projekte/Apps/Plattformuebergreifend/AhoiBrowser/artifacts/build/mobile-development-77061ad-20260908/build.xcresult

** BUILD FAILED **


The following build commands failed:
	PhaseScriptExecution Mobile\ signing\ mode\ preflight /tmp/ahoi-mobile-shared-tabs.V7PCPC/DerivedData/Build/Intermediates.noindex/AhoiMobile.build/CloudKitDevelopment-iphoneos/AhoiMobile.build/Script-A0DB4133886667C5D797053C.sh (in target 'AhoiMobile' from project 'AhoiMobile')
	Building project AhoiMobile with scheme AhoiMobile-CloudKitDevelopment and configuration CloudKitDevelopment
(2 failures)
